X,CATE
1.1902364025487526,10.010943659338977
0.591348154432906,9.765057306237578
1.4838703994501703,8.8642260843759
1.8848796475419776,11.00938861262523
0.9013055629435125,9.76166429039345
-1.0437344636998813,8.106051414147457
1.4346882197179847,10.600618254859715
1.6431797220397955,8.339793802276615
0.030441514737820086,10.502588229049763
-1.198123808934564,10.997212107186947
-1.8966441111199552,11.343781512086341
1.0430372335478002,8.873746424625446
1.4157938520581745,9.75106393377688
0.019645805000557015,10.511181954690281
0.5255039105735064,9.746780106089647
-0.87866098979435,8.843547485307976
1.5483456970604692,8.03563095311063
1.0581111786188706,9.106032111276656
1.2987238637005967,9.382482600668174
0.02203504155945568,11.521161957044265
1.1741496089153238,9.362345270671918
1.302843806242668,9.959182524407291
-0.2844502745991577,10.734012464910299
-0.21324511302134042,8.895050242744604
-1.0806958328298557,8.880000888154123
1.2061484475319584,8.599311638234575
0.11031848970140157,9.603820345392378
1.4785987392486852,9.811364904326936
1.3871400074789815,9.328790027258128
0.03362390657850822,10.543116331370712
0.3699319756063857,9.539437313069687
1.7635206782368171,10.763492242740757
1.959840929559781,9.517364905775912
-0.6679923477672083,11.798628816366344
0.9554667085321307,11.020614708353712
-0.06784120976444008,9.43135831586767
0.9883130685161157,8.663365227656849
1.4725690175100214,7.084466412369401
0.12375071364837531,9.975262981601269
0.3131205639846959,9.52263990186093
1.4622495326888139,8.400659355207516
0.9234813831046416,10.820918454898557
-0.3799956056498064,10.143274537354738
-1.1116965172267177,8.266129737286294
0.26008797143606444,9.510808644794613
0.4283583148750161,10.725502801862719
1.660006150990109,10.053545828868177
1.6397206326388742,6.909470614761506
1.6949255835071044,9.580462503094166
0.9521344657054818,11.546063913494814
1.0531407608126364,10.156466064561277
1.212047526105282,9.667089028856324
1.3852720511234948,11.825383198175626
1.7615881357821768,9.120995291127056
1.7084951274577973,9.59700876157927
1.422785872425143,8.338797195628345
-1.750423725606891,8.955671010628183
0.44002966831794277,11.949464957379675
1.8447622552956568,12.003845724951933
1.9214749637687403,11.278647537212965
-0.8618344572922649,9.66835549419652
-1.1182159830183243,10.369787323753272
-1.2076094689610395,9.671038556345154
-1.2005081014022254,10.038460578644354
0.5270993746110215,11.786362752110835
-0.15856691519229482,8.77240977860771
-1.1412164501465782,9.777012153481971
0.633807338633702,10.379904979531396
-0.3243055008283253,9.496968317447092
1.3149500366077174,8.894439403028482
-0.7575961144186816,9.25798793197305
1.345768769879479,9.002978753076682
-1.1028260668598198,10.409162372314455
0.5443841856381688,8.981264370790791
-1.3450841684833161,10.161288836655098
0.5975152809464896,9.229802632728623
0.8724923049059776,9.701847136779858
0.40316859735847643,9.156164647045262
1.5447270885173805,9.250248753003357
0.771204794519635,7.497134448847782
1.2514038861470311,10.2549569340995
-0.12492813814197667,8.715395591596288
0.666835421585827,10.520326695807638
-1.3670370327389492,9.229551955359643
1.4097555425674924,12.837495843217388
1.7132742503509015,8.70275131434207
1.7336525080938192,8.148145291004333
1.7316994502786884,8.340484708049079
1.1295419362330938,10.822665650737568
-0.2704145592596401,7.060610652326586
1.2509316172187175,9.160370815772005
1.1757405338074052,10.171961689293365
1.4349798741183206,7.192554983659635
-0.7373260753437361,8.984373192809038
-0.394022736554847,9.817008069554307
0.32068947690932914,9.490874723296606
1.7031541979782734,7.99672879234838
1.2551800788277947,10.630684356481085
0.2701633930462326,9.168343581070943
0.07623916363308147,9.001835208297297
0.9195564708143911,10.604351598256073
-0.5650299578284455,8.928772487262375
-0.6090486577627376,8.216594799355844
1.2174976565508024,7.754460590140269
-0.6005532231100861,9.56978795631889
0.20762735509794217,10.034276218835716
0.0922616990764773,9.100146669545412
-1.344273116187189,8.758931622436966
-0.7483704231454071,7.9435026088080924
-0.7850598150996024,9.386577247254543
-1.0028310834045002,10.142672845142181
-1.7889389685615895,10.426941583887977
-0.3579807146065739,9.133055640472474
0.7581368356216607,8.764318540779456
0.1954346603094237,10.150409719792425
0.7187888673333811,11.27614305575853
-1.549678438352252,10.409001654899063
1.6892311019343391,9.151175298364358
-0.6300991232547832,8.837465291661708
1.3798015090904165,8.60001228000843
1.6166347779749937,6.922934209200612
-1.4549977396320886,10.789196078294696
1.2734425655808668,10.857848824564856
0.6525913175992901,9.504262680193571
-1.3806344214101802,8.70525660862726
-1.2952223753430099,11.288685965932283
-0.17244771305093254,10.580265751094668
0.6673895652226323,8.604109893229227
0.8646581527104447,10.524250202789247
1.127563651987559,10.510248555569127
0.9379481612896146,9.766600860749762
1.9034083178501384,10.567408800960932
1.4315567409849597,7.520118228633377
1.0986917487271932,8.696046369927565
0.9172392019088247,9.659798940773848
1.7750964813792645,9.584716453724388
-0.5951224506048765,8.651446579536673
1.0886081104633525,9.159726444051122
1.9726549557339137,10.978041287176794
1.7281124220400699,9.252659522873188
0.9138837822343682,8.109034795002374
-0.8237301512928887,8.891338463431154
-0.6278239768279592,9.629472167724618
-0.8265863142359606,10.001613061963077
1.2951615368851788,12.94356325185415
-0.3369007960413941,9.647929490087003
0.9968686603635928,7.264028316605082
0.026199999634188842,9.507335130739845
0.2879835131343711,9.388216764250513
0.5133884701977776,8.600107222869227
0.15664510670101794,10.2325968300517
1.5982982930982739,10.699129898446454
-0.7933510334754046,9.697480855922246
0.4726229372724764,9.042969482761295
0.6766166221394032,8.284612528362896
1.8505936587117002,10.78484508938098
1.3617710021840805,10.953270449144885
0.746601693416149,9.35759685739636
1.6723062087966025,8.129988366636656
0.4000821924772149,8.7013208600593
1.3260733324488942,9.19036465036732
-0.5504244035334676,10.395557918801627
1.7217944021801244,11.464029520377299
-0.7952976520105648,8.164795282908479
0.5963224080755376,10.166737423582287
-0.7349194010827729,11.682982805857403
-1.2103850650778298,10.227983061045645
-1.232906166825316,11.018226251298596
0.04510184880300461,10.027256880547954
1.5036196999995783,9.466095249466488
1.8464457690177873,9.720557197151201
0.18678965085628008,11.239334815363145
-0.992586550617164,8.200522771546243
0.3977221681104868,8.842025611111783
0.09030639734698065,8.878877446898102
0.18670905958924688,9.597515835713239
-0.15640664717367248,9.66941041514674
0.7660221832543779,6.742926510615779
1.331718862296912,10.078656790738759
1.55965350545145,7.877702205237629
-1.7770578939943915,7.803974762893819
0.6091665943677587,10.311722752347368
0.9994397251530751,7.334194852685273
-1.3844003812249053,9.887640141284288
1.4389912227402677,10.001196861842212
0.8157466681380616,9.391565117433238
1.7799391422233724,9.45363993758479
0.1501605745613852,12.07073292111627
-1.2076094689610395,9.671038556345154
1.7316994502786884,8.340484708049079
-0.9705381663934638,9.091500490070143
1.4798766385907398,8.671821665132175
0.5252302123679549,9.044362082739166
0.5291286145505594,10.030092792610043
0.36170441243156537,10.936529021968154
0.7354804996361279,8.37766364432226
1.6329139548012916,8.155309764240041
0.9187136545889651,11.940538543133863
0.3407791415714154,11.637454369439213
1.3001976407202482,9.032612215147315
-0.6763409368792193,10.604500675400951
0.9985030085960949,8.985273247135115
1.2225952214533677,9.262422896059494
-1.463190294694599,10.453462019512704
0.4170380639477007,6.961115133219175
1.0439630401123754,7.511999515074844
1.0687531557245076,9.317337945914327
1.7477970156347817,10.62322032324617
-1.7458571103043257,11.338835982372263
-0.10490682994230838,9.830632357546799
1.698634438328987,8.982260961814053
0.11482927953621047,9.216629514945598
-0.7344983704492685,10.211141378502534
-0.617519324396842,11.261027085439043
-1.0143918670435728,8.18517668559561
-0.01496498847055383,9.125928740350718
-1.5231582286377066,10.513988504874028
1.0710584708573507,9.351978634976453
0.562840898908886,10.079882983608332
-1.549678438352252,10.409001654899063
0.43925104619246813,11.107149392286964
-1.549987477893473,11.14216122102652
0.3115083257636364,9.294409072769827
1.5605645495840585,8.375080288516518
0.4459794108767965,10.51262521828486
0.2080726891826048,11.04461565425541
1.7261776284260808,9.853644820755896
1.544783121860298,7.163440690826455
1.7596974915428354,10.156257502373467
1.0663837788482065,11.697474974546113
-0.4420724203903186,7.710207213387286
0.48093939584448187,11.36420281143401
1.4972293365483225,7.508212802713213
1.345768769879479,9.002978753076682
-0.7249899882717203,10.22472158563814
-1.3370072921391172,11.712713184303961
1.155655851863468,12.31438487050612
1.468608604004488,9.385203039442164
1.3419446225731848,10.938290097983861
-0.25186509820091674,9.595065998486852
0.7422611489158855,8.579480996866238
-0.8661554029436833,8.08979611837157
-1.1785272612400588,10.6006747598117
-0.6268980437422069,9.512839722434064
1.711165917501262,9.518666982236502
1.9867331117387188,9.519625729149391
0.08744918132871504,9.998168905875586
1.3365783880027031,9.613453769851214
0.7054442714908964,10.707923043218027
1.1493953936388284,11.084607988583244
1.9159244606992356,12.683881955509593
0.8141133607261217,10.15287588814033
0.7477096670972099,9.967155132814312
1.7897119922391727,10.724926266870701
-0.44810898240845454,6.841654361465574
-0.7081741082350161,9.289940665681168
1.4157715285674115,11.933457789166642
-0.651150038374857,10.651085363378755
0.9959960696198276,8.9377337473501
1.4048276561950748,9.78029419116657
-0.9245538200839736,8.198849230733867
0.6991452086696421,10.505590294444268
-0.5875884442464421,12.176618890607704
0.12541852627259198,9.836868951883423
1.570232909945898,9.325967173742589
-0.6278931496399025,11.126384850274045
-0.19893922601344727,8.742270448159218
1.2697742469537636,11.408035419248876
-0.34593387884016336,9.342133418414454
0.024567451360976378,10.778968766726186
0.898231636635273,11.35711877337051
-0.2584147064009943,10.093985080891073
-0.5099642737861365,8.811342878491995
-0.8187940897126689,11.697609255599229
0.9127550248144134,10.302201597920329
1.9822756019627512,12.440277832324755
0.5148855481023284,9.981647517345035
0.7814170029274785,9.850806222782634
1.4024642313645512,10.469357204951978
1.6839780843863035,10.79547540976156
1.8777575027035134,9.93976520323033
0.2732344133418865,8.489409320864574
-0.2232663724865338,10.410349438382248
0.3225809036385363,8.819675581778442
0.41397238417351456,8.780341962766196
-0.5372770069545147,11.333843221916124
1.1810692474395608,10.687489524306466
-0.4714421006697229,8.241598485947765
-0.3094832119455635,9.812887219417918
0.8823456774825496,8.380920007124637
-1.5384005668766871,9.898705539419831
-1.412312305664917,8.21168048188421
-0.87866098979435,8.843547485307976
1.2478709695632069,10.574180718482646
0.0634476108493125,9.925234106606982
1.4075519298815329,11.988974367478441
-1.0903130851058829,9.717746759085731
0.027720464308777615,8.684330411599557
-1.5189161474855726,9.926301286654219
0.15032455220605723,11.091113258571525
1.3563987951984462,10.862984686014055
0.6160923106350418,9.73420706109166
1.4336510073720472,8.551632197296748
0.8281246772915374,7.872432444764173
-0.19893922601344727,8.742270448159218
-0.2365795491899365,11.328894515863084
0.16653685864346768,9.676384891437213
0.32068947690932914,9.490874723296606
0.44536662499090474,8.825732172054632
1.9130618541178963,10.786533263705287
0.6270242538982282,11.388776138312554
1.9306096459742768,12.083236699764273
-1.3704859405245298,8.640103215152777
0.6492716541583294,8.661475598787924
0.9777686713502147,9.177190560406515
0.5808743033786556,9.835111311258634
0.3977221681104868,8.842025611111783
1.4131391942688079,10.214304703557648
0.5940192804747526,11.623063034544263
0.7166502732782511,12.096697135931267
1.9229573743337176,12.858130315401613
0.6380430745630807,10.138901309227194
-0.1607983049227193,9.311710410847379
0.3263553513990214,10.065206204212293
0.7495596507428584,8.91850501475238
1.5565221428194334,8.112812635145202
0.5949884555800726,10.457224152164548
0.8908278307929138,10.992595728004583
-0.04839921888279264,9.46262040300097
0.2635544204070359,11.207165559864778
-0.4286436940743905,11.128704577544854
0.5049372856842553,11.068664784344605
-0.7851045934726968,8.148921936587174
-0.1629392113071444,8.940561602096341
-1.2092387875420498,9.577202736030047
0.5327146995830891,8.16876233772758
0.9402841752155431,9.6930922457323
0.02208316689396117,9.788578407135464
0.3793895180076383,10.499717329513507
0.36170441243156537,10.936529021968154
0.4382573359195874,8.257135538818053
1.2141506378504134,9.367316753810696
1.3829795133030527,12.285317051612198
0.2314947026402927,11.491976441014483
0.4624975867325065,10.76177110418244
1.3698564273423006,8.431058895983577
1.0858933794384256,10.502896170196141
0.5852397346295253,9.66647921431715
-0.2318663162755059,9.670025603453423
-0.6176816565167478,10.99646337987947
1.8902729425989473,9.08499502832878
1.4730851220530345,8.440509218727389
1.2170446175138,11.494239206807052
0.6637886643218569,10.5636747941934
1.659457560881794,10.051154161821058
1.1526391525428257,10.12834217942379
-0.7933510334754046,9.697480855922246
0.24593835183809487,9.808290975028298
1.2509316172187175,9.160370815772005
1.3197583728497735,9.879883847939984
1.5700931598193844,7.3314914755985345
0.4624975867325065,10.76177110418244
1.621287313504359,11.005524312055769
0.14951676177542028,11.681494663023924
0.6412108788053525,10.808482923442838
0.9959960696198276,8.9377337473501
-0.7598639039501998,8.542428376965312
0.9172392019088247,9.659798940773848
1.9166062204024623,10.620889082154902
0.11031848970140157,9.603820345392378
1.2226806118002127,9.720247504434266
0.2475078249660525,8.41405691432578
1.3366564328337653,8.867926794809796
-1.08768091220427,10.05183368306734
-0.20672377852231127,8.41881094479749
-0.48721460188712395,8.804639476539974
1.1231419334619055,9.389725909687982
0.0720417255043917,11.520613676638835
1.6593836042724002,8.716743754044963
1.7165788688467494,10.09777133007189
-1.1081999657689856,9.885400370110327
-1.1837424458135977,8.268240627962607
-0.6825859030001813,9.035778593951882
0.5403746034705752,8.76903713092071
-0.06794354862419816,8.866715783221549
-0.20582980252616245,9.73416124384936
-1.5115603439598928,11.096197475581913
0.7093673843260655,11.331932614969762
0.9777686713502147,9.177190560406515
0.07230999216137901,10.604695192467108
1.0330527837160903,8.7141003057687
0.5684409401020845,8.528634923498194
0.9578986155364535,10.209075422375513
-0.2844502745991577,10.734012464910299
1.501954601583586,7.703282793488259
1.795542149013333,9.408511133201818
0.45175832997810206,8.881598004472991
1.8722632482030357,8.862560232233644
0.6540943756538091,8.638400591075827
1.9650239748087532,12.031940548446196
0.019645805000557015,10.511181954690281
1.878894531191908,8.998295896848738
0.9138837822343682,8.109034795002374
0.4170380639477007,6.961115133219175
-1.0722116155360983,9.037064924294285
0.6991452086696421,10.505590294444268
-1.2568921812051688,10.004068589938852
-1.2974941377279907,10.722628387604573
-0.12535743202349492,9.150458894944558
1.866363080893267,11.336209137323408
0.3321662438787687,9.515790823434033
0.7166502732782511,12.096697135931267
0.5035655057480364,10.651459182695977
-1.8465445545771955,10.132418589434916
1.0592392036119818,6.2712256598258325
-0.13760792747015937,9.708529320086113
-0.7488880431585838,11.526725028185504
-0.011300943966290777,8.213578648967312
-1.4297737798675376,8.748002459207832
0.5497815148716083,10.794010292643337
1.2061484475319584,8.599311638234575
-0.1398546631163602,8.34863893718727
-1.8340106979603745,10.531275163569166
-0.6031617015493564,8.245107738181197
1.7869349156935823,9.409370187557672
1.080632847028384,10.515374818985098
1.4493396657589264,6.990950580564422
1.2240660184122762,11.460944618811974
-0.3415035050919051,10.849100385490274
-0.17868500076559135,10.680014233121975
-0.004417341856232326,9.20561409429514
1.0614534554321629,9.161565819074797
-1.0684834153927398,11.9884374696751
1.7376431782848591,10.336887713832105
-0.3243055008283253,9.496968317447092
1.314611624473157,8.888003491139976
0.294115805822293,9.467110375480217
1.4656927341588006,9.441797294192934
0.30761553850543644,8.335360886727495
0.38432782095322393,10.464618213701108
0.538329670201215,8.895329967309664
1.1652428572506675,9.358105294861158
-1.3655795788277052,9.674538269149181
-0.4275128071716834,12.02323438069686
1.8714582638054211,10.95134932217333
1.1708136231230055,9.327637562162039
0.6366221784005375,8.857805702646257
-1.620138899086494,9.866387007851557
0.26053273435683577,6.7595437441953825
-0.6309376288410151,10.166573157931985
0.1779293312010517,9.81495899814493
1.7830988680338438,10.548082641076718
-0.05547805914030368,11.933934481596765
1.1891814631182145,10.503236345990317
1.904080630097977,8.927864421850032
-0.23266518079218157,10.992971180128086
0.1764344957578743,8.430194973048145
0.4860292445523364,10.29592127404713
-0.02806915816764377,10.390997887766085
1.7518609257355768,9.435123929970885
0.8131089109298064,9.30744113213381
0.05612327790347793,11.723997228315516
1.4175980533027208,9.901668945242069
-0.35478411173507496,8.365747585929196
0.6937297332996692,8.642994157364852
1.7324528846746121,9.614399763341458
0.5512887170376408,10.073671867220796
1.2558810780240752,11.766592913804992
0.7565734279213507,7.125762090842742
1.888213898493953,9.503812694076768
1.014664551638325,8.64114297645921
0.1018812294235727,8.65923282861365
1.3100252794928848,9.2528660375917
-1.530767244150422,9.952803822295868
1.497592126833323,10.449916094637125
-0.7087608262085987,9.748905091945236
-0.8834781169029213,9.23174404717007
-1.160377627617657,10.828265012499157
-1.203121256651694,10.77213748186677
-0.2419532454683595,9.064447717829273
1.0994336087278236,10.21488817950589
0.0054039745349836465,8.82943752114939
0.06734707093799663,7.245804562119192
1.9154240607129385,11.912253079593405
-0.04948876133115654,8.610580217959075
0.6681474285014155,10.18081597447104
-0.2304250370072256,8.099296019624038
0.8488808207086347,10.21029734777333
-1.2319349961282047,10.964754928045028
1.8459692982964486,10.348735170569368
1.339788822777615,10.12239764060894
0.3319939188732626,8.252071569602908
-1.4132195439392738,8.289242792024378
1.4101549634238681,9.055275015769695
0.20212672238490237,9.244633904235842
0.4044600469728352,8.023440838212693
0.0014334415375607534,9.426297797505917
-0.9461062172246071,10.955284124362848
0.6852176942571191,9.074235244288536
-0.41230689519361574,10.75913239756379
0.6313812184121441,9.972933417523858
0.25494840578159783,9.260588908390774
-0.4100480303094889,12.78586918107834
-0.6837048821570884,9.002620548682179
-0.23173514752769986,9.688138371475597
1.6000745673924204,8.208972476132146
0.771204794519635,7.497134448847782
-0.20672377852231127,8.41881094479749
1.9229573743337176,12.858130315401613
-0.4011217961022897,11.839311686664708
1.6987744731142511,10.412835873205001
-1.395768432876399,8.713121895563187
-1.050982545371451,7.015665050831215
-0.4548491794178191,8.43791987427401
-1.1623731442002656,8.633719717155264
-0.1505542110090432,10.15424385731977
1.4024642313645512,10.469357204951978
1.1183378942670132,7.625144622243878
-1.3025342839800342,10.324576033618518
-1.4912752431324523,9.268603740062247
-0.7689163788274036,8.058887154987362
-1.1358472699616016,10.72709048221117
-0.3222080241707457,10.222589408801623
0.477961384038458,7.175397571721891
-1.4773906247061483,11.413448363792401
0.1318311462053412,9.256701631637045
-0.7177471025563018,9.916308710033606
0.1338443679052861,9.91046912051324
-0.736907395002016,11.478148104074293
1.2492693308564755,11.411079801306709
0.4596120582677443,9.454688007107931
0.9500049924389935,10.48143587745459
0.10437605300616815,9.36172661636948
1.2949778476491987,10.311332836319828
1.7956648727548603,10.76646186473263
1.7639692902977484,11.506316316825796
-1.902436027559613,11.664622471295349
-0.004128223116827812,11.130222157913815
-0.8628468436181627,8.696569378215429
1.484817929052208,9.05895280873495
-0.23694901224708742,11.060654331852
1.990513189608626,10.266330725595303
1.4921725880608134,8.781941016900518
-0.39868052635696705,10.94308754795636
-0.030698079995272298,8.729548031598418
1.266620972806494,9.341628614026085
-0.011330877129257289,8.018257283766948
-0.2837505227893362,10.381182188991874
0.9944348343273295,8.308963252077021
0.4901879618491267,9.14559462066689
0.45175832997810206,8.881598004472991
-0.20636863593626842,8.844898762868084
-0.7322295129308745,10.10457690819511
-1.5625763875620846,9.948177041088474
0.022536613687835327,10.097753476606801
-0.23951691606025527,9.282719863164495
-0.05897758341103554,9.678058183094784
-0.28130654657940823,10.144161590811999
0.9777686713502147,9.177190560406515
1.7621492044117906,11.490636614458586
0.2640736995512838,9.633095829088864
0.3812130637099562,9.77756361018304
0.7360994467682871,7.5022946105537045
1.0030785968442228,8.783281962012104
1.7962775745816852,11.404265968294029
1.1821775677065922,10.467028584224785
1.8445419416303719,11.699863942192748
1.7276509303898235,10.336484209778508
-0.7349194010827729,11.682982805857403
1.3409762406354626,9.534694344113184
0.8045583776698946,9.281609578828103
0.21667888644400035,9.031712756391741
0.5008461354300602,9.851557166365042
-1.1858579100727806,7.4911393174996235
-0.736907395002016,11.478148104074293
1.82179276575227,10.712521321290824
1.5560024432586634,10.576084265518508
0.09894255064572866,8.112575865659762
1.553614689234725,6.839038312111077
0.6900290506945965,8.528572621736982
-0.08327248948107613,9.231208173039146
-0.20104063019784002,10.8938977413506
1.347453688906369,10.847218493486547
-1.0756765885020152,9.912064807290337
0.45455161195753524,10.558805902779012
0.7926468560789806,10.8755394858533
1.5216876114944191,8.267149127224709
-0.12879035185064325,8.242263497210361
1.8461748915244383,9.51999273833891
0.9263580870213275,9.929876162405549
-0.7609387434283863,9.410776362044498
0.39123205360605606,9.18359892695912
1.1861491639047053,9.674465991435579
1.8241885744477324,9.013249721953374
-0.3222080241707457,10.222589408801623
0.30941360487867087,9.930411084273683
0.5789809943072743,8.936749716532455
0.8561305778674257,10.419850964794666
0.874797063891184,8.262218707078297
1.3005395026456763,10.920970827466585
-0.702682490593928,8.804577174235003
-0.12577202163546142,8.462935233548974
0.7564363259472962,10.217445253871219
-1.8028013503633202,10.009461916489736
0.5794241737189072,9.236548012655724
0.9935009977127303,8.736121906155976
-0.2794290716126948,7.718681717885799
-0.28720154029754097,10.741869319434787
-0.9268511982889094,9.984666923275162
-1.299507439478587,10.527795308426583
1.0354725376717986,9.176730549580437
-0.19961892563656258,10.017083667750283
0.4010056403983322,8.221661254673522
1.4941370569808585,8.702216468286885
0.6281219929364292,9.976716715048047
-0.9375998296451757,10.654571350325007
-0.9651534313782362,8.964000150358604
0.1018812294235727,8.65923282861365
1.0205344697807837,9.801859684047576
0.5003662107461144,11.439170993352622
0.633807338633702,10.379904979531396
1.9980207588340662,10.528133379873855
-0.4631731480567991,11.437990191987945
-0.8668623860296907,9.238788752066808
1.494314496427109,8.765732440970332
-1.0940168992082482,10.527771261632523
1.7938132278486267,9.884926369922205
1.4063256000689495,11.99049937398431
-0.7587660715818099,8.498884184790745
0.7747289031259545,10.012390423430517
1.2141671073057108,8.456460916767005
0.3959140327088422,8.629492679604917
-0.9907410554593881,10.246673910399611
0.013669083419427519,11.203653919542182
1.7789280891656412,9.975116362744926
-1.7949461632960073,10.558361518064984
1.9493446343181837,11.527712216311462
1.3967826062612771,11.789659823754887
1.0311062415006318,6.998581170978825
1.5141229968286236,9.722363676954032
0.4907581637991898,9.580654012648974
1.3686615066015242,8.65996030011492
1.2200707729385112,8.366502854057247
0.9151122178025899,9.220922342084062
1.405699830980383,11.030070518944942
0.07346185334128252,10.744516454462648
1.8202420459399558,11.71805614288223
0.6033118019573123,9.88378939884662
-1.5625763875620846,9.948177041088474
1.5052777325692461,7.9914486884693
1.8241885744477324,9.013249721953374
0.2068494880798677,8.282591580786104
0.5617890959730114,7.388944115083763
-0.28340203216671256,9.345758221528571
0.5564313879788254,12.519614866608423
-0.0929844979666874,9.996301245855406
0.37263287615787277,10.774860792768068
-0.6090486577627376,8.216594799355844
1.2387001450635573,11.388653799933811
0.28125003130601556,12.022638580019388
-0.017131959686897957,9.702257348736529
-1.6816474105118302,7.386254217512084
-0.01302628797606209,10.519466936439848
-1.0215349037909358,10.248982628568337
0.6109844314074988,7.714823574172608
-1.0322890875230537,8.751038392188706
1.7789280891656412,9.975116362744926
-0.1442700532466552,11.45440087227389
-0.1841646678085609,9.8448785929216
-0.7249899882717203,10.22472158563814
1.5028681462357576,9.6943359231033
-1.281362843880352,9.956562442729828
0.48834680091149396,11.327619799597615
1.2361382009613666,9.379531704181998
-0.8613010446141454,10.604613050160413
1.5297647653903268,8.98398631662933
0.8641998929685779,10.043620219209316
-0.8267655568777412,10.20552995052477
0.950329206355566,8.78899954465134
0.6473383404559927,9.145150282869572
1.249654630495602,11.361908321849908
-1.4837150122764742,10.932882464942994
0.5270993746110215,11.786362752110835
0.5985315961888587,9.129666610878013
-0.9011798687714254,9.616274766920105
-0.7483218078847096,8.044665656812562
1.162054430134591,11.095806993271022
-0.34343572713733517,7.9070754834539345
-0.5618274219199861,10.04759285328551
1.9098262527353702,10.347528125331975
1.4457827440852968,9.165006954846266
0.46087775292404354,8.019642006677556
0.5416574274476393,10.086170152408418
1.9511420808595492,11.41817859338168
0.874958471414121,9.424860883781191
-0.5313214972199094,11.579639293014917
1.7790003208408471,8.644000895830276
-0.04142369587186945,9.064340607774426
0.9664120789488346,7.9470238212873845
0.5711802820252365,9.315381864937972
-0.7177471025563018,9.916308710033606
-1.7688777560145335,11.616206964294786
-1.198123808934564,10.997212107186947
1.9646745045479062,11.187383026750995
-0.13709768933000976,8.886219799010217
-1.0534674741199646,7.737158372013353
1.3236899632874022,9.729564183106998
1.3766817958767885,10.438432089773384
0.1867827282885206,8.537872855532164
0.9517110759952012,9.654849319799544
-0.6282813489632164,9.626344427020157
-0.11002657997394572,10.315176725708536
-0.43385160159348324,10.742687150704915
1.6637720158162095,10.008110185370782
-0.42209488571985876,10.383316698985153
1.2811718424367093,9.59716061944047
1.9530484605727474,10.471081628722514
0.7101832207351033,10.176697598537258
-0.6501828841430841,9.864367113748337
0.6454824442816576,9.44647597193507
-0.982433676632612,9.841724535276537
-1.0964743482656965,10.608797495338585
1.2754770820818861,10.160837011227594
-0.7162582467222385,8.518978179891386
-0.6294194139099138,10.127930542906137
-0.2146945600537551,8.762937841600221
0.6284753562450933,10.253453847413702
-0.6791397405140098,9.089717091332107
0.5236871609166536,9.01429281525339
-0.1442700532466552,11.45440087227389
0.9904375207050045,8.038385486209293
0.30911611693252494,8.856952617443781
1.176100757081184,10.09755190300125
-0.15715131460689813,9.49568836087519
0.3510774434487929,9.602532609037336
1.9794652686790686,9.36685513006203
1.5942424186993573,8.457979355706868
1.434025818206218,8.777424885433911
-0.37433385370392536,9.522662775620953
0.7101690698358127,8.812496470445469
1.2361382009613666,9.379531704181998
-1.7817383668692042,10.823572524020005
1.213218294072134,7.729431517917346
-0.5098669049617968,7.543871265578705
1.7847475759650449,9.549143098543972
1.9363338767971805,10.951486151142193
0.746601693416149,9.35759685739636
-0.6567345414338619,10.751943798082301
-0.21078897498959748,7.850364519565367
0.9541842135878538,11.157595194969266
-0.5417342899205422,11.670890602283325
0.7092027453426377,10.61339458251333
1.8360967038918639,8.819650375249081
0.45175832997810206,8.881598004472991
1.1109116402711723,8.429624769256208
0.1318311462053412,9.256701631637045
1.8236751998481768,12.355540524082771
1.169826676557053,8.644178111594725
1.8778817331014754,10.994139468119036
1.7508184615174707,9.65106017984701
0.10561064374445284,9.947127190609024
0.05001059508132677,9.413096348810026
1.393701516362099,11.493064603682859
-1.9445514563485595,11.439782245652086
0.7988523086173487,8.687783446749542
0.2482911776102843,10.352968731306497
1.0979096771039334,7.097016225487475
-0.22938060695826756,8.8511041438667
0.17421144445595438,10.34145532720538
-0.5869943659917434,8.65757584104633
0.8105350923420653,10.814800118804218
-0.28340203216671256,9.345758221528571
-1.3455047152333233,8.981192875919188
0.5262408803700822,8.232934827394221
-1.6852092992184038,9.67769350748329
0.11950250207282442,9.790509626142008
-1.353485143621545,8.827808247531074
0.9715259746717559,10.28238291042178
0.1501605745613852,12.07073292111627
0.4860292445523364,10.29592127404713
0.15330548803964827,10.550319839482972
-0.8379819773143184,11.60387148467435
-1.2943523582884553,9.15474291345661
0.16954624076175495,8.877437430606376
-0.35800514521048266,8.3656370622083
0.2187480991534687,10.30641016742813
1.6705891116177338,10.554706240827292
0.8941382933243545,10.761746278844686
1.9822756019627512,12.440277832324755
-0.7871218131256352,8.622125601236405
1.5502522872647653,8.684619282599769
1.6757061345582178,9.575765789389948
-0.9911903913626765,9.110957270780476
-1.739996844204446,8.577081999641672
1.7415779586711948,9.403972780612259
0.16011676904275074,11.129325773791447
1.1057897859988985,9.720242455305701
1.9016414707389804,10.894638215428856
0.4204064889486028,9.447139884878005
1.7233314567032298,9.064025681287895
-0.37433385370392536,9.522662775620953
1.5645603671740376,10.29823258575772
1.0880499052399615,8.888108882944266
1.4132687466663443,9.186942250506807
-0.3049195202763064,8.337302653129631
0.6895353731668146,9.565931202241691
-0.07543959258073007,10.30171533818832
-1.661404985661484,11.322993466761945
1.6257498133776438,9.558173785807604
0.5348463990621162,11.472311966396624
0.3422549151732075,8.774240090038603
-1.158511673880657,11.128382142979783
-0.9063717122771751,9.57670857432155
1.7970924249824676,9.521459107048377
-0.5561044122398928,11.152798771305005
0.8520571674469632,10.01672055566732
0.9144606271711075,10.654324125904996
1.8632886446128798,10.251504356941204
1.22438699184299,10.534567020727843
0.5003662107461144,11.439170993352622
-0.2146945600537551,8.762937841600221
1.074325323652808,8.586557984263251
1.6899975247091827,8.644297049568909
1.7836985761283461,8.407808989719182
-0.2792963662227472,8.811388733879145
-0.9670927469600681,8.722506960936736
1.0604263665325235,9.726443628162448
1.9024076766266096,11.10063947565616
0.314341394371799,10.627056078114498
0.4616030188369593,10.889153450170191
1.4182746561305635,9.473425909953576
0.3165192161401964,9.276977199412503
1.9879620112502043,8.804473088775962
-0.2288074538250502,10.019059403664563
1.7836985761283461,8.407808989719182
-0.8926888110597937,10.954513777307742
1.35658643228301,9.440183641575802
1.7669028464757002,8.361964137346739
0.9517110759952012,9.654849319799544
1.5268358785543388,9.14918265414995
1.1016380583699785,9.922012182182144
-0.8718617097147741,8.927609910754825
-0.20546963352906333,10.692168421013132
1.770897276376449,8.239307971158121
0.618602747463818,10.329735109350487
-1.9894713776816473,13.123003938373756
0.4474115788895179,10.873794016537286
1.2548933748889097,11.192273911092542
0.1599415188634219,11.014746715860147
1.7937006221659715,9.512196944511201
-1.7744725845870737,9.619811073808005
-0.08327248948107613,9.231208173039146
0.585834966551722,11.079193934110085
-0.5348544551739112,10.440172154080189
0.6492549549228799,10.419122818744361
-0.6654864166525374,9.731719803231385
-0.10611291687773727,11.368303727392918
0.14208766434385423,12.218423743965902
1.5028681462357576,9.6943359231033
-0.9447757002145698,8.34891447910319
1.657361770665934,9.116991851771397
0.17929870269372694,8.928587961726564
-1.1751891363928846,10.046435049072684
-0.49871461690794483,8.812009291420223
-0.4927574889031501,10.61212752097325
-0.48215447762614083,8.096014968670849
0.874797063891184,8.262218707078297
1.3068294389659498,9.514606841049423
-1.3585383755210274,8.536660861725188
1.176100757081184,10.09755190300125
0.48123820541385864,9.827358477197226
0.5634989792128584,8.456192777651532
1.9968291957737634,11.347236956270336
0.981590956566158,9.368696526331851
1.144822609044232,10.9971945267873
-0.9656336354608639,9.370920882160602
1.7761683753015913,11.378439401337797
0.6011878962940305,8.58692740188158
-1.721435407350377,9.345130092126013
1.9098262527353702,10.347528125331975
1.2930928507201207,10.222283226302158
1.7305924021699144,10.005102588015626
1.2073035995020605,10.573538659895604
1.6122026124100617,11.168679794948753
0.8738407132926671,9.255502079256534
0.2939983397408641,10.430708582573155
-0.8501533404109995,8.070117285919231
1.497592126833323,10.449916094637125
0.4860292445523364,10.29592127404713
-0.3145719908917193,8.014088068368608
-1.0360149680163282,11.575063589931094
-0.6131249550563553,9.690878721968685
1.9130618541178963,10.786533263705287
1.2949778476491987,10.311332836319828
-0.8007978897390564,11.031842231829485
1.6581946553942357,8.727947253506919
1.220697589441507,9.750102932786323
-0.3684602925985643,11.994053366344474
-1.795458474231597,12.979494750562472
1.2428826917806992,9.309939703826249
-0.8725809009064003,11.274847431856776
0.6351334668428694,11.245065826934535
0.7428510752987236,9.594762008794902
-1.1217843070807922,9.502931568322632
-0.6087631683912278,8.94825140539159
1.1855628904788356,9.902121542902648
1.5543971217486097,8.91058454744512
0.8573065429399902,9.611906412858675
1.2014260312894463,11.552731671501714
-0.44732029517391236,8.842153218128733
0.35967074741853233,9.942157560622395
0.7798124773721908,8.759597109142858
1.6323347482394177,11.448925902058615
0.5438188286549139,9.557357804224376
1.48881811599558,7.815140207768404
0.46139136251429713,11.836364526773824
-0.7770241702108356,9.186828607086566
0.9250023573895003,9.064997160833117
1.054063374672849,8.678452377533796
1.0201677149851132,9.553756781908309
-0.2292251921302566,8.479820062367626
-0.6919729260155916,9.102528569655096
1.7084425154337093,9.465961641440819
-0.9293262512228098,9.519921321031202
1.4350571173978888,9.230619540020164
1.2174976565508024,7.754460590140269
1.762716980461362,9.219898820135354
0.8835728762083908,9.997435767472288
-1.790968482855905,10.928892279686004
-1.0522667003734054,7.288844833513544
0.28913525816800467,9.792859384029097
1.4856561367634171,9.818149713261775
1.4909210019384074,9.748888124082075
0.12020935684952327,8.11056201342219
1.9256856996881009,9.64150569461191
-1.790968482855905,10.928892279686004
0.4267572927915433,9.69413419770041
0.1072686642016536,8.365422831368816
-0.33634538280996207,8.217668381555125
0.17702934806100323,9.665039044777016
1.2565027423646473,9.558403200561052
-1.1827344664041188,10.70737096273033
-0.9503356732151422,9.470196265240755
0.767580790770773,9.797194417044093
0.9271043801506895,10.172840518837067
0.18562829684852833,10.353083927448326
1.0261543339812267,10.1326067546254
0.16549768362975303,9.502622560380045
-0.11349453921895325,7.747387229709961
0.027080162871152336,8.557941182466806
-0.11304064992624374,10.205704436945204
0.6882380106469417,8.79582126231703
0.4511833421460416,10.147456866232046
1.448611833172487,7.664579597248918
1.4935658316368774,8.854711662080334
0.5908802176824479,11.809564303996753
0.35706935502666814,11.576923947919745
1.0265861974095953,5.53846908999237
1.0380805948677763,8.163380793951918
0.2910811067477832,10.399449486648383
1.301759582994515,8.38157538797246
1.0440316939815681,7.5025447925950175
-0.09464682602253527,6.590446854107479
0.20342948243655723,11.026349407435328
-0.3684602925985643,11.994053366344474
0.36765761767628025,10.509714089419552
-1.5231582286377066,10.513988504874028
0.7588061394474743,8.616919804669415
1.9034610232765252,10.044315663897232
0.21848196484457993,9.00473431634423
0.0936054836880329,7.337004128169427
1.790752103857883,9.842793084438533
1.1663161749033941,11.190060626601447
-1.329733842781974,11.426203975536538
0.08583855488588776,10.696848911504166
-1.329733842781974,11.426203975536538
0.778785883417707,8.703401752781673
-1.2506128346928445,9.671737321188736
0.9288995456382447,8.619879766812996
-1.6861767347315042,9.630405106126567
-0.4949626826783122,8.790162773082368
1.9043187448858703,10.602050376381793
1.4289237494791642,7.897700576136778
-1.7744725845870737,9.619811073808005
1.5911832255681038,9.427789894908436
0.0399403172539885,10.644534112370192
0.6681474285014155,10.18081597447104
0.27798903407430364,10.001786606584686
-0.024051279426035244,8.003247027643967
1.7344615113403763,8.815904976481724
0.23292700111864395,11.212678070536295
-1.6977820249489217,9.274012598662413
-0.41085083775853093,10.522824202433949
0.4959939421159296,10.607545848478937
-0.49329423828215013,11.58708603319329
0.4511833421460416,10.147456866232046
0.6440570169892812,10.458121409688653
0.05373798850328049,9.014556179728665
-0.8953217687164021,10.832513089118732
-0.3249640380693801,9.631321429548933
-0.3552339280216561,9.287460638088483
0.16011676904275074,11.129325773791447
0.9888985803543475,8.562467286025734
-0.7019527992986316,8.999418035806832
1.379485391020916,9.38885970599241
1.57904794804998,9.539447368427986
-0.6634543524953065,8.289846840302989
1.8804675456737288,10.029608959506094
-0.39415288364382706,9.435149468328081
0.9679815645046892,8.970853277553802
-0.5161051496313238,10.299601847440842
1.2305034782519004,9.114403089928572
-0.9896559732611032,9.518940906852654
1.5397069873798666,9.69698906830428
0.4945951131610644,9.32980373294039
-0.3522138055509454,9.5878435087781
-0.6309376288410151,10.166573157931985
1.200283874796638,10.21374855987306
1.3128510315463768,10.701822240112861
0.30752480524483383,9.214829811799023
-1.5247283349277123,11.57421899240072
0.4020674417346135,8.183967568908393
1.0431401944675898,10.065146661120295
1.7732404474965988,11.179813272690415
0.8890102735722651,10.155147953986935
1.2354341561342612,10.085378134921134
-1.0466511574880122,8.6689686948523
0.6206948580973521,10.152246423616948
1.233072844865113,8.20269833995163
1.779062919529712,9.9624604318431
-0.8509692204917294,9.509800645656927
0.8367228151776187,10.897979893525616
0.5575456858163919,9.386925303232118
0.2413946974012937,8.970410396741887
-0.8590226307729338,9.782991640900576
-0.6108918438779698,9.755428009192153
-0.24553832324163816,10.536009981784844
0.84854818352242,9.742398151129606
1.5639814985770593,9.83932308434767
0.8744149627607825,9.024746423980767
0.8105350923420653,10.814800118804218
0.9665091498075555,9.282260776350325
1.0440316939815681,7.5025447925950175
-1.8031163418369536,12.496067243254469
-0.2844502745991577,10.734012464910299
-0.22560119472725138,11.995679337203324
-1.6058125943482304,10.3418037219974
0.6898419921001153,8.409124405916474
1.9363338767971805,10.951486151142193
1.9511420808595492,11.41817859338168
-0.8137603511762772,10.071709413927984
0.352809067793562,9.499273339272497
-0.01738431646701155,10.761812433687489
1.840047523276502,11.388931165941681
1.6016722286533218,8.990025353701327
-0.7859843634081911,7.7243432139581465
-1.202476723957492,9.681308577251075
1.5732179751524908,9.389471025431751
1.7522565582725251,11.370380433333917
-0.6768280342893775,9.872027900719326
-0.2143219343936713,11.387905707005896
1.0222045541721947,8.002938643261881
0.3431023250938532,11.611176064756338
0.874958471414121,9.424860883781191
0.10816585564660652,8.735058563887888
0.05973339965303781,12.057893696494862
1.1654108946093378,10.507185323536884
0.78972646894877,9.778443242536031
-0.8739152063402802,10.238396679680966
1.4884242549863242,9.845343937388762
1.6433369079590152,10.014709097089678
0.5261775147046412,8.648151070739784
1.6327583827860113,8.689049703753131
1.3567215799211945,8.011634763469331
1.339788822777615,10.12239764060894
1.1531008326833185,8.48697333563616
0.7059349980824177,10.218453301201398
-0.09856372927652579,8.97984667827985
-0.7466083296594275,7.860687914716948
1.7653375711476067,10.154168608312322
0.40621551719929627,10.675036377237877
1.389551722285495,11.822616409630351
-0.41230689519361574,10.75913239756379
1.41269191458689,10.858365345783497
1.2820300169284367,11.014758534842226
-0.24840045142835088,8.60885350006074
-0.26392253530449894,11.333309331103102
-1.721435407350377,9.345130092126013
0.68508330091653,9.982897516483353
1.2176562387098935,9.25705419119719
1.9159244606992356,12.683881955509593
1.430249350645135,9.062483064999581
0.038942040015748525,10.139139080316921
1.0268196404458783,8.652017936221016
1.2749609179362031,9.36464664350034
-0.2550158945713705,9.306821166801601
-0.6713099117530699,9.500870606176864
-0.7741461278287187,10.457570643803287
-0.19961892563656258,10.017083667750283
0.016531367673753294,9.60459922486791
0.5929338752313842,11.534793910688625
-0.7868994097296178,9.433304564016847
-0.33634538280996207,8.217668381555125
1.621402567824255,9.243005239746797
1.8846036294731432,9.738289989023079
-1.4542409897730675,10.421438175243757
1.6830833985443014,9.742938470004677
0.647110929886554,8.887083209048454
0.901030641660546,11.298533343575873
0.2732766043117021,8.98626358693305
1.8796394086479773,10.056317965759536
0.4424801697665304,11.4871656898755
0.010190426888092574,10.106955188027213
-1.3949428621492963,8.353617714907527
1.4647045830997407,8.639591484108749
1.5832484055943148,10.041415022003166
-1.3348665249756824,11.011120071142276
0.7637509524098638,8.88395850693865
-0.22969061626873843,9.897738987445715
1.8459987169485892,9.425512686786403
1.2039228016134595,9.278805397427831
0.8996410873443375,11.653735687824243
1.5801354354137476,7.125491986793062
-0.5110188192557144,9.183624228692633
0.5523709031858095,9.72412330715469
-0.22749061870834186,10.38837763181244
1.3791329124675507,10.711409214603199
0.6552978994109004,8.86021364360054
1.621287313504359,11.005524312055769
-0.4947527321800096,11.875925317405704
0.15330548803964827,10.550319839482972
1.9119736949529385,10.042977895417996
-1.3587638419377246,8.236144675314028
0.7258424500686851,10.95255295165083
-1.4145040313510036,10.086956488710742
0.7101690698358127,8.812496470445469
0.7185891307722794,12.127552523691666
-0.40598106241050624,9.982741201767377
1.498988293955899,10.734559871682361
1.130982697005547,10.526047200329309
0.8157436293113234,8.889334057101188
1.8630817755371485,9.141137896966635
-0.8501533404109995,8.070117285919231
-0.9163631070125153,7.140047665163148
0.8105183057516632,9.982963257188914
0.3699739167056202,11.22550999071216
0.5456054807336281,10.210840463992612
1.1327936531945038,9.251973060963657
0.023831630939726622,7.868982291765607
1.3725794601189816,9.191769581286493
0.6960796762351706,9.343849007415763
0.3927297821680096,8.90756848223191
0.5756318282710589,9.313705745000021
0.6348311020035045,11.067283505714594
0.13421773421431782,7.756177860367265
1.003759193453273,8.23548816300233
0.4474115788895179,10.873794016537286
-0.6367858389879286,9.348944003265604
1.9218831911322845,11.18905346496674
0.3549260885252794,11.592474238627442
0.835062620916617,12.366892455365667
0.8265194795148383,8.900779183336411
0.9935009977127303,8.736121906155976
0.7489373738427316,8.543624806544887
1.9521438646223674,10.881383345298964
0.5102323203362538,12.481175592185775
1.8264584843338318,9.32371584617167
0.7564363259472962,10.217445253871219
1.8710458610782479,10.202038249434239
0.16549768362975303,9.502622560380045
-0.8618344572922649,9.66835549419652
0.8046794463610389,11.674051700475465
-1.715377284488361,8.417532613763491
-0.024611941033754636,7.731678904769811
0.5291286145505594,10.030092792610043
0.49402124498934885,10.74396928173854
-0.03592094932435996,8.201207258178341
0.4023773334424692,9.417023547550535
1.2896894946731137,9.8767700658192
-0.28923284786615566,10.359963859502347
0.4579978410207701,9.192548119401986
-0.44732029517391236,8.842153218128733
-1.6861767347315042,9.630405106126567
-0.10218728062190685,10.134700679255959
1.0170598933880908,9.51205432280308
0.6862927823711984,9.849506241665468
1.9064705492600367,9.414281527748466
-1.71049442722351,8.368050934543005
-0.6991552148951548,10.081830105648876
1.2951615368851788,12.94356325185415
0.12916750380581776,7.770905076909047
1.3262957036418102,8.721952025671529
0.14139107224662695,10.599105968911717
0.582288725709712,9.094281490581883
0.44536662499090474,8.825732172054632
-1.3193894354219324,9.833768902955452
0.5688385480107896,8.435191675909891
1.4034110292883817,11.540150911560554
-0.6941547670240324,9.56231376187243
1.0201677149851132,9.553756781908309
-0.2704145592596401,7.060610652326586
1.2164369842445266,10.268558782582996
0.39290117625495524,9.914491164102266
1.6432968813215845,9.593802998088943
-0.7399668992409039,10.180233322330391
1.3137546837559633,10.535172726649126
1.2297606206562501,9.383298925601487
0.7097522849131779,10.756083567765522
-0.5331123656248038,10.68084181546401
1.422785872425143,8.338797195628345
-0.20340718907114974,11.223568606517786
-0.3827249275828315,9.997413535502972
-0.7688166732770174,7.825975428507677
-1.0013241890390794,8.779394104693896
1.8436805877152986,11.748296502361406
1.2278619635359744,11.18854181442264
0.5702607981407661,9.881121600949417
-0.9499588380673374,9.739366841349728
0.14216989239119293,12.76143792504117
0.8414060028493289,11.973815401549704
1.2690370759500915,10.962884688913958
0.3447294163533656,10.892045520064972
-1.3326811801989487,12.79203973039073
1.7259615476757042,10.110521322088086
1.344470812828995,11.199842635774324
1.9976549030826662,11.933036393715966
1.9091197302657892,11.000961559477206
1.3733046711515327,9.509663796276985
1.4454799854537441,9.729148240906259
1.5862986338760408,8.468999548363161
1.7750964813792645,9.584716453724388
0.9304507969615949,9.681379679045772
1.7883626684340763,7.935070483974469
-0.523929070355309,9.970837390909562
0.4292976671722637,8.839875018915684
-0.24315759500113066,10.42853520787775
-0.8583837261463101,9.537642505193615
1.1335488799833535,10.663120858935558
0.17798783641546034,9.916641959780046
0.12541852627259198,9.836868951883423
1.9771519430442361,11.295903074239336
0.16118612716122893,10.798035326397766
1.4409912439098584,10.451907402944531
0.5488059072331217,8.738506025846702
0.3643815221424562,10.426561687078268
0.08064089209758274,9.164097215767574
1.827258682363511,10.057746783616324
0.54062795545574,9.759437806065701
1.7276509303898235,10.336484209778508
1.7777943307772137,9.345745973959133
1.0409114395587462,8.249424425827318
1.3679942115602461,9.892595604058368
1.602807456045034,8.777491569911694
1.2248051191722453,10.337048625646391
0.16704385707025304,10.143565523114646
0.20265351776340612,9.185507211030975
1.6775678928576694,9.395562550963476
-1.1440212852067457,8.650066781596568
0.9456080602625621,11.69364379138053
-0.17931203306537435,10.275339313973761
1.395070341125257,10.217759818873496
-1.3740931359855977,9.50249796454771
1.9613292151745934,11.069994220783594
1.8317364842270818,10.496115777085976
0.2892607425203062,9.777499198449924
0.6003698045597257,9.30687913642465
-1.3370008807193763,11.864785601419886
1.743748992994238,8.80953005154974
0.4596120582677443,9.454688007107931
0.7026516088282921,9.187441821296833
-1.8632976438356503,10.957098764079472
-1.2943523582884553,9.15474291345661
1.1654108946093378,10.507185323536884
1.6807879442970957,6.4889542859500935
-1.5504681002851624,11.45267322125703
-1.8780138085889821,11.076505827904496
1.0182774448229464,10.191590057430984
-0.2146945600537551,8.762937841600221
1.0182774448229464,10.191590057430984
0.16011676904275074,11.129325773791447
-1.0825368918493106,9.18785940747122
1.6320741816866495,10.614346313990273
-1.8027640515607013,10.72321544450009
-0.5065873558726732,9.31458540165666
1.849789179768445,10.20650586113165
1.3294541586439799,9.652640773346535
-1.1028260668598198,10.409162372314455
1.924744712109694,10.77924597507971
-0.06369172115919364,7.872828347940712
0.5209888778246317,8.628258960553756
1.8236751998481768,12.355540524082771
0.801391555466278,10.180682845082728
0.38971697029368,10.463650643214557
0.2657747403465063,10.417711095548938
-0.87866098979435,8.843547485307976
0.20265351776340612,9.185507211030975
-1.5185456951600558,8.41744277736191
1.135887402022358,11.332792108738856
-1.1819826452288167,7.7468899055489855
0.9986073269716988,7.949473481009082
1.730913933416053,9.975081527164093
-0.30665942338721,8.849350886269528
0.22172682241050978,9.492199142464724
1.1837055485740096,11.167986535643585
0.3812130637099562,9.77756361018304
0.8937746494196479,10.756105359345568
0.9234813831046416,10.820918454898557
1.100938155596224,9.697329813724068
1.7237947820279111,11.297742190184048
0.16563042939034078,9.39444267143975
0.7219972082988524,10.699204419003214
1.9678509889545732,9.62897726984216
1.2073606738112237,7.365441599493089
1.9942432263425145,9.593082483175525
1.6337501914890598,8.777648965225907
0.5258351703320825,8.618756701243333
1.5832629262407787,10.42496757773996
1.4315567409849597,7.520118228633377
0.5324058290930718,9.544972178467187
0.17702934806100323,9.665039044777016
1.5626338218473697,10.442920236597221
0.6723405462825847,9.432646389972273
1.3759738877680991,11.091534327837635
1.6986044216207232,9.32190958321177
0.6750130177992548,11.020841953218877
1.497592126833323,10.449916094637125
1.478134687259919,9.829335359767814
-1.0305852194529508,10.076599522336062
0.6532428380160078,9.659838105756915
-0.9274270815523167,9.653667416281689
1.1134876181819648,10.577973859517538
0.7112528012401769,10.105357217969717
0.023726617278233775,10.376669586488942
0.7564363259472962,10.217445253871219
0.23687252707383255,10.261761013108403
0.11462641595710243,9.646287632235394
0.23083530500017568,11.253651905362503
-1.2177174115939078,10.28744091802464
0.5466787286688293,10.185352696154766
-1.3541686637430397,10.409478508770452
1.7620158115176103,10.048556568798206
-1.9445514563485595,11.439782245652086
0.8308854010701099,8.534987690385877
1.8633466752303343,10.811149189706832
1.6164546419180206,8.92962679185389
-1.421939104372199,9.367084971877139
-0.3888578638140201,9.446675594693303
1.241731654292682,10.032043156248038
-0.5581019794337845,10.698955390339998
1.076244532638897,10.280766647346995
1.3677342671672346,9.119859738071886
0.06520139320478124,8.844986601086893
1.540955514830261,9.854867602126888
-0.5467020977239598,9.988517303291786
1.3687749234924582,9.199991447539489
0.3552410806248929,10.798297307002377
-1.160377627617657,10.828265012499157
0.9079194853832617,10.175100545208771
1.7284731299344496,9.052496445894228
-0.4631731480567991,11.437990191987945
1.7084425154337093,9.465961641440819
0.8163190723968943,9.130328090617041
1.100938155596224,9.697329813724068
1.959840929559781,9.517364905775912
1.494314496427109,8.765732440970332
0.5369723639101704,10.298724745183215
1.549698141481441,10.118791081642165
-0.5843773311527318,9.330127080049445
0.2446008497406975,10.520495856419268
1.2226806118002127,9.720247504434266
0.17952674411757386,11.20067756298506
1.6323347482394177,11.448925902058615
-0.48790020226239195,8.490177796141158
0.5466787286688293,10.185352696154766
-1.2042808808198466,9.730340210111503
-0.6668005605178999,11.476646349745467
1.228283615466812,9.833298711111128
0.876091281734404,9.33282996063769
0.15076851436388594,9.408427084291738
0.2307547647418109,11.988972226842545
-0.07685532728109079,11.520488077713754
-1.3149063573350417,10.760009340799995
1.5028681462357576,9.6943359231033
-0.9268511982889094,9.984666923275162
0.17929870269372694,8.928587961726564
-0.014708914862484601,8.836555590397225
0.6418788854577246,10.577951662507033
1.1752724156321586,9.776045821181683
-0.44238024408449883,9.249717731625976
-0.5618274219199861,10.04759285328551
1.501954601583586,7.703282793488259
-0.1810405774645636,10.02080841382933
0.6741867804559414,9.057767785200667
-0.045580296488060945,9.702343023373524
0.21125950287339634,9.3101166081584
1.4481706039572537,9.92811984837498
0.42686480788001546,9.949282855237636
-1.1301882711310562,9.573332118278325
1.7991996531676961,9.913537556372084
1.169826676557053,8.644178111594725
-0.7192753302862456,8.192823245770565
0.0024970722816712865,10.02502293125064
-1.297310808125662,10.74094891422719
-1.6858912562337087,8.946959233956225
-0.8042953996066671,12.0550311123957
0.7112528012401769,10.105357217969717
-0.9184268544618979,7.6525425655828165
0.4853224966228291,11.2793766571291
0.6049319081659683,7.9310044736001775
-1.236293659713426,10.93015979037837
-1.0522667003734054,7.288844833513544
0.6552181104872203,8.398895298886174
-0.4626934113612733,11.48898170577282
-0.27861387051119824,8.988507857694463
-1.6294980677945312,10.153206301102582
-0.12927515006049184,8.360921121285532
0.5945558270752622,9.564121476222056
1.9016414707389804,10.894638215428856
0.34947947430230775,10.14891326009157
-0.12492813814197667,8.715395591596288
1.046042526869889,9.724704761178753
-1.263820911799146,8.485950236424527
1.7869349156935823,9.409370187557672
0.3696311386380704,9.619073282993638
0.23353791028088766,11.378532707286203
-0.07549723273261755,10.772438062978361
0.3877808936526903,8.600618236239656
-0.22749061870834186,10.38837763181244
0.4616030188369593,10.889153450170191
1.3464808414706324,8.73871002662876
0.3115083257636364,9.294409072769827
1.563422139932587,7.7490718117411586
-1.4709251396060732,11.557436886331235
1.5124607879428056,10.391099115408444
1.3155334635304379,8.623648310489891
1.7843024722753253,10.275540862225053
0.7809186229909426,10.6468356394121
-0.5934005106323785,10.937170233866452
-1.4934514979265026,9.286051518676649
-0.4866096732694123,9.130985196229483
0.6762140612677916,10.54809494515833
-0.4783978041183614,8.615894471121866
0.9154457690797875,9.97224528350385
0.6548179157050242,10.596893971745054
-0.3131495298963345,9.67554327382089
1.841467098488521,9.551299013872573
1.2818451606332602,10.167883698293798
0.85297914889198,8.718901858785328
-0.8007978897390564,11.031842231829485
-0.8698365453502257,9.794317325528874
0.8034627889755197,9.855647142615835
0.6521088148925895,9.06037167989859
1.7744636806703955,9.515571311598622
0.6317996448183694,10.341836125544818
-1.620138899086494,9.866387007851557
1.7909312160252213,10.046277335478214
0.21371080314827218,9.294210089418554
0.5497815148716083,10.794010292643337
1.100976207339797,9.596033846702626
-1.1432949890416526,9.408462971546372
0.48053039120614693,11.80031844926746
1.704238239273062,10.28274957672756
1.534735870751959,7.816866760259254
1.7445853417284516,11.442970020242232
-0.4548491794178191,8.43791987427401
1.5862986338760408,8.468999548363161
1.1842741015877496,8.670722617738424
1.5052777325692461,7.9914486884693
0.669404652201584,7.436769960886432
-1.4101898931748642,8.223697538310086
0.5949884555800726,10.457224152164548
-0.2646243085790232,9.985990398873811
-1.0679241424126609,11.503454375105186
1.0271568916095881,6.949649899225646
0.3557440902501914,9.36320841727516
1.8544799083570114,11.043278261282893
-0.19113959959312776,10.162662708860163
0.7454664263147182,7.886902071769401
1.7761651131237097,9.754583329065921
-0.2952747910561082,9.437137999830252
1.8792841803141789,9.154722210834427
-0.6850160466015738,8.677810909174429
1.8023758637244973,10.271357362894488
-0.5126528617343222,7.850474319004133
1.1897040864277124,10.234961801520885
1.530239507089389,9.474209766376976
0.4172519289612793,10.069792715068948
1.0277073805080552,8.997180581921526
-0.6087106102678161,10.702861256628307
-1.840309869744995,9.889703428464129
-0.5158449480615892,10.30400349115779
-0.12896707616968195,7.856788764627366
1.1544598586896258,11.351105056004803
0.5496099248368864,10.898805342206654
1.5755703322038306,8.067345775977065
1.467081418024001,8.681710936879053
-1.6013443116928965,8.82556734097691
1.1340060103516354,10.309136772022397
1.6928949879409143,9.598122410992229
0.538329670201215,8.895329967309664
1.3444744621801705,10.447801331840333
0.963532826887942,10.162379870608387
1.281013275779559,10.405963209174315
1.162054430134591,11.095806993271022
1.7270148777312655,9.495963363241255
0.06984403753716473,9.865335652013066
1.7281124220400699,9.252659522873188
-1.6852092992184038,9.67769350748329
0.46394180104071614,9.48489114404389
0.41795592903383794,9.651239268755237
-1.1390247179961852,12.529311195665734
0.08744918132871504,9.998168905875586
-0.6309376288410151,10.166573157931985
0.3557440902501914,9.36320841727516
-1.4837150122764742,10.932882464942994
1.314611624473157,8.888003491139976
-1.1945448714561024,8.326807163343139
0.34104350203938605,12.260823938259302
1.4237007583651913,10.535469537072139
-0.8162718822535355,11.979428834056277
-1.6185563149079858,11.682161964482818
0.9516695734161016,10.121220761438252
-1.386348470443648,10.024053581027003
0.29590070012696756,10.109496386659309
0.0011141408310413325,9.021619780427113
1.3717819298247886,9.572143397885235
0.6525849959008352,9.057389291485118
-0.4735340035634601,9.00045639644784
0.3105270173776904,10.032477532277042
1.6230271625457915,6.9522890043287955
1.2586840188399568,8.738939333593672
0.9304507969615949,9.681379679045772
0.5731528737694127,7.685341053839891
1.219955998723079,10.414384177564871
-0.10092397582539503,8.511495412469213
-1.1858579100727806,7.4911393174996235
0.24264037766468372,8.057922397793659
0.9320004288904928,10.300045228560789
0.41454880223750035,9.361685325344244
0.98175789673732,9.206675067032348
1.908027817755774,11.993075672921279
0.0821753492194337,8.245338993742845
0.40979776786635114,10.416936059576356
-0.7373260753437361,8.984373192809038
1.7281124220400699,9.252659522873188
-1.2537197644558566,10.631485675031765
0.4225515572936458,11.007114892163914
0.8842186435914874,10.473031504017346
-1.6344340546728944,10.030950285397438
0.8202531368215165,9.82020570506487
1.9475477464020692,7.824752083842277
1.6581946553942357,8.727947253506919
-0.11695043044958808,10.31611500627043
-0.521048756509245,9.644520636945561
0.3122884080496502,9.52307925218787
-1.889853120522138,10.275431294611355
1.7991996531676961,9.913537556372084
1.0873441409204396,10.389244361661262
1.3592064266577069,9.683998884501976
-1.3348665249756824,11.011120071142276
0.4038287799899889,9.245385555418212
0.5528976601624458,9.981705656710341
-0.9623062662748301,10.680708860900399
-0.8583788387886337,10.969922575966429
-0.20340718907114974,11.223568606517786
-0.5444023740186701,10.811968295572138
-1.5518443913277906,9.529600053033795
-0.40882623628360726,8.826411720114796
0.9619045278140765,9.636464240518672
0.18562829684852833,10.353083927448326
0.07424675466293573,10.352124988610417
0.37512252777380883,8.321535421523025
-0.4660755096998299,9.328163652319512
-0.6501828841430841,9.864367113748337
0.7716356440990708,8.995422097718501
0.4240600099177727,8.983321283019588
-0.5065873558726732,9.31458540165666
0.07230999216137901,10.604695192467108
-0.03249616215670503,7.641981019293059
1.1451127975361324,11.345718029803326
1.28735729101161,10.217085688913594
-0.5810857730791494,10.39841858525396
1.4625801454909277,10.368419732338673
0.8291156476226687,10.588787290300786
-0.07549723273261755,10.772438062978361
0.797251684621215,9.151261707139852
1.1758203388623625,9.304672021710896
-1.0240414264836657,10.114347775688328
1.4034110292883817,11.540150911560554
1.3262957036418102,8.721952025671529
-0.99642781723559,9.206489026725986
1.4480579290904902,9.408455434564761
0.8078675090308134,8.33186903254095
1.0250151656897373,8.714625156807482
1.6757061345582178,9.575765789389948
-1.2555943286148907,9.977132750918527
1.9462779631173062,8.311033494964024
-1.4934514979265026,9.286051518676649
0.9672259009846882,9.07358501366027
1.9536839758539242,10.881637231002589
1.525943278355642,8.419934207745289
0.3855743987698461,7.6049723410094
-0.07490419268957993,9.65930128298671
1.7276509303898235,10.336484209778508
-0.3339822723844841,8.306495034335427
0.3717597393668126,9.06335052869472
1.567488579242939,10.622527400243134
0.9497257657084885,11.650897066016444
0.4278924650970617,10.021015088484114
0.3181454765999243,9.244399513448368
1.3224776311509165,7.853791054552806
0.7827106528613559,8.498212325171465
0.010548372420768448,11.357226545776252
-0.2616161565651529,10.03027993834242
1.2989729493880304,9.580368900632772
1.8436805877152986,11.748296502361406
1.1561624168081885,8.113878528585351
1.0630532841901599,8.84267594036676
1.712334561304199,11.091803598193614
-1.874283257253063,9.211893968567084
0.3718034057397097,6.993021468514583
0.16563042939034078,9.39444267143975
1.2449222336054313,9.566496517811016
-0.6668005605178999,11.476646349745467
1.5763981444246369,10.732609926607013
0.828913313341693,11.24161469279601
1.5109976194504995,10.491367581462377
1.0201677149851132,9.553756781908309
1.2107896213440865,9.81743884996749
-1.6112940249169259,10.791604435063237
-0.6995839382732041,7.45784007084151
0.8043903494570799,10.929620101011475
0.04775452272771119,9.354916824851136
1.3130942592639534,9.496101666285359
1.924471631471743,9.489365237363872
-0.4420724203903186,7.710207213387286
1.3844968421209263,11.59860820894246
1.4131391942688079,10.214304703557648
1.1966318844191282,9.30341352390046
1.1561624168081885,8.113878528585351
-0.14520638024007138,11.959779540945839
0.7798805324859033,9.229740946289718
0.7084970539302557,11.56846714124557
0.4459794108767965,10.51262521828486
1.0354725376717986,9.176730549580437
0.44090059791056513,7.955838106093468
1.4682407295157893,10.556719525033
0.21741621004560274,9.317753035936471
0.7389246902155171,6.861949355883945
-1.1081999657689856,9.885400370110327
0.30316988448923876,9.022475067979748
-0.5581019794337845,10.698955390339998
1.345768769879479,9.002978753076682
-1.7826718607083847,10.973900130312641
1.6858309448661215,8.541266538495153
-0.6870675772866424,9.41582684543884
1.0687531557245076,9.317337945914327
0.8778398706798876,9.09791958182783
1.1317366909594688,9.4375946304051
0.49325773503622994,10.538805791950951
-1.8028013503633202,10.009461916489736
1.0071926543477319,8.278968426881685
1.961140682339765,9.209062187338048
-0.5650299578284455,8.928772487262375
1.1810692474395608,10.687489524306466
1.2123025693509795,8.182751832670718
1.452413703502374,9.011115908866579
0.8605000792675517,10.517928533479145
0.6762140612677916,10.54809494515833
0.8051733683535365,10.373003049312247
0.6544988830691985,8.700514354155509
-0.029527624028521604,8.388392920433155
0.6770731670033396,10.182709957642494
1.3809022326429594,9.441691071413914
-0.15640664717367248,9.66941041514674
-1.8886357949496548,10.010567176903756
-0.25010031190508375,7.3907073768740394
-1.3339858118019396,10.498915307372592
-1.960123061061926,9.833820926162257
-0.9107706939225242,9.939916252455196
0.21639712158330449,9.426522962189097
1.305363243800747,10.843110617147246
0.2870894081932889,9.35328432438235
-1.1169215488449584,7.853564347738336
0.08092195641236,8.948317395020087
-0.12492813814197667,8.715395591596288
-0.6874112779397255,7.776888314185521
0.5711802820252365,9.315381864937972
0.4566754012755707,9.155745242833973
1.4391786992465825,7.9728147940905565
-0.03088857420786084,8.772266297439343
-0.3236021083316589,7.190867319585229
-1.5299926391505068,9.655614480226063
-1.1494224945156155,9.553762008114274
-0.17244771305093254,10.580265751094668
-0.25549388345873325,7.781392906450864
-1.6816474105118302,7.386254217512084
-1.951516901424427,12.461730847691896
1.464142700183026,8.347702881576428
0.35340888393261327,9.78239385709297
-0.6005532231100861,9.56978795631889
1.0132517275170283,9.446776375565147
1.5483456970604692,8.03563095311063
1.5672808456264513,9.007514894000922
-0.3382279976316416,8.858410166423996
-0.44226127968930706,9.552232246018203
1.553088786046024,9.667583556491886
1.2087879230161587,8.64576097059321
0.13919786512476984,10.920712890958782
-1.2974941377279907,10.722628387604573
0.8818269658510247,8.521624455551915
0.5688385480107896,8.435191675909891
-0.0533242343011886,12.176791559188654
-1.7224236563832664,10.830680365310043
0.054071466967080095,11.818147402042534
0.0922616990764773,9.100146669545412
1.7720828385829446,9.626593381775226
0.7798043556098468,10.293738279627846
-1.180790363775162,9.275038994760536
1.8795153068305561,9.86242252001399
-1.293887871977967,8.964121461338951
-0.3304208706834082,10.05212001100639
1.7022740516271053,7.862222181896396
-0.2800591435157611,9.453646104594819
-1.0133742126208887,10.356198619889595
-0.33634538280996207,8.217668381555125
-0.48362380531225524,9.068508269535066
0.4853224966228291,11.2793766571291
1.7615881357821768,9.120995291127056
0.562840898908886,10.079882983608332
1.508481870649152,8.385247900471985
0.2971741588342942,10.078236536143585
1.875511421142766,13.523384760023133
1.1758203388623625,9.304672021710896
-0.05897758341103554,9.678058183094784
-0.26893248160294947,10.205129061635777
-0.4841763607499696,9.06769678609596
1.698634438328987,8.982260961814053
-1.5968879944902934,7.422952448714378
0.3699319756063857,9.539437313069687
1.8383685904369358,8.993032900380193
1.6215279056770546,10.24872936855822
1.3182633257134744,10.447081448913979
0.6655416543128259,9.361879314137441
0.02341077180731599,10.192060290041422
-1.2980334904745705,12.297979375988067
-1.1859555666724542,8.313373479699958
-0.0533242343011886,12.176791559188654
-0.10092397582539503,8.511495412469213
1.418061743642998,10.001691566936156
0.27568562337886515,10.65975075000019
1.2978860704181963,10.759940626950778
0.4415042391267683,11.190637558160802
1.8741493267995688,10.811565793800764
-1.163610541641543,8.373298747407864
1.9867874154119072,11.653803253019065
0.6862927823711984,9.849506241665468
0.7417755328876061,9.107282424259594
-0.4881265774348633,8.593984321688815
0.6304515692013735,10.523672970232845
1.7232306893790472,11.157568748979775
0.11813446008982975,7.330615731063129
-0.4908633475815094,10.343381565619405
0.11574853610884794,8.100836080227191
-0.9000832321054393,8.980705330301646
-0.06391770996238355,8.552435582368377
-0.46392370414016737,10.55893579940343
1.8604747857441821,11.268649906425518
0.9690127487963487,12.235551483869498
1.9214749637687403,11.278647537212965
1.1327936531945038,9.251973060963657
-0.5155482462794887,10.087018541353489
1.2906298739217092,9.839281694677403
0.3718034057397097,6.993021468514583
0.15076851436388594,9.408427084291738
0.7515428892032534,10.209632932322386
0.5715276402348306,8.28506798890404
-0.3186584432180042,9.150343026666441
0.4098766818290658,10.783637380657902
-0.8314214058591274,10.544672553624759
1.616139945818237,9.919822141235942
1.9247701166564632,11.638839175878438
0.12532317069270293,9.545630606457006
0.08639805196448647,10.6572240838423
1.7804897949795477,11.063415791988124
-1.3172902587910653,9.46471108792209
1.726140196621048,9.075253440314013
1.029876202892412,8.517611340931456
0.16518534120428185,9.3254802925901
1.8668245600738422,10.663271990542
1.0270060227545401,8.875463569497784
0.11035189308866267,9.964768666821517
0.38503430093080837,10.166899582418639
1.1792381949997175,10.25494170738429
0.3812130637099562,9.77756361018304
-0.21877897998933804,11.311537367008858
1.404602941703927,10.001910998174306
-0.14407320733245044,10.41310557879035
0.3927297821680096,8.90756848223191
-0.07265098569496731,8.776363784707101
0.4731400840548794,10.254508369633207
0.9543898325293227,9.466761862801985
-0.11114029935220282,11.137514437683542
-0.32967689686028656,8.342400375395421
0.6953555930800186,8.286076392225427
-1.285484492982802,10.993460940214854
0.7166502732782511,12.096697135931267
-1.232507262381994,7.3159796329794595
0.25629611533407104,12.848774109801184
-0.3489667188904262,10.46485307671421
0.916693950197792,10.561524164460005
-0.5656861539005074,8.371646083256358
-0.6383537755429614,10.933694915528065
1.3875488977158112,11.829302522760404
1.6833913912627474,9.3514135456508
1.6830664338534294,10.570801109636408
-1.5504681002851624,11.45267322125703
0.3946339367881464,10.602193023976874
-1.5180727102461282,11.26074030532739
0.16806119391890428,8.99036548307783
1.7343725748050063,8.344975796143219
1.2691910798499748,9.917057334203838
0.9307962023611216,10.78352121134109
0.8375552872975449,10.296577543082934
1.8710458610782479,10.202038249434239
-0.8992391529060972,10.006621585684629
-0.009840591415591238,9.753585236776656
-0.1508177559975712,12.001358701120406
-0.3555463320206056,9.992619833224325
0.8882837528109482,11.3024355564842
0.16681924964001604,9.998181358903045
1.882672111175482,12.274187756230399
1.4827538218297573,8.940070863268208
0.6355418809306288,9.843528625100982
0.6412108788053525,10.808482923442838
1.7830988680338438,10.548082641076718
0.6551587447023564,10.801455833955933
0.19764732824385822,10.179587140288461
1.6230271625457915,6.9522890043287955
0.2513209488584116,10.81393172079247
1.8620716729390656,10.489260771848922
1.4968900987407032,8.114066977833446
1.6245730190630656,11.044430487419884
1.2226806118002127,9.720247504434266
0.28243898655531874,9.74686669703349
-0.2249991227817154,10.931056960850077
-0.5737643152924452,9.732210981756486
0.12924105351964243,8.596680644198717
1.206570359325469,11.230822098356246
-1.3499557388101748,10.526667008646529
0.6376929873996651,10.689167800859552
1.94343376164375,10.59102298038476
0.9708260847999242,11.241082089807202
1.230809476176228,9.2545109707376
-0.876261961250477,9.56775962037337
1.3901905322189454,11.22262029681918
0.6341620626802196,10.009077780026905
1.518405986847048,8.944196265138899
-0.9607856757433608,8.299714113047305
-0.8748617457878636,9.627261671533274
-1.463190294694599,10.453462019512704
1.4237007583651913,10.535469537072139
0.9972614205697377,7.432931860379421
1.6370107777479697,8.394382149217948
0.3510774434487929,9.602532609037336
1.32100077112554,9.932182287417227
0.5175945525410501,9.821061343827902
-0.16166377114550778,9.600809678559559
0.43101073238261023,8.47779988484561
1.074325323652808,8.586557984263251
-0.17868500076559135,10.680014233121975
-0.819837169383375,11.472775216565264
1.6370107777479697,8.394382149217948
0.3082133668541771,9.173466442733947
1.1680125045207839,9.872803546340528
0.3841743819105887,10.407270933307991
0.2482911776102843,10.352968731306497
-0.20340718907114974,11.223568606517786
-0.26392253530449894,11.333309331103102
1.8322939204775208,10.627789053393595
0.9790029265196889,8.995246574662502
-1.1579722413386282,12.72191344015956
-1.065730555725556,8.452418386757628
-0.6930298318798367,9.857202593865455
0.5499952117366527,11.154849149156743
-0.946545524007683,9.934421727441226
0.7072851954295825,11.470160113701146
0.22172682241050978,9.492199142464724
-0.4189627382753689,9.854651470701324
-0.36982787587027666,10.412594914568764
1.526869225581585,10.43212928854389
1.9942432263425145,9.593082483175525
-0.058933030629513716,10.026416810792139
1.7109829323016292,9.2601511976154
0.00510257850291751,10.48382162951329
-0.026633647790478054,9.70840961263657
1.8023758637244973,10.271357362894488
-0.09623112980910342,8.178188770889296
0.1495824117516915,10.373571168276964
0.7747289031259545,10.012390423430517
1.9493446343181837,11.527712216311462
0.6478793578025366,9.627682495410635
1.166560288732252,10.242007899056443
0.09868922674248903,9.174258986986365
-0.6788613299916624,9.934113184201335
1.5639814985770593,9.83932308434767
0.15345240840409113,9.544967543934956
1.103509017878772,9.72687033073117
-1.795458474231597,12.979494750562472
1.203272399439001,8.0969379785042
-0.7607724987101241,8.927444957880768
0.6688493487767242,8.701036841351641
1.6768321242149007,9.549375209926996
-1.8984545773586206,12.597803503746407
1.4505618845967159,8.625871669507791
-0.07183576755166987,8.36401892055734
1.7889943095354348,9.72902085358281
-0.15313542474752362,10.821876255908784
-0.14124212621933996,10.603919260681245
-0.0929844979666874,9.996301245855406
-0.49329423828215013,11.58708603319329
1.387875416828242,10.946009164162048
1.4480579290904902,9.408455434564761
0.509033602543913,8.378417930078752
1.464382534446766,9.082699945090653
0.21848196484457993,9.00473431634423
-0.026633647790478054,9.70840961263657
-0.23258516763574422,10.161455790520789
1.2988926563076806,8.55588854647591
1.3701380334072066,10.504154055544992
-0.41530923356297844,11.961569418458923
0.7491320176525109,8.654519785235305
-1.3488360431750825,10.069474343147396
-1.1975345155013892,9.561957500913191
-0.7820383025838784,9.161848051533598
0.12944093944525958,8.733431842846796
0.509033602543913,8.378417930078752
1.263787755874469,11.228218020972294
1.4831886893524526,8.164121360244902
1.9664973718449126,11.664771818614236
0.2390227345535303,9.251281645974471
0.008780041324970345,8.068590839852892
0.6959768325829216,9.91022127097579
1.547699600837078,9.945589522977805
0.893791271400004,9.757342837525085
0.6031532833876074,8.025663400849414
-0.2062179120867209,8.987044918997295
-0.9461062172246071,10.955284124362848
0.08583855488588776,10.696848911504166
1.6130944889556567,8.041648552728814
0.03344218766511986,10.937579823027452
0.4038287799899889,9.245385555418212
1.2200707729385112,8.366502854057247
0.20090616862504707,10.811164281154621
1.3130942592639534,9.496101666285359
0.31470163428957365,8.231691973701286
1.48881811599558,7.815140207768404
0.8362420778036657,9.17765526170187
0.936605036166585,10.654346626796617
-0.01929235955491926,8.750196747993261
1.2354341561342612,10.085378134921134
0.5949884555800726,10.457224152164548
-1.7668111845505718,9.804196447652313
-1.155072674108276,9.167207376535023
-0.8628468436181627,8.696569378215429
1.884232980661471,10.332167119181108
1.550816731033199,10.949530797169823
-1.179251428380772,10.390029911971375
0.585629500912356,11.41303487387867
-0.5092459319507441,7.8739129159446275
1.3286498149164734,9.802457669061415
0.7440968957435641,8.574779608636629
0.21064907110699282,9.876809263048344
-1.6842423882137778,9.58586107231273
0.2413946974012937,8.970410396741887
1.1005312934444582,9.706398307471408
1.8991726485871325,9.691808997388543
0.9172392019088247,9.659798940773848
1.730582869364671,9.213593653445523
-0.1954797208086343,10.2973980650274
0.1877155039419076,10.247819591211096
-0.6401125448270073,11.46446577523809
1.6589973149106414,10.567076485107293
0.5497815148716083,10.794010292643337
-1.4287427821085306,9.678638012050948
0.6453707157788977,8.827201103313435
1.3657902123390397,8.83180744781195
0.22683702621141544,10.14481979152928
0.9944348343273295,8.308963252077021
-0.7531117288178071,9.2200700589473
0.21729039233462144,9.953353695198398
-0.4413703108475384,8.996500171375637
1.2087879230161587,8.64576097059321
1.1757405338074052,10.171961689293365
1.4838764949843424,9.614475518048827
-0.13527363548977211,9.993160557926329
0.16704385707025304,10.143565523114646
0.6596468979488721,9.815196205989976
-0.8007978897390564,11.031842231829485
-1.121460285621724,9.545694990639296
0.5928367097942235,8.376683768243849
0.5790269063603715,8.144818139541902
0.04445455395800213,9.73148873537056
1.032161684044866,9.618612919993613
1.9064705492600367,9.414281527748466
-0.2727795968563518,9.28240991636763
0.5893685374923647,7.819339746455361
1.0205344697807837,9.801859684047576
0.28362821500857915,9.121772233938067
1.3182633257134744,10.447081448913979
-0.4245423773833661,10.488910228706906
-0.11238995774190785,11.58589052547993
1.672772633846812,11.443178453008109
-0.2792963662227472,8.811388733879145
0.6936789156457306,10.894136988503249
-0.13450162198180582,8.989602362044828
1.9229573743337176,12.858130315401613
1.4543080125565835,9.35561591511987
1.5369806957158167,9.227250041931793
1.4942223049083552,8.922799836658793
1.6589973149106414,10.567076485107293
0.3816592064804336,7.1487008872824225
1.4175403734783165,9.284690548172513
-0.09206642952938493,9.6458166200208
0.8254879872399843,9.393571474276703
0.03556222236422357,10.61783593503497
-1.751187095341189,10.72063768098609
1.5626338218473697,10.442920236597221
0.4677076735029688,9.360362648932158
-0.8518474673003489,10.19771482555956
1.8539969635503533,8.436932576191609
0.591348154432906,9.765057306237578
-1.141773914679991,10.337691090352239
0.6380430745630807,10.138901309227194
0.3193183041909,9.231087249743476
-0.27605911794681504,7.847701043538036
0.6720778100502396,8.733955707107553
1.7922131274115611,10.684613075622247
1.7237947820279111,11.297742190184048
0.7521220758079252,9.928574351201167
-0.5861072317571177,10.43582324874092
1.2629815225044836,10.158422529453402
1.0498347429627621,9.253610451893742
0.6356957676406054,8.5607565318825
1.1221020609754473,7.596491319038495
1.6583377408869908,9.888178706809649
0.15288040747390097,10.094171416626297
0.07055574275773813,9.214312704688329
1.0202728165265005,8.067802683051813
0.7988523086173487,8.687783446749542
0.9086512389605539,8.11263501217461
-1.5115603439598928,11.096197475581913
1.3167271197996708,10.411432593995436
0.38507951392821216,10.044263668632745
0.9774728172159626,9.435104278552641
1.5638955387628153,9.477478936553776
-0.7059015450518484,8.890623388440725
1.0547690774012821,10.013677883052374
0.8801461461842974,10.232162677780952
1.1121852259327967,10.083897717177964
-0.4688049422544487,9.898896325449098
-1.1396590848596286,9.500201898040192
0.4928414922720279,11.866269159616984
-0.3562297905995604,10.166057947351051
1.3568318121578358,7.65686864469604
0.846891222984195,9.206895696727601
-0.2647303216938819,10.49110510599803
1.5070625470469978,8.77289300405213
1.5124607879428056,10.391099115408444
0.32068947690932914,9.490874723296606
0.6750130177992548,11.020841953218877
1.9806376408004849,7.576707047142637
-1.3025342839800342,10.324576033618518
1.302843806242668,9.959182524407291
-0.3579807146065739,9.133055640472474
1.4471424840540692,8.530091124293563
1.1346120509645723,9.99722804263794
0.6810159041774368,10.122321755840339
0.5643444143286378,8.78204625756888
0.0011141408310413325,9.021619780427113
1.209094788589911,8.55472297219078
1.6471404495270856,9.668772469081881
1.8002478682032197,13.348897804313275
1.2000139270547256,9.576199107073432
1.354487184792227,11.583384631889512
1.0858933794384256,10.502896170196141
1.0270060227545401,8.875463569497784
1.4518384932520738,9.489742496667184
1.7200215111642905,10.205472055044723
1.4120378218694403,11.429156735697067
1.6304440102262197,9.888492979312588
1.099533729011795,9.720219262856611
-0.9004173669716491,8.720724113629725
1.7789280891656412,9.975116362744926
-1.2825412719511582,9.27794692421149
0.04775452272771119,9.354916824851136
1.0258043519556472,8.694908589438654
1.621287313504359,11.005524312055769
0.8334519068601391,8.710284004680213
1.8194611226527764,10.574520830675642
0.8414060028493289,11.973815401549704
0.669404652201584,7.436769960886432
0.415181811797551,10.801970490170206
1.4962870932207406,8.08749613528295
1.3236899632874022,9.729564183106998
1.1376218928511892,11.295365368261077
-0.49329423828215013,11.58708603319329
1.1493953936388284,11.084607988583244
0.6875709743949137,9.015234983167689
1.029876202892412,8.517611340931456
-0.6976754699239542,7.887784856679479
-1.2005081014022254,10.038460578644354
1.402298112060464,9.024230922568993
1.9363338767971805,10.951486151142193
1.4829996050900456,9.014799080601975
1.0217490900623245,9.119316743845264
1.742092091035429,11.19159389931996
1.3844767422204471,10.424931725255664
0.9279757672456204,11.765879982186824
-0.32300300272413685,9.416291756921545
1.645356760314523,9.151858119560512
0.4170380639477007,6.961115133219175
0.46516299341657863,6.992128900211265
1.0621870020634434,9.959613501173187
-0.5079716004857571,9.539584440100203
0.33207458977654536,9.538151933075506
0.31470163428957365,8.231691973701286
1.1020211868759975,9.63178403039974
1.5565116957600398,10.41555945491114
-0.7071882719169791,11.151477129646842
1.0137116890278763,10.17026837347997
0.1636200153523233,10.507010931336351
1.5758922298500186,8.50136160425411
0.4404316881449386,9.160064507323028
0.9128653944474383,11.528059569466832
1.4838764949843424,9.614475518048827
0.12845394106126262,6.992759144674852
0.5481902140145101,11.266348687911824
-0.004417341856232326,9.20561409429514
0.36765761767628025,10.509714089419552
0.09239137668059527,8.56420477561678
0.5796252954596679,9.792610572904731
1.3189672148288065,10.354828719177366
1.0351050150293006,8.126713011087743
0.5940192804747526,11.623063034544263
0.9679109180559435,9.800143651278324
1.0434053237231269,7.256033233945276
-1.2503522236096711,10.06161819871893
-0.6592110334163963,8.874787600229899
-0.32893287133066496,8.194183000631252
1.1842741015877496,8.670722617738424
-0.468666420926259,9.39146768523415
1.3836857587109286,12.22063010357338
-0.340609573757817,10.488876346055559
-0.27861387051119824,8.988507857694463
1.0210816819872317,9.296954598257205
1.1358100723913638,8.943179099924699
0.78972646894877,9.778443242536031
0.7869486614566026,10.63932231611374
0.6466690385167562,8.272521352069203
0.39617834860152623,8.67894768386381
-1.3164496504397367,11.1746626512659
-0.045580296488060945,9.702343023373524
1.3439204820488233,9.939762419441406
1.9034610232765252,10.044315663897232
0.40316859735847643,9.156164647045262
1.4785987392486852,9.811364904326936
-0.01929235955491926,8.750196747993261
-1.230843924765317,10.79670203903471
0.10561064374445284,9.947127190609024
1.154388844898123,8.779321457686507
1.6888932726194406,10.105917209853814
0.4901975848524551,10.599447292199393
1.2585002241036687,10.114539948805671
-1.0898644922541467,9.828510146911198
1.3142223916243254,9.215884002852908
1.047559577509936,7.300802045361504
1.35658643228301,9.440183641575802
1.4968900987407032,8.114066977833446
-0.9004173669716491,8.720724113629725
-0.8098061947247177,8.277128946417193
0.1636200153523233,10.507010931336351
-0.0066678868230511945,10.046702620722009
0.1478976915736543,10.210968212733173
1.6905805584142883,8.734882518554576
0.4860292445523364,10.29592127404713
-0.5877984335987905,10.460196618718296
-0.16278524714770493,10.875577269176866
-0.5332844811880744,10.473931504791448
0.949704343082709,10.682175913779043
0.20276217877917846,12.775132311019718
0.8205565822822534,9.811362811197238
1.8486901938981677,10.462244198813996
1.8669369101404323,11.71246433087374
1.446763615149381,10.182722246874189
0.7536095857109442,8.534098352750409
-0.7341248637540057,12.157704126791407
1.5645724547922844,10.84022410013434
-0.2405774411446604,9.867311108890215
-0.6679923477672083,11.798628816366344
-0.5674411338834222,8.561899642898148
1.6289726691083146,10.744329358202172
-1.4819403148687833,9.525673493960825
-0.7716490265590052,7.767622044709179
-1.4600860557134316,10.733745000728685
-1.0725615444686065,8.85881422913776
-1.0169987512564487,9.49194201602844
-0.5823040320504553,9.947512293395224
1.8796575912584128,10.836455286133877
-0.007217134187444074,10.676534412636405
0.7740393481852816,7.187420684446161
0.573715798069323,8.854420208672995
1.509956966925952,8.156478174727578
1.7618343374116572,9.023407989194693
0.8576966562849688,8.25131305267135
1.4730851220530345,8.440509218727389
0.7204475417878906,11.328956858223114
-1.3923892259508226,8.97155178001839
1.347453688906369,10.847218493486547
1.7836985761283461,8.407808989719182
-1.1945448714561024,8.326807163343139
0.28362821500857915,9.121772233938067
0.7140682779376575,10.067968338543828
0.3414174575870086,10.983659297869643
0.7495596507428584,8.91850501475238
1.0644637311823448,9.43689470244574
-0.03304822792404227,9.0874231192008
-1.2177174115939078,10.28744091802464
0.9058468604520193,8.79769243856235
0.7728381688754711,8.034081804535123
1.6444820055678302,10.194142461357972
1.331718862296912,10.078656790738759
0.6959768325829216,9.91022127097579
1.2762540554466244,10.355170666332906
0.6817373351876701,9.803298145642504
-0.7374906249466,8.431502900214763
0.8913568156008491,12.392873561806757
0.49181617673352696,9.467292730913307
0.45360738608868445,11.19594936376205
-1.0448151544738429,8.885226766326257
1.5250027267275592,10.9205006987007
1.4932916634432307,10.056203645331053
-0.7309633025725297,9.640214378355507
-1.8028013503633202,10.009461916489736
-0.7486632099031199,9.284617290458998
-0.6172160259843222,10.40093583764628
1.2427342813503675,10.426510271253687
1.0531407608126364,10.156466064561277
-1.715377284488361,8.417532613763491
1.2387001450635573,11.388653799933811
0.797251684621215,9.151261707139852
-1.4622662905218,10.660704435316298
1.4352670846726188,8.703397101304098
-0.7889295695302998,10.697206246386413
-1.4786371057237124,11.34906696751201
1.3563987951984462,10.862984686014055
-0.43567385339295717,8.454216727514584
0.8890102735722651,10.155147953986935
-0.41804369526571916,9.982106392244454
0.9279757672456204,11.765879982186824
-1.545769631201484,10.876696218382975
0.43878970061046374,10.839181381235438
1.8090560581334891,9.685873864493017
-0.37053790314867063,9.491880661002389
1.7300158123895302,10.678102921885264
1.9013725339162821,9.720990508190328
1.0955186229206255,10.550132191418164
1.2164369842445266,10.268558782582996
0.7880520557370518,11.9919458698103
-0.6108918438779698,9.755428009192153
0.36965827544816987,8.836506855581767
-1.047500626984005,8.949146704512374
0.6673895652226323,8.604109893229227
0.7860287339075565,11.295119376164367
0.04445455395800213,9.73148873537056
1.5884410398103084,8.456021749222469
1.3749151708410299,10.129027564514757
-0.2304250370072256,8.099296019624038
-1.7846779003661637,10.842438260928434
-0.34343572713733517,7.9070754834539345
0.609124451273785,11.630167642316888
-0.8947235661365855,8.492488994275352
1.8783385110582342,10.74068514075471
0.6658521901073429,7.87439647692308
1.0201677149851132,9.553756781908309
-0.6818783449040131,9.91205627651773
0.8182177121097811,10.509237777268746
-0.5407276147685725,11.646482987755366
1.2952069996821516,10.709251727107747
0.11031848970140157,9.603820345392378
0.5921212722208566,9.980908394240394
1.3643846824644057,9.982212614716886
0.9250023573895003,9.064997160833117
1.4377383313342036,8.220778590892278
-0.8723265776109934,11.744434398117647
1.7269616132660328,9.734292195915069
0.5893685374923647,7.819339746455361
1.657195226241996,8.047606421653452
-0.719801595877553,9.40075563781959
0.913483417358584,8.511957473444186
1.4261488949917074,8.788470854679993
1.4497365205646275,9.970828293325582
0.6331351337046294,13.208670440890137
1.6320741816866495,10.614346313990273
0.6798139634368723,8.467531944508075
0.21125950287339634,9.3101166081584
1.1351671379415889,12.558996448648085
-0.09623112980910342,8.178188770889296
-1.1081999657689856,9.885400370110327
0.05453353571460395,11.548833997062152
0.2925969919249827,10.187589787821839
0.4905221343946322,12.66492078198509
1.592217157762855,9.264639857543457
0.5750824324049786,9.912959217333334
1.1395879084458702,9.949002144248405
-0.16788553366452552,6.779413682609237
1.9031152741957307,12.155745809864305
0.214912925593445,7.306686366494532
1.4622495326888139,8.400659355207516
0.10144192727799206,11.201937430844369
-0.715351389456186,8.248846024661978
0.6361816405289296,9.586633143549475
0.1988690206532442,10.36964445127272
0.4826419192983362,8.82990586078066
-0.32420883925009836,8.491920452672277
0.6854720355871828,8.268124596570264
-0.44238024408449883,9.249717731625976
0.07754343801574937,10.372406219918831
1.290139177536787,11.014741489767179
1.0351050150293006,8.126713011087743
1.5782089075763657,9.536063854320652
1.9672398053974538,9.998035754539496
1.4730851220530345,8.440509218727389
1.2435143240316737,10.256883386310685
1.3717819298247886,9.572143397885235
-0.5787210061044492,11.306740559186098
0.6674570301844174,9.963728325206562
-0.9418148550958332,9.628258044410192
1.9933900455717986,11.976248107571802
1.2767554377071608,8.889600910007028
1.1584725711782156,10.426152601830829
-0.13527363548977211,9.993160557926329
-0.39051784183450255,11.372066157181662
0.567886001773064,7.899282854769812
1.2351977780046028,8.61459542107091
-0.2801695208807131,9.018941753962253
-1.8935665356892635,12.18480160806662
1.9896917562142167,11.695214441331528
-1.3149063573350417,10.760009340799995
0.7818688267594487,10.085685767598951
1.8739551103775351,9.372041376166756
-1.5724923076210247,9.185544751787855
-0.33957129258026963,8.530551724575043
0.29375155249314444,8.22123238090912
0.3769673092343888,8.374395221659173
1.9955704481331624,12.27949912746089
-0.6469299760220064,10.798027061775707
1.206570359325469,11.230822098356246
1.6016722286533218,8.990025353701327
0.26743373317637875,10.532331960319715
-0.15715131460689813,9.49568836087519
-0.20811337447124023,7.583239260530247
0.04888768325069792,8.797029826584804
0.2732766043117021,8.98626358693305
1.9441117127857188,10.387520546230315
0.7922973539145954,9.748061307840594
-1.2394849347251773,10.450906794181527
-0.24553832324163816,10.536009981784844
0.1192362282802164,8.311422966522732
0.5327146995830891,8.16876233772758
0.027720464308777615,8.684330411599557
-0.025963269357600183,9.747058621363772
1.711165917501262,9.518666982236502
1.7951619907676726,11.243904054671432
-1.1150487207732653,9.11904057476735
-1.6861767347315042,9.630405106126567
-0.3918911324470371,10.62162905661989
0.19036950461494495,10.100213046294742
1.0197301591402015,7.435188582627788
0.7417755328876061,9.107282424259594
0.2613210182864396,10.010210016014154
0.9038227154809575,8.142911459621207
1.453334598287301,7.636846887125723
0.8528275331304709,10.17223704628391
1.4807867619689685,8.123364346764781
0.2892607425203062,9.777499198449924
0.6768010517523138,7.692095691851158
1.5037320887448198,10.102909273605906
-0.2495875037784323,7.682572396978502
0.25837632516128606,8.685509976245527
1.5970012279262589,11.181321106000468
-0.07030559362108457,9.268489634020373
0.43327800003108674,10.325217732201262
0.6460972965846996,9.127652673654952
1.0653888524186095,9.52893479105407
0.7478097655417533,9.103798798894008
1.2437407706904424,9.566829308100635
-0.2146945600537551,8.762937841600221
-1.5247283349277123,11.57421899240072
-0.01302628797606209,10.519466936439848
0.3122884080496502,9.52307925218787
0.706053543108986,10.297015902364619
1.2278619635359744,11.18854181442264
1.1963285830878179,9.617510032735414
0.019731216357600445,9.676844943299141
1.4059377972559757,11.030968393417751
-1.9445514563485595,11.439782245652086
0.499775081631328,10.141859292053242
-0.28158902620581294,10.18518253625299
-1.2578960989691232,9.953830162488417
-1.4132195439392738,8.289242792024378
-0.9077167601087504,9.20944053591944
-0.20636863593626842,8.844898762868084
1.3604323137567995,9.66486317008561
0.7510768254629392,11.009328285042123
0.38586830165417485,7.751390808763782
0.9304507969615949,9.681379679045772
-0.4108348282163772,11.172697869945711
1.4988066907367976,8.519530760026882
-1.160377627617657,10.828265012499157
0.33333163995407,8.395585747313671
-1.6105324248351156,10.193330359028561
0.49325773503622994,10.538805791950951
-0.5974292341714125,9.320719094314498
-0.06391770996238355,8.552435582368377
-1.8935665356892635,12.18480160806662
-0.5079716004857571,9.539584440100203
1.968542557914331,9.404927183832102
1.1810692474395608,10.687489524306466
1.0375930496718548,7.647677874724474
-0.3555463320206056,9.992619833224325
-0.806910183063509,10.22909634569189
1.3103248699228085,10.186382345620098
1.5083623240727557,10.3505175959125
-0.45795238105231073,8.91680174364819
1.392812514211582,10.715945446467627
0.6453707157788977,8.827201103313435
-0.4413703108475384,8.996500171375637
1.2313837677650343,9.316151654832781
0.46660125808295216,7.460091150346227
-0.6791397405140098,9.089717091332107
-0.9705381663934638,9.091500490070143
-0.561297755107729,9.36473654111155
0.43410909078586624,10.846683439526583
1.9884980006308446,11.23066147790482
-1.5518443913277906,9.529600053033795
1.8560696284708094,10.75136826653189
0.8588753340081441,8.540179318191866
1.0071926543477319,8.278968426881685
1.4921725880608134,8.781941016900518
-0.3280636579723457,10.741391143041147
0.6544988830691985,8.700514354155509
1.344470812828995,11.199842635774324
1.4681259844897943,9.37906162332143
0.5121218582781482,10.501323008621918
-0.09033524207858523,10.220671000577257
1.9980207588340662,10.528133379873855
0.36170441243156537,10.936529021968154
1.4327082126286559,7.260736676440525
1.6266131878079957,8.7922004439124
0.4309471795154365,8.928282368934669
0.1988690206532442,10.36964445127272
0.7347981828984831,9.71828175010604
1.3167271197996708,10.411432593995436
1.2568350682186522,10.527318900639184
-0.4958328355633741,9.7046399613648
1.0486983487265786,8.12841557580469
1.9861052351944766,10.109361780476206
0.16111557274968424,10.792879633503583
-1.4066271961516446,9.956067068591064
-0.73854502693553,10.821087976383257
1.3378330114243866,10.466679995596607
1.7377441072220572,9.843121507027965
1.0766794780943498,10.087833603240512
0.3747384796349329,9.419449994622887
0.12924105351964243,8.596680644198717
0.6324088722259682,9.969280687945329
1.4935658316368774,8.854711662080334
1.8534412817841517,10.393292477253334
-0.8701102945199852,9.10097673477385
0.19991594553545688,9.940288483560941
1.0772195745653592,8.873219958268269
0.4067464344818603,9.732618247028253
1.1407038455720544,10.811308071926206
0.21672502179519526,8.610351821481647
-0.71880503001303,9.55595529346
-0.21309412518943782,8.491131285133378
1.966131103309546,11.734730424770117
-1.3874219996641752,7.78470954431254
-0.8432273921365212,12.20725531491014
-0.08603571957124334,10.222345256572357
1.2618457138193366,11.784377523263023
1.8792841803141789,9.154722210834427
0.32279633821713993,8.95869804467946
0.7491320176525109,8.654519785235305
0.26642103562185193,9.923609190871524
-0.5141309495024928,10.593456772385617
0.10637977035915736,8.88771679922761
0.7922973539145954,9.748061307840594
1.2713368647000864,10.000290708500613
-0.2393900250415948,9.481615482827769
1.5871536396240473,9.004610745138077
-0.9208157684305434,6.922964055632508
1.453334598287301,7.636846887125723
-1.6609353822946673,6.8630849806686225
1.770897276376449,8.239307971158121
-0.31123106447728777,8.386167214678755
1.5244205934262633,10.04106848834759
-0.45422659627673045,10.011898168485802
-1.2956428482245843,8.861002473110599
1.0730936554580728,8.529638527602053
1.497592126833323,10.449916094637125
0.8488808207086347,10.21029734777333
-0.03467827235147647,7.360069271384761
1.291040972129328,10.600266853557391
0.8487168853901434,8.616150051583185
0.2475078249660525,8.41405691432578
1.560882682218224,9.127279481480969
1.4629089484271747,7.99224906827201
-0.20731661191472606,8.669916337179655
0.0229691934217775,9.035601958933729
1.8604747857441821,11.268649906425518
0.4725129618315833,8.135045424309656
-1.3233524246303192,8.944093823505584
0.9320004288904928,10.300045228560789
0.3193183041909,9.231087249743476
1.5338590519442428,10.416212351971556
0.4150205753504519,10.693160114442042
0.7347981828984831,9.71828175010604
-0.7355804482364174,9.629768003128662
0.9128653944474383,11.528059569466832
-0.7851045934726968,8.148921936587174
1.462308582498209,8.822655029278515
1.155655851863468,12.31438487050612
1.9383035855044524,11.759614072512099
1.9134191482274265,9.383280186180718
1.4816018524233479,8.190531380254136
1.6551537754930372,10.530359278163196
-0.04085652804703699,8.51279045657011
1.9230446975554063,10.428100837957246
1.9064705492600367,9.414281527748466
1.5066030473128023,8.718230270968043
-0.5712306640278206,9.095265422810037
1.5763981444246369,10.732609926607013
-0.8432869845742275,10.886614579020204
0.5931901091952061,11.057196183695709
1.5894634631637277,8.115344749087415
0.28311321867564754,11.318696362162179
0.04867982373554858,9.348845395915077
1.882672111175482,12.274187756230399
-0.5729866932256429,8.925933539201386
-0.045580296488060945,9.702343023373524
1.6287801228233194,9.931896494530163
0.5492086261520956,10.372311513767507
0.5793304160892552,8.034621629109104
1.1252874229892202,9.837594799023744
0.31037346352463,9.864779939334785
-1.2142347391088566,11.27835111298983
-1.0001640750420178,9.289472903302569
0.9619045278140765,9.636464240518672
0.772677441015384,7.093261401463205
1.452115117001139,8.676516123553046
-0.34343572713733517,7.9070754834539345
-0.029912583917966362,6.599513720922458
0.24593835183809487,9.808290975028298
0.45175832997810206,8.881598004472991
1.0494448548286912,9.354091146844326
0.5824103082336465,9.338838379639565
1.6230271625457915,6.9522890043287955
0.35788321237298737,9.819151015398743
0.4474115788895179,10.873794016537286
0.431051074973698,8.757784286201419
0.2709092717242183,9.577565415934709
1.4930174267666905,10.86834511986541
1.856115388662055,10.05528933605336
1.3768493011445724,9.766351191330594
0.7495596507428584,8.91850501475238
1.7194819291755161,10.715171152666679
-0.9033573337607765,8.403686260873455
1.9553621652146522,12.02050128681663
0.8814928509288116,9.051361642550619
1.9933900455717986,11.976248107571802
1.1526391525428257,10.12834217942379
1.4101705795020014,9.018584068909917
1.0050924677509836,8.754978378536494
1.9333630736569063,9.900573369313756
-0.9040476021201127,11.2722594830076
0.6304515692013735,10.523672970232845
-0.18019689263200123,8.92389366051411
0.9401007447592935,9.94601408616789
1.3481645009717602,9.363743643908668
1.7964498275529883,11.467610992814418
1.6383467802151093,9.879404558089119
0.3746431648341537,9.781170807223644
1.8601076426660503,10.96105446285176
-0.5712306640278206,9.095265422810037
1.3860573547611121,9.499786648886936
1.739288161775205,10.793806127616854
0.3060659020570142,7.644258872335029
0.7536095857109442,8.534098352750409
-0.2979773629126288,8.693389035499525
-0.6745911250547318,8.558354276646956
-0.6383537755429614,10.933694915528065
0.6355418809306288,9.843528625100982
-0.674611971587797,11.962422555516598
-0.8452250529172005,10.138808403510476
0.6674570301844174,9.963728325206562
1.86298883927899,10.000041691731964
1.7087112779178106,11.113595696080617
0.008526563678129762,9.945417038611776
0.3473644720835165,10.36223478102832
1.7830988680338438,10.548082641076718
1.2987238637005967,9.382482600668174
-1.7241679345743153,9.206862269668125
0.8976893610772603,10.407366136542674
1.4278005194775525,7.473503990291427
-0.10226034341130363,10.026535573277643
1.9424029358112014,11.488004397599969
0.7463596539704271,8.465587049511656
1.3207089719983496,7.784704725442229
-0.49671512396823614,9.547116091416118
0.8563480907400698,10.187916316095844
1.486207425832991,7.5547183740131105
0.9958526034415942,8.573176477776077
-0.026633647790478054,9.70840961263657
-0.30665942338721,8.849350886269528
-0.6567345414338619,10.751943798082301
1.1526391525428257,10.12834217942379
-0.5113319046499467,9.498935522300913
1.2697988339647663,10.055506175896626
-0.9786545049470234,8.73816373338342
1.4850874038004682,9.778104857443232
-0.09592748252493388,8.623568961732046
-0.23940621110347005,8.694297991761294
1.8456703113862933,9.596129125106703
0.1764344957578743,8.430194973048145
0.4743405962884615,12.378017707014422
1.2359109984548344,8.29677681511905
1.1701590704853468,9.769124728076012
0.26222993290554797,11.683176767300457
1.4858423607508708,9.853455081918984
-0.19846714784396813,10.779041880776363
1.8921813980566444,9.904445323477143
-0.5656861539005074,8.371646083256358
-0.7178553327740178,10.164591314533723
1.3567215799211945,8.011634763469331
0.9384332028421403,10.883149410497907
1.9917364421333499,10.807173244940467
-0.48362380531225524,9.068508269535066
-1.6858912562337087,8.946959233956225
0.7489373738427316,8.543624806544887
-0.21324511302134042,8.895050242744604
1.9342688260546521,10.798363198877492
-0.8758009993324434,9.907572928949879
0.3193183041909,9.231087249743476
-1.5180727102461282,11.26074030532739
-1.323769003465177,11.561512716152338
0.4766909414633469,9.210029574414154
0.5912697839621135,10.955322257963426
0.5443841856381688,8.981264370790791
1.0222045541721947,8.002938643261881
1.652165867559424,9.344463021481754
0.21064907110699282,9.876809263048344
-1.6722462438474155,8.243519099419473
1.7991996531676961,9.913537556372084
1.9867331117387188,9.519625729149391
0.1018812294235727,8.65923282861365
-1.2142347391088566,11.27835111298983
0.7287667570203951,7.832434618351737
1.8987623841942058,10.03142562492254
1.9198813174354026,10.299527558059658
1.6611597615170957,9.556488698598624
0.9000243051964749,10.418764941359232
1.4910153582645118,8.874861269883784
-0.017131959686897957,9.702257348736529
-1.3765938537942262,10.389927284693748
0.7536095857109442,8.534098352750409
0.707280174520188,9.779953332052813
0.9220586161053066,10.211503295486375
1.7788295266899268,10.122616315265466
1.4386621906659007,8.792498547421243
1.9247701166564632,11.638839175878438
-1.282575958843036,11.130063541277206
0.9250023573895003,9.064997160833117
0.32068947690932914,9.490874723296606
1.7361319645225572,9.302255415972628
1.3439204820488233,9.939762419441406
1.7058551918247393,9.818618859484427
1.7328203510372249,10.57885628080117
0.21671201006317364,8.53151796488727
1.7308420325310454,10.276870941415742
0.2640736995512838,9.633095829088864
0.880629843723761,7.678724561979211
-0.4011217961022897,11.839311686664708
0.6534504438259714,10.649844501746502
-0.3222080241707457,10.222589408801623
-0.2146945600537551,8.762937841600221
1.7532629146052643,10.990354922328317
-0.030698079995272298,8.729548031598418
0.5731528737694127,7.685341053839891
1.3813199027549068,9.945314107854445
0.35234498341879084,9.273036404944593
-0.3878449683714713,11.656722367497458
-0.982433676632612,9.841724535276537
0.5750824324049786,9.912959217333334
-1.3450841684833161,10.161288836655098
-0.7335902606903484,12.4265840825826
1.075949660722042,8.961340720745863
1.7518609257355768,9.435123929970885
1.046042526869889,9.724704761178753
-1.0240414264836657,10.114347775688328
-0.045580296488060945,9.702343023373524
-0.3554908869624831,8.325092526208369
-0.8552765168083707,8.672519900152693
1.4349798741183206,7.192554983659635
0.748077066012971,8.991568169543655
-0.4866096732694123,9.130985196229483
-1.3149063573350417,10.760009340799995
0.477961384038458,7.175397571721891
0.3422549151732075,8.774240090038603
-1.6842423882137778,9.58586107231273
-0.7322136488355229,10.661660614754034
-1.9350262271621852,13.364206683725806
-1.1412164501465782,9.777012153481971
1.6603938179601196,7.03494914387811
1.719687052582659,8.833099910123646
1.3847754646174937,10.281781507411397
0.7478097655417533,9.103798798894008
0.6918664895777296,9.715251565736034
1.3604323137567995,9.66486317008561
1.290148971692676,11.196041882557436
0.7287667570203951,7.832434618351737
1.7704388406346223,10.024954946631619
-0.7298011989696462,11.133218139510419
-0.01672210940584362,9.52676966164729
1.437299804281904,10.558563328659101
0.876091281734404,9.33282996063769
1.1780621779629947,9.490319491877996
-0.2434007334650068,8.609728454842363
-0.7587660715818099,8.498884184790745
1.7361319645225572,9.302255415972628
1.723029302414259,8.149151061547503
0.16317501994217753,8.04966528173243
-1.2724796624034207,9.45523971839743
1.344470812828995,11.199842635774324
-1.7906685707973486,9.090749932868302
-0.2453132127878046,8.745149629898949
-1.2168354608428142,8.97281968544897
-0.33957129258026963,8.530551724575043
1.0354725376717986,9.176730549580437
-0.19112823644077137,9.028386092691104
-1.0261318237329595,9.699042606008529
0.22476277052004656,10.032423071744452
-1.5835656720617046,9.24896244820784
0.8480318447926507,9.50219083241137
1.388243307935598,9.601435094779417
0.1535799171478307,9.762395688282972
1.233072844865113,8.20269833995163
1.0605953994450559,9.299844470909559
1.63822171374881,9.80698499795349
-1.353485143621545,8.827808247531074
1.2477849385515336,10.865139180687244
1.4989745986262641,10.225850217767974
0.7440968957435641,8.574779608636629
1.4858423607508708,9.853455081918984
-0.46392370414016737,10.55893579940343
1.7344615113403763,8.815904976481724
-0.5381940613869056,10.065444490654281
-0.5065873558726732,9.31458540165666
-1.692967752445048,10.045095819424802
-0.9494655505357055,8.487225239931398
-0.6850160466015738,8.677810909174429
-1.1859555666724542,8.313373479699958
0.4777802952726131,8.9207854143023
-0.15313542474752362,10.821876255908784
0.4677076735029688,9.360362648932158
0.03362390657850822,10.543116331370712
1.7276509303898235,10.336484209778508
1.370152917594548,9.06693979454388
1.849789179768445,10.20650586113165
1.8514819760072387,11.862777741774492
1.9024408034396596,11.267888153697292
1.7564347932409623,8.468876702839863
0.07359850653226063,10.545351459108902
-0.16698843803393348,9.781509743277255
1.0899913843852556,8.922204482231344
1.0547690774012821,10.013677883052374
0.764223250957047,8.811228686094942
-0.788276377438283,9.37530688609019
1.6000924935920446,10.913207317103836
1.6637720158162095,10.008110185370782
1.636701056214343,10.229941646631621
0.16508044376671238,9.404068336852898
1.8604747857441821,11.268649906425518
1.7284731299344496,9.052496445894228
1.1526391525428257,10.12834217942379
1.4557432298398192,7.268393839444037
-1.386348470443648,10.024053581027003
-1.2309683261276323,11.202062268456203
0.31908576704991853,9.150984286745231
0.4387276331031096,11.344156289837562
-0.3034773147904559,10.662634939623949
1.083687378576208,9.966706788904107
0.46027901605879196,9.577556003484649
-0.7227324799145038,11.211172751573027
0.25557168422160936,10.156049713982345
1.2164369842445266,10.268558782582996
0.44585444490264337,10.065137838095957
1.5268358785543388,9.14918265414995
-0.6788613299916624,9.934113184201335
1.6315951751184774,10.680542956091028
1.0380805948677763,8.163380793951918
0.9705439587267621,11.422155014780715
-1.121460285621724,9.545694990639296
0.6720778100502396,8.733955707107553
1.9703271819510535,10.310388200148942
0.9850195774008217,9.06419245556014
1.4377383313342036,8.220778590892278
1.314121038326034,10.101919320926891
0.9173791763519854,9.934262717537397
-0.3264666491469139,9.913237508326278
1.468608604004488,9.385203039442164
1.095744515294689,10.313052510956298
1.4034110292883817,11.540150911560554
1.3781975941402815,9.956307156504208
-0.03754569640720362,10.054275411759765
0.09004072434235377,10.136021863946642
1.57904794804998,9.539447368427986
0.2513209488584116,10.81393172079247
1.462028503575921,8.283203092943747
1.9956187990523069,11.328192527726396
-1.000172214409515,9.827426214977166
1.0494448548286912,9.354091146844326
0.8653013739041122,10.428054100341098
-1.3328506592653033,11.61767367242945
-0.545097915457263,9.318439465921792
1.04115929248854,7.843750427282375
-0.22938060695826756,8.8511041438667
0.7886650171614016,11.707300155713007
1.7448489849747593,8.576214793266491
0.19633289027489154,10.444579333691733
1.9201303011419082,10.572446879196265
1.2697742469537636,11.408035419248876
1.2326281960968508,9.477080571784255
-0.6384515829819772,9.949798872775897
-0.12856214946336042,8.417669620705956
0.7077631319873494,11.821488935881248
0.6038938686038167,8.295090987684999
1.10244740370131,9.736106403479639
0.7331815064260208,9.355331008012495
1.257535682676326,9.923500937551132
0.7331815064260208,9.355331008012495
1.2248051191722453,10.337048625646391
-0.39095834526583184,11.081125337999007
0.22348325679583736,9.805213352455512
0.7354804996361279,8.37766364432226
-1.2586792818851422,10.472026189043323
-0.6670330377970894,11.72179495797467
-0.0194138919441027,8.612547462553463
1.8827061816389765,10.174556586832791
-1.0291400528056673,8.83393942684161
0.7032465429709318,8.998103036641579
-1.8209942642950474,10.552458568083319
-0.6930298318798367,9.857202593865455
0.302373714560328,8.299543098339896
0.44312028430307304,10.20544529422521
-1.1396590848596286,9.500201898040192
1.639772575417568,8.979205406124304
0.9428719471124394,10.470436075965065
1.9613292151745934,11.069994220783594
0.7735101540754097,8.917094619773929
1.9713285267279015,10.353413988785048
1.589193982998954,9.727060015906641
1.6801526564362104,8.700061639217786
-0.6670330377970894,11.72179495797467
0.6592310343209782,9.393435539815187
1.4320930840289168,8.16989143602085
0.5924085090442857,12.001780524079113
-0.5581019794337845,10.698955390339998
-0.11555858000898445,11.624559843015248
-0.07265098569496731,8.776363784707101
0.13688163972498923,11.0704788540078
1.1587940285699165,11.22470754337783
-0.9257714375174357,9.053723926792813
-0.8511151631793967,10.545276147314983
1.4556132651764528,8.88014161141724
1.8681411010245847,9.671783222629697
1.8447622552956568,12.003845724951933
0.5362202240439333,9.558449943614063
-1.412312305664917,8.21168048188421
0.10144192727799206,11.201937430844369
-0.5417342899205422,11.670890602283325
0.9288995456382447,8.619879766812996
1.8666192761746783,9.47082970891578
-0.7052830543830253,10.351507909372158
-0.3236021083316589,7.190867319585229
1.8461748915244383,9.51999273833891
-0.026633647790478054,9.70840961263657
1.380483405984139,8.754663510437867
0.666835421585827,10.520326695807638
-0.910131263867616,9.213498872284351
1.5443737412528327,8.328754027698418
-0.6979866474954584,6.557874444313944
-0.44226127968930706,9.552232246018203
0.46221049277271664,9.03795324127111
0.3793895180076383,10.499717329513507
1.4943012230389368,8.655589202229265
1.7022740516271053,7.862222181896396
1.1594584841421551,11.183682298822179
0.46139136251429713,11.836364526773824
-0.5900758122265954,9.79157802558826
-1.5835656720617046,9.24896244820784
0.4743405962884615,12.378017707014422
0.4170380639477007,6.961115133219175
-0.16278524714770493,10.875577269176866
0.7453087867443897,9.225845447163579
-0.5396653068623971,8.939504277059667
0.7055934756400242,9.860657832539943
-0.9786545049470234,8.73816373338342
1.0531407608126364,10.156466064561277
0.3643815221424562,10.426561687078268
-1.299507439478587,10.527795308426583
-0.5011121179704943,10.45975211842445
0.3739856632874057,9.198252246436772
1.2200707729385112,8.366502854057247
1.795542149013333,9.408511133201818
0.5949884555800726,10.457224152164548
-0.6069781319067986,9.454081118841653
0.9898837525350261,7.584049544044647
1.7094656378462139,8.654984619922926
0.008780041324970345,8.068590839852892
1.9816860517018244,10.555262669509977
-1.0964743482656965,10.608797495338585
1.6775678928576694,9.395562550963476
1.8447622552956568,12.003845724951933
-0.9355945258507656,7.779220666483438
-1.5953375215475871,6.696275405359287
-0.7078906169836245,9.661183967294575
0.9740330251664311,8.07146421682337
1.0730936554580728,8.529638527602053
-0.33634538280996207,8.217668381555125
-0.736907395002016,11.478148104074293
0.633807338633702,10.379904979531396
0.6936789156457306,10.894136988503249
-1.0339974880286662,12.658650316479402
1.584365199693973,5.675486555760989
0.5070133941693249,10.402075641278122
-0.2787764204021492,10.830808747328831
0.9850195774008217,9.06419245556014
1.2155388349410137,9.275665753171483
0.8141133607261217,10.15287588814033
-0.6155710368704197,8.266853263041543
1.2818451606332602,10.167883698293798
0.7077631319873494,11.821488935881248
-0.9095039970658649,7.927729266758897
1.6223285502925289,8.043145326211247
0.18818138246231086,11.524030673307246
-0.780387502459746,8.914866677296322
1.1326401161116113,11.0813027024369
-1.1094030590928585,8.85806333394491
-1.6020213245081414,9.147438647282438
1.266620972806494,9.341628614026085
0.6702309540841087,10.966641848521045
1.9536839758539242,10.881637231002589
1.5895428698548595,9.373688517806372
1.7761683753015913,11.378439401337797
-0.5291367877622659,9.29950089539698
-1.0806958328298557,8.880000888154123
1.780068376993976,9.969317261236348
-0.9355945258507656,7.779220666483438
0.09004072434235377,10.136021863946642
1.3985895627096459,10.085581415468349
-0.8568657778965192,7.8990972667946995
1.5943876422758803,11.52985200479187
-0.46392370414016737,10.55893579940343
-0.19344401792464838,9.627756759763965
0.12921745539266505,8.452002159997805
0.6281219929364292,9.976716715048047
1.5816508447768758,9.40030664471221
1.6593836042724002,8.716743754044963
-0.09956654027265843,8.355612567995385
0.09894255064572866,8.112575865659762
1.2125323557449836,9.192916795691827
0.26292785598316426,9.286532329710816
-0.6634543524953065,8.289846840302989
0.6859165946688277,7.690927533697961
-0.24913270026583456,9.163702946026378
-0.6099248187449815,9.200474043943977
1.354487184792227,11.583384631889512
0.7819538367106014,9.63229377075869
0.5456054807336281,10.210840463992612
1.8132286703294902,9.368987893771765
1.2716167073297577,10.62638279848464
0.9712860063394633,9.46274989473178
0.38586830165417485,7.751390808763782
-0.8563728430433595,9.043209834829353
-0.2146945600537551,8.762937841600221
1.850930335444556,11.649821358906404
1.2516040365203103,12.791260812228792
1.7830988680338438,10.548082641076718
1.8710458610782479,10.202038249434239
1.4656927341588006,9.441797294192934
-1.4464857498323265,12.071915684622972
0.7101832207351033,10.176697598537258
1.9465204918353876,8.844504736602708
-0.8499552024649639,8.078513469952188
1.5942424186993573,8.457979355706868
-0.27788264615116987,10.14902842849325
0.16681924964001604,9.998181358903045
-0.14304592104310032,8.901896396224553
-0.15715131460689813,9.49568836087519
0.08065400444797355,8.376904244478089
-0.38989457803943184,9.764023910172893
-0.22938060695826756,8.8511041438667
0.4246985378035202,9.675967580357804
0.6331351337046294,13.208670440890137
-1.266231214386262,9.137788232120275
0.585629500912356,11.41303487387867
-0.8115131375072999,8.761340317682635
1.3654270852207944,8.55211487970366
-0.34864240896437426,9.273149748274026
1.2987238637005967,9.382482600668174
-0.6870675772866424,9.41582684543884
0.7898858466771346,9.869736221200494
-0.36982787587027666,10.412594914568764
-0.7609387434283863,9.410776362044498
1.817790779411954,9.211118540032562
-1.0679241424126609,11.503454375105186
-1.4101898931748642,8.223697538310086
0.8605000792675517,10.517928533479145
0.45816407288526184,9.410674486608135
-1.4900453506720703,11.750955193024755
1.2850292186880514,10.683196619752607
1.0152548519134759,9.108341501480256
-1.1534564057205552,10.167916660306616
1.4829996050900456,9.014799080601975
1.2120082878313485,8.936037844550187
-0.6337184518737282,9.167461831829998
-0.2943757740321087,10.841677638635222
1.2949778476491987,10.311332836319828
-1.3424292626863434,10.4331469638694
0.1277319102111658,8.395501565907423
-1.490001093312057,10.843382104138911
0.17920434110439354,9.651804375427291
0.7572416484107611,10.94549793551436
1.9157894234186474,10.559583926677345
-0.2800591435157611,9.453646104594819
0.5750824324049786,9.912959217333334
1.509956966925952,8.156478174727578
1.6211959960420619,9.132442539412969
0.8605000792675517,10.517928533479145
1.6975847815061216,8.975685397983984
-1.3370072921391172,11.712713184303961
-0.3374888718833793,7.149152319089122
1.729067535683889,8.815318730811017
1.6431797220397955,8.339793802276615
1.6304440102262197,9.888492979312588
1.4763962748989141,8.125351955491205
1.2087879230161587,8.64576097059321
1.2839240691965634,10.316690117950305
1.0986917487271932,8.696046369927565
1.1057897859988985,9.720242455305701
-0.4274114820239392,11.466658109206401
-1.266231214386262,9.137788232120275
1.6985671645145466,9.471251342875869
-0.5581019794337845,10.698955390339998
0.6860472291241497,10.425301716373925
-0.12535743202349492,9.150458894944558
0.31230019673932663,10.204917704971148
0.9521344657054818,11.546063913494814
-0.11673432253640748,9.311642439146832
1.5052558796620352,9.98249261450168
-0.9184268544618979,7.6525425655828165
0.8659050505686676,9.340425331592071
1.000643331818404,10.647838087132474
-1.6022344289626194,10.525859112220026
0.7536095857109442,8.534098352750409
-0.13709768933000976,8.886219799010217
-0.6019745116527249,8.83656501577316
1.3636348416116286,10.954515716049386
-0.20811337447124023,7.583239260530247
-0.6951179720762739,7.77397588123117
1.5178507740475693,10.904810527877078
1.982065794361299,9.642456812381388
-0.13326737667654331,9.208772467892809
1.4576119487775907,8.912349931213878
-0.8078299088345764,11.05983936718469
-0.02231878118967412,9.118240597603497
-0.7170656707537151,8.693770945670419
1.4333667071964835,10.20887727665259
1.2712882942647625,8.870564937196988
1.1134876181819648,10.577973859517538
-1.3275276096090995,11.294034848993393
0.9852552502763072,8.006434635525048
1.7175039565103432,9.401424182249524
0.8604006451348001,9.189432595503181
1.4719983675803596,8.301221277193232
0.039416038201830705,9.832583626465237
0.0024970722816712865,10.02502293125064
-1.336901839346897,11.735686419205845
0.30143669251639427,11.242542429107225
1.154388844898123,8.779321457686507
1.4803954956037195,9.645653309110749
0.49362383263776044,8.524252826807311
1.7789450351323186,9.89312232119835
-1.8624459155391264,10.259160272143882
1.0423025698211292,8.442104084287042
-0.364291056973312,12.266732805055561
-0.18333011932894472,7.954263173025518
1.839666758568364,8.355638842947867
1.219955998723079,10.414384177564871
1.534735870751959,7.816866760259254
0.11124843318248301,10.688017612135882
-0.01512208204030241,9.612001256807408
1.9865473482956215,11.023188501045281
0.2730744650750734,9.15795132920396
1.7094656378462139,8.654984619922926
0.012273290528112657,9.383950630370352
-1.1900777593390504,9.577038190084851
1.154388844898123,8.779321457686507
-1.3572745069617773,11.807117970922711
0.5963224080755376,10.166737423582287
1.6528238472566894,9.481170740283241
-0.14124212621933996,10.603919260681245
-1.751187095341189,10.72063768098609
0.4901975848524551,10.599447292199393
-0.09956654027265843,8.355612567995385
0.3115644507763533,8.740897488591562
1.7269616132660328,9.734292195915069
1.8685064610366817,10.827752884400471
0.5200747224753095,9.182277114587576
-1.1720547879995218,9.78429579309729
-1.232906166825316,11.018226251298596
1.9840511335289932,9.918604228268144
1.602807456045034,8.777491569911694
1.0073005838267246,8.703522541714038
-1.665782649957241,8.614416826630933
-1.1016704693843957,8.562472996632371
1.9530484605727474,10.471081628722514
1.5935458663361395,11.334727253594705
0.6817373351876701,9.803298145642504
1.7538728494632498,9.86735681190447
1.5524727557361433,8.690798865952749
0.4910136129593643,10.830993445342376
1.9718591844772013,10.123787432722859
1.5447270885173805,9.250248753003357
0.880629843723761,7.678724561979211
1.184965802165474,11.783136968191393
0.38589831017580956,7.457356100851348
1.8517075009503192,9.254442457501566
1.4930174267666905,10.86834511986541
1.59699567315681,10.533120122350864
0.2921688024760627,9.901600911552253
-1.0679241424126609,11.503454375105186
-0.5597981363960867,9.451117844158338
1.3315743795489179,10.203229995653336
-0.7178553327740178,10.164591314533723
0.7306846098510373,8.881475048222464
-1.5345344084580956,10.679002494576906
1.1628926593558542,9.4660315649359
1.5826991104751147,8.988546650593364
1.8579066156032464,11.010409068091652
0.5788799095272705,11.767363580339707
1.2767554377071608,8.889600910007028
1.7858260526016219,9.931366885418436
-0.09718368724377502,9.167660919015423
-0.1460238247977106,9.886363405953578
-0.5015495414941151,7.997557159425317
1.1327936531945038,9.251973060963657
-0.5618274219199861,10.04759285328551
0.07359850653226063,10.545351459108902
1.3313215071530844,10.768768314094265
1.0335390863596712,9.197291933472325
0.509315740362712,8.894686749679662
1.0631371708628974,9.783468365952775
0.35781595793878873,10.385976638375652
1.2326281960968508,9.477080571784255
-0.7539508039440559,8.124814951744938
0.6035094761887767,8.775506001259297
-0.6983268772695688,10.645134195428575
-1.1534564057205552,10.167916660306616
1.281013275779559,10.405963209174315
1.6602429300688897,8.980417164024647
1.2749609179362031,9.36464664350034
1.257535682676326,9.923500937551132
-0.8509692204917294,9.509800645656927
1.934846332836607,11.913972759877836
-1.6609353822946673,6.8630849806686225
1.3599928929757716,8.766586472033781
0.150092400812194,11.118332183218731
0.0936054836880329,7.337004128169427
0.13919786512476984,10.920712890958782
-0.6922359026532989,10.849639158480048
1.294494442995894,11.144030864873155
1.7132742503509015,8.70275131434207
-1.5835656720617046,9.24896244820784
-0.7561079144678668,11.422004059051327
-0.8432869845742275,10.886614579020204
1.2784994781905796,11.56637772418786
1.9059586445915486,10.538083520970302
1.8391640816194008,11.098505194009709
0.573715798069323,8.854420208672995
0.826416515976871,10.253287197210536
0.2939983397408641,10.430708582573155
1.993684935695096,10.085988259890918
0.3855743987698461,7.6049723410094
-1.0143918670435728,8.18517668559561
-0.6156010938488579,9.975659665067566
-1.371057339623066,9.919375713589123
0.3051534406672527,8.852340485474402
0.75317199370902,10.741172282957923
0.6696621221353243,8.972417631280926
0.11950250207282442,9.790509626142008
1.7959226681880054,9.405601864038324
-0.07797221096868423,11.861313732839747
1.7789450351323186,9.89312232119835
-0.4908633475815094,10.343381565619405
1.0604263665325235,9.726443628162448
-1.017473703804742,9.620926747198538
-0.44226127968930706,9.552232246018203
0.00447880330139272,8.462188886472013
0.45573433904024707,9.892931104626236
1.582251392527355,8.635458467410789
0.10816585564660652,8.735058563887888
-1.395768432876399,8.713121895563187
1.9753935555987927,9.592834496942608
1.4480579290904902,9.408455434564761
1.4944741149488614,8.686625122710463
-0.7105846201011081,11.40391591183392
1.4944741149488614,8.686625122710463
1.3267881747030938,8.92527147431352
-1.0898644922541467,9.828510146911198
1.059533046168513,9.15103668666369
0.4596120582677443,9.454688007107931
-1.7686222022113576,9.582436132948343
1.4061486875917026,12.198591252333582
1.4962870932207406,8.08749613528295
1.2351977780046028,8.61459542107091
0.9829351309249286,9.92918012770015
0.9127550248144134,10.302201597920329
-1.1450532480723572,11.601126797525243
1.6665724107756645,9.603232630750382
0.019182393218112548,8.590361630470642
1.7063505006459776,8.083992453534758
1.9159244606992356,12.683881955509593
0.12343613715390322,9.534856547427966
0.6206948580973521,10.152246423616948
0.8085843847273178,9.299522514963316
-1.2537197644558566,10.631485675031765
0.7598574285054496,8.114952663060992
-0.5671238350277088,9.120663396140255
0.441452031272628,10.557831079848752
1.5763968147165377,9.488777242076468
-0.6577711932133714,10.13341954656313
0.9904375207050045,8.038385486209293
1.9021093160836071,9.755482843352167
0.767580790770773,9.797194417044093
0.6914866743923191,9.70484441486821
0.13490165468577775,8.002428167924913
-1.463190294694599,10.453462019512704
0.7792829194868829,8.99950594903774
0.48093939584448187,11.36420281143401
1.7748063712808833,9.26080885410684
-1.3704859405245298,8.640103215152777
-0.532168672732019,11.750912918508138
0.5255013041930039,7.38458666428308
0.9497257657084885,11.650897066016444
1.392168358405936,10.978798076378032
0.9259454388124633,9.108324755082956
0.5121218582781482,10.501323008621918
-0.1985960843783494,11.015653251221055
-0.19664251438347158,9.452093145582783
-1.2115758447053913,9.356467169686239
1.6383467802151093,9.879404558089119
0.5688385480107896,8.435191675909891
0.214912925593445,7.306686366494532
0.8147991185162038,8.098210257899115
0.42692689886974566,10.510622598606044
1.4988066907367976,8.519530760026882
0.06984403753716473,9.865335652013066
0.6688493487767242,8.701036841351641
-0.4631731480567991,11.437990191987945
-0.6314695995524202,9.743461746079804
1.0652162844756004,9.705876866496515
-0.4108348282163772,11.172697869945711
-1.692967752445048,10.045095819424802
1.2478709695632069,10.574180718482646
0.45455161195753524,10.558805902779012
-0.6399824557604314,8.403358494172364
-1.9051689854219265,10.785531082230122
0.7184813309404312,9.328511663390948
-0.3508810886733378,9.275368942698815
1.213218294072134,7.729431517917346
1.6975847815061216,8.975685397983984
1.2164369842445266,10.268558782582996
-0.7539508039440559,8.124814951744938
1.9521438646223674,10.881383345298964
-0.19070608946281586,9.309311995805302
-0.3811765026833194,10.244516797284897
-0.6651831696974804,10.23127876059497
0.6716799952145083,10.902413874676009
-1.685686011379917,10.57938594839862
1.4059567265861865,11.723455777140659
-0.2800591435157611,9.453646104594819
-0.1442700532466552,11.45440087227389
0.45175832997810206,8.881598004472991
-1.2434452146930397,8.87444172467816
-0.2872634067307427,8.92178890819775
-0.9386954497781321,9.560948902650866
0.38586830165417485,7.751390808763782
-0.719801595877553,9.40075563781959
-0.903779117251176,9.598111846915797
1.9853356642269677,12.949189273988802
0.441452031272628,10.557831079848752
1.438581381410426,6.1887745018797595
0.21082830287418108,11.70522250111066
1.04760725041948,8.652681770633384
-0.9166709949517031,8.28152122531759
0.23856132523287155,10.84332689728112
1.4097555425674924,12.837495843217388
1.4574329993585482,8.883490566927048
-0.3249640380693801,9.631321429548933
-0.023953317602777524,7.663486459774241
1.790752103857883,9.842793084438533
0.7792829194868829,8.99950594903774
-0.399150896601312,10.88864607316654
-0.5582926914340556,9.718263307767584
-1.6485340034206666,10.22778797475711
0.5523709031858095,9.72412330715469
1.5386999398133998,7.220514433889052
1.3781975941402815,9.956307156504208
0.874797063891184,8.262218707078297
1.7704388406346223,10.024954946631619
1.434025818206218,8.777424885433911
0.5370106138061495,9.040669888034556
1.5759588400314817,10.229532405831069
-0.6850160466015738,8.677810909174429
0.9288995456382447,8.619879766812996
1.546416860961867,10.327537545893934
1.1877900160625834,9.306704210700161
1.0071926543477319,8.278968426881685
1.8792841803141789,9.154722210834427
1.0202728165265005,8.067802683051813
-0.1985960843783494,11.015653251221055
-0.1440583302384768,9.442983275382087
0.1867827282885206,8.537872855532164
0.13919786512476984,10.920712890958782
-0.22905628917416676,7.4916855559928255
1.659544600486016,8.674594302117143
-1.1559732331698958,8.144150678368595
0.0035064235583965875,10.721638580927966
1.8935304766592846,9.412942740780998
1.0531407608126364,10.156466064561277
1.6047104928694225,10.185011552126785
-1.0468413177876337,8.443999677450273
-0.22624358865582384,10.170198531341232
-0.8953217687164021,10.832513089118732
0.6361816405289296,9.586633143549475
-0.3623517127319267,8.712857884766931
-1.0854287779861491,9.503882082739585
1.9680638775873427,11.063778064373116
1.657361770665934,9.116991851771397
1.5250322710520465,10.150866708316721
-0.3222080241707457,10.222589408801623
1.2361382009613666,9.379531704181998
0.9898837525350261,7.584049544044647
0.08753784770991313,8.471989340440842
0.46221049277271664,9.03795324127111
0.10561064374445284,9.947127190609024
1.7899089375824984,9.937267718048238
0.17812517161803232,9.244155485028406
-1.6022344289626194,10.525859112220026
0.2884918548888251,10.098264895481176
-0.17931203306537435,10.275339313973761
1.4237007583651913,10.535469537072139
1.8241885744477324,9.013249721953374
0.38154006928017514,9.145598774306942
1.9196577311295213,10.971809971612224
1.5098801866179277,8.45144957719415
1.2170446175138,11.494239206807052
-0.9497990799199991,9.188807240599173
1.86648888358443,11.560083153082738
1.0487500447763285,7.34290571033471
-0.07239933156009037,10.11588369530504
1.3068294389659498,9.514606841049423
-0.8551027710400225,8.845874317813657
1.6385072777463696,8.822218226916144
1.2351977780046028,8.61459542107091
0.40979776786635114,10.416936059576356
1.1271193037149052,8.70766418012784
1.657361770665934,9.116991851771397
-0.872699986818112,9.658738291553313
0.9743756647062392,9.850691534594855
0.8904468993377983,10.362961677458108
1.9608901384602957,11.823159024490584
1.0073005838267246,8.703522541714038
-0.8606380224901296,9.661361059557946
-1.0690866043377927,8.927799526105195
-1.0322890875230537,8.751038392188706
-0.9293262512228098,9.519921321031202
-0.7309633025725297,9.640214378355507
1.1800461477138815,9.398148294121027
-0.15640664717367248,9.66941041514674
0.3122884080496502,9.52307925218787
0.45366078374315943,10.967535861911337
0.1192362282802164,8.311422966522732
1.4557432298398192,7.268393839444037
-1.5153781549560583,10.712927684233446
-0.4812303673309324,9.645917517105916
-1.0704627077758087,10.577276586608221
-0.6934430022963562,9.465404125271073
0.8308854010701099,8.534987690385877
-1.074477454492608,10.674277560831777
0.7603014167551909,7.671828987184489
-1.6294980677945312,10.153206301102582
1.4409912439098584,10.451907402944531
1.2176562387098935,9.25705419119719
1.498988293955899,10.734559871682361
1.0772195745653592,8.873219958268269
1.2553165263713728,10.495521526259745
-1.2987882305693614,9.33833342679343
0.2939983397408641,10.430708582573155
-0.2787342878304364,9.578881127771089
0.6047908483813855,10.042611159731775
0.6067191795137079,9.579006126414908
-1.488601052026132,11.586971467767006
1.673590168326232,9.319773523415183
1.4556132651764528,8.88014161141724
1.730582869364671,9.213593653445523
0.5182307875669463,10.441009289688969
1.2225952214533677,9.262422896059494
-0.21992526509857901,9.961665036218577
0.7205630870412016,11.322899368641908
1.7658969500242616,10.66088891713276
0.9715259746717559,10.28238291042178
-0.7621496942152706,8.206629324138266
1.9130618541178963,10.786533263705287
0.28913525816800467,9.792859384029097
0.6658521901073429,7.87439647692308
-0.2651051886743159,12.294338652840214
1.395070341125257,10.217759818873496
-1.1539730028729278,10.53773063274264
-1.2190375881740318,9.827205850022201
0.8703910626327049,9.249169885917063
0.7463596539704271,8.465587049511656
0.672851194220065,10.147926505800449
-1.865294384502144,11.174228604000573
0.6852176942571191,9.074235244288536
1.9040552931168544,9.767124654893964
1.4796237355612836,9.728991420016989
0.31725786664775146,9.189782022865037
-0.8698365453502257,9.794317325528874
1.1802915247246561,11.027391350634371
0.7443646157739474,9.615466485243491
1.7831059889853886,11.79816560015069
1.2039228016134595,9.278805397427831
-0.8583788387886337,10.969922575966429
1.453726311157538,8.305102374739079
-0.7830310281618491,10.77067791609215
1.9222729082428942,9.794586759232782
-0.7105846201011081,11.40391591183392
1.5155245836514086,8.225744453566907
0.2362371397864087,10.340672895050414
1.7533618272841514,9.393785536264392
0.7718871750946694,6.988783773888252
-1.1390247179961852,12.529311195665734
1.8630817755371485,9.141137896966635
0.37444217778565747,9.464967105241353
1.3016626564957923,10.626579210843259
-0.8902930607960835,10.658526974282069
0.9103172885397761,10.807257079569892
0.3643815221424562,10.426561687078268
0.7081512595280408,7.491061417667943
-0.8689381717596056,8.353419487181819
1.2472268734035454,9.601531895350409
0.948910708999307,12.857816572008764
0.9209967581182847,10.099528199058845
-1.8117552084922104,8.411432661954269
0.7988523086173487,8.687783446749542
0.39784455863486645,8.428103554368128
1.9620205680026932,9.715964348294188
-0.02231878118967412,9.118240597603497
1.2141671073057108,8.456460916767005
0.5374547554867486,10.649712511062136
1.8620716729390656,10.489260771848922
0.30208086786449595,9.909474969715337
-0.4714421006697229,8.241598485947765
0.6478757791754743,10.835621294287561
-1.1830315745262845,10.681328840994372
1.3315743795489179,10.203229995653336
-0.3623533912350383,9.038673476206197
0.488117917008037,11.25500294866208
1.7770659564537357,11.5155369471102
0.9583247088869706,10.569418131573968
-0.3623533912350383,9.038673476206197
0.2535814028505605,10.197957755066348
-0.389042061012677,8.848170682738566
-0.6510489966566317,9.415429159464082
-0.26908345592118144,11.868592939877098
-1.050982545371451,7.015665050831215
0.24875524425810047,10.344557969145106
-0.4323577482243639,9.840405255577956
0.03415556599083169,10.742578201891098
-0.5057348558436776,8.325422751583575
-0.5538392489481736,10.449461234611155
0.7581368356216607,8.764318540779456
-1.160377627617657,10.828265012499157
1.8037143780101936,9.832682071618297
1.4012708326303955,9.984377652917411
1.7076302485834565,9.0767292579798
1.8009494152832097,10.407552726076919
-0.6837048821570884,9.002620548682179
0.9829351309249286,9.92918012770015
-0.31311629250617834,8.841983767868074
1.2697988339647663,10.055506175896626
0.5252302123679549,9.044362082739166
1.4493396657589264,6.990950580564422
-1.8250437107642106,9.133348284819466
-1.715245406159084,9.94418433810181
1.379456341642034,10.632557537238414
1.4968900987407032,8.114066977833446
1.561210228454081,9.059709703580605
-0.166274303474248,9.884908188341697
-1.3740931359855977,9.50249796454771
0.7337176606290821,9.46314871644653
1.2435143240316737,10.256883386310685
1.6036309210679627,9.730123464065539
-0.8668623860296907,9.238788752066808
0.23292700111864395,11.212678070536295
-0.5015495414941151,7.997557159425317
0.658956819643385,10.870319612455356
1.0034842711659895,10.157333378172478
1.9399586245635003,11.237337248605096
0.8690475034630256,9.175043783032574
-0.07623356766278588,10.477683764714795
-1.3348665249756824,11.011120071142276
1.993684935695096,10.085988259890918
0.4175228763312324,8.780330261019678
1.4935658316368774,8.854711662080334
-0.4274114820239392,11.466658109206401
-0.6547490899801778,9.688330641251211
-1.1116965172267177,8.266129737286294
0.4907581637991898,9.580654012648974
0.8588753340081441,8.540179318191866
0.45816407288526184,9.410674486608135
1.48533436936113,8.54957100388473
-0.1607983049227193,9.311710410847379
-0.3650633156076144,11.30838582785737
0.981590956566158,9.368696526331851
-0.6076176273268477,8.888511652299158
0.7581070041262445,8.93202995974407
0.07346185334128252,10.744516454462648
-1.7949461632960073,10.558361518064984
-0.8142371008824112,10.678888801847341
0.32302399622263644,8.480053963218662
-0.5113319046499467,9.498935522300913
0.3131205639846959,9.52263990186093
0.5794241737189072,9.236548012655724
-0.011300943966290777,8.213578648967312
-0.8024176465132751,10.971661168193846
-0.04948876133115654,8.610580217959075
0.4511833421460416,10.147456866232046
-0.9670927469600681,8.722506960936736
-1.5510357120336455,9.943875170226452
0.5994556868103,8.621435930804282
1.0858933794384256,10.502896170196141
0.75317199370902,10.741172282957923
0.6596468979488721,9.815196205989976
0.37263287615787277,10.774860792768068
0.5396266366126512,8.90778573545351
0.9263580870213275,9.929876162405549
-1.2445192529485825,10.421763979181295
0.04574562520634906,9.167798240990932
-0.8568657778965192,7.8990972667946995
-0.3783086994433802,8.329118298727069
1.636130082662564,10.041200076759553
1.5265413967016426,8.316805904200432
0.7185891307722794,12.127552523691666
0.16445529951537896,8.5098571561042
1.2915522731740081,9.804037387512302
0.5071352682073784,11.412990179348864
0.24918726351163922,10.847617140531932
0.6458648212946074,10.575689335710326
1.4829996050900456,9.014799080601975
-1.8385966925612012,10.45589756513672
-1.219028048807822,10.299198102385152
0.8973552685149646,11.076307229291654
1.393701516362099,11.493064603682859
1.8534412817841517,10.393292477253334
0.7827106528613559,8.498212325171465
1.8236751998481768,12.355540524082771
-0.39095834526583184,11.081125337999007
1.8124984500318604,12.411760698690731
-1.158511673880657,11.128382142979783
0.5025996517658124,9.804803321748587
0.7422611489158855,8.579480996866238
0.6601466981850219,9.692359083477855
1.0348612846556828,9.328811339039447
1.1559406396831733,11.325110564991114
1.7214047085322712,12.596019718294063
0.98175789673732,9.206675067032348
-1.4398207514630839,13.001378318006758
0.06618604155704899,9.318117600511759
-0.991720452599314,8.5918878423196
-0.043213928077537656,8.308648577115196
1.754877207911452,8.10500788923488
1.2223233057649345,9.346607642024118
0.9117572278950608,8.090646035436263
0.8161258103666276,10.097515084244158
0.4685799464161202,9.208910767868556
0.4010056403983322,8.221661254673522
1.6543120456107796,11.238146101791063
0.674572879697724,9.742913448159987
1.1821775677065922,10.467028584224785
-0.6069781319067986,9.454081118841653
1.861794538402485,11.476795510847786
1.4013920044795816,11.188377410416765
1.6223285502925289,8.043145326211247
0.7694356898442325,7.559355038287866
0.42501175100390975,10.181565236016944
-0.3147964734665414,8.770061801061352
1.0531796479891264,9.39122656005012
1.152475759780876,9.746809721408143
-0.5951224506048765,8.651446579536673
-1.1494224945156155,9.553762008114274
-1.7933705715414359,11.257736739801363
1.7827925880011293,10.609046368043042
0.29584607000651886,10.592757217142607
0.20265351776340612,9.185507211030975
-0.6984012073629291,9.170857158796517
-1.9051689854219265,10.785531082230122
-0.6216136170921129,10.035806303255628
0.6066673015035402,9.043740597889434
1.8662337575221764,10.433011727271158
-0.9911903913626765,9.110957270780476
-0.05451159669940964,12.626507621512417
-0.4110898817350699,12.11810313592208
1.7630034369378444,9.787052286711626
1.4942223049083552,8.922799836658793
0.6109844314074988,7.714823574172608
1.678124098624199,9.666240589311618
1.1663161749033941,11.190060626601447
-0.14986113546740842,12.739613046593158
0.04835430679465569,7.093060085764225
-0.39868052635696705,10.94308754795636
1.7543423831140208,9.649369292577106
-1.7826718607083847,10.973900130312641
0.6418788854577246,10.577951662507033
1.016993038728323,9.31920222950841
0.18499040052340376,10.07347388643768
1.2073035995020605,10.573538659895604
1.0547690774012821,10.013677883052374
-0.1985960843783494,11.015653251221055
1.4133859904348953,9.895023884883493
0.7885432235672369,11.79082374470414
-0.9285056687302369,8.440441030083198
-1.9665452724925716,12.47140883939237
-0.7533883333814044,9.037460253547923
1.4944741149488614,8.686625122710463
0.6146259056224816,9.824483721054637
1.3330851281433915,9.638974110100023
0.5525596100650771,10.016105526955501
0.8105350923420653,10.814800118804218
1.560882682218224,9.127279481480969
-0.4274114820239392,11.466658109206401
-0.7933510334754046,9.697480855922246
1.8524604463566954,11.306783791281582
1.4175403734783165,9.284690548172513
-1.721435407350377,9.345130092126013
1.167844057866863,10.479206871324049
0.7563506149929187,9.26167889859381
1.7145222484615763,11.938311363280096
1.046042526869889,9.724704761178753
1.0034842711659895,10.157333378172478
1.410189684983882,9.013163232987552
-1.5281100654877537,11.695502781047637
-0.9161471685151219,8.750798573451696
-1.2578960989691232,9.953830162488417
0.06378351410169358,11.135981042410089
-0.523929070355309,9.970837390909562
1.567488579242939,10.622527400243134
1.7658969500242616,10.66088891713276
-0.5787210061044492,11.306740559186098
1.1121009725786126,10.904609764874731
1.9475477464020692,7.824752083842277
1.4943012230389368,8.655589202229265
-0.8409941883449279,9.532543349051746
0.6355418809306288,9.843528625100982
-1.1081999657689856,9.885400370110327
1.7030067722212219,9.520816201219382
-0.9854301026344978,10.573807931416821
-0.49671512396823614,9.547116091416118
-1.3155900863463925,12.457610187693936
1.6827656031144782,10.224116387311549
0.8242324585521232,11.285118973321723
0.20276217877917846,12.775132311019718
0.6540943756538091,8.638400591075827
0.6473567593975145,10.339896858361529
1.0030785968442228,8.783281962012104
-0.20672377852231127,8.41881094479749
0.3874075075510377,8.58825666897767
0.9420828231743248,9.938169912273018
0.8334519068601391,8.710284004680213
1.3103248699228085,10.186382345620098
0.5443841856381688,8.981264370790791
1.3175786594353878,10.035443368231512
-1.1432949890416526,9.408462971546372
-0.01803473517520615,8.97677161309732
-0.20104063019784002,10.8938977413506
1.9306096459742768,12.083236699764273
0.3199351497125251,9.863333170277793
1.1804411301068987,9.37147346857324
1.6839780843863035,10.79547540976156
1.8827061816389765,10.174556586832791
1.7527246900988898,10.01951810419232
1.6986044216207232,9.32190958321177
1.6337501914890598,8.777648965225907
0.567886001773064,7.899282854769812
0.7705038089046581,8.417610595589217
0.1803336514395606,10.350708528148495
1.5164732302486588,10.025411523245033
1.538347552918455,9.37405035986608
0.6492549549228799,10.419122818744361
0.9144606271711075,10.654324125904996
0.9028780335534399,9.110008905778265
1.3129970097488735,10.534191135306424
-0.8024665051786068,10.24922706735699
1.8688528272330736,10.574249570753086
0.27682585251771075,9.649366386455002
0.2602951659204211,9.087790176418299
1.452115117001139,8.676516123553046
0.8801461461842974,10.232162677780952
1.704776273727128,11.696974471876347
0.5684409401020845,8.528634923498194
1.8303240603352693,10.84743032100088
1.7892275969478484,8.541846073751294
1.9980207588340662,10.528133379873855
-1.2724796624034207,9.45523971839743
1.4945352905388005,10.908240047116347
-1.206359595225749,8.860767121731149
0.5456054807336281,10.210840463992612
-0.9494655505357055,8.487225239931398
1.7537905616416305,9.511917331339962
0.8304823429621413,11.14945351651079
1.4708926112203695,9.002153425228805
-0.5331123656248038,10.68084181546401
0.3131935976814426,9.95234687671648
-0.15856691519229482,8.77240977860771
-1.6709107028917525,8.86198863543496
1.5816508447768758,9.40030664471221
0.7120646102362542,8.899462180163464
1.4694185564614313,10.502221196934126
-0.37134280613150006,6.691626456666724
-0.18684466100788955,9.52084191869717
1.314611624473157,8.888003491139976
1.1741496089153238,9.362345270671918
1.290402242638633,13.335253085089576
1.2685125680623406,10.934714324028423
1.8383065772841336,9.863744111570629
-0.04866272582395004,7.743467737921666
1.9700584806478854,10.847409966910567
1.8410654339682662,11.94705540715339
0.7112528012401769,10.105357217969717
0.8349787909719057,8.37474106806984
1.8090560581334891,9.685873864493017
-0.7019527992986316,8.999418035806832
-0.7087608262085987,9.748905091945236
-0.5788641030523096,11.10541057738681
1.4201208064797406,9.676456832242629
-1.767328965116301,8.172666928919167
1.0986917487271932,8.696046369927565
-0.23758754376330105,11.501758923241486
-0.1303939550005211,7.743998614499799
1.790260505296172,9.041069015342178
-0.6004181454104054,10.795095665423426
-0.3131495298963345,9.67554327382089
1.7047719456585066,10.797656241168697
-0.717520373799093,8.545707956899667
-0.5823002048277806,9.417444927788207
1.8656695434656294,10.689951180062762
1.404602941703927,10.001910998174306
1.8556640482927538,10.44554402748535
1.2952069996821516,10.709251727107747
-0.6984012073629291,9.170857158796517
1.8008448234617207,11.272068590517268
0.5365685531829474,9.488581583745868
0.027080162871152336,8.557941182466806
0.6854720355871828,8.268124596570264
0.7182073462907357,11.19364161330678
1.4306239529673093,10.939525422166817
1.937287915256165,10.080653186391238
0.6696621221353243,8.972417631280926
0.42692689886974566,10.510622598606044
-0.6619548450322714,9.87809573467278
1.9130618541178963,10.786533263705287
0.9500334378360278,9.93116318685447
-1.0432795831362975,7.890266092890462
0.8391402008958901,9.188595042510354
0.3263553513990214,10.065206204212293
-0.7868758957382189,9.149777748937412
-0.5671238350277088,9.120663396140255
-0.18333011932894472,7.954263173025518
1.290148971692676,11.196041882557436
-1.8935665356892635,12.18480160806662
0.6440570169892812,10.458121409688653
1.4988066907367976,8.519530760026882
1.698634438328987,8.982260961814053
-0.6764516492248229,9.881908817126922
1.2054861418545468,11.813532218419688
-0.5113069790124114,10.114936818964747
-1.6977820249489217,9.274012598662413
1.5608600105446975,8.39241273445937
-0.3579807146065739,9.133055640472474
1.8722900116387136,9.596154186623487
0.16704127976406147,10.764845161483752
1.7300158123895302,10.678102921885264
-0.2787764204021492,10.830808747328831
1.0916859275044604,10.867703937085993
-0.5810857730791494,10.39841858525396
1.961140682339765,9.209062187338048
1.6529622102258852,8.835713159309085
-0.5190712572616931,9.253929829723095
1.2446504155165288,9.68121081942174
-0.1841646678085609,9.8448785929216
-1.3087197941741908,9.67081837708049
1.6385072777463696,8.822218226916144
1.7687418179585541,9.920269633880158
1.8535777368542017,12.770151360139506
0.1300162656639272,9.228208683581608
0.7716356440990708,8.995422097718501
-0.20022530292456153,12.869245437808928
0.4925514149913015,12.151907266292646
-1.065730555725556,8.452418386757628
1.3664880301710962,7.92926495278869
1.2335893924658445,8.761115428769976
0.904339405935402,10.101972383026855
1.6360223553428122,9.652338863687092
1.4349798741183206,7.192554983659635
1.1966318844191282,9.30341352390046
1.9879620112502043,8.804473088775962
-0.6156010938488579,9.975659665067566
1.2472268734035454,9.601531895350409
1.2361382009613666,9.379531704181998
-1.3532217869040526,8.156131673468511
0.42687831912892804,9.958633231763223
0.9124657493446655,9.780819566466644
0.4197632527910202,8.771688034586159
1.6159267863571412,10.171540391530138
0.6355418809306288,9.843528625100982
1.0392946337135536,9.538230686606465
1.1713601810941086,9.669077406497175
0.8814928509288116,9.051361642550619
1.960215400417053,11.240898168898008
1.2054082330809943,9.80439459755922
1.103509017878772,9.72687033073117
-0.37053790314867063,9.491880661002389
0.029576375379842368,11.650690787473135
-0.32967689686028656,8.342400375395421
0.4415042391267683,11.190637558160802
0.5928367097942235,8.376683768243849
0.846891222984195,9.206895696727601
-0.7227324799145038,11.211172751573027
0.9304507969615949,9.681379679045772
1.6337501914890598,8.777648965225907
0.6049319081659683,7.9310044736001775
0.5756318282710589,9.313705745000021
-0.23157186128111995,10.413814976365897
1.2248051191722453,10.337048625646391
-1.5835656720617046,9.24896244820784
-1.2103850650778298,10.227983061045645
0.8101620061392278,8.34821516424918
-0.1348023482407248,10.08508826294991
1.4829996050900456,9.014799080601975
-0.045580296488060945,9.702343023373524
0.3115083257636364,9.294409072769827
-0.3147964734665414,8.770061801061352
0.3346244474034883,11.060279812087938
1.3759738877680991,11.091534327837635
-1.0378736592794051,9.958488963969009
0.8646581527104447,10.524250202789247
0.1322211603788448,9.067238468165247
0.8397322937369851,9.730223932496672
0.8564765636996636,9.591587563327732
-0.20811337447124023,7.583239260530247
0.3739856632874057,9.198252246436772
0.06520139320478124,8.844986601086893
1.3924369400625203,11.526687275653805
1.8510734010128242,10.327186912301363
-0.2178334450324364,9.421292881096036
0.2482911776102843,10.352968731306497
1.5226023098583115,11.442858703832416
0.7209129697251653,9.137287723677321
-0.5623046926767317,9.846148751970594
-0.3799956056498064,10.143274537354738
1.1402556841857248,11.360323509105969
1.1432339369774,11.693114081955342
-0.6087631683912278,8.94825140539159
0.04445455395800213,9.73148873537056
1.8534412817841517,10.393292477253334
0.6376918483279903,11.094424531365613
0.46221049277271664,9.03795324127111
-0.15857850746069246,7.097145462418744
-0.8430209121093819,10.482747056421736
1.5124607879428056,10.391099115408444
-1.9418213373284723,12.152156732586077
0.7588061394474743,8.616919804669415
-0.2550158945713705,9.306821166801601
1.7031541979782734,7.99672879234838
-0.12879035185064325,8.242263497210361
-0.2382617173758157,9.045200582882632
-0.49671512396823614,9.547116091416118
1.499064250215974,9.54948018176582
1.5543971217486097,8.91058454744512
-0.6383537755429614,10.933694915528065
-0.6988375265530089,9.053359041107285
0.5236871609166536,9.01429281525339
-0.01496498847055383,9.125928740350718
0.8300912759121712,9.443441973494593
1.2470791523605502,10.647646366069905
0.3960441768542702,8.38057175992007
-1.7908835869249615,9.870865624417986
-1.1358472699616016,10.72709048221117
-0.3291657321080965,8.65349959982793
0.6716799952145083,10.902413874676009
-0.6577711932133714,10.13341954656313
-0.8267655568777412,10.20552995052477
1.2176562387098935,9.25705419119719
1.2641340092082736,10.098854378885346
-0.3880792849393542,11.895900395763308
-0.7227324799145038,11.211172751573027
-1.2177174115939078,10.28744091802464
-1.0647486676277436,8.887446080122034
-1.163610541641543,8.373298747407864
-1.545769631201484,10.876696218382975
1.2989729493880304,9.580368900632772
-1.562070535724024,10.741506366286025
0.49949639842799565,10.710640926679734
1.2005503310083037,10.183713238932732
-0.364291056973312,12.266732805055561
1.2784994781905796,11.56637772418786
1.8898455601116089,8.369356997289179
1.0292408285377554,8.301991391942265
-0.8007978897390564,11.031842231829485
-0.958852569735988,10.110363575816233
0.5295652973135496,8.81268435506204
0.4150205753504519,10.693160114442042
1.6211959960420619,9.132442539412969
1.282566241417915,9.780971157597333
1.4456721843820697,9.295380156600807
0.8045583776698946,9.281609578828103
1.2516040365203103,12.791260812228792
-0.07446915300628998,9.21103222306071
1.9214749637687403,11.278647537212965
-1.4145040313510036,10.086956488710742
1.8445419416303719,11.699863942192748
-0.7448714267770851,8.70093496059142
0.874797063891184,8.262218707078297
1.0844912634075463,9.577028532368907
-1.0402043851054747,9.462046540510158
-0.09959863723311813,7.027115617837826
1.3862031032794513,9.365523197812545
0.5672780672057414,10.369370665915138
1.329770563201687,10.217022819037997
-0.7587660715818099,8.498884184790745
0.5667028406459838,9.830364308526194
-0.819837169383375,11.472775216565264
1.5803406910652584,9.750680049556351
-1.3604809465342345,8.018878257986255
1.517320862713896,8.783634073316726
-0.2232663724865338,10.410349438382248
-1.050982545371451,7.015665050831215
-0.9040476021201127,11.2722594830076
0.9708260847999242,11.241082089807202
0.8738157892902003,8.786494593418476
0.16317501994217753,8.04966528173243
1.1802915247246561,11.027391350634371
1.5862986338760408,8.468999548363161
-1.389367341836865,8.561291149136007
0.39123205360605606,9.18359892695912
1.0913603337060134,9.305220201402495
-1.2381720118798163,10.552951595984538
0.16704127976406147,10.764845161483752
-0.22969061626873843,9.897738987445715
1.1215044942839216,7.530855475890498
1.592217157762855,9.264639857543457
0.435996444207714,9.664930087534232
1.621287313504359,11.005524312055769
0.9324520896611239,9.70352207771056
1.7719311362845427,8.758065677305627
-0.3554226540800518,8.525399793425217
0.5715276402348306,8.28506798890404
1.814530431318758,9.895721375670004
1.5803406910652584,9.750680049556351
-0.19292928505108353,8.821298014708589
1.6059434044029963,8.725244396285419
1.392168358405936,10.978798076378032
0.704710248301736,12.04633550352606
0.1548071918108569,10.939912115108733
0.4098766818290658,10.783637380657902
-0.5476708144054596,10.304931264167354
0.3059556125594636,9.71902725550525
-0.5794729438971347,9.048428075085253
0.0812945047655429,8.476855835443102
-0.0746233934587055,8.56273829800611
-0.2977764892131298,6.965065159079497
0.6772616654540067,8.41931610246324
1.2002176318054856,10.726019797176914
0.1801076755877533,8.785773501381483
0.13329419143842003,8.886886051101236
0.1779293312010517,9.81495899814493
1.4577329874734564,7.935318934365562
-1.3424292626863434,10.4331469638694
-1.6278785010364172,9.49102507331407
-0.14950817304273478,11.543662264872843
1.310441045396613,11.37329546137797
0.1072686642016536,8.365422831368816
0.49181617673352696,9.467292730913307
-1.2103850650778298,10.227983061045645
0.1636200153523233,10.507010931336351
1.4821078650775368,9.896823425144149
1.8722900116387136,9.596154186623487
1.2811718424367093,9.59716061944047
0.11860231342402594,9.89211109589642
1.3148359352720256,10.765295916785306
-0.7008043384785578,11.434289939018386
1.4943012230389368,8.655589202229265
1.5234830367957137,8.048187474925871
1.3844767422204471,10.424931725255664
0.7827106528613559,8.498212325171465
-0.06727654674532602,10.093611444680068
0.5360228123984454,9.151770914040961
-0.4961151122834435,8.931798952995234
1.7750655288480575,9.704080284564995
0.029576375379842368,11.650690787473135
1.802447098971561,9.886853422965569
0.3557440902501914,9.36320841727516
1.4201208064797406,9.676456832242629
0.874958471414121,9.424860883781191
-1.0213797815811478,8.967620284602305
0.24264037766468372,8.057922397793659
-0.9398108503628668,7.871254756719516
-0.7483218078847096,8.044665656812562
1.2754770820818861,10.160837011227594
0.6361816405289296,9.586633143549475
1.1214620120275267,9.65351387236619
-1.1938864879747486,9.410985960873862
1.779062919529712,9.9624604318431
-0.523929070355309,9.970837390909562
-0.05576983238927635,11.040757986952903
0.32279633821713993,8.95869804467946
1.3155334635304379,8.623648310489891
1.3201307345122988,9.315457152870989
1.7827925880011293,10.609046368043042
-1.2503522236096711,10.06161819871893
0.0821753492194337,8.245338993742845
0.06847172342767793,10.398559226069521
1.290148971692676,11.196041882557436
-0.73854502693553,10.821087976383257
-0.38606853515041184,9.913369910296714
0.7146403753075883,9.833781538541777
-0.4119398350512333,9.91271661066923
1.625417540378944,9.937663072396504
0.6078450380104021,12.224215984052455
1.4588895050202129,8.71463242485952
1.7897119922391727,10.724926266870701
-0.27829035871603924,9.366298386645829
-1.6020213245081414,9.147438647282438
1.0248544558007073,11.98304480628153
-1.0169987512564487,9.49194201602844
0.7058717489054489,9.477926316149885
-1.0291400528056673,8.83393942684161
0.6169431197812716,9.40471896407355
0.5638883093813281,8.828105044664262
0.7545265172315023,7.88228623989412
-0.4069990605463487,10.325308934690373
-0.1976700287355304,8.602215416789768
0.008526563678129762,9.945417038611776
-1.2445192529485825,10.421763979181295
0.7166502732782511,12.096697135931267
-0.5900758122265954,9.79157802558826
-0.24315759500113066,10.42853520787775
0.6259144293260106,9.424044968566553
-0.008094789650427092,8.86972352217569
0.016531367673753294,9.60459922486791
0.17737955053728438,7.720770783616154
0.0035064235583965875,10.721638580927966
-0.3834387133958681,9.777547671471256
-0.6099248187449815,9.200474043943977
1.1395879084458702,9.949002144248405
1.139531933551177,9.969158392973066
0.3803117228010193,8.564243320723751
1.339788822777615,10.12239764060894
0.2362371397864087,10.340672895050414
1.6737057285816346,9.466123674703471
1.5560024432586634,10.576084265518508
0.8182177121097811,10.509237777268746
0.08326234457632875,10.236147770172096
0.6840519221316392,8.09903920551399
0.010264305853769695,10.344119374177271
0.3082133668541771,9.173466442733947
-1.5875045246562696,9.245401868348424
1.1252874229892202,9.837594799023744
0.9619045278140765,9.636464240518672
0.9326415125471983,11.509781699435795
-0.5007003026000092,9.645786109074578
1.4320930840289168,8.16989143602085
-1.7953379742180964,9.877290323039517
0.9409140724063842,10.084966786467422
-1.2381720118798163,10.552951595984538
1.178313114800761,9.53249188065737
-0.7105846201011081,11.40391591183392
0.7705038089046581,8.417610595589217
0.9497350748859423,9.68307314038989
-1.232507262381994,7.3159796329794595
-0.788276377438283,9.37530688609019
1.679422465651042,10.313444292383668
1.7855146134334836,8.425281498497661
1.4334935190442497,8.889444588211521
1.7448489849747593,8.576214793266491
1.16623281036548,9.604047353853886
0.18645975865468412,9.80192381061646
0.35340888393261327,9.78239385709297
-0.9398603274378101,8.800757744620348
-0.4550544188036416,9.655031482304935
0.5355578473297675,10.445478485366655
0.20276217877917846,12.775132311019718
-0.023953317602777524,7.663486459774241
0.4042966672009318,7.8525702710853835
0.5947318134294579,10.959056187611584
-0.34613693315935956,7.986692094392359
-0.5951224506048765,8.651446579536673
-0.46392370414016737,10.55893579940343
0.1563782109440348,10.980457214623772
0.9180856879057537,9.94754750779742
-0.8628468436181627,8.696569378215429
1.9493446343181837,11.527712216311462
-0.14060078518379138,8.955532844483162
-0.6930444377254656,9.986334885594188
-1.1249131663564813,9.744130152058736
1.0881271438894191,9.675826158360437
0.5742084919496699,7.646980842736368
1.5633285931585341,9.671419823670405
0.5496099248368864,10.898805342206654
0.0399403172539885,10.644534112370192
0.17798783641546034,9.916641959780046
0.5928367097942235,8.376683768243849
-0.4110898817350699,12.11810313592208
1.3613927103540324,8.199602361346335
0.8024459855778066,9.634225056975115
-0.007217134187444074,10.676534412636405
1.779062919529712,9.9624604318431
1.8990403253447812,11.215781289580642
1.2353052939667362,9.248309323657846
0.9554667085321307,11.020614708353712
1.2278619635359744,11.18854181442264
0.5806911616377994,7.045126037823635
1.2360945611667056,10.044872337324813
1.9130618541178963,10.786533263705287
1.2787080111218363,11.051749685292057
0.45268144297246815,9.690377118074982
1.0832580866572847,10.346153261612685
-0.17868500076559135,10.680014233121975
1.100976207339797,9.596033846702626
-1.1016704693843957,8.562472996632371
1.0938925027464026,7.175801700008551
0.0024970722816712865,10.02502293125064
-1.282575958843036,11.130063541277206
0.25567826702249485,10.116497152983563
1.6910287620535773,8.718077122275616
1.538347552918455,9.37405035986608
1.3871400074789815,9.328790027258128
-1.2568921812051688,10.004068589938852
-0.32747360082550925,10.384426748746488
1.64630754905221,8.72557547068962
1.9424029358112014,11.488004397599969
1.4132687466663443,9.186942250506807
-0.40882623628360726,8.826411720114796
-1.640696989711664,10.849125568057673
1.410189684983882,9.013163232987552
1.0913603337060134,9.305220201402495
0.5273488486791971,8.63406833064742
-0.4779291605204219,8.68790051531497
1.098535122551152,8.744965866443335
0.5941366361333698,7.884685289892939
0.11275704702542466,8.674230629350095
0.016531367673753294,9.60459922486791
0.8990670861150458,9.506191896577937
0.06907622576643746,8.933752647891541
-0.02787949936479084,9.30589879667154
-0.6176816565167478,10.99646337987947
1.392812514211582,10.715945446467627
0.3238015195527173,10.372866987252015
1.2396976812115974,10.566751739401361
1.130982697005547,10.526047200329309
1.19121872536429,7.582940949212348
1.8124804575765512,10.444529239778053
0.3051534406672527,8.852340485474402
-0.3661776743660696,12.421083258780202
0.5118349413716312,12.56541418068043
-0.1391775508651274,8.80682744811682
0.8291156476226687,10.588787290300786
0.6500891374159279,10.181121820612143
1.2847931302009061,11.252343198603365
1.8124984500318604,12.411760698690731
-1.715377284488361,8.417532613763491
1.8722900116387136,9.596154186623487
0.6028975373352012,8.882162544265364
-0.024743838172285315,8.307388674945708
1.010908551303904,8.51533312766309
1.561638068877314,8.233079503677088
1.9034083178501384,10.567408800960932
1.6827656031144782,10.224116387311549
-1.2902418248811087,9.47939223296038
0.585629500912356,11.41303487387867
0.9578986155364535,10.209075422375513
1.5565116957600398,10.41555945491114
-0.4275128071716834,12.02323438069686
-0.18870077886269288,9.779054467951184
1.6381938920485535,8.905195683158423
-0.09577319139575291,8.46844896770385
1.9034834511341465,10.058365072553348
0.7615793145174612,8.451956905464812
0.21082830287418108,11.70522250111066
-0.35293783366196596,9.076638184974321
0.6596468979488721,9.815196205989976
1.7314707605065323,8.924894478818365
1.8678740584732614,10.26340218644992
0.7209129697251653,9.137287723677321
1.1831706777444042,7.329970431874571
0.46516299341657863,6.992128900211265
-1.8027640515607013,10.72321544450009
1.4611830356356497,7.209859262648519
-0.8845122949561404,8.74368733888295
-1.0064949585207992,9.998760593316183
-0.5161051496313238,10.299601847440842
-1.000172214409515,9.827426214977166
1.351365523622074,10.306434705316914
-0.9063717122771751,9.57670857432155
0.9869732311926391,6.603316188892907
-0.6541985927299594,9.962988784271179
0.7521220758079252,9.928574351201167
1.0497878346994738,8.785748605012019
-1.3735487404294004,10.16894716533658
0.22737765253825026,10.154088476326992
0.9858085154284559,9.397539761546858
0.16279390657964132,9.573313297356837
-1.1016704693843957,8.562472996632371
0.9271043801506895,10.172840518837067
0.05973339965303781,12.057893696494862
1.122087211028087,11.59486349128153
1.9222729082428942,9.794586759232782
-0.8845122949561404,8.74368733888295
1.211243739298002,9.264089364736778
-1.1908242033671854,8.032050681746112
-1.4876170145352,11.156605313176906
0.6904084729005051,11.368250746708545
0.7922821856136064,10.653299886442088
-0.3562297905995604,10.166057947351051
0.9741770785491783,8.800141627848651
1.1221020609754473,7.596491319038495
-1.1301882711310562,9.573332118278325
-0.8167036100138558,10.819482308111146
0.8958922218643752,12.245118872271654
0.6262508095986092,9.055984458854219
1.7518609257355768,9.435123929970885
1.63822171374881,9.80698499795349
1.1566849544293532,9.998632480369494
-1.4978008404060916,10.239562966257544
-0.4119398350512333,9.91271661066923
0.08744918132871504,9.998168905875586
1.0359073274161226,8.63780376926155
1.219955998723079,10.414384177564871
-0.2681078006411748,9.368132811852977
1.2360945611667056,10.044872337324813
1.6529622102258852,8.835713159309085
1.5600756045950588,8.370397594289884
-1.0360149680163282,11.575063589931094
1.7477970156347817,10.62322032324617
1.6098132291433669,9.929822700386863
1.4947943738653802,10.517169990864126
0.9127550248144134,10.302201597920329
1.8157143080103495,11.6205101835427
1.3717819298247886,9.572143397885235
1.1295832345778365,10.505296011134641
0.672851194220065,10.147926505800449
1.5488509703053062,8.925854375984343
1.7454102312999416,10.76808068777939
1.9568667336823444,12.254089859947017
-0.364291056973312,12.266732805055561
0.2535814028505605,10.197957755066348
0.5756170141645227,8.921013816761269
-0.19252382139088864,10.556466276132799
1.5911832255681038,9.427789894908436
-1.5724923076210247,9.185544751787855
-0.5332844811880744,10.473931504791448
1.122087211028087,11.59486349128153
0.4901879618491267,9.14559462066689
1.4510831098369024,9.309087099337518
-1.2523708141995273,9.024489926864648
0.26345229423847805,9.626148233549955
0.17136549733629858,8.17476104268253
0.5523709031858095,9.72412330715469
-0.6634279104645513,8.266239535335899
0.9312061790650024,11.270126567189747
1.6315951751184774,10.680542956091028
1.8539969635503533,8.436932576191609
-0.3688878623753493,10.119879052236275
-0.9274270815523167,9.653667416281689
1.3526198999545702,10.090630280013423
1.0469708258780637,7.583137391634006
0.6667426075700522,10.729808560141924
0.669404652201584,7.436769960886432
-0.045427238381337,9.654492323306723
-1.1081999657689856,9.885400370110327
1.4898512603346967,10.043700982912796
0.28504187974838935,8.349118299872476
0.435996444207714,9.664930087534232
1.2069123322791673,9.568439018810551
-1.3193894354219324,9.833768902955452
-1.344273116187189,8.758931622436966
-0.5561044122398928,11.152798771305005
0.5525596100650771,10.016105526955501
1.2978860704181963,10.759940626950778
0.7792829194868829,8.99950594903774
0.21639712158330449,9.426522962189097
0.314341394371799,10.627056078114498
-0.7044177896784833,8.297945103641885
1.6274663093593436,7.626104306478071
-0.7332625759322959,12.028883635388011
1.4980211801523082,9.043740541405253
1.0816296712311728,10.48223123374278
0.8937746494196479,10.756105359345568
0.49434275201103883,9.71723695378085
1.2179785697272894,7.535719843366008
0.12541852627259198,9.836868951883423
1.6169731656302604,10.674546272233753
0.9451195951336859,9.70284450660524
1.0416002691499306,9.338444888434156
1.4962870932207406,8.08749613528295
-0.07543959258073007,10.30171533818832
1.505683774417971,9.040163573958754
-0.29908725824922433,10.037643738097646
0.3165192161401964,9.276977199412503
1.5638955387628153,9.477478936553776
0.019182393218112548,8.590361630470642
0.6220398873844504,10.015227381132096
0.862023818484515,8.457891184340077
1.4464998003359137,10.610977200314942
1.7948196729567232,9.950261784114751
1.3277661667522085,9.632031969427175
0.8612892421165426,10.73237387183706
-0.3374888718833793,7.149152319089122
0.3018967115035158,11.027683165646472
-0.09203233848730008,8.87567525257226
0.5262408803700822,8.232934827394221
-0.8852227362858969,10.155000905258522
-1.4900453506720703,11.750955193024755
1.313512582406585,8.84770023718743
-1.7448217749856085,10.05900200548499
1.0254242189745373,8.141180770423524
0.5168767720331684,9.071801625079704
1.6003327320659229,8.770013239459958
-0.38843987579980555,9.866381191571252
1.754877207911452,8.10500788923488
0.7498592161989124,7.912109735309321
0.9333116348674491,8.903558768614603
1.9933900455717986,11.976248107571802
1.738919661953204,8.428999064063454
0.05030486369684661,8.395055915940695
-1.5345344084580956,10.679002494576906
0.9688040364845301,10.060745890788072
1.9306096459742768,12.083236699764273
1.73499769200588,10.68528768460646
0.589898856618412,11.26426225617438
0.5864845346302214,10.893274997719331
1.3999014859226477,10.269029968494356
0.9250023573895003,9.064997160833117
1.3171471972670221,11.39142956463898
-0.7227324799145038,11.211172751573027
0.38589831017580956,7.457356100851348
-0.5015495414941151,7.997557159425317
1.3568318121578358,7.65686864469604
0.28125003130601556,12.022638580019388
0.19036950461494495,10.100213046294742
0.3087989856902458,10.050959101540059
0.012881659434537784,9.432988768446783
-1.1016704693843957,8.562472996632371
0.7694356898442325,7.559355038287866
0.6602239560265244,10.338238477558452
1.4494548349869807,8.31817285069112
0.6775416946794768,8.588046495143205
-0.2656688294695426,11.197536334748083
-0.10490682994230838,9.830632357546799
1.8640858365208341,8.792449160080379
1.3100947758152683,9.346748639311365
1.0430372335478002,8.873746424625446
0.1491026946721523,10.583063817431288
1.882672111175482,12.274187756230399
-0.24935468740718614,8.655074034130473
-1.3709071672811386,7.186631031736335
0.5255039105735064,9.746780106089647
1.895201653428598,7.309386919335505
-0.9618328672956387,9.7519998262779
-0.7383724170079491,10.31208127284509
1.8641900205147088,9.127867508248054
1.7132742503509015,8.70275131434207
1.0494448548286912,9.354091146844326
0.9945809365048,10.159724722508047
0.633807338633702,10.379904979531396
-1.2956428482245843,8.861002473110599
0.8045645255343077,8.666705507826839
0.8157466681380616,9.391565117433238
-1.3587638419377246,8.236144675314028
-0.43567385339295717,8.454216727514584
0.7023470942697552,10.687280589572755
1.6899975247091827,8.644297049568909
-1.412413724488883,7.643821525444589
0.07359850653226063,10.545351459108902
1.4229490356231453,10.869914223120514
0.499181594874901,9.45148297611509
-0.12522736082011887,8.189986123060349
1.7076302485834565,9.0767292579798
1.808249786556011,10.547528832496734
0.3018967115035158,11.027683165646472
1.2223233057649345,9.346607642024118
-1.2156091490464283,10.985071738743219
0.42692689886974566,10.510622598606044
0.8131202161690019,9.863621624057792
1.29193522016707,12.60732361153132
0.3549260885252794,11.592474238627442
1.7331056495162667,9.00618036393319
0.9852552502763072,8.006434635525048
1.2203612739826508,10.086149636030115
1.453726311157538,8.305102374739079
1.9009781411358344,11.308956239755984
1.5732179751524908,9.389471025431751
0.11482927953621047,9.216629514945598
-0.806910183063509,10.22909634569189
-1.4977991409493865,9.509456385269457
-1.2635947065561721,8.235090201357782
-0.24935468740718614,8.655074034130473
-0.7933510334754046,9.697480855922246
0.7691062580714099,9.540486365230553
-1.9418213373284723,12.152156732586077
0.05973339965303781,12.057893696494862
1.8987623841942058,10.03142562492254
1.464382534446766,9.082699945090653
0.5617890959730114,7.388944115083763
1.438581381410426,6.1887745018797595
-0.2787342878304364,9.578881127771089
1.8464457690177873,9.720557197151201
0.363465069580458,11.70623338392982
-0.06562780758268394,9.193061799129186
-1.254246951422982,9.694723788942056
1.288412642400902,9.90647999421316
1.2784994781905796,11.56637772418786
-1.8440827173554784,10.414864359292075
0.6971742948000985,11.50053968258134
0.5327146995830891,8.16876233772758
-0.38989457803943184,9.764023910172893
1.94758378155319,12.323176536107216
0.3422549151732075,8.774240090038603
-0.9598078389902645,7.113628005970302
1.7145222484615763,11.938311363280096
-0.24315759500113066,10.42853520787775
-0.4548491794178191,8.43791987427401
1.074325323652808,8.586557984263251
0.9451195951336859,9.70284450660524
1.019309833449325,9.418698473345954
0.9436816254957954,11.448678979869083
0.6366221784005375,8.857805702646257
1.599638173418687,7.469806193424459
0.646737153599426,10.330038687096476
0.5991521870571983,9.559937464494634
0.7701297261484319,8.5469455273833
1.6842779451983256,10.821550387210584
0.8034627889755197,9.855647142615835
0.5806003332036136,9.429515553313273
-0.8661554029436833,8.08979611837157
-0.2616161565651529,10.03027993834242
0.4067464344818603,9.732618247028253
1.6874969400924673,8.729032587531885
0.6297773087098593,10.869420458743773
1.1072854689611242,9.157966054498692
-0.27506452083376853,8.275212825553282
0.05784531095957668,12.340623233404795
0.5149360602399717,8.363338177406279
1.1109116402711723,8.429624769256208
-0.4290595431030897,10.3460586056751
0.9869732311926391,6.603316188892907
-0.8147675181760397,11.560153814022675
0.5838061244481803,9.131073621524461
1.216811629191124,9.880227188231933
1.6130944889556567,8.041648552728814
1.8796481844290818,10.136412622012521
1.246508057779414,9.357586161035142
0.9672259009846882,9.07358501366027
0.7443646157739474,9.615466485243491
0.5351331389891505,9.855825631428106
-1.7035783097005317,9.730655743841528
-1.8966441111199552,11.343781512086341
1.9200218527872677,10.667449300590789
-1.3541686637430397,10.409478508770452
1.431431134069956,11.560042271496853
1.7477970156347817,10.62322032324617
1.8251675260534452,12.254537805878504
1.5498757608515294,9.510764126991164
1.9896917562142167,11.695214441331528
-0.4674458870020102,8.431039551713901
-0.9499588380673374,9.739366841349728
-0.5592374343549484,9.083357275468801
0.2634071496426875,9.526773902556723
1.1810692474395608,10.687489524306466
0.16704385707025304,10.143565523114646
0.40979776786635114,10.416936059576356
0.45816407288526184,9.410674486608135
1.1295832345778365,10.505296011134641
-1.8275995642067038,10.371985326864495
1.9699340086335009,9.900676511634876
1.5244205934262633,10.04106848834759
0.5512887170376408,10.073671867220796
-0.5113319046499467,9.498935522300913
-0.7531117288178071,9.2200700589473
1.94343376164375,10.59102298038476
-0.8902930607960835,10.658526974282069
-0.6069781319067986,9.454081118841653
0.3060659020570142,7.644258872335029
0.7735101540754097,8.917094619773929
1.2444950797338836,9.381256120792148
-0.4275843697623958,9.752410930379565
0.7329921131585833,9.88498977798796
1.5789902833252043,9.453762589791616
-0.9643829008274416,9.942640936687312
-0.8310041730424484,10.480355532100793
1.5816508447768758,9.40030664471221
-0.2062179120867209,8.987044918997295
0.3431023250938532,11.611176064756338
0.28819457347720334,10.954366336311022
-1.3172902587910653,9.46471108792209
-0.1999030418887897,9.382684639741209
0.582137425642089,9.750585519067386
1.9578045238602257,10.677834570534092
1.7415779586711948,9.403972780612259
-0.7531556956423562,11.56636150586842
1.2046860131812993,9.408390926331144
1.0735997157951194,9.74868684710385
1.1087436377584385,9.232277412350594
1.7175039565103432,9.401424182249524
0.9436816254957954,11.448678979869083
-0.9125570930963369,8.003699984842847
1.6821435404102187,8.081557800672703
-1.0188827801025306,10.126937916196514
0.3971100712943674,8.314074346802155
-1.4955387104983577,10.155644643631925
0.8046794463610389,11.674051700475465
1.2582988809255284,10.187512712217808
-0.9033573337607765,8.403686260873455
0.08639805196448647,10.6572240838423
-0.806910183063509,10.22909634569189
0.21741621004560274,9.317753035936471
-0.8017372881845044,10.943609166484379
-0.05599802480958793,11.497994948473577
1.517320862713896,8.783634073316726
1.7618343374116572,9.023407989194693
1.8834167914708009,10.73488637325398
1.32498322035977,8.136266753868217
0.9662644338673183,10.136472046511315
1.2396976812115974,10.566751739401361
1.1272954533797424,9.498586260882579
1.8056928833822639,11.291559721128259
1.4184698526073416,8.533543320969045
0.13611092153887094,11.40925786605227
0.8563480907400698,10.187916316095844
-1.8385966925612012,10.45589756513672
-0.25186509820091674,9.595065998486852
0.8908278307929138,10.992595728004583
0.7101832207351033,10.176697598537258
0.00510257850291751,10.48382162951329
0.1563782109440348,10.980457214623772
1.3553573470610814,10.64970378489156
-1.8780138085889821,11.076505827904496
0.5348463990621162,11.472311966396624
-0.5161051496313238,10.299601847440842
-0.7750430190863984,10.09914888812619
-1.0806958328298557,8.880000888154123
-0.7309791342012,13.209409696144352
0.9562679037574902,8.56609930250162
1.0886081104633525,9.159726444051122
1.9613292151745934,11.069994220783594
1.1229309201146789,9.116936351293344
-1.7668111845505718,9.804196447652313
-0.30665942338721,8.849350886269528
1.1214620120275267,9.65351387236619
0.5711802820252365,9.315381864937972
-0.7349194010827729,11.682982805857403
1.2764293047107511,9.836963335326276
0.4566754012755707,9.155745242833973
1.1531008326833185,8.48697333563616
-0.7779027573679058,10.345626831909204
-0.6099248187449815,9.200474043943977
1.9386179103633583,10.40405043023425
0.0922616990764773,9.100146669545412
-0.45277103179248,6.539170030840851
1.5782089075763657,9.536063854320652
-1.6105324248351156,10.193330359028561
0.2910811067477832,10.399449486648383
-0.12226055138382463,9.796964042644996
-0.9741477559329361,8.237978641203597
0.4112301290670377,10.666819680402893
-0.674611971587797,11.962422555516598
1.2235646767874169,9.533013781058846
0.7201842254970794,10.711366817624102
-0.45579625739265683,8.19334122842283
1.430249350645135,9.062483064999581
0.11275704702542466,8.674230629350095
1.2915522731740081,9.804037387512302
-0.8992391529060972,10.006621585684629
0.8733247014880159,10.90663223387421
-0.394022736554847,9.817008069554307
-0.07446915300628998,9.21103222306071
0.30143669251639427,11.242542429107225
-1.3193894354219324,9.833768902955452
1.7328203510372249,10.57885628080117
0.7740393481852816,7.187420684446161
1.6892311019343391,9.151175298364358
-0.3407219906493393,9.13499588687218
-1.5324849576362438,10.272633246117756
0.8045645255343077,8.666705507826839
0.5497815148716083,10.794010292643337
1.5970012279262589,11.181321106000468
-0.004447386194575742,9.659605643480809
0.8362420778036657,9.17765526170187
0.9377757283023658,9.38050984035954
1.2428826917806992,9.309939703826249
1.9043133298900754,11.143982529155247
0.9829351309249286,9.92918012770015
1.5782089075763657,9.536063854320652
1.7448489849747593,8.576214793266491
0.5360228123984454,9.151770914040961
1.961140682339765,9.209062187338048
-1.6278785010364172,9.49102507331407
0.23268473556176295,11.514873377797203
0.352809067793562,9.499273339272497
-0.06773501922678937,9.351412343128144
0.36301488541225924,10.4775893815672
-1.5968879944902934,7.422952448714378
1.7582743561006628,10.850783577701295
-1.9894713776816473,13.123003938373756
0.9324520896611239,9.70352207771056
1.2905917087755574,10.552577026257186
1.0498347429627621,9.253610451893742
0.4853224966228291,11.2793766571291
1.9578045238602257,10.677834570534092
-0.7830310281618491,10.77067791609215
-0.35521004446981674,8.727686448379409
-0.24913270026583456,9.163702946026378
1.1867255887654893,11.23820209551672
-0.2893236567033237,9.07659219318109
1.8459987169485892,9.425512686786403
1.5763981444246369,10.732609926607013
1.3798015090904165,8.60001228000843
0.898231636635273,11.35711877337051
-0.6077921780907181,10.506061121387404
-0.7160118174364087,8.379098473858726
1.8305265850903516,10.953989400128627
1.0544611958466268,9.159794528215386
-1.0725615444686065,8.85881422913776
-1.111568758117079,9.101620935462362
1.3844968421209263,11.59860820894246
0.21639712158330449,9.426522962189097
0.039416038201830705,9.832583626465237
-0.3558112257757675,10.902792424189203
1.7788295266899268,10.122616315265466
-0.4420724203903186,7.710207213387286
1.9524963038185414,11.894328175276879
0.49181617673352696,9.467292730913307
1.52358064217901,10.286129340321803
0.6269179388864319,9.757741080170847
1.9726549557339137,10.978041287176794
0.8909510089552186,11.348367415010296
0.8281246772915374,7.872432444764173
0.4240553277443251,10.823596544738823
-0.45760962994666654,9.13309134983859
-0.0066678868230511945,10.046702620722009
0.8249846502210487,9.51066377402348
1.8792841803141789,9.154722210834427
-1.203670748688169,9.391784218206935
0.7572416484107611,10.94549793551436
1.339788822777615,10.12239764060894
1.1376218928511892,11.295365368261077
0.9086512389605539,8.11263501217461
1.9255333369651204,10.524107006558008
1.0471927655107889,8.457883985761253
-0.7383724170079491,10.31208127284509
-1.3565588260596084,9.110748477794248
-0.7058783500580339,9.01666163984005
1.4229490356231453,10.869914223120514
-1.335082551793365,10.592854988015889
0.778785883417707,8.703401752781673
1.2440614997282773,9.21134547929295
-0.6300991232547832,8.837465291661708
-0.6511736977369917,10.994859306698814
1.0710584708573507,9.351978634976453
1.422785872425143,8.338797195628345
-0.3312263257416941,7.033816031325936
-0.8042953996066671,12.0550311123957
1.2779827415442093,11.504204492441529
1.9424029358112014,11.488004397599969
0.7329921131585833,9.88498977798796
1.1703792528365389,9.37009309330777
-0.9107706939225242,9.939916252455196
1.6003327320659229,8.770013239459958
0.48093939584448187,11.36420281143401
-0.10092397582539503,8.511495412469213
-1.7933705715414359,11.257736739801363
-0.37921142969868127,9.14995381199537
1.5615372834210643,9.283199688846908
-0.41578209025813306,8.750898819580197
0.4860292445523364,10.29592127404713
0.5806911616377994,7.045126037823635
-1.2383460159003592,10.429292731792897
0.8147991185162038,8.098210257899115
0.38507951392821216,10.044263668632745
0.6840519221316392,8.09903920551399
0.08383190908816873,9.791582349681818
-0.4881265774348633,8.593984321688815
1.2166622599355366,10.30690692670909
1.563422139932587,7.7490718117411586
-1.425249499263149,9.85407639427841
0.010548372420768448,11.357226545776252
1.6807879442970957,6.4889542859500935
-0.8668138880091911,6.527741357634094
-0.3554226540800518,8.525399793425217
1.5226023098583115,11.442858703832416
0.5900791822806526,10.138368322396087
-0.12390024112846598,10.391176910598247
0.7805782161903752,10.645751887936134
0.3739856632874057,9.198252246436772
-0.599053542691693,11.10699209470886
0.25629611533407104,12.848774109801184
1.0986141247247274,9.812870765675152
0.11933555584828115,10.485067767583246
0.9000243051964749,10.418764941359232
1.8641900205147088,9.127867508248054
-0.788276377438283,9.37530688609019
-0.8167036100138558,10.819482308111146
1.1526391525428257,10.12834217942379
-0.20546963352906333,10.692168421013132
1.2775929238659711,9.146266312681314
1.2548933748889097,11.192273911092542
1.5801354354137476,7.125491986793062
-0.01803473517520615,8.97677161309732
0.9138837822343682,8.109034795002374
-0.6991552148951548,10.081830105648876
1.7667679466321222,8.660943747161479
-0.21645352056076872,9.274130677732238
1.4826761365020706,8.878280458642863
-0.6156010938488579,9.975659665067566
0.5035655057480364,10.651459182695977
1.0202728165265005,8.067802683051813
0.5291286145505594,10.030092792610043
0.17812517161803232,9.244155485028406
1.2428826917806992,9.309939703826249
-1.4764754457856961,11.764813822393064
0.13392083497913143,9.53865882558593
-1.0672497823135347,9.035063807324757
1.5826991104751147,8.988546650593364
-0.7689163788274036,8.058887154987362
0.07084657353884571,10.304933321225782
0.042989210310262926,8.11179255335644
1.5759588400314817,10.229532405831069
1.2225952214533677,9.262422896059494
0.0821753492194337,8.245338993742845
0.603886980874178,8.40689012413414
1.4551584918600131,8.571315112674352
1.3918867732503615,10.67893216961064
1.5113203126081634,9.954341860098033
1.209607137805297,8.648254219962148
0.5712263643446946,8.843681701265826
-0.25549388345873325,7.781392906450864
-0.7309791342012,13.209409696144352
-0.5674411338834222,8.561899642898148
0.7886650171614016,11.707300155713007
-0.780387502459746,8.914866677296322
0.2848516710060687,9.695046058255507
-1.742037278176615,8.615358719280563
1.582092913984802,10.98991461427893
1.729067535683889,8.815318730811017
0.039416038201830705,9.832583626465237
0.7809186229909426,10.6468356394121
0.07754343801574937,10.372406219918831
-1.1837424458135977,8.268240627962607
1.8620716729390656,10.489260771848922
-1.0169987512564487,9.49194201602844
0.8332961963118812,10.044849608190882
1.4831886893524526,8.164121360244902
0.35077787812524885,10.055476901777634
-0.8852227362858969,10.155000905258522
1.294494442995894,11.144030864873155
1.0605953994450559,9.299844470909559
1.1946231214265461,8.913854958079675
1.9424029358112014,11.488004397599969
0.8249689086259848,9.714778634417952
-1.4980548128033973,10.489683016173599
0.5512887170376408,10.073671867220796
-1.01215533203243,10.233025024144583
0.2827586463073919,9.263162988197207
-0.8271569132077419,9.187620454676953
0.39784455863486645,8.428103554368128
-0.23694901224708742,11.060654331852
1.2235646767874169,9.533013781058846
0.9402841752155431,9.6930922457323
1.866363080893267,11.336209137323408
0.3189484597590879,10.631692616469604
1.1792381949997175,10.25494170738429
0.9667365159672925,9.810929179691449
0.5035655057480364,10.651459182695977
1.2240660184122762,11.460944618811974
0.7491320176525109,8.654519785235305
-0.1508177559975712,12.001358701120406
0.5149360602399717,8.363338177406279
0.3549260885252794,11.592474238627442
-1.9351984106421312,10.561387180196888
1.4409912439098584,10.451907402944531
1.4346882197179847,10.600618254859715
1.9456560739315556,12.506094449875015
0.4172519289612793,10.069792715068948
-1.272729388650645,8.734535034726955
-0.36520175091626417,11.6147424541795
0.4707783447543634,7.57253282222479
1.020549022694476,7.976608376306919
1.0881271438894191,9.675826158360437
1.7991996531676961,9.913537556372084
0.06618604155704899,9.318117600511759
0.7783817090131415,9.953220367212067
1.4005309387401472,11.578956974813543
1.2777114146814603,9.657453393422326
0.9808589707633382,9.79604760284652
1.2712882942647625,8.870564937196988
1.8777575027035134,9.93976520323033
1.2313258073064892,10.515970593950547
-0.982074673526959,9.118917312838716
0.2221982795424795,8.271097976335895
0.9159242466232658,9.362011125011106
-1.8632976438356503,10.957098764079472
0.6667426075700522,10.729808560141924
0.6965211821442518,9.267935529917919
0.3334750603886385,10.89046030026
1.9951717432626181,10.126262915107786
-1.4761050280233037,9.13605026982996
-0.2792963662227472,8.811388733879145
0.14649311894197536,12.453734836651932
1.2899222545374438,12.047011810506868
-1.7458571103043257,11.338835982372263
-0.24411431717745558,9.818539477857845
-0.6505636865708815,11.294979784557057
-0.9503664940427923,10.183897777611365
1.680455253290515,9.813870230714967
1.6444820055678302,10.194142461357972
1.6383815644437774,10.366175661103144
-0.4431655255062448,9.012606158576528
1.2039228016134595,9.278805397427831
1.9568667336823444,12.254089859947017
-0.13326737667654331,9.208772467892809
1.8528901577624453,9.774076887196568
-0.5581019794337845,10.698955390339998
-1.2190375881740318,9.827205850022201
1.6215279056770546,10.24872936855822
1.961140682339765,9.209062187338048
1.0139024217859225,8.890860994294355
-1.9945854971381274,11.990860732793957
-0.9040476021201127,11.2722594830076
0.8086573145932499,7.656247155129613
-0.3281259679444517,9.370345819861273
0.6548179157050242,10.596893971745054
0.9705439587267621,11.422155014780715
1.5070625470469978,8.77289300405213
0.7705038089046581,8.417610595589217
1.9494738892488002,10.015538582284243
0.018549151909739603,10.924820886164968
-1.3565588260596084,9.110748477794248
-0.8265863142359606,10.001613061963077
0.30742952453080097,9.226096430768285
0.16549768362975303,9.502622560380045
0.7467144468965179,7.765238524557993
1.2507721735031296,8.720948509140587
-0.8078299088345764,11.05983936718469
0.11124843318248301,10.688017612135882
1.1792452141665937,9.337356031454387
0.6003698045597257,9.30687913642465
0.16508044376671238,9.404068336852898
1.9300850890241548,10.629353091399006
1.404602941703927,10.001910998174306
-0.9811179981698044,10.314149239954208
0.19573009799735042,8.81175079151765
0.044516556948919206,9.078584383300415
0.9259454388124633,9.108324755082956
-0.937257740534946,9.907638988645923
1.368133177505685,9.13307249375651
-0.02872166186870162,9.628865396392174
0.6196284925914362,11.150762958674566
0.669404652201584,7.436769960886432
-1.2092387875420498,9.577202736030047
0.8488808207086347,10.21029734777333
-0.7961347214735133,8.286085061522913
-0.5656861539005074,8.371646083256358
-1.9445514563485595,11.439782245652086
-0.5341538605144085,10.982603208887033
1.5871536396240473,9.004610745138077
-0.521048756509245,9.644520636945561
-0.45960908559229896,6.775855495206032
0.5108322122856714,12.692629758648609
1.637818443748968,9.825582962401581
-0.5467020977239598,9.988517303291786
-1.024018790590111,9.90195932957699
1.59699567315681,10.533120122350864
1.6323347482394177,11.448925902058615
0.8223006900627539,9.431164949082014
0.6540943756538091,8.638400591075827
1.2989729493880304,9.580368900632772
1.9420965330208722,10.783787033189524
0.5355578473297675,10.445478485366655
-0.23758754376330105,11.501758923241486
-1.2076094689610395,9.671038556345154
1.4909210019384074,9.748888124082075
1.2266602121072658,9.674034493416956
0.025064237980811033,10.51036157539151
1.879275458535139,8.91022479156458
-0.19112823644077137,9.028386092691104
1.1817998431589167,8.501105080908966
-0.4086534979913723,10.702227886936573
-1.4396639390539039,9.040979724421183
0.874958471414121,9.424860883781191
1.2120082878313485,8.936037844550187
1.1116376269941473,10.110075523435656
0.8095948843223946,9.532873138419506
0.9497257657084885,11.650897066016444
0.16279390657964132,9.573313297356837
0.8488808207086347,10.21029734777333
0.5255039105735064,9.746780106089647
1.6304440102262197,9.888492979312588
0.47835181959131834,9.103753299960587
0.7924676963340942,9.695934755916406
1.8162041090348895,11.063725068235302
1.249654630495602,11.361908321849908
1.2618457138193366,11.784377523263023
-0.5131037343906271,9.17640063166736
0.49402124498934885,10.74396928173854
0.9397033895795768,10.973068050287223
1.0252403879211762,9.707657035039603
0.5950615446375438,10.264803996878795
0.585834966551722,11.079193934110085
0.7824725859872275,8.67336036405543
1.3398271002084674,9.499671703181523
1.937287915256165,10.080653186391238
-0.33634538280996207,8.217668381555125
0.5963224080755376,10.166737423582287
1.107193748834523,11.52373669810098
1.9580213335372898,10.092862520265214
1.6488329471261025,8.738812532012593
0.9526030193667587,10.85491452282679
1.9976549030826662,11.933036393715966
0.9935009977127303,8.736121906155976
-0.6294194139099138,10.127930542906137
0.6165309481114947,8.904356828374619
0.6829292476233362,10.129473670976033
-0.7072237387026554,11.104987337579857
-0.481050380713405,9.897097915511017
-0.4310238196010707,10.333405588504071
0.6703735422543389,10.610785685557538
0.5444225385744743,11.099649876946886
-1.751187095341189,10.72063768098609
1.6528238472566894,9.481170740283241
-1.699448873056765,7.899105026276773
1.8612108945215993,11.209927282908163
1.4682407295157893,10.556719525033
0.10637977035915736,8.88771679922761
-0.4783978041183614,8.615894471121866
0.5268896733063362,10.612221140276857
0.09804555828101869,7.5759017321923965
-0.8758009993324434,9.907572928949879
1.4457827440852968,9.165006954846266
0.9743756647062392,9.850691534594855
1.032161684044866,9.618612919993613
1.7448489849747593,8.576214793266491
0.6317996448183694,10.341836125544818
1.2906298739217092,9.839281694677403
0.45268144297246815,9.690377118074982
-0.27506452083376853,8.275212825553282
1.7911187918769191,10.427318659815292
-1.545769631201484,10.876696218382975
1.5740398855732716,11.045636833349707
0.17920434110439354,9.651804375427291
0.2884918548888251,10.098264895481176
-1.2286415642310176,8.941047718407553
1.2850006182388172,10.58417326761615
0.9103172885397761,10.807257079569892
1.7338204209994088,10.300400633307003
-0.7625257516799486,10.368389064283777
0.7102574473691297,11.57872552565901
-1.661404985661484,11.322993466761945
-0.25895088137378464,10.293585501100232
-0.6949843278354129,10.474677460279734
0.06679354090507106,7.175650656794218
-1.1029227621577609,10.488501350515097
0.4611921002792081,10.291756667228588
0.6660879067721397,7.645010447311035
1.5455214478405668,8.935802292008185
-1.006043440742137,10.658795469037859
0.5416574274476393,10.086170152408418
1.7734291948395264,9.093643324104159
1.7679657875354868,10.049900449187021
0.8563477285297112,10.016115688737985
0.9172392019088247,9.659798940773848
1.1358100723913638,8.943179099924699
-0.6992667118930118,9.448497451013814
1.7150536848219695,9.70767010637242
1.457465065823893,9.399702661953349
1.2335893924658445,8.761115428769976
1.7732404474965988,11.179813272690415
0.46489700642781173,9.656565272861535
0.659939613903981,9.841639012907157
0.15032455220605723,11.091113258571525
1.517320862713896,8.783634073316726
0.09804555828101869,7.5759017321923965
0.6525913175992901,9.504262680193571
1.9420965330208722,10.783787033189524
-0.045580296488060945,9.702343023373524
-0.8996044737635023,8.941851739280882
-1.4279955093370944,10.015185152655105
-1.0275018783093253,10.150858357773366
0.44312028430307304,10.20544529422521
1.425140512187049,7.9815050889837975
-0.6268980437422069,9.512839722434064
-0.6031617015493564,8.245107738181197
-0.03249616215670503,7.641981019293059
0.881333476663972,10.69784126663926
-1.5771017582754605,8.345255327777945
0.6565029571334016,8.646307656153052
-0.1572601060714649,9.476186307983216
-0.8162718822535355,11.979428834056277
1.6065249179454404,11.837554435508757
1.8720886881829548,10.190067903977843
1.1730454017530176,10.555798727994677
1.505683774417971,9.040163573958754
-0.6670330377970894,11.72179495797467
0.54062795545574,9.759437806065701
0.06520139320478124,8.844986601086893
1.006719068125693,8.209035901327244
-0.45760962994666654,9.13309134983859
0.9757851702907079,9.421721057827577
0.8810716957895823,10.041260952738668
1.8552706447527219,10.664246389800427
0.44090059791056513,7.955838106093468
0.3189484597590879,10.631692616469604
0.9159242466232658,9.362011125011106
1.53737371188515,8.880935125339473
0.20526956265125662,8.191773720393607
-1.4464096561275017,12.261469418134894
1.9202077719059392,11.058278947818996
1.5633285931585341,9.671419823670405
0.7182073462907357,11.19364161330678
1.814530431318758,9.895721375670004
0.5931901091952061,11.057196183695709
-0.8571697293564386,10.37941863239466
0.6762140612677916,10.54809494515833
0.8835728762083908,9.997435767472288
0.8976893610772603,10.407366136542674
1.3439204820488233,9.939762419441406
1.365759039824979,9.442728385467648
0.6146259056224816,9.824483721054637
0.05638177020503887,11.861070281603796
0.8860471193736945,9.486033500958833
1.3871400074789815,9.328790027258128
0.010548372420768448,11.357226545776252
0.05632278247709266,11.654324152305158
1.9091352927077172,9.530473652571356
-1.0101480750674146,9.13311047245028
1.3116998181812498,8.760770564805252
0.6768010517523138,7.692095691851158
1.1231419334619055,9.389725909687982
1.1367487169283184,12.064385484333586
0.44732408041288574,9.198394306126723
0.7624612495465453,7.779286567821379
-0.19482354788298029,8.69801597499963
1.6830258042189348,8.292900799723128
-0.9376496067705604,7.889348101299942
1.9161273631666695,10.829437332671187
0.966565807344169,10.488711479343007
-0.8484819866606217,9.552002359948307
-0.736907395002016,11.478148104074293
1.0481308841562043,8.359961474578185
1.290139177536787,11.014741489767179
1.3001976407202482,9.032612215147315
0.9900825469860193,9.912052108651123
1.1468920589341631,11.585666961954532
1.719687052582659,8.833099910123646
1.2444182652212725,9.98974119411837
-1.656822860402042,8.17844796593594
-1.3882272540982954,10.381327910531812
0.5033647799295031,11.186841603265059
1.9896917562142167,11.695214441331528
1.9222729082428942,9.794586759232782
1.3484785113226088,10.153863399245244
-1.0087502283723726,12.130139637412297
-0.1391775508651274,8.80682744811682
1.787024978768963,11.06958154051258
1.0772195745653592,8.873219958268269
0.7860287339075565,11.295119376164367
1.7963184127312672,9.460563826249956
-0.523929070355309,9.970837390909562
0.6418788854577246,10.577951662507033
0.1877155039419076,10.247819591211096
0.9500049924389935,10.48143587745459
0.16508044376671238,9.404068336852898
1.044486148172632,8.656624724566212
0.0851841906165558,9.722267579366193
1.8021312838176358,9.591436980868764
-0.9623062662748301,10.680708860900399
-0.2800591435157611,9.453646104594819
-0.6668005605178999,11.476646349745467
-0.532168672732019,11.750912918508138
0.19811552929494214,9.451918601256223
-0.5407276147685725,11.646482987755366
-0.22969061626873843,9.897738987445715
1.3643846824644057,9.982212614716886
-1.2987882305693614,9.33833342679343
0.2413946974012937,8.970410396741887
-0.705559123401835,10.292451230441639
1.4429223330253738,6.195220238509994
1.467081418024001,8.681710936879053
1.6353059908674492,9.88062280238017
0.9679109180559435,9.800143651278324
-1.1423740680273418,9.025444261384099
1.4059567265861865,11.723455777140659
1.6974173847752017,10.109969319218452
1.5094922877118218,10.741393673659438
-0.2985740149200655,10.101675755683473
1.304258738193142,11.061170065308891
0.6476063058877144,9.675492873883618
0.4246985378035202,9.675967580357804
-0.9376686681655757,11.192221832139793
1.29193522016707,12.60732361153132
0.13421773421431782,7.756177860367265
0.49402124498934885,10.74396928173854
1.8271992619371447,8.101231337730807
0.2613210182864396,10.010210016014154
1.8836188457994778,10.108276733424876
1.869312445413879,10.454601652007812
1.1757405338074052,10.171961689293365
-1.8121423103693308,10.210653135362458
-0.5861072317571177,10.43582324874092
0.31725786664775146,9.189782022865037
1.4858423607508708,9.853455081918984
1.8391640816194008,11.098505194009709
-0.7335902606903484,12.4265840825826
-0.9240263822596093,9.66317789011101
1.6593397999875124,8.420207978901237
1.0380805948677763,8.163380793951918
-1.2980334904745705,12.297979375988067
0.7805782161903752,10.645751887936134
0.8909510089552186,11.348367415010296
0.6656292187796757,11.142523518445064
1.7562739178011664,10.000569805728059
-1.2661684609645398,10.174572514305801
1.5085102475940069,8.539257563477573
0.45316673954951625,11.54263502656153
1.8162041090348895,11.063725068235302
-0.4800836841384215,10.15658674393134
1.5681862207084531,7.8731077144516135
0.5638883093813281,8.828105044664262
0.8406930663606427,9.251421874936923
0.7421544822504931,8.990659243307054
1.6665724107756645,9.603232630750382
-1.9097256671904916,11.734510341107937
0.38018537969504473,8.963042636009448
0.37384553081889527,10.016291371282971
-0.5444023740186701,10.811968295572138
0.207314934136674,10.29123679693819
0.6882380106469417,8.79582126231703
-1.3852358286231818,9.267357620494021
1.2410365220691477,10.291544547678537
-0.09577319139575291,8.46844896770385
1.7031541979782734,7.99672879234838
-1.2483184767387079,10.523318141119974
-1.874283257253063,9.211893968567084
-0.8871312517247114,9.619025576998318
-1.761530698621364,8.878147429345384
1.3295641668076317,7.235761738827174
-0.014155390578800997,9.23591300345165
1.2061484475319584,8.599311638234575
-1.8966441111199552,11.343781512086341
1.2103427183192514,7.055992938970245
1.0858933794384256,10.502896170196141
1.6003327320659229,8.770013239459958
-0.9077167601087504,9.20944053591944
0.4076937240605263,10.343840832663144
0.3549260885252794,11.592474238627442
-0.9738797502230088,10.281621011089104
0.5456054807336281,10.210840463992612
-0.23157186128111995,10.413814976365897
-0.3008232746743529,8.718056671058442
0.649487439651014,8.48186722159732
1.2678956290873469,10.759479510921286
-0.5079716004857571,9.539584440100203
0.7825630137816324,12.789788878220945
-1.457354131358489,9.790236505422927
-0.8571697293564386,10.37941863239466
1.4261488949917074,8.788470854679993
-0.004447386194575742,9.659605643480809
1.453334598287301,7.636846887125723
-0.5715153627979888,10.14934936152948
-0.4112658815261807,10.806121477248306
0.3511937974867392,12.296443794044427
-1.1081999657689856,9.885400370110327
-0.7235981070269775,9.397699814361584
1.508802163252433,9.076262270737327
-1.345376228537182,9.34381946864294
-1.1412164501465782,9.777012153481971
1.5268358785543388,9.14918265414995
1.7889943095354348,9.72902085358281
1.7946163236119625,9.754332712384068
0.4579978410207701,9.192548119401986
0.5638621123950309,9.597590960160472
1.743748992994238,8.80953005154974
-0.37157404349748946,9.504879805920716
-0.5813351800596687,9.299802301994916
-0.10490682994230838,9.830632357546799
1.805719241447329,11.0167493374707
0.476485600186785,10.142604380515337
1.6368085448259482,9.76683607555188
0.7287667570203951,7.832434618351737
0.28311321867564754,11.318696362162179
0.06066811354635515,11.305971026364569
0.6772616654540067,8.41931610246324
1.3862172898616114,11.088243175727108
1.6968737393706403,10.325036090530293
1.8764105205632453,13.25015626194236
1.9214749637687403,11.278647537212965
-1.8422927545259764,12.116652640384686
1.642422868857687,10.498757779904142
0.17920434110439354,9.651804375427291
0.7792829194868829,8.99950594903774
1.8722900116387136,9.596154186623487
-1.790968482855905,10.928892279686004
-1.2005081014022254,10.038460578644354
0.03428276465881108,10.459336423464109
0.6348705549080886,9.9776766196969
1.6892311019343391,9.151175298364358
-0.8834781169029213,9.23174404717007
1.623775871705058,9.638550410420306
1.000643331818404,10.647838087132474
1.594216754108317,8.555867975176747
-0.5161051496313238,10.299601847440842
-1.1687046341646568,8.546492648340534
0.07359850653226063,10.545351459108902
1.1571713932787424,9.224842174205653
1.054063374672849,8.678452377533796
-0.2952747910561082,9.437137999830252
0.6755061241627414,9.960193263539002
0.5790269063603715,8.144818139541902
-0.35684476000155296,8.859347676881587
-1.0888866335287943,9.584354152750912
1.509357413523924,10.191285600775181
-0.45795238105231073,8.91680174364819
-0.00852327794272334,8.897351459366467
1.2299117426076358,9.0146834780591
-0.8926888110597937,10.954513777307742
0.07567082113135015,8.65199860502114
-0.26893248160294947,10.205129061635777
-0.8162718822535355,11.979428834056277
1.5319752993190923,9.164992549927733
1.8447622552956568,12.003845724951933
-1.1396590848596286,9.500201898040192
1.895201653428598,7.309386919335505
1.672772633846812,11.443178453008109
1.04281922417558,8.699116727638652
-0.6325113358452557,8.965026858219547
0.6549374427757537,10.673253038418906
0.6882380106469417,8.79582126231703
0.7581368356216607,8.764318540779456
1.0799742123944434,9.92153614822021
-1.9600848933662025,11.829886280342494
0.7064689342100259,9.786531640461657
0.7635359062032911,8.286866422563458
1.5894634631637277,8.115344749087415
1.6928949879409143,9.598122410992229
-0.18870077886269288,9.779054467951184
-0.2943757740321087,10.841677638635222
0.5273488486791971,8.63406833064742
-1.874283257253063,9.211893968567084
0.826416515976871,10.253287197210536
0.25629611533407104,12.848774109801184
1.751058237272897,9.491708112117264
1.292014297787739,11.82118831514453
0.5331339293319819,9.455888616534917
-0.20340718907114974,11.223568606517786
0.9268210908926062,11.30087365111092
-0.2726252307518813,9.278708605074797
0.24875524425810047,10.344557969145106
0.6541494880668424,8.187026040608234
1.2787080111218363,11.051749685292057
1.8202420459399558,11.71805614288223
-1.1977413616477204,10.211968838233801
-0.007481303264078587,8.969558653846882
1.607047968541694,9.328337564735007
1.295585526498657,11.787289208931146
1.0250151656897373,8.714625156807482
1.7582743561006628,10.850783577701295
0.8083887535179644,8.70642301521032
1.2470791523605502,10.647646366069905
0.6540070764322232,10.085493950484135
0.44133513324367346,7.984410832322686
0.874958471414121,9.424860883781191
1.7539286328566184,9.554993798463984
0.7536095857109442,8.534098352750409
1.3567215799211945,8.011634763469331
1.269221248852947,8.145443304323965
0.49845619245812633,10.136377549825864
-1.5205385306652688,9.282618413213767
1.7145222484615763,11.938311363280096
-0.37134280613150006,6.691626456666724
0.5512887170376408,10.073671867220796
-1.1975345155013892,9.561957500913191
-1.118049442341003,11.583819192471156
-0.8265863142359606,10.001613061963077
0.4907581637991898,9.580654012648974
1.6050368311862533,8.695797409561228
1.704238239273062,10.28274957672756
1.21774883071802,10.664226492837622
-0.22624358865582384,10.170198531341232
1.582759777066466,8.321816750877883
0.7716356440990708,8.995422097718501
-0.2893236567033237,9.07659219318109
0.32187040397478395,8.842976842361672
1.9218831911322845,11.18905346496674
-1.3256038062638527,11.151040238352362
0.11933555584828115,10.485067767583246
-1.335082551793365,10.592854988015889
0.4292976671722637,8.839875018915684
-1.047268875813094,7.885409840980197
0.9858085154284559,9.397539761546858
1.7533618272841514,9.393785536264392
-1.3348665249756824,11.011120071142276
0.04574562520634906,9.167798240990932
1.436447030587666,8.840008432787299
1.8459987169485892,9.425512686786403
0.6418788854577246,10.577951662507033
1.525943278355642,8.419934207745289
1.5265413967016426,8.316805904200432
1.9508895589441262,10.328174412837102
1.0652162844756004,9.705876866496515
0.7812757984975383,10.213470373709697
-1.100452879097873,9.150550752464175
-0.7944885033434317,8.741506643333802
-0.7177471025563018,9.916308710033606
0.3549260885252794,11.592474238627442
1.2517136215757483,8.86507885950876
0.07230999216137901,10.604695192467108
-1.0940168992082482,10.527771261632523
0.6817373351876701,9.803298145642504
1.3398271002084674,9.499671703181523
1.5546363210615946,8.673090027739365
-0.7344983704492685,10.211141378502534
-0.8697989299254445,10.829206237782453
-0.4688049422544487,9.898896325449098
1.990513189608626,10.266330725595303
0.9326415125471983,11.509781699435795
0.2732344133418865,8.489409320864574
1.7679657875354868,10.049900449187021
0.928876825248889,8.423860729540374
0.28362821500857915,9.121772233938067
1.0563823463155173,11.446172183186851
-0.19070608946281586,9.309311995805302
1.5580772441750526,8.92048983450867
1.3891869821419758,10.785793601507594
0.6540070764322232,10.085493950484135
1.8285393301591846,9.965112452925405
0.9234813831046416,10.820918454898557
0.7668804565387553,8.406945928728916
1.2335893924658445,8.761115428769976
0.5295652973135496,8.81268435506204
0.4950887626034115,11.785310719686377
1.1077855535700847,9.483357430518163
1.7948196729567232,9.950261784114751
-0.24213850256623148,8.311967763094273
-1.3572745069617773,11.807117970922711
-0.29908725824922433,10.037643738097646
0.07909579422407065,9.027714656406284
1.918937339095439,11.460839870983385
-0.6300991232547832,8.837465291661708
0.6028975373352012,8.882162544265364
1.467081418024001,8.681710936879053
0.2189272131294171,8.427882897708958
-1.2506128346928445,9.671737321188736
0.06908867901724225,9.10259124025221
0.18246715726373974,10.302044035936234
-0.9166709949517031,8.28152122531759
0.22816205310014048,10.179199199111359
-0.3174790524847224,9.5702043227925
1.310441045396613,11.37329546137797
-1.4737387734425815,10.836272330766386
-1.272729388650645,8.734535034726955
1.9580213335372898,10.092862520265214
0.8913568156008491,12.392873561806757
-0.6623952840450054,9.968201768287095
-0.717348981054271,9.070881031696022
1.006719068125693,8.209035901327244
1.9978427242386925,11.962003547881071
0.7223323716750691,12.08352476798363
-0.20104063019784002,10.8938977413506
1.6266131878079957,8.7922004439124
0.2413946974012937,8.970410396741887
0.75317199370902,10.741172282957923
-0.705559123401835,10.292451230441639
0.0014334415375607534,9.426297797505917
-0.21638917449300665,9.849052565267863
0.363333042276043,12.018343260916081
1.1272954533797424,9.498586260882579
1.0886081104633525,9.159726444051122
-0.07239933156009037,10.11588369530504
-0.3835606090281716,9.688621913020697
0.7869486614566026,10.63932231611374
0.6294139286805143,9.90781295293359
1.982065794361299,9.642456812381388
0.8161258103666276,10.097515084244158
0.3181454765999243,9.244399513448368
1.9982308130017543,11.344022461814909
-0.7448714267770851,8.70093496059142
0.46087775292404354,8.019642006677556
-0.6768280342893775,9.872027900719326
0.1491026946721523,10.583063817431288
1.0246533155809843,9.931777352438269
-1.6185563149079858,11.682161964482818
1.2444950797338836,9.381256120792148
0.6971742948000985,11.50053968258134
0.17421144445595438,10.34145532720538
-0.0576412013624088,11.926410501086616
1.7564347932409623,8.468876702839863
1.3567215799211945,8.011634763469331
0.6281219929364292,9.976716715048047
-1.1945448714561024,8.326807163343139
0.1877155039419076,10.247819591211096
-0.03283746950532773,9.333288143706193
-0.6304195068165614,9.505373476959008
-1.5720349553015067,9.207831787476916
0.950329206355566,8.78899954465134
0.3268861098939069,11.185061988112562
1.660555281619584,10.324764238456494
-1.699448873056765,7.899105026276773
-0.12329001562891317,8.883526829908453
-0.49671512396823614,9.547116091416118
0.34947947430230775,10.14891326009157
0.1283472957520453,9.228209820317215
1.3725794601189816,9.191769581286493
0.9436816254957954,11.448678979869083
-0.73854502693553,10.821087976383257
0.1072686642016536,8.365422831368816
0.46713443141016464,9.121101365945112
0.9139627086464528,10.100380967192837
-1.0522667003734054,7.288844833513544
1.020549022694476,7.976608376306919
0.22816205310014048,10.179199199111359
1.290402242638633,13.335253085089576
-1.0213797815811478,8.967620284602305
-0.2146945600537551,8.762937841600221
1.3636348416116286,10.954515716049386
1.878894531191908,8.998295896848738
1.8612108945215993,11.209927282908163
-0.982074673526959,9.118917312838716
-1.3410639644491038,9.610420797034623
-0.6278239768279592,9.629472167724618
1.1164103455831471,8.94751432380567
0.2576663511189907,11.062290707636619
-1.331864215631699,10.61831195407272
0.33207458977654536,9.538151933075506
1.7620158115176103,10.048556568798206
1.501954601583586,7.703282793488259
0.4860292445523364,10.29592127404713
0.5496099248368864,10.898805342206654
0.11774296216510605,9.95730321192947
-0.4189627382753689,9.854651470701324
0.6959768325829216,9.91022127097579
-0.39659433294544044,10.478081917930313
0.30783660048391637,9.415410835342074
0.603886980874178,8.40689012413414
1.3189672148288065,10.354828719177366
-1.3321876450112051,10.373819487572721
-0.16278524714770493,10.875577269176866
-1.7158604438239915,9.294233075816727
-0.38580551674524655,12.15307344545399
0.3946339367881464,10.602193023976874
0.6245843673897689,9.57964369581348
-0.24411431717745558,9.818539477857845
-1.3193894354219324,9.833768902955452
1.8620716729390656,10.489260771848922
0.40433066157286257,8.787342529388662
0.7097522849131779,10.756083567765522
-1.8121423103693308,10.210653135362458
1.4942223049083552,8.922799836658793
0.6287906465602489,9.464805539273835
0.2634022412529866,9.606845365793953
1.0084573307878992,8.410985031240127
1.1494878325970919,8.637899310184356
0.7045671544058285,11.765344392086165
-0.45277103179248,6.539170030840851
1.4871342663688067,7.703412430499127
0.6473567593975145,10.339896858361529
0.46394180104071614,9.48489114404389
-1.6858912562337087,8.946959233956225
1.0979096771039334,7.097016225487475
1.4917833435056331,9.14496801039499
1.4090554975647258,9.823711707071077
-0.018729412264364864,8.788540241579275
1.431431134069956,11.560042271496853
0.1090205998027085,8.845746183619546
0.8219866077384954,8.871102863553872
-1.1028260668598198,10.409162372314455
1.3631402877564582,11.780196207645703
-0.8725809009064003,11.274847431856776
0.0054039745349836465,8.82943752114939
0.6664019161864769,9.111173644056382
-0.06600765957278476,10.130694103650663
1.5605645495840585,8.375080288516518
1.0250151656897373,8.714625156807482
0.9727727949264136,9.565071508884248
1.4785987392486852,9.811364904326936
1.3058584379687317,9.92246097633078
-0.559760392277096,10.57387016888982
1.7314707605065323,8.924894478818365
-1.2103850650778298,10.227983061045645
-0.19344401792464838,9.627756759763965
0.8274293753904685,8.450792725038813
-0.8839668386088135,10.649757526288857
-0.3871574672647089,12.113564269351935
-1.7123731307342176,9.490686051650954
0.788096664017198,11.116399406777063
-0.5267618779726067,12.249778684812393
-1.118049442341003,11.583819192471156
1.4218423360440289,8.263330222665825
1.0351050150293006,8.126713011087743
1.9580213335372898,10.092862520265214
1.0056932701252106,10.742669643284685
1.4962870932207406,8.08749613528295
0.441452031272628,10.557831079848752
0.1018812294235727,8.65923282861365
-1.5736278787680371,9.393684951561635
1.0547690774012821,10.013677883052374
1.0916859275044604,10.867703937085993
-1.7979701166708715,11.883595072478261
0.5304875725357925,10.509204929112675
-1.345376228537182,9.34381946864294
1.6397206326388742,6.909470614761506
-0.20435310962883957,9.047578963740328
-0.8739152063402802,10.238396679680966
1.0886081104633525,9.159726444051122
1.6320741816866495,10.614346313990273
1.3138771977964683,11.491550997204186
1.7527246900988898,10.01951810419232
-0.2652226747184798,10.509561308555254
1.1087436377584385,9.232277412350594
-0.11114029935220282,11.137514437683542
1.2827846430671173,9.65723216693099
-1.4622662905218,10.660704435316298
-0.8221369618323293,11.874377532145367
1.9896917562142167,11.695214441331528
0.09263259927056655,10.78315851027876
1.2226806118002127,9.720247504434266
1.302843806242668,9.959182524407291
1.6003327320659229,8.770013239459958
-0.9121817624072053,9.079398789054368
-0.8452250529172005,10.138808403510476
0.2904289315280897,9.120905527930855
-0.11719600203575364,10.868405226358567
1.054063374672849,8.678452377533796
-1.1150487207732653,9.11904057476735
0.6843726283439042,9.407397813532723
1.4787835394065354,9.856293835415144
0.27189718926432205,9.866502765464208
-1.2394849347251773,10.450906794181527
-0.23137544754875305,9.740421305461984
-1.0854287779861491,9.503882082739585
-1.7431642516994637,9.508234619159355
0.3238743465263698,10.470725245637182
1.8148145059668317,9.95609538524909
1.7946163236119625,9.754332712384068
1.020549022694476,7.976608376306919
-1.0215349037909358,10.248982628568337
-1.5860997454136614,11.185314603649772
0.30742952453080097,9.226096430768285
1.3208115373830482,9.125094119932228
-0.4952381249215114,10.490567311898678
0.22476277052004656,10.032423071744452
0.7389006555240183,8.445586455255562
-1.4709251396060732,11.557436886331235
1.8023680523037533,9.913722297403849
0.7581368356216607,8.764318540779456
-0.8157379598442116,9.38402543744808
0.4783303713083473,7.016872250482292
-0.3374888718833793,7.149152319089122
1.602807456045034,8.777491569911694
1.8021312838176358,9.591436980868764
-0.23266518079218157,10.992971180128086
-0.18206906817857327,8.869752520599805
0.9384332028421403,10.883149410497907
-0.2249991227817154,10.931056960850077
1.1948567666182983,10.341525890966665
1.7084951274577973,9.59700876157927
1.9040552931168544,9.767124654893964
1.3037292342000648,10.770441546337079
-0.2304250370072256,8.099296019624038
0.21371080314827218,9.294210089418554
-1.2076094689610395,9.671038556345154
1.1804411301068987,9.37147346857324
1.9555028485501733,10.855908783800297
1.1807447790748147,10.478236549820997
1.659457560881794,10.051154161821058
0.9582529924450722,8.244711264196882
0.3696311386380704,9.619073282993638
0.11482927953621047,9.216629514945598
0.8826578180314493,7.937573127500849
1.3636348416116286,10.954515716049386
-1.196265245363774,7.578722409242654
0.13392083497913143,9.53865882558593
1.5706868443078994,11.152164998658336
1.9225928782561983,11.572314782703733
-0.982433676632612,9.841724535276537
-0.09033524207858523,10.220671000577257
0.5949884555800726,10.457224152164548
1.8311592039528155,11.398433790958821
1.3781975941402815,9.956307156504208
1.7719311362845427,8.758065677305627
0.6660879067721397,7.645010447311035
-1.1751891363928846,10.046435049072684
0.17701586445479078,10.5149973347307
1.3985895627096459,10.085581415468349
1.599638173418687,7.469806193424459
1.431431134069956,11.560042271496853
-1.0146070110307925,10.6379478684561
-1.2092387875420498,9.577202736030047
-0.4961151122834435,8.931798952995234
1.8736765220016314,8.692303094791317
0.7924676963340942,9.695934755916406
-0.6949843278354129,10.474677460279734
0.5466787286688293,10.185352696154766
-0.5496671496212917,9.036745289016586
1.850930335444556,11.649821358906404
1.0119447721567405,7.31786206748269
1.9166062204024623,10.620889082154902
-0.6825859030001813,9.035778593951882
1.38015859558657,10.487109821494181
-1.187107635655651,9.664235197798481
0.2336169989432202,9.724380538872998
1.4730851220530345,8.440509218727389
1.7478312921242511,11.610533661228263
-0.03257251442741049,9.229145476273878
-1.767328965116301,8.172666928919167
1.9604353843474631,10.063098097146652
-0.958852569735988,10.110363575816233
0.4278924650970617,10.021015088484114
-1.4549977396320886,10.789196078294696
-1.0973416677917798,9.48741609164264
1.0071926543477319,8.278968426881685
0.441452031272628,10.557831079848752
0.03362390657850822,10.543116331370712
-1.4978008404060916,10.239562966257544
1.5051693940957498,10.69491424370765
-1.7724744088894138,10.225541567236593
1.4444540802457024,9.416845772304267
-0.6401125448270073,11.46446577523809
1.7226890222495932,11.368662012604384
0.16508044376671238,9.404068336852898
-1.1055898067053156,10.08249016112849
0.8271088675417833,8.84835013116324
0.36765761767628025,10.509714089419552
-0.4110898817350699,12.11810313592208
1.978257026738099,13.023728186339692
1.9306096459742768,12.083236699764273
1.9806376408004849,7.576707047142637
-1.7724744088894138,10.225541567236593
1.7538728494632498,9.86735681190447
1.4120378218694403,11.429156735697067
-0.37433385370392536,9.522662775620953
1.3382871610225107,8.011797915132965
0.901030641660546,11.298533343575873
0.048372233197123915,9.159827477665715
0.26166375901015204,9.353013653330837
0.6313812184121441,9.972933417523858
1.0217490900623245,9.119316743845264
0.6960054842794143,9.854557899578179
1.850930335444556,11.649821358906404
1.9386789580980328,10.231286226659934
1.7314707605065323,8.924894478818365
1.154388844898123,8.779321457686507
-0.47541247186105773,9.4091958734486
-0.20546963352906333,10.692168421013132
1.9829378082052922,12.3987417350477
0.7819538367106014,9.63229377075869
1.660555281619584,10.324764238456494
-0.4615556960849272,11.357524747799404
-0.8409941883449279,9.532543349051746
0.916693950197792,10.561524164460005
1.7638631513711753,10.589659404404625
0.248443530492918,9.649711593076956
1.2335893924658445,8.761115428769976
1.9678509889545732,9.62897726984216
-1.180790363775162,9.275038994760536
-0.3558112257757675,10.902792424189203
0.38154006928017514,9.145598774306942
1.453965801851273,8.822105607444872
-0.9437520612251249,9.842861000732045
1.1338782401970708,8.975951534428503
-0.024611941033754636,7.731678904769811
0.876183620736982,9.841497397656102
0.5713335632629519,8.674823034684046
1.4831886893524526,8.164121360244902
1.73499769200588,10.68528768460646
-0.49178427599320473,8.995204127063039
-0.2525971895392818,10.192108153152175
-1.2248434799065806,10.832562839971002
0.13329419143842003,8.886886051101236
1.6931980330797178,10.064873729952966
-1.2150171331753374,8.755279570331243
-0.18651757758337073,9.025967305381604
0.5963224080755376,10.166737423582287
-1.1858579100727806,7.4911393174996235
0.3115083257636364,9.294409072769827
0.8909510089552186,11.348367415010296
0.4328455070657866,10.50759378224946
-1.4398207514630839,13.001378318006758
1.8517075009503192,9.254442457501566
0.9612521233758056,9.73863392568223
1.765115715627192,10.193216146589046
0.3464069496182418,11.983250033149957
0.8332961963118812,10.044849608190882
0.2314947026402927,11.491976441014483
-0.06707169649825939,7.942892006595223
0.9741770785491783,8.800141627848651
-0.3679196348596756,9.913089587662277
0.5512887170376408,10.073671867220796
0.6596468979488721,9.815196205989976
1.2176562387098935,9.25705419119719
-0.43567385339295717,8.454216727514584
0.7735101540754097,8.917094619773929
0.6667426075700522,10.729808560141924
1.3039128508323272,9.964381902717017
1.9874970073837894,9.472789103402956
1.7635206782368171,10.763492242740757
-0.6281339211996873,10.366153587267526
1.213218294072134,7.729431517917346
1.9604353843474631,10.063098097146652
0.31470163428957365,8.231691973701286
1.9792771758638041,11.297510579892247
1.5803406910652584,9.750680049556351
-0.5204454974075006,10.503864714702422
0.04510184880300461,10.027256880547954
-0.8221369618323293,11.874377532145367
0.3855743987698461,7.6049723410094
0.5182307875669463,10.441009289688969
-0.6930444377254656,9.986334885594188
-1.2506128346928445,9.671737321188736
1.2057831048918146,9.110308970740611
0.8105183057516632,9.982963257188914
-0.21669780069193534,8.486503194290911
1.4081936632187717,10.263881262772935
1.5789902833252043,9.453762589791616
1.2899222545374438,12.047011810506868
0.874797063891184,8.262218707078297
-1.545769631201484,10.876696218382975
0.1691999024843165,8.280883986776086
1.8505936587117002,10.78484508938098
1.0986917487271932,8.696046369927565
0.5447094588329309,10.391255063923355
-1.4145040313510036,10.086956488710742
1.498988293955899,10.734559871682361
0.8860471193736945,9.486033500958833
0.2879835131343711,9.388216764250513
1.4157715285674115,11.933457789166642
-0.7071882719169791,11.151477129646842
-1.1993831550025327,9.748517328697346
0.024559410778577373,10.125266048695089
1.518405986847048,8.944196265138899
1.8317364842270818,10.496115777085976
1.7281124220400699,9.252659522873188
-0.184841834465443,9.559039390118592
0.22631371400861333,8.79491520398019
0.22494557610309096,10.018047009032145
-0.937257740534946,9.907638988645923
0.4042966672009318,7.8525702710853835
-1.7817383668692042,10.823572524020005
1.1077855535700847,9.483357430518163
1.7828604337640979,8.997032643202584
0.035576280279520756,11.76973798634875
1.7826941482032184,10.785097104488443
0.3811073644162182,8.447142713437469
1.3984006999298324,9.645021105556218
-0.7598639039501998,8.542428376965312
1.4586356874325603,6.383864133941066
0.2635544204070359,11.207165559864778
-0.42658864500895266,10.56069463740908
0.9929552247236004,8.368020422851199
0.6269466581651688,11.19823461987337
1.6490182444046226,8.418427733375095
-0.29999034350721,8.21262270043409
-0.27506452083376853,8.275212825553282
1.4725690175100214,7.084466412369401
1.2226806118002127,9.720247504434266
0.02341077180731599,10.192060290041422
1.882672111175482,12.274187756230399
1.8792841803141789,9.154722210834427
1.5094018125313546,9.913613134676513
0.8350625293826184,10.981072386358147
1.4157938520581745,9.75106393377688
-0.1398546631163602,8.34863893718727
1.8777575027035134,9.93976520323033
-0.2478653732094127,9.518852482238636
1.4708926112203695,9.002153425228805
1.7562739178011664,10.000569805728059
1.1327936531945038,9.251973060963657
0.1801076755877533,8.785773501381483
-0.7052830543830253,10.351507909372158
0.8744149627607825,9.024746423980767
0.5711802820252365,9.315381864937972
0.26182546429643283,8.979589228460387
1.1948567666182983,10.341525890966665
1.5918585873911542,8.840795350284063
0.16518534120428185,9.3254802925901
0.6830601017721429,8.773581160950336
-0.6510489966566317,9.415429159464082
-0.8146076924776771,10.985850355705015
-0.40599188478407866,9.871871281176364
1.6869066778066455,8.362623575548117
-0.22560119472725138,11.995679337203324
0.14631276011448113,11.561016455742386
1.6593397999875124,8.420207978901237
1.8095470095948984,9.764241720445359
-0.8926888110597937,10.954513777307742
-0.7561079144678668,11.422004059051327
1.3103248699228085,10.186382345620098
-0.674611971587797,11.962422555516598
-1.0903130851058829,9.717746759085731
0.14331073789232507,12.225870577255266
-0.5141309495024928,10.593456772385617
0.5192826177388308,8.247960755207066
1.4629089484271747,7.99224906827201
-0.5092459319507441,7.8739129159446275
0.5980357188297893,9.23504531985884
1.4101705795020014,9.018584068909917
1.6010564448082816,10.310194249132046
1.4464998003359137,10.610977200314942
1.7261776284260808,9.853644820755896
1.0152548519134759,9.108341501480256
-1.2103850650778298,10.227983061045645
0.04445455395800213,9.73148873537056
-1.1539730028729278,10.53773063274264
-0.8947235661365855,8.492488994275352
-0.45656221265556374,9.971122330372205
1.4471424840540692,8.530091124293563
1.3262957036418102,8.721952025671529
0.32857921125896805,8.544266299820473
0.17701586445479078,10.5149973347307
0.7744722298951809,8.634607504181531
0.21848196484457993,9.00473431634423
-0.5057348558436776,8.325422751583575
1.3412099823569519,11.157542789260523
0.1705785388303065,9.390032950496026
0.22145420375052494,8.851979383869013
0.058284465071201996,12.863090528752698
-0.17911940367279522,9.327069908870213
1.643191644195471,8.503963410367932
0.6779478207927605,9.439156387140862
-0.8452250529172005,10.138808403510476
-0.21078897498959748,7.850364519565367
-0.8697989299254445,10.829206237782453
1.495560310250061,8.93820413625653
0.2692488785156142,10.439652430637029
0.1764344957578743,8.430194973048145
0.7077631319873494,11.821488935881248
0.3747384796349329,9.419449994622887
-0.15640664717367248,9.66941041514674
0.8818269658510247,8.521624455551915
0.5711802820252365,9.315381864937972
1.0889611035731064,9.565806661385862
0.30783660048391637,9.415410835342074
1.9256856996881009,9.64150569461191
0.6466690385167562,8.272521352069203
-0.25201645733751654,10.491969779290764
0.41721767928591547,12.524698040320807
0.7489373738427316,8.543624806544887
-0.6638178063201616,8.556615809048603
0.801391555466278,10.180682845082728
0.8738157892902003,8.786494593418476
0.4010056403983322,8.221661254673522
1.5052777325692461,7.9914486884693
0.9562679037574902,8.56609930250162
1.2200707729385112,8.366502854057247
-1.0716856885353399,9.196422174435245
-0.20555747618182973,10.417558086731491
1.3129970097488735,10.534191135306424
-0.6199326403017356,8.241350859185474
0.31230019673932663,10.204917704971148
1.0844912634075463,9.577028532368907
1.3167271197996708,10.411432593995436
0.02208316689396117,9.788578407135464
1.2164369842445266,10.268558782582996
-1.0360149680163282,11.575063589931094
1.2054082330809943,9.80439459755922
-1.7846779003661637,10.842438260928434
0.6492549549228799,10.419122818744361
-1.335082551793365,10.592854988015889
0.6473383404559927,9.145150282869572
-1.5736278787680371,9.393684951561635
-0.4673421257634969,8.316277977166234
1.2102429926065117,9.338478439640761
0.6945816698996308,9.287312475445702
-0.019776217381660466,10.31098181849521
0.9271043801506895,10.172840518837067
0.5403746034705752,8.76903713092071
1.4023269163769676,12.033925097525849
0.7572416484107611,10.94549793551436
0.49325773503622994,10.538805791950951
1.7770659564537357,11.5155369471102
-0.6172160259843222,10.40093583764628
-1.040720191173639,10.843538917384723
0.5570515327254513,9.409254995434267
-0.3888578638140201,9.446675594693303
1.894970328153974,10.24578623825856
0.6945816698996308,9.287312475445702
0.47835734983936273,8.322587359350184
-0.9000832321054393,8.980705330301646
0.4076937240605263,10.343840832663144
-1.0402043851054747,9.462046540510158
1.0205344697807837,9.801859684047576
0.686835436976243,10.13882548768347
1.190929053392856,9.727003402907862
1.8620716729390656,10.489260771848922
1.5633285931585341,9.671419823670405
1.6047104928694225,10.185011552126785
1.106387411166967,8.106123527973208
0.8566125855686959,10.662838927722404
0.7827106528613559,8.498212325171465
1.9460609951719188,10.681484331170674
1.0485184818012985,7.210706402910832
0.9808589707633382,9.79604760284652
0.3296906328289859,8.402744630095416
0.9740101431163009,11.126878802112701
-1.6169832053465694,8.528586591420037
-0.5015495414941151,7.997557159425317
0.9679815645046892,8.970853277553802
0.2640736995512838,9.633095829088864
1.2102429926065117,9.338478439640761
-0.16801696398571409,11.313620443073656
0.6007486657826133,11.112216913995155
0.8078675090308134,8.33186903254095
-0.3264666491469139,9.913237508326278
1.32100077112554,9.932182287417227
0.32694658968474677,9.696332390034176
0.9397033895795768,10.973068050287223
1.1214620120275267,9.65351387236619
0.39784455863486645,8.428103554368128
0.5048812865256616,11.37934149030831
-0.26893248160294947,10.205129061635777
1.0201677149851132,9.553756781908309
1.9043133298900754,11.143982529155247
0.14564153232012167,11.476091762523065
0.03889268641426069,10.091007162707779
0.22727344111323022,8.288700821897589
-0.6005532231100861,9.56978795631889
0.4893730584689844,11.43212986712671
-0.719801595877553,9.40075563781959
1.8236753158212768,8.871734834003433
1.245863756606727,9.152169818318047
1.375517644923716,9.556755256318038
1.3844767422204471,10.424931725255664
-1.795458474231597,12.979494750562472
1.8848796475419776,11.00938861262523
-0.8146967924007997,11.61781163773855
0.7508881697222427,9.150093581425548
1.6368085448259482,9.76683607555188
0.30208086786449595,9.909474969715337
-0.49178427599320473,8.995204127063039
-0.1629392113071444,8.940561602096341
-1.9061639131153822,9.811847114896203
1.4218423360440289,8.263330222665825
1.5488509703053062,8.925854375984343
-0.7349194010827729,11.682982805857403
-0.42003891780387015,7.951295893249205
1.1768426501976217,10.332226405184564
1.7607193389169655,9.56797127779266
-1.9350262271621852,13.364206683725806
-0.8147675181760397,11.560153814022675
-1.2724796624034207,9.45523971839743
1.2929054369859978,10.261505263484079
1.2690370759500915,10.962884688913958
1.990513189608626,10.266330725595303
0.5336150260416939,10.977614502276147
-1.4912752431324523,9.268603740062247
-1.3410639644491038,9.610420797034623
-1.6317320556700983,9.49427227438828
1.8739551103775351,9.372041376166756
1.6304440102262197,9.888492979312588
0.30617995980456003,8.961831770573326
-0.40882623628360726,8.826411720114796
-0.9172655827930756,8.796882961087622
-0.6979866474954584,6.557874444313944
-0.7249899882717203,10.22472158563814
0.4988026776264318,9.981342281961298
-1.1169215488449584,7.853564347738336
-0.7469970380447122,10.367538409525965
1.9491045172597778,12.944092085522708
0.8242324585521232,11.285118973321723
1.1942233525223962,9.676777635439386
1.4743965127578411,9.855886911712695
-0.04085652804703699,8.51279045657011
0.7124900061465858,10.655533002903097
1.4898512603346967,10.043700982912796
-1.282575958843036,11.130063541277206
0.287590089835815,10.328187972317382
1.6432968813215845,9.593802998088943
0.1274870660200662,8.090604015828296
1.04281922417558,8.699116727638652
0.32828052449689427,9.336360602765401
0.248443530492918,9.649711593076956
0.0589687750271195,10.758667220037033
-1.014917063587307,9.472951801018649
0.5444225385744743,11.099649876946886
-0.23157186128111995,10.413814976365897
-1.2916709784108407,11.387422772717098
0.29375155249314444,8.22123238090912
1.5935458663361395,11.334727253594705
-1.7983329055911632,12.13246557152948
-0.761889534854689,8.850669060832894
1.8088871427903785,10.510727666796893
0.6817373351876701,9.803298145642504
1.719687052582659,8.833099910123646
-1.6257623723506578,9.646604358382568
-0.14950817304273478,11.543662264872843
0.2482911776102843,10.352968731306497
0.0023172697233251327,10.080555796936704
1.6902896196232002,9.982812260179017
1.4861827228325057,8.24243448774697
1.9840511335289932,9.918604228268144
1.1521405983000883,11.319712109526273
-1.457354131358489,9.790236505422927
0.48053039120614693,11.80031844926746
0.8528275331304709,10.17223704628391
0.21541713760528314,7.204780379384532
1.53737371188515,8.880935125339473
0.5638883093813281,8.828105044664262
0.7694172246176567,7.531196632485382
1.7343725748050063,8.344975796143219
1.5159156011290693,10.063940839665875
-1.219028048807822,10.299198102385152
0.36170441243156537,10.936529021968154
0.0024970722816712865,10.02502293125064
1.7639692902977484,11.506316316825796
1.4838764949843424,9.614475518048827
0.5975152809464896,9.229802632728623
0.42854112353430773,9.271551333832145
-0.2889074650565506,11.676853551517244
0.9086762790652321,8.570173419894424
-0.06959505735391724,8.915995221326346
0.4726229372724764,9.042969482761295
0.024559410778577373,10.125266048695089
1.2929054369859978,10.261505263484079
-0.14928085732157426,9.473621787158645
0.9636162246082858,9.612650006195263
0.31230019673932663,10.204917704971148
-0.4120739317028663,10.863552881554762
0.9105245507987547,9.232421386403466
-1.4978008404060916,10.239562966257544
1.5672808456264513,9.007514894000922
1.0194901156342424,8.04226130715271
1.3409171633840593,10.138442171002556
0.32187040397478395,8.842976842361672
0.9741770785491783,8.800141627848651
-0.3382279976316416,8.858410166423996
-0.6004181454104054,10.795095665423426
0.2827586463073919,9.263162988197207
0.9859656204720966,7.590246692823345
1.4182746561305635,9.473425909953576
-0.8162718822535355,11.979428834056277
1.8898455601116089,8.369356997289179
-0.6192806468174781,9.032967661443546
0.04610256323797213,9.669635916262447
0.5512887170376408,10.073671867220796
0.28350966735790495,11.100766398021362
1.3128510315463768,10.701822240112861
0.9018726738006513,9.844079613073603
0.5438188286549139,9.557357804224376
-0.8351067256868956,11.126569965330152
-0.4323577482243639,9.840405255577956
-0.37157404349748946,9.504879805920716
0.5270993746110215,11.786362752110835
-1.9445514563485595,11.439782245652086
0.8703910626327049,9.249169885917063
0.9151122178025899,9.220922342084062
-0.01672210940584362,9.52676966164729
1.0132517275170283,9.446776375565147
1.8902729425989473,9.08499502832878
-0.5267618779726067,12.249778684812393
-0.8310041730424484,10.480355532100793
0.12375071364837531,9.975262981601269
0.8157436293113234,8.889334057101188
1.611579980767949,8.941941123808368
1.643305058745261,9.062176305149992
0.22727344111323022,8.288700821897589
-1.2971390166526966,12.763211337716132
-1.1908242033671854,8.032050681746112
0.5336150260416939,10.977614502276147
1.387875416828242,10.946009164162048
-1.8028013503633202,10.009461916489736
-0.9531772650563761,9.73454428477639
0.9551121156743907,9.341064697216073
0.7601875536377984,7.495354459406838
1.0051156974950675,10.42392667870753
1.7448489849747593,8.576214793266491
1.3725794601189816,9.191769581286493
-1.4581618528212368,10.065514564772322
-1.2445192529485825,10.421763979181295
1.611579980767949,8.941941123808368
1.9982308130017543,11.344022461814909
-0.14407320733245044,10.41310557879035
1.9646745045479062,11.187383026750995
-0.8629036282899332,9.83686855514103
0.8842186435914874,10.473031504017346
-0.14986113546740842,12.739613046593158
1.8547407547481964,11.341922866543774
-0.819837169383375,11.472775216565264
1.5268358785543388,9.14918265414995
-1.7906685707973486,9.090749932868302
-0.8871312517247114,9.619025576998318
-1.201713536416245,10.1921659066267
0.0922616990764773,9.100146669545412
0.1705785388303065,9.390032950496026
-0.7944885033434317,8.741506643333802
0.07359850653226063,10.545351459108902
1.3894202156374673,11.92977882686973
1.1057897859988985,9.720242455305701
0.6440570169892812,10.458121409688653
0.8389483392040811,8.444125257326899
-0.07549723273261755,10.772438062978361
0.7545265172315023,7.88228623989412
-0.705559123401835,10.292451230441639
0.7023470942697552,10.687280589572755
0.659939613903981,9.841639012907157
0.2311336694800996,11.273355203372882
-1.2092387875420498,9.577202736030047
1.9792771758638041,11.297510579892247
0.4726229372724764,9.042969482761295
0.9946887010039633,7.640414246870331
0.0748039775223801,8.793352454757223
-0.7227454496383405,9.761569974475556
0.44133513324367346,7.984410832322686
1.209607137805297,8.648254219962148
0.9271043801506895,10.172840518837067
0.16806119391890428,8.99036548307783
1.2904572740547136,11.501954703357837
0.9304507969615949,9.681379679045772
0.5456054807336281,10.210840463992612
1.281013275779559,10.405963209174315
0.11813446008982975,7.330615731063129
-0.9274270815523167,9.653667416281689
-0.576168906117438,11.112943119562036
1.5028681462357576,9.6943359231033
0.585629500912356,11.41303487387867
0.9715259746717559,10.28238291042178
0.7223323716750691,12.08352476798363
1.4743965127578411,9.855886911712695
0.8605000792675517,10.517928533479145
-0.9759153077539477,10.078298857029528
-1.442983716861184,10.503654278886822
-0.9910359193065537,9.725465378548858
1.2905917087755574,10.552577026257186
0.9883130685161157,8.663365227656849
1.6385072777463696,8.822218226916144
1.6359235676594568,9.270057981131794
1.7790003208408471,8.644000895830276
0.13920390767667223,11.06611297178232
1.3999014859226477,10.269029968494356
-0.23951691606025527,9.282719863164495
-0.05887713155920693,9.640829101913667
0.8782336530617396,9.744895688079735
1.4389912227402677,10.001196861842212
1.7956648727548603,10.76646186473263
1.2671178660225442,9.352252777607347
-0.5623046926767317,9.846148751970594
0.6324088722259682,9.969280687945329
0.6468747305758265,12.427808697217808
0.44585444490264337,10.065137838095957
0.943741567749782,9.671517987107931
-1.158511673880657,11.128382142979783
0.6474412488600221,7.754467941491515
0.1904479365712377,11.088671135548136
1.8090560581334891,9.685873864493017
-0.45579625739265683,8.19334122842283
1.602807456045034,8.777491569911694
0.21639712158330449,9.426522962189097
1.869312445413879,10.454601652007812
0.2640736995512838,9.633095829088864
0.04536959544375119,9.843690989328417
1.8690847614811905,13.093681415233563
-1.9626201860550232,13.335622804285954
1.6368808234462406,7.770197902309867
1.590035340433416,9.069384143347351
-1.5271255108356456,11.320706513551126
1.7284731299344496,9.052496445894228
0.8626506082892456,7.792787968852299
0.9058468604520193,8.79769243856235
1.3686615066015242,8.65996030011492
0.06960515929986455,10.084492295825596
-0.03283746950532773,9.333288143706193
-1.302362931554002,12.085107619037391
1.0246533155809843,9.931777352438269
-0.9207171194871426,6.80244897668091
1.9505982549442313,10.341513021051759
1.7269616132660328,9.734292195915069
-1.3040904019127857,9.887062964246407
0.15664510670101794,10.2325968300517
1.7474137203640612,10.285265405429861
0.8576966562849688,8.25131305267135
-1.1837424458135977,8.268240627962607
-0.5099642737861365,8.811342878491995
1.582092913984802,10.98991461427893
-0.048583824294550215,10.184724711592548
0.11031848970140157,9.603820345392378
0.3739856632874057,9.198252246436772
0.9436816254957954,11.448678979869083
0.5928367097942235,8.376683768243849
0.6548179157050242,10.596893971745054
1.2895248447414174,12.111909920184992
1.5789902833252043,9.453762589791616
0.5768520639584716,9.927260910140198
-0.19252382139088864,10.556466276132799
1.1326401161116113,11.0813027024369
0.6341620626802196,10.009077780026905
1.2120082878313485,8.936037844550187
0.9712860063394633,9.46274989473178
0.9038227154809575,8.142911459621207
1.4932916634432307,10.056203645331053
0.10437605300616815,9.36172661636948
0.6918664895777296,9.715251565736034
1.0849722961327122,10.022277810643795
-1.1539730028729278,10.53773063274264
-1.3328506592653033,11.61767367242945
-0.3811765026833194,10.244516797284897
1.4135829341477666,10.534274223459668
-0.3174790524847224,9.5702043227925
0.1027607292107433,10.743367222214378
-0.9274270815523167,9.653667416281689
-0.5618274219199861,10.04759285328551
1.1229309201146789,9.116936351293344
1.8827061816389765,10.174556586832791
0.7668804565387553,8.406945928728916
-0.2787342878304364,9.578881127771089
1.3526198999545702,10.090630280013423
1.2429218609216508,9.658473257836556
1.9773212107428595,9.920050818637812
-0.8725809009064003,11.274847431856776
1.609613104442699,9.789535868392884
0.7440968957435641,8.574779608636629
-0.2249991227817154,10.931056960850077
-0.6619548450322714,9.87809573467278
0.28243898655531874,9.74686669703349
1.2069123322791673,9.568439018810551
0.39425197287103986,9.146338121891539
0.8218433211339451,11.247854637832365
-0.5011121179704943,10.45975211842445
-1.1687046341646568,8.546492648340534
1.3267881747030938,8.92527147431352
-0.07543959258073007,10.30171533818832
0.7783817090131415,9.953220367212067
0.07516248697346439,9.39227647652236
-0.6172160259843222,10.40093583764628
-0.5512735888233937,8.538600381258902
1.4005309387401472,11.578956974813543
-0.6575630230363947,10.136053676979571
-0.8265863142359606,10.001613061963077
0.4240553277443251,10.823596544738823
0.294115805822293,9.467110375480217
0.1705785388303065,9.390032950496026
1.6839780843863035,10.79547540976156
1.2427342813503675,10.426510271253687
0.5137058264583483,9.005869119063723
1.1963285830878179,9.617510032735414
0.7818688267594487,10.085685767598951
0.8059964058606641,9.528534302541077
-0.42885741468518024,11.146526255345156
0.8941382933243545,10.761746278844686
-0.20459453739198796,11.095949643107831
1.1116376269941473,10.110075523435656
1.8056928833822639,11.291559721128259
-1.742037278176615,8.615358719280563
1.643305058745261,9.062176305149992
-0.36982787587027666,10.412594914568764
1.8795153068305561,9.86242252001399
-0.8238411598400037,10.664619403365478
1.5802668917448566,9.035154551776104
-0.3281259679444517,9.370345819861273
0.903919639941182,9.395015400521174
1.5000347989758809,10.161136174273846
-1.9323488003135707,11.528188282100894
1.1857622460939092,8.718574410607992
1.784461848534531,7.983943843501464
-1.3172902587910653,9.46471108792209
0.16119762704599871,10.407994412418377
1.365759039824979,9.442728385467648
1.2516040365203103,12.791260812228792
-0.8525325000688242,8.328487861844897
-0.5810857730791494,10.39841858525396
0.4486346357729163,9.727740404399404
-0.9447757002145698,8.34891447910319
0.8738157892902003,8.786494593418476
1.839666758568364,8.355638842947867
1.2777114146814603,9.657453393422326
0.1322211603788448,9.067238468165247
-0.4631731480567991,11.437990191987945
-1.7983329055911632,12.13246557152948
1.5792666242421105,9.413874369158927
-0.1978538437316959,10.6529219079902
-1.0169987512564487,9.49194201602844
0.7603014167551909,7.671828987184489
-0.8447601201836417,9.124273257111911
1.2641340092082736,10.098854378885346
-1.331864215631699,10.61831195407272
1.2642270284572943,11.46929617540241
1.6030406498029297,9.02846216865545
0.4907581637991898,9.580654012648974
-0.25549388345873325,7.781392906450864
1.285037681491382,10.566738347561184
1.0194901156342424,8.04226130715271
1.790752103857883,9.842793084438533
1.3398271002084674,9.499671703181523
1.2905917087755574,10.552577026257186
-1.9402001155830444,11.465836167437015
1.4947943738653802,10.517169990864126
0.8223434505752985,9.74757223983394
-1.6734800718776417,8.422134748803359
1.2102429926065117,9.338478439640761
-0.2062179120867209,8.987044918997295
-1.4764754457856961,11.764813822393064
-0.4420724203903186,7.710207213387286
0.05973339965303781,12.057893696494862
-1.2686488805247316,9.493959359657541
0.6971742948000985,11.50053968258134
1.673140141519831,8.213257846631441
-0.49178427599320473,8.995204127063039
-0.1985960843783494,11.015653251221055
0.13392083497913143,9.53865882558593
0.5467716574317669,9.17306846119024
1.9198813174354026,10.299527558059658
1.3871400074789815,9.328790027258128
1.950672031986588,12.74083502915218
-1.0647486676277436,8.887446080122034
-0.7728936019114352,10.08217421336684
-0.47541247186105773,9.4091958734486
1.4365214390049332,7.955440497515182
-0.9598078389902645,7.113628005970302
1.313512582406585,8.84770023718743
-0.07239933156009037,10.11588369530504
0.6859165946688277,7.690927533697961
0.4910136129593643,10.830993445342376
1.6637720158162095,10.008110185370782
0.3803117228010193,8.564243320723751
1.4120378218694403,11.429156735697067
0.6741867804559414,9.057767785200667
-0.6505636865708815,11.294979784557057
0.8638889153895901,9.096014575083977
0.34947947430230775,10.14891326009157
-0.00016403214084625972,9.423518611816935
1.8990403253447812,11.215781289580642
-0.6510489966566317,9.415429159464082
0.02341077180731599,10.192060290041422
0.5336150260416939,10.977614502276147
1.7527246900988898,10.01951810419232
1.8239202353042892,7.5067156207115
-0.6690820939584836,11.765412660613162
1.3058298644309665,11.112218922152383
1.1272954533797424,9.498586260882579
0.3876427621866245,8.373941735621747
0.7555412082003627,7.841785778369084
-0.08327248948107613,9.231208173039146
1.7377321550137657,10.04972342363783
0.6779478207927605,9.439156387140862
1.494712138242995,6.90449786419127
1.48533436936113,8.54957100388473
0.06734707093799663,7.245804562119192
1.5871536396240473,9.004610745138077
0.5071352682073784,11.412990179348864
1.0197608006333159,9.570358531080462
1.7310117562412528,9.351636495530311
0.7581070041262445,8.93202995974407
0.46027901605879196,9.577556003484649
1.5268358785543388,9.14918265414995
1.0687531557245076,9.317337945914327
-0.3871574672647089,12.113564269351935
0.08064089209758274,9.164097215767574
1.8360967038918639,8.819650375249081
0.5341411744646809,9.322911884998057
-0.41611810935018045,9.697195340751849
-1.3980180077096578,8.25826934888417
-0.8509692204917294,9.509800645656927
-0.8798506817980423,9.908986162414799
0.01752281719506721,10.233567472554382
-0.23266518079218157,10.992971180128086
-0.025963269357600183,9.747058621363772
-0.07109907865069376,10.762861730089199
1.3037292342000648,10.770441546337079
1.392812514211582,10.715945446467627
1.7259615476757042,10.110521322088086
-0.257666740748268,11.257103512411685
-0.6383537755429614,10.933694915528065
-0.6383537755429614,10.933694915528065
-0.3623517127319267,8.712857884766931
1.2435143240316737,10.256883386310685
1.8445419416303719,11.699863942192748
-0.8024176465132751,10.971661168193846
1.6431797220397955,8.339793802276615
1.1765382469290895,9.77664444700537
0.9548926029062654,10.82533610349212
-0.004417341856232326,9.20561409429514
-0.024611941033754636,7.731678904769811
1.1280073023757655,8.689258367611535
1.0899913843852556,8.922204482231344
0.1765040078524036,9.493425428281807
1.8124804575765512,10.444529239778053
1.5639814985770593,9.83932308434767
-1.6573670016142779,8.279755473604054
0.499181594874901,9.45148297611509
0.297150300360844,10.635155802762746
-0.4866096732694123,9.130985196229483
0.4853224966228291,11.2793766571291
-0.3554908869624831,8.325092526208369
0.47835181959131834,9.103753299960587
0.6910584576498668,9.954502251127375
0.6521887672136897,9.222812697967012
1.4576119487775907,8.912349931213878
0.8744149627607825,9.024746423980767
1.9042823441276173,8.436639459048672
0.7467144468965179,7.765238524557993
-0.796145732212735,10.338194252658552
0.8078675090308134,8.33186903254095
0.8566125855686959,10.662838927722404
-0.009735666445096491,9.430429669263873
0.7588061394474743,8.616919804669415
0.3256995794763484,9.76268221711326
1.450700651782903,8.98863700798189
0.34947947430230775,10.14891326009157
1.1395879084458702,9.949002144248405
1.9846306939951153,10.148406229072174
0.90852478752771,8.944445958312661
0.499775081631328,10.141859292053242
-0.07202032906853173,10.716498469856061
1.4485104690618025,7.575961391551579
1.645367264865635,9.904966779833183
0.9195564708143911,10.604351598256073
0.8488808207086347,10.21029734777333
0.363465069580458,11.70623338392982
0.5932720298083822,11.286871625489672
0.7827106528613559,8.498212325171465
0.32828052449689427,9.336360602765401
1.0047121912336725,9.586397712014627
-1.4066271961516446,9.956067068591064
0.8131089109298064,9.30744113213381
1.2474467993303362,10.140437300089435
1.431431134069956,11.560042271496853
-1.685686011379917,10.57938594839862
-0.5543848837312546,9.217085449876594
0.10803049832613487,8.966995898089996
1.049140539106463,8.151622380829872
0.3719389910219757,8.529464987807055
-0.6399824557604314,8.403358494172364
1.729067535683889,8.815318730811017
0.8069530955090287,6.879716721996443
-0.4783978041183614,8.615894471121866
-0.6282813489632164,9.626344427020157
1.0836488149832877,9.07144283664067
-1.5077915056387003,10.608320197242435
-0.8167036100138558,10.819482308111146
0.4730190861211838,9.57382895495778
0.39639730041100973,9.619109471245594
-0.3555463320206056,9.992619833224325
0.363465069580458,11.70623338392982
0.15330548803964827,10.550319839482972
1.9703271819510535,10.310388200148942
-0.35841269204135395,10.459925739422793
-0.7741461278287187,10.457570643803287
0.40621551719929627,10.675036377237877
-0.09781585005269333,7.50697388663264
0.9320004288904928,10.300045228560789
0.04574562520634906,9.167798240990932
1.1946231214265461,8.913854958079675
-0.5480686383845135,10.94616987827942
1.7838835593823972,10.15898781560969
-1.6317320556700983,9.49427227438828
-1.708947974543226,9.026762133960972
0.6940671472690361,10.28011605394492
-0.43275642153131333,9.382392403784635
0.8488808207086347,10.21029734777333
1.3129970097488735,10.534191135306424
-1.742037278176615,8.615358719280563
1.5706868443078994,11.152164998658336
0.5351331389891505,9.855825631428106
1.639772575417568,8.979205406124304
-1.5144543273623743,11.309380939264546
0.9922927177181284,7.561967330703575
0.44133513324367346,7.984410832322686
1.6169731656302604,10.674546272233753
-1.488601052026132,11.586971467767006
1.1855628904788356,9.902121542902648
0.28913525816800467,9.792859384029097
1.437299804281904,10.558563328659101
0.17702934806100323,9.665039044777016
1.9494738892488002,10.015538582284243
-0.4803028361519419,9.855743857197897
0.11933555584828115,10.485067767583246
1.450700651782903,8.98863700798189
0.8564765636996636,9.591587563327732
1.6287801228233194,9.931896494530163
1.0205344697807837,9.801859684047576
0.8326883545811263,9.510203265553557
1.778456877896093,11.219014529726998
1.9982308130017543,11.344022461814909
1.1453800576622082,9.8949437897366
1.8534412817841517,10.393292477253334
1.5918208647400767,9.814430149496296
1.0986141247247274,9.812870765675152
1.788611744025419,9.849814430622766
1.4198960782458974,9.364795543938701
-1.0322890875230537,8.751038392188706
-1.620138899086494,9.866387007851557
0.8334519068601391,8.710284004680213
1.8796481844290818,10.136412622012521
1.4944741149488614,8.686625122710463
0.4707783447543634,7.57253282222479
1.9530484605727474,10.471081628722514
1.0577629123020174,9.580777296464287
-1.0273112360021837,9.844547810876088
1.3938870976250586,11.561248138510608
-0.40598106241050624,9.982741201767377
-0.02006882115015607,10.096717820974167
0.00447880330139272,8.462188886472013
-0.37130504560449884,6.7308765527142
1.4574329993585482,8.883490566927048
1.9040552931168544,9.767124654893964
1.7305924021699144,10.005102588015626
0.49434275201103883,9.71723695378085
1.588863031813307,7.72088803387299
1.1326457236947887,9.223733710352926
-0.20636863593626842,8.844898762868084
-0.5875884442464421,12.176618890607704
-0.038182365920861105,8.737513922481797
1.6440627999168802,7.45659486107785
-0.054068937070308465,12.18239826954787
1.8822933305094418,9.590412829984464
-0.5674411338834222,8.561899642898148
1.4856561367634171,9.818149713261775
-0.029723716986809645,8.982134436242294
-0.2893236567033237,9.07659219318109
1.9062440932916171,12.057391821708558
0.32879498637645543,9.644937123203873
0.950329206355566,8.78899954465134
-0.17244771305093254,10.580265751094668
0.32068947690932914,9.490874723296606
0.7886650171614016,11.707300155713007
0.75317199370902,10.741172282957923
1.6030406498029297,9.02846216865545
1.0197301591402015,7.435188582627788
0.5370106138061495,9.040669888034556
-0.788276377438283,9.37530688609019
1.6000924935920446,10.913207317103836
1.7472898481323673,8.482063698629528
1.7314707605065323,8.924894478818365
0.5806911616377994,7.045126037823635
0.9309338991446605,9.787728501817309
-0.8503616141376811,6.415097580257649
0.012529890206160132,9.127308186962635
1.0430372335478002,8.873746424625446
-0.3262020112981676,10.239133229322183
0.7530969431209482,9.797512221550004
0.6592310343209782,9.393435539815187
0.4860292445523364,10.29592127404713
-0.23266518079218157,10.992971180128086
-0.42885741468518024,11.146526255345156
-0.559760392277096,10.57387016888982
0.08064089209758274,9.164097215767574
0.42035807416215354,9.068863236802926
0.4240600099177727,8.983321283019588
-0.12879035185064325,8.242263497210361
0.14747287188240854,11.059115959206679
0.37027273105930725,10.14474498128401
1.3524611585924409,11.736837218487842
1.5565221428194334,8.112812635145202
0.4616831192833417,11.34063352317429
-0.9705381663934638,9.091500490070143
1.010866558230565,10.440392570559899
-0.455589448796903,8.286509659284913
0.3354330692320615,9.805865696436513
0.050670903825665636,9.408965741214603
0.6458648212946074,10.575689335710326
0.477961384038458,7.175397571721891
0.8078675090308134,8.33186903254095
0.4893730584689844,11.43212986712671
-0.4100480303094889,12.78586918107834
1.6974173847752017,10.109969319218452
-1.2971390166526966,12.763211337716132
-0.6547490899801778,9.688330641251211
-0.24887409080152034,8.098657560264462
-1.0301179854610814,9.935383037516285
0.18246715726373974,10.302044035936234
1.2607209278795564,9.887326981911439
-0.3924512004370797,9.739603856050566
1.570235993959911,9.493330235266528
1.8535777368542017,12.770151360139506
0.5963224080755376,10.166737423582287
-1.1858579100727806,7.4911393174996235
-0.7519947755661986,10.277575570908798
0.44662270258405634,9.536210646824593
0.7635359062032911,8.286866422563458
0.4800053339096335,11.559180015478038
0.04587016017046963,9.847012261179001
-0.2851919160542655,9.992920854887483
0.7592842853150477,7.819929893487559
0.841687260049647,9.03828732297643
1.7259615476757042,10.110521322088086
-0.7868758957382189,9.149777748937412
0.70410515221019,9.293797673345333
0.8487168853901434,8.616150051583185
-0.11087278334807316,9.834104302831927
1.8429852110854217,10.876968365566496
1.795542149013333,9.408511133201818
-0.7192753302862456,8.192823245770565
0.22900733327364264,12.327835133515617
-0.7052830543830253,10.351507909372158
1.8207006419125298,10.970103749445101
1.5942424186993573,8.457979355706868
0.37512252777380883,8.321535421523025
1.0498347429627621,9.253610451893742
1.8947685394007951,12.115605446208994
-0.7071882719169791,11.151477129646842
1.7194819291755161,10.715171152666679
1.0661092648865087,9.853408319208825
0.5638621123950309,9.597590960160472
-0.3878449683714713,11.656722367497458
1.6315951751184774,10.680542956091028
-0.8613010446141454,10.604613050160413
0.3694013143734489,10.068002957798837
-0.7590588650211809,8.15165199604944
0.3814228900412475,9.33143236708071
1.8514819760072387,11.862777741774492
-0.7682802336352363,8.672098660999442
0.14331073789232507,12.225870577255266
-0.532168672732019,11.750912918508138
-0.7165818290006256,9.797039464380617
1.8579066156032464,11.010409068091652
-0.21309412518943782,8.491131285133378
-0.4952381249215114,10.490567311898678
0.928876825248889,8.423860729540374
0.2769208483657919,9.204148592758216
0.841687260049647,9.03828732297643
0.7421544822504931,8.990659243307054
0.621743913762645,9.994754759087769
1.4059567265861865,11.723455777140659
-1.0437344636998813,8.106051414147457
-0.9210301365049318,7.026418747305282
1.771650845567026,9.0844761376327
1.3592064266577069,9.683998884501976
1.550816731033199,10.949530797169823
1.8236751998481768,12.355540524082771
1.8822933305094418,9.590412829984464
-0.2304250370072256,8.099296019624038
1.7843024722753253,10.275540862225053
0.19183795589477182,9.87842965377473
1.4941370569808585,8.702216468286885
0.582288725709712,9.094281490581883
-0.9053344603141693,9.782446751966374
1.010866558230565,10.440392570559899
0.8271088675417833,8.84835013116324
1.6632573927629757,10.463697812118335
0.9160286721639492,11.10599906220632
0.7101690698358127,8.812496470445469
0.963532826887942,10.162379870608387
1.6581946553942357,8.727947253506919
1.4306239529673093,10.939525422166817
-0.12577202163546142,8.462935233548974
1.8034542490016414,10.593799834663336
1.6737057285816346,9.466123674703471
1.4173839311308618,8.382613208348161
1.9712159127440576,11.050470993314647
1.3636348416116286,10.954515716049386
1.3156618966027094,10.332671322806522
0.34323357686097733,9.99965995167988
0.5270993746110215,11.786362752110835
-1.2812675645190321,11.114343698666197
1.4752043832712811,9.331217520610497
-0.7561079144678668,11.422004059051327
1.0119447721567405,7.31786206748269
0.8681917548284188,10.323788758824856
1.5063924753400748,8.297576449547837
0.2576663511189907,11.062290707636619
-0.2923787174547856,9.421590701694598
-0.5291367877622659,9.29950089539698
-1.2754026018612787,10.489149221071285
-1.4101898931748642,8.223697538310086
-0.5976497647736121,10.525817931554295
1.4347924849782956,9.641162933821256
1.805719241447329,11.0167493374707
-0.872699986818112,9.658738291553313
1.9505982549442313,10.341513021051759
-0.9618328672956387,9.7519998262779
1.802447098971561,9.886853422965569
0.11482927953621047,9.216629514945598
-0.2062179120867209,8.987044918997295
0.8576966562849688,8.25131305267135
-1.0324268235484433,10.723195857660919
0.25557168422160936,10.156049713982345
-1.3874219996641752,7.78470954431254
1.4629089484271747,7.99224906827201
-0.5079716004857571,9.539584440100203
-1.640696989711664,10.849125568057673
-0.6994682863989423,9.650512097524405
1.4059567265861865,11.723455777140659
-0.19961892563656258,10.017083667750283
1.1710324542912511,10.298890991829177
-0.8992391529060972,10.006621585684629
-1.477158493039202,9.109463673556325
-1.345376228537182,9.34381946864294
-0.35521004446981674,8.727686448379409
-1.951516901424427,12.461730847691896
1.5250322710520465,10.150866708316721
1.8990403253447812,11.215781289580642
1.3074342438910125,11.250056626275343
1.9245749271672876,9.570085049120367
-1.902436027559613,11.664622471295349
0.3876427621866245,8.373941735621747
0.4709076962471772,8.839900338382218
1.8236753158212768,8.871734834003433
0.8350625293826184,10.981072386358147
-1.708947974543226,9.026762133960972
0.22494557610309096,10.018047009032145
0.898231636635273,11.35711877337051
-0.5131037343906271,9.17640063166736
-1.5958167559574132,8.298702486589153
1.5884410398103084,8.456021749222469
0.5941366361333698,7.884685289892939
-1.750423725606891,8.955671010628183
0.8372571792139336,9.837925418425653
0.5985315961888587,9.129666610878013
0.43017940760575346,8.726393624241629
-0.9497990799199991,9.188807240599173
-1.5968879944902934,7.422952448714378
1.6494533824667639,9.79259234390532
1.9031152741957307,12.155745809864305
-0.6511736977369917,10.994859306698814
1.7687418179585541,9.920269633880158
1.4838764949843424,9.614475518048827
1.290148971692676,11.196041882557436
0.41454880223750035,9.361685325344244
1.8124804575765512,10.444529239778053
0.7258424500686851,10.95255295165083
1.283396037052515,10.51977768206015
0.3334750603886385,10.89046030026
0.6013027453877475,8.943303986976002
1.5918585873911542,8.840795350284063
-0.559760392277096,10.57387016888982
1.301759582994515,8.38157538797246
0.09356364549746576,10.449458824303138
0.5102323203362538,12.481175592185775
1.8630817755371485,9.141137896966635
1.4005309387401472,11.578956974813543
0.8350625293826184,10.981072386358147
-0.6764516492248229,9.881908817126922
-1.7918166449754742,11.1822827844905
0.6940671472690361,10.28011605394492
0.7798043556098468,10.293738279627846
-1.6612466324987727,7.1066928220210706
0.0041895111776728555,8.25763139938208
1.301759582994515,8.38157538797246
-1.0305852194529508,10.076599522336062
-0.045427238381337,9.654492323306723
1.5672808456264513,9.007514894000922
0.5362202240439333,9.558449943614063
1.1407038455720544,10.811308071926206
-0.5592374343549484,9.083357275468801
0.38432782095322393,10.464618213701108
0.9208868710289968,9.04476159093923
1.1278399086318367,9.221805995716299
1.4656927341588006,9.441797294192934
0.1253598129464364,7.275571060840225
-0.3280031323185937,7.575563430800214
-1.5924275965082528,8.721309419981942
1.04281922417558,8.699116727638652
-0.7621496942152706,8.206629324138266
1.2492693308564755,11.411079801306709
0.6762140612677916,10.54809494515833
0.5836689653264049,9.344099786191942
1.1085876637097472,9.449439461501692
-1.0875984883904595,9.551123785685661
0.7470228811276356,7.744444137430691
1.106387411166967,8.106123527973208
-0.08327248948107613,9.231208173039146
0.05001059508132677,9.413096348810026
-0.14427449275066895,12.224537608925495
1.2114137943920458,10.26983659647778
1.5238920225586297,8.131967180863708
0.7715137107866088,8.832786006713464
1.4932916634432307,10.056203645331053
0.903919639941182,9.395015400521174
1.1931807158671006,11.804011501178916
0.7081512595280408,7.491061417667943
1.5580772441750526,8.92048983450867
-0.5459421705229333,10.14539387947166
0.5864845346302214,10.893274997719331
-1.6609353822946673,6.8630849806686225
-0.2661110689774624,9.140814488415032
-1.6123306917320206,13.023039348935775
0.10437605300616815,9.36172661636948
-0.4290595431030897,10.3460586056751
1.2952069996821516,10.709251727107747
0.3122884080496502,9.52307925218787
0.4893730584689844,11.43212986712671
-0.8899087803904298,10.072581154831601
1.2850292186880514,10.683196619752607
0.08583855488588776,10.696848911504166
0.30742952453080097,9.226096430768285
1.3553573470610814,10.64970378489156
-0.37752243897823057,8.507358796508809
-0.9186056380176626,8.97277072698163
1.9059586445915486,10.538083520970302
-0.6919729260155916,9.102528569655096
-0.07002775788934823,9.093522221161814
-0.4947527321800096,11.875925317405704
0.41285224839801726,9.83273556824627
-0.2977764892131298,6.965065159079497
1.5014529596030428,10.534882041640728
0.538329670201215,8.895329967309664
1.705530426920347,11.191797785885313
1.8720886881829548,10.190067903977843
0.05373798850328049,9.014556179728665
0.8801461461842974,10.232162677780952
1.3130942592639534,9.496101666285359
1.339788822777615,10.12239764060894
1.4821078650775368,9.896823425144149
1.0335390863596712,9.197291933472325
1.00949811775072,9.27370367820739
0.16508044376671238,9.404068336852898
-1.9655239896328789,11.921202193767204
0.8377554585358991,8.521000933795635
-1.3942179122585707,8.627556927624429
1.5141229968286236,9.722363676954032
0.9945809365048,10.159724722508047
-0.2292251921302566,8.479820062367626
1.3398271002084674,9.499671703181523
-0.34228075013185366,8.641920317765024
1.8935304766592846,9.412942740780998
1.1218845535206197,7.813575792240376
0.10982585488692864,8.413420089627808
0.8408393932650595,11.38663314298384
-0.8416691813170916,9.632380876289453
0.1764344957578743,8.430194973048145
0.9619045278140765,9.636464240518672
-0.7851045934726968,8.148921936587174
-0.7575961144186816,9.25798793197305
-0.23157186128111995,10.413814976365897
1.7582743561006628,10.850783577701295
0.8202531368215165,9.82020570506487
1.4599799048311053,9.584120011104634
1.1687647792067044,9.559114549199425
0.06271771078599109,10.389831367142566
0.9146251369464107,8.544228478472107
1.370152917594548,9.06693979454388
0.42686480788001546,9.949282855237636
1.252728589137845,10.947966802270546
-0.5592374343549484,9.083357275468801
-0.2606906455850151,10.321461909494383
-0.11369524579936652,8.520269388724145
-0.651150038374857,10.651085363378755
0.6171702092998474,10.205663500269882
0.6631376058754839,9.055609009722994
-0.5581019794337845,10.698955390339998
-0.4275128071716834,12.02323438069686
0.3354330692320615,9.805865696436513
0.026199999634188842,9.507335130739845
1.3749151708410299,10.129027564514757
0.21082830287418108,11.70522250111066
-0.7533883333814044,9.037460253547923
0.15076851436388594,9.408427084291738
1.1837055485740096,11.167986535643585
1.473090021633522,9.251579546237004
0.7082948506337918,8.042179521183485
0.8748724530488095,11.21221292341506
-0.6588837996868171,9.598401140702554
0.6829888018870935,7.9335532460212095
0.7716356440990708,8.995422097718501
1.014664551638325,8.64114297645921
1.4097555425674924,12.837495843217388
0.18562829684852833,10.353083927448326
0.8223006900627539,9.431164949082014
1.029876202892412,8.517611340931456
1.9441117127857188,10.387520546230315
-0.07109907865069376,10.762861730089199
-0.9623062662748301,10.680708860900399
0.874958471414121,9.424860883781191
1.019309833449325,9.418698473345954
0.6868027376234269,9.784657187242965
-0.8221369618323293,11.874377532145367
0.2971741588342942,10.078236536143585
-0.4688049422544487,9.898896325449098
-0.8619521610302234,10.128889544824778
1.0380805948677763,8.163380793951918
0.7799275445061702,8.855194968212965
0.7555412082003627,7.841785778369084
-0.9268959181857732,9.241309912646134
-1.3655795788277052,9.674538269149181
0.981590956566158,9.368696526331851
1.2073035995020605,10.573538659895604
1.5313459627123165,7.5576796351954485
1.6329139548012916,8.155309764240041
1.6310449746007145,7.964661164495288
-0.4866096732694123,9.130985196229483
1.4829996050900456,9.014799080601975
0.8722726448034432,9.30320918115752
-0.37130504560449884,6.7308765527142
1.3494683190806027,11.379459998147901
1.9119736949529385,10.042977895417996
1.5610551355636653,10.017956367686839
-0.4619546894207498,10.287054422682395
0.7324571428921862,9.761996658672263
-1.4135417713606309,9.89674295021155
-0.15313542474752362,10.821876255908784
-0.22486568287065722,10.926541145613037
-0.3065678905968561,7.519371544865088
1.978257026738099,13.023728186339692
0.7185327295805743,11.019436806174474
0.04587016017046963,9.847012261179001
0.5451654159169923,10.624232292474085
-1.2985148855062016,9.6408407316516
-0.966942568451346,10.061377871496214
-0.03304822792404227,9.0874231192008
0.9291622697027844,10.497541687943786
1.8493522299248273,9.709812635325994
1.674086121772485,10.011292672319222
0.43410909078586624,10.846683439526583
1.301759582994515,8.38157538797246
1.5565221428194334,8.112812635145202
1.833310745925547,9.426102885363733
1.2827846430671173,9.65723216693099
0.7085099542956077,11.863087605309923
0.46027901605879196,9.577556003484649
1.7669028464757002,8.361964137346739
1.6839780843863035,10.79547540976156
0.6165309481114947,8.904356828374619
0.41721767928591547,12.524698040320807
0.9715259746717559,10.28238291042178
0.9038227154809575,8.142911459621207
0.8665277468081256,8.384066294660991
-0.21708071638852333,9.510377778522079
0.2634071496426875,9.526773902556723
1.1861491639047053,9.674465991435579
0.3743010176571917,9.047782805050513
1.908027817755774,11.993075672921279
0.07051931359186892,9.924322907776267
0.1877155039419076,10.247819591211096
0.5756318282710589,9.313705745000021
1.561210228454081,9.059709703580605
-0.6005532231100861,9.56978795631889
-1.4549977396320886,10.789196078294696
-0.9656336354608639,9.370920882160602
0.19208598891654027,10.104732634469725
1.009609814877869,9.633890434257943
1.8656695434656294,10.689951180062762
1.6616648058668138,9.354022158746886
0.9679109180559435,9.800143651278324
0.34340848973267324,10.19021243706982
1.2326281960968508,9.477080571784255
1.621402567824255,9.243005239746797
-0.18017248108905148,9.59377623887986
0.28024468035745986,9.39139245039544
0.6546846614505926,11.65426309845527
-1.8632976438356503,10.957098764079472
-0.6005532231100861,9.56978795631889
1.7415779586711948,9.403972780612259
-0.6976754699239542,7.887784856679479
-1.032424686964644,12.61022444387837
1.3539673353720993,9.331708735251798
0.05973339965303781,12.057893696494862
1.1225268697022286,9.595417045337726
-0.49871461690794483,8.812009291420223
0.1691999024843165,8.280883986776086
-0.9437520612251249,9.842861000732045
1.8624393255235363,10.72088673604197
1.7777943307772137,9.345745973959133
0.18818138246231086,11.524030673307246
-1.7431642516994637,9.508234619159355
0.2910811067477832,10.399449486648383
0.35234498341879084,9.273036404944593
-1.0525177641020718,8.87902796749216
0.6770731670033396,10.182709957642494
0.2336169989432202,9.724380538872998
-0.31311629250617834,8.841983767868074
0.21639712158330449,9.426522962189097
-1.232507262381994,7.3159796329794595
1.3862031032794513,9.365523197812545
1.802978852850687,10.522001184670879
0.16119762704599871,10.407994412418377
1.2446504155165288,9.68121081942174
-0.1976700287355304,8.602215416789768
1.0986917487271932,8.696046369927565
-0.5823040320504553,9.947512293395224
0.30316988448923876,9.022475067979748
-0.42658864500895266,10.56069463740908
0.4901879618491267,9.14559462066689
0.0634476108493125,9.925234106606982
1.1752724156321586,9.776045821181683
-0.5313214972199094,11.579639293014917
1.4781646754368731,8.691009629509015
0.7026516088282921,9.187441821296833
0.40979776786635114,10.416936059576356
0.557499202171102,9.627336809187499
1.2203892481645395,10.0456246109002
1.0642591061412103,9.591183953171113
0.6660879067721397,7.645010447311035
0.6269466581651688,11.19823461987337
-0.5131037343906271,9.17640063166736
0.5924085090442857,12.001780524079113
1.7946163236119625,9.754332712384068
0.45175832997810206,8.881598004472991
-1.6414729067815284,10.014078578238792
-1.074605147199398,10.041355553373041
-0.3567344177302889,9.767042806013665
-1.1494224945156155,9.553762008114274
1.751058237272897,9.491708112117264
0.5492086261520956,10.372311513767507
1.9394336110499033,10.75037666169066
0.6862927823711984,9.849506241665468
1.4336510073720472,8.551632197296748
1.493444471365752,10.463768296042979
1.3311162840931785,9.300278167027209
-1.272729388650645,8.734535034726955
1.4317396559893152,9.448770770072759
0.618602747463818,10.329735109350487
0.26034124981102513,8.583648860873074
0.2939983397408641,10.430708582573155
-1.5015431691699153,10.42865527465676
0.13329419143842003,8.886886051101236
1.521259048595708,10.96188009649347
1.6842779451983256,10.821550387210584
1.1034602608111475,10.396625582235723
0.6232830693095712,9.618281685079412
0.8890677274226366,8.81211555303384
1.7194819291755161,10.715171152666679
1.150196343435117,10.42570060746037
-0.349512636605505,9.585936546426876
1.422785872425143,8.338797195628345
0.24375188614154508,9.046074899487552
0.8131202161690019,9.863621624057792
1.4132687466663443,9.186942250506807
-0.4358685234904054,9.825244589392964
-0.007242803304083445,9.55520018405548
0.6596468979488721,9.815196205989976
0.8406930663606427,9.251421874936923
1.9154240607129385,11.912253079593405
1.8023758637244973,10.271357362894488
1.3985895627096459,10.085581415468349
0.8196445309253444,9.076377496049865
-1.0939134958555772,9.586656574807726
1.220697589441507,9.750102932786323
1.2641340092082736,10.098854378885346
0.3129191446780548,8.560892378905592
-0.48099390832273015,10.380327446002351
1.3285367118309677,9.735460912188412
1.5109976194504995,10.491367581462377
1.0329539028163652,9.474123817379056
0.871748094490278,8.685858981935716
0.11080443634519943,9.749283362591473
-0.4060849515631424,10.571815263681598
-0.0533242343011886,12.176791559188654
1.2014260312894463,11.552731671501714
-0.6004181454104054,10.795095665423426
1.85391978989731,9.500867984813562
-0.5787210061044492,11.306740559186098
1.8662337575221764,10.433011727271158
0.1599415188634219,11.014746715860147
1.3813199027549068,9.945314107854445
-0.7227454496383405,9.761569974475556
-1.761530698621364,8.878147429345384
1.7194819291755161,10.715171152666679
1.8030908309253522,9.303272680309785
1.5935458663361395,11.334727253594705
-0.5480686383845135,10.94616987827942
0.4860292445523364,10.29592127404713
1.730582869364671,9.213593653445523
-1.1977413616477204,10.211968838233801
0.8408393932650595,11.38663314298384
1.3155334635304379,8.623648310489891
0.3472817802942547,10.881692228771762
1.7058551918247393,9.818618859484427
0.4969519836559684,10.09429281772368
0.12343613715390322,9.534856547427966
0.21922703309579195,8.494805916197251
-1.2168354608428142,8.97281968544897
1.6258884438581878,9.723953950984018
0.22348325679583736,9.805213352455512
1.3148359352720256,10.765295916785306
-0.6090486577627376,8.216594799355844
1.0979424124791635,9.03911691092562
-1.2122971821862865,10.744649783655603
-0.5788641030523096,11.10541057738681
1.1400661753482275,11.677164066167922
-0.5126528617343222,7.850474319004133
-0.21291136464157256,6.997141424088513
0.776602294039324,6.4483181556628075
-0.25010031190508375,7.3907073768740394
0.6284753562450933,10.253453847413702
0.7880520557370518,11.9919458698103
0.2942531201068399,8.896653241355096
0.5924085090442857,12.001780524079113
1.7704388406346223,10.024954946631619
1.7892275969478484,8.541846073751294
1.226244591445799,12.046207602184857
0.12916750380581776,7.770905076909047
-0.9398603274378101,8.800757744620348
-1.7116626560053065,8.917031331019901
0.9324520896611239,9.70352207771056
0.5364161255053252,10.11094779924052
0.9086762790652321,8.570173419894424
-0.4674458870020102,8.431039551713901
0.557499202171102,9.627336809187499
-1.0711492194127308,9.600923757025589
-0.1303939550005211,7.743998614499799
0.9829351309249286,9.92918012770015
0.5972892983075266,11.63382295028303
1.731116498750938,8.928384325086553
0.5351331389891505,9.855825631428106
0.8332961963118812,10.044849608190882
0.24857901531034,10.248544180074493
-1.4955594332855,11.592429288700815
0.901030641660546,11.298533343575873
-0.39857349264067743,8.8856514231593
1.1164103455831471,8.94751432380567
-1.0903130851058829,9.717746759085731
1.5549923194759088,9.855578434156469
0.6003698045597257,9.30687913642465
0.36301488541225924,10.4775893815672
-0.5459421705229333,10.14539387947166
1.1402874462540509,10.435068558092723
1.1725714959869578,9.040737738771874
-1.0393936159119432,10.862173211696383
0.4150205753504519,10.693160114442042
1.7593284944539005,8.985207649593798
0.8774144894766343,9.28231710330879
1.2827846430671173,9.65723216693099
1.7314707605065323,8.924894478818365
-0.614616022536155,7.688900059696002
1.8625559010672017,10.026130026169044
0.11049782735483138,9.24668298136429
0.7715137107866088,8.832786006713464
1.431062193489769,8.890759989910148
1.6383815644437774,10.366175661103144
-0.71880503001303,9.55595529346
1.9034834511341465,10.058365072553348
1.1652428572506675,9.358105294861158
0.8062610624117692,9.250433887689335
-1.5245896860950512,11.485700375408914
0.24264037766468372,8.057922397793659
-0.6541985927299594,9.962988784271179
-1.52979479939912,12.991504138334761
-0.8583788387886337,10.969922575966429
0.7470711823886784,8.77967542996291
-1.2956428482245843,8.861002473110599
-0.02006882115015607,10.096717820974167
0.38507951392821216,10.044263668632745
0.25981043060989295,11.041713476506546
-0.15856691519229482,8.77240977860771
0.03362390657850822,10.543116331370712
-1.2902418248811087,9.47939223296038
0.6466690385167562,8.272521352069203
0.98175789673732,9.206675067032348
0.4893730584689844,11.43212986712671
0.7521822282965154,7.332254478852536
-0.1999030418887897,9.382684639741209
-1.263005393709303,10.278238170740815
1.9307529583653027,10.258722861168705
0.5355578473297675,10.445478485366655
0.5912697839621135,10.955322257963426
0.016531367673753294,9.60459922486791
1.9613292151745934,11.069994220783594
1.2335893924658445,8.761115428769976
-1.5345344084580956,10.679002494576906
0.3537249618138092,11.349298168651867
1.5918585873911542,8.840795350284063
0.8300912759121712,9.443441973494593
-0.05451159669940964,12.626507621512417
0.9935373987049254,9.612753798976007
0.6460972965846996,9.127652673654952
-0.07183576755166987,8.36401892055734
-0.17911940367279522,9.327069908870213
0.30761553850543644,8.335360886727495
-0.7961347214735133,8.286085061522913
0.8768071130890553,11.253747901446193
1.4932916634432307,10.056203645331053
0.5634989792128584,8.456192777651532
1.4744926718224431,8.994416674306027
-0.5251713165408192,9.510490564784238
-0.4216956976094144,10.18784662682266
1.2061484475319584,8.599311638234575
1.0329539028163652,9.474123817379056
1.1780621779629947,9.490319491877996
-0.31123106447728777,8.386167214678755
1.582092913984802,10.98991461427893
1.5178507740475693,10.904810527877078
1.3128510315463768,10.701822240112861
0.49096510550991024,10.909265173463789
-1.3041451763866454,10.519257735499496
-1.6112940249169259,10.791604435063237
1.8002478682032197,13.348897804313275
0.4781048001452133,10.59799710888951
1.9347157010536544,11.013113484802394
0.9514780742461202,9.99478906264232
0.6655416543128259,9.361879314137441
-1.2619159225744907,10.587254645866551
1.6842779451983256,10.821550387210584
0.7209111168334132,9.803042562517092
-0.015296295595538911,9.700572467847246
-0.4124480871003242,9.29914208552335
-0.8992391529060972,10.006621585684629
1.5792666242421105,9.413874369158927
-0.038203613056200236,11.172271853108077
-0.7587660715818099,8.498884184790745
1.9130618541178963,10.786533263705287
1.0132517275170283,9.446776375565147
1.9980207588340662,10.528133379873855
0.21371080314827218,9.294210089418554
0.8904468993377983,10.362961677458108
0.659939613903981,9.841639012907157
1.6211959960420619,9.132442539412969
0.248443530492918,9.649711593076956
-0.32291335533591203,9.32079697940637
-0.1985960843783494,11.015653251221055
1.9062440932916171,12.057391821708558
-0.42885741468518024,11.146526255345156
1.0777703176862272,9.78298057064021
0.4172519289612793,10.069792715068948
-0.311862959489444,8.75974287331896
0.235363483818666,11.224167852587811
-1.6206032269873756,9.515171959528768
0.6184847740618515,10.377632247534667
-0.2292251921302566,8.479820062367626
0.34340848973267324,10.19021243706982
0.2390227345535303,9.251281645974471
-0.10611291687773727,11.368303727392918
1.4218423360440289,8.263330222665825
1.4708926112203695,9.002153425228805
0.2775094447291311,9.093504806026921
-0.02161178894496496,9.947606089040985
1.0034842711659895,10.157333378172478
1.3766817958767885,10.438432089773384
0.34947947430230775,10.14891326009157
-0.03199308227166897,8.283844939537076
-1.100452879097873,9.150550752464175
0.1018812294235727,8.65923282861365
0.46489700642781173,9.656565272861535
1.3201307345122988,9.315457152870989
-1.4132195439392738,8.289242792024378
-0.11369524579936652,8.520269388724145
1.7653375711476067,10.154168608312322
1.6257498133776438,9.558173785807604
-0.6447060703087706,9.933441971481601
0.6262508095986092,9.055984458854219
1.259300454986049,10.073299651813038
0.8488808207086347,10.21029734777333
-0.8926888110597937,10.954513777307742
0.785719228144429,10.29869554575731
-0.2851919160542655,9.992920854887483
1.5369806957158167,9.227250041931793
0.4709076962471772,8.839900338382218
0.6762140612677916,10.54809494515833
-1.6709107028917525,8.86198863543496
1.1005312934444582,9.706398307471408
1.3149500366077174,8.894439403028482
-1.842552480721082,11.151298575029093
0.9692409821348975,9.215854372551114
-0.9140319898291547,9.498887239902807
-1.1760798564921533,8.336376022292809
-1.8984545773586206,12.597803503746407
1.209607137805297,8.648254219962148
1.2477849385515336,10.865139180687244
0.22145420375052494,8.851979383869013
0.23953266230793524,10.47786271996536
1.0139024217859225,8.890860994294355
0.1636200153523233,10.507010931336351
1.6437087379753699,8.538916512531163
1.3074713886934481,11.279401828686177
0.5963224080755376,10.166737423582287
-1.6455811441212838,9.893734841929582
1.068933576636892,10.618640211809575
1.5740398855732716,11.045636833349707
0.1495824117516915,10.373571168276964
1.3631402877564582,11.780196207645703
-1.0756765885020152,9.912064807290337
1.3576321504370878,10.037003389874267
-1.329733842781974,11.426203975536538
-0.0777602366549277,9.858863374233318
0.5940192804747526,11.623063034544263
1.5638955387628153,9.477478936553776
-0.41804369526571916,9.982106392244454
0.32068947690932914,9.490874723296606
0.17812517161803232,9.244155485028406
-0.7483704231454071,7.9435026088080924
-1.1475811838996668,8.576100736902584
-0.45795238105231073,8.91680174364819
0.38503430093080837,10.166899582418639
1.0258043519556472,8.694908589438654
0.0851841906165558,9.722267579366193
0.41285224839801726,9.83273556824627
0.00447880330139272,8.462188886472013
0.10144192727799206,11.201937430844369
0.4837142699137247,9.260175843704433
1.8124984500318604,12.411760698690731
1.026920668274272,8.608458528781851
0.08578275617435782,9.685622326260297
-0.828711853196141,9.5311981773352
0.23083530500017568,11.253651905362503
1.3894202156374673,11.92977882686973
1.4972293365483225,7.508212802713213
-0.28340203216671256,9.345758221528571
1.3021393660816627,9.922422480179648
0.3334750603886385,10.89046030026
-0.4290595431030897,10.3460586056751
-1.1249131663564813,9.744130152058736
-0.8017372881845044,10.943609166484379
-0.2434007334650068,8.609728454842363
1.6385072777463696,8.822218226916144
-0.9715259840052219,8.570524916528445
1.7630034369378444,9.787052286711626
1.2248051191722453,10.337048625646391
1.1376218928511892,11.295365368261077
0.5837115720921573,8.525409172733264
-0.3835606090281716,9.688621913020697
1.9437366744996711,10.293916848367479
1.2517136215757483,8.86507885950876
0.6045903395266965,8.320949437359625
1.9062440932916171,12.057391821708558
-0.02006882115015607,10.096717820974167
-1.203121256651694,10.77213748186677
0.03768851259915884,10.760745414706347
1.1725714959869578,9.040737738771874
-0.8267655568777412,10.20552995052477
0.692368523644868,8.887501176599907
0.7064689342100259,9.786531640461657
1.8264584843338318,9.32371584617167
0.5523709031858095,9.72412330715469
-1.7341466968949115,9.557829109269546
1.520316350245833,9.681947841684496
0.6610913449476432,9.202009321616355
1.1493953936388284,11.084607988583244
0.78972646894877,9.778443242536031
0.7598574285054496,8.114952663060992
1.4945352905388005,10.908240047116347
0.7081512595280408,7.491061417667943
1.7836985761283461,8.407808989719182
1.582251392527355,8.635458467410789
1.875511421142766,13.523384760023133
-1.3980180077096578,8.25826934888417
1.4831886893524526,8.164121360244902
1.135039369936429,10.549128068477499
1.604632041963956,9.016924597253405
0.07424675466293573,10.352124988610417
0.22145420375052494,8.851979383869013
-0.5525876271794452,10.392645611124621
-0.28158902620581294,10.18518253625299
0.6565029571334016,8.646307656153052
-0.2979773629126288,8.693389035499525
1.029131913102003,9.801321796262938
-0.48099390832273015,10.380327446002351
-0.2652226747184798,10.509561308555254
0.42686480788001546,9.949282855237636
-1.4145040313510036,10.086956488710742
1.6833913912627474,9.3514135456508
-1.0106075930272094,9.561242542818526
0.3464956731346507,9.73934369703694
0.24918726351163922,10.847617140531932
0.7210027533214962,11.066275607664155
0.5291286145505594,10.030092792610043
1.8772872491367156,9.645964681670986
1.3074713886934481,11.279401828686177
0.8308854010701099,8.534987690385877
0.3122884080496502,9.52307925218787
-0.43021957030945845,12.97354833345325
0.9972614205697377,7.432931860379421
1.519658506908058,10.120230694029463
1.070270514071673,8.740663049114168
-0.44810898240845454,6.841654361465574
-0.12390024112846598,10.391176910598247
-0.3017095712561777,9.501161939424033
-0.7716490265590052,7.767622044709179
-0.3834387133958681,9.777547671471256
1.6869066778066455,8.362623575548117
1.0845441926832886,8.473083057623139
0.0007917420911409678,9.32164329974217
-0.5348544551739112,10.440172154080189
-1.7770578939943915,7.803974762893819
0.4837142699137247,9.260175843704433
0.9945809365048,10.159724722508047
1.5916767478306633,9.283148496948998
0.34311308372419047,10.765161223311749
-0.3799956056498064,10.143274537354738
1.3037292342000648,10.770441546337079
-0.7590588650211809,8.15165199604944
1.2203892481645395,10.0456246109002
1.805719241447329,11.0167493374707
-0.37134280613150006,6.691626456666724
1.4359221884888806,9.902044071287852
-0.20384895852015328,10.612628622855302
-0.340609573757817,10.488876346055559
0.0554178568270709,12.77440727743447
-0.7249899882717203,10.22472158563814
-0.26392253530449894,11.333309331103102
1.8391640816194008,11.098505194009709
1.1432339369774,11.693114081955342
-0.34343572713733517,7.9070754834539345
-1.2339147117994074,10.144490821381131
-0.7488880431585838,11.526725028185504
-0.25895088137378464,10.293585501100232
0.4988026776264318,9.981342281961298
0.0041895111776728555,8.25763139938208
0.6160923106350418,9.73420706109166
-0.9197661355937772,8.731299878145645
0.5324058290930718,9.544972178467187
1.6528238472566894,9.481170740283241
-0.42209488571985876,10.383316698985153
0.913483417358584,8.511957473444186
-0.9245538200839736,8.198849230733867
1.7447062566660207,8.63341594308833
1.8880213185261483,10.622723992853837
1.059533046168513,9.15103668666369
1.21728130438869,9.03147595502985
0.787182055857365,10.343241114279055
1.5816508447768758,9.40030664471221
0.07346185334128252,10.744516454462648
1.2734425655808668,10.857848824564856
-0.7177296559340038,8.473062274937307
-0.8106039705097969,9.958686816234048
0.7716356440990708,8.995422097718501
-0.6180765851062171,10.255266277569039
1.5052558796620352,9.98249261450168
1.3481645009717602,9.363743643908668
1.0139024217859225,8.890860994294355
-0.7019527992986316,8.999418035806832
-0.5533356672198289,9.44321899526971
1.2396976812115974,10.566751739401361
-0.024743838172285315,8.307388674945708
-0.5533356672198289,9.44321899526971
-1.4398207514630839,13.001378318006758
1.457465065823893,9.399702661953349
1.581384356612677,7.970651491023297
1.9771519430442361,11.295903074239336
-0.11673432253640748,9.311642439146832
1.9376087228142085,11.574649361164871
-0.9210301365049318,7.026418747305282
0.6667426075700522,10.729808560141924
1.0418584251042668,7.6322834879953145
-0.061214851479812094,7.854738032446899
0.1412405258103666,11.237679551181342
0.03889268641426069,10.091007162707779
1.2582988809255284,10.187512712217808
-0.10226034341130363,10.026535573277643
-0.966942568451346,10.061377871496214
-1.2773698347547873,10.61601978600006
0.7843194462681566,11.26094290006587
1.343303711642064,9.508009717131134
0.6317996448183694,10.341836125544818
0.6453524553448506,9.586156071665288
1.0418584251042668,7.6322834879953145
1.9247113470491781,11.94390106775647
0.4202850137509748,9.127738449268067
0.39743890016866246,9.723492793318789
1.5911832255681038,9.427789894908436
1.3182508627321994,8.71225626253512
1.5804001162649772,9.17264402643775
1.7140310077751142,9.443334104139975
-0.9293262512228098,9.519921321031202
1.7009932696626633,8.899315779400444
0.14951676177542028,11.681494663023924
-1.6573670016142779,8.279755473604054
-1.4933765086112243,11.515239603786398
1.4586356874325603,6.383864133941066
-0.04866272582395004,7.743467737921666
-1.3844003812249053,9.887640141284288
0.24489115313009968,10.823813895980187
-0.10490682994230838,9.830632357546799
1.310441045396613,11.37329546137797
0.874958471414121,9.424860883781191
-0.07147160432063249,9.31009413087704
0.3811073644162182,8.447142713437469
-1.665782649957241,8.614416826630933
0.03889268641426069,10.091007162707779
1.637718014743506,8.046137100322884
-0.5474696389621512,10.44186517687261
0.5268896733063362,10.612221140276857
1.8156832153868887,10.494863310493894
0.9409140724063842,10.084966786467422
0.19991594553545688,9.940288483560941
1.0248544558007073,11.98304480628153
0.18562829684852833,10.353083927448326
1.8783385110582342,10.74068514075471
-0.15313542474752362,10.821876255908784
0.4777802952726131,8.9207854143023
-1.6722462438474155,8.243519099419473
0.2870894081932889,9.35328432438235
1.0135127410357665,7.672773085026134
-0.32291335533591203,9.32079697940637
-0.9643829008274416,9.942640936687312
-0.3552339280216561,9.287460638088483
0.20265351776340612,9.185507211030975
0.6348311020035045,11.067283505714594
-0.22486568287065722,10.926541145613037
0.6596468979488721,9.815196205989976
-0.4538379727078885,8.464283488708702
-1.3493567395780595,9.42699529543684
0.9935009977127303,8.736121906155976
-0.07202032906853173,10.716498469856061
0.038942040015748525,10.139139080316921
1.3999014859226477,10.269029968494356
1.4454799854537441,9.729148240906259
0.016531367673753294,9.60459922486791
0.7848857444850896,10.12926162718086
0.9620380848732744,9.735817505749209
0.30783660048391637,9.415410835342074
0.9312061790650024,11.270126567189747
-0.5131037343906271,9.17640063166736
1.37883666830345,10.304020497142451
-0.20340718907114974,11.223568606517786
0.567886001773064,7.899282854769812
-1.4761050280233037,9.13605026982996
-0.8501533404109995,8.070117285919231
1.6543120456107796,11.238146101791063
-0.6500918171481125,8.319345393563564
-0.48099390832273015,10.380327446002351
1.9383035855044524,11.759614072512099
1.978257026738099,13.023728186339692
-0.25895088137378464,10.293585501100232
-0.24887409080152034,8.098657560264462
0.6453707157788977,8.827201103313435
1.1963285830878179,9.617510032735414
0.7588061394474743,8.616919804669415
-0.7466083296594275,7.860687914716948
0.8146314375200947,8.614479372466445
-0.7561079144678668,11.422004059051327
1.9218831911322845,11.18905346496674
1.2106249766088792,10.547115194127166
1.9571197804255398,11.268829228334583
-0.6300991232547832,8.837465291661708
1.212047526105282,9.667089028856324
-1.4773906247061483,11.413448363792401
0.5121218582781482,10.501323008621918
1.719687052582659,8.833099910123646
0.2189272131294171,8.427882897708958
1.842507902052799,11.05011186854896
1.3481645009717602,9.363743643908668
0.5156205796944602,8.511030002640616
-0.3270278548375245,10.58908598654107
0.9160286721639492,11.10599906220632
1.5319752993190923,9.164992549927733
0.8196445309253444,9.076377496049865
0.8372571792139336,9.837925418425653
-0.15586572760875184,10.279475805184282
0.08578275617435782,9.685622326260297
1.3345760419006893,10.07305459051951
1.4377383313342036,8.220778590892278
1.049140539106463,8.151622380829872
0.7244714158599312,11.923871345551955
-1.5245896860950512,11.485700375408914
-0.8947235661365855,8.492488994275352
1.8002478682032197,13.348897804313275
-0.21324511302134042,8.895050242744604
1.7541191338925217,10.058216436290733
1.8271992619371447,8.101231337730807
0.7880520557370518,11.9919458698103
-0.545097915457263,9.318439465921792
0.3825549624313771,7.783123377285594
-1.8780138085889821,11.076505827904496
-0.7531117288178071,9.2200700589473
-0.058933030629513716,10.026416810792139
-0.42209488571985876,10.383316698985153
1.895201653428598,7.309386919335505
-1.71049442722351,8.368050934543005
1.2428826917806992,9.309939703826249
-0.41611810935018045,9.697195340751849
-0.4735340035634601,9.00045639644784
1.6215279056770546,10.24872936855822
0.9859656204720966,7.590246692823345
-1.502618730230357,10.15704185389362
-0.20636863593626842,8.844898762868084
0.7477096670972099,9.967155132814312
1.846202928550265,11.254556724060906
1.3032670022590507,9.92438283479724
1.730582869364671,9.213593653445523
1.462308582498209,8.822655029278515
-0.9252905624602157,10.626598832756686
-1.2635947065561721,8.235090201357782
-0.5861072317571177,10.43582324874092
-0.9885675269995553,9.617027675457273
1.9484003436964663,9.213312239583267
1.5527653986452163,8.34452697172164
0.36723163065330366,9.072446904922415
1.2076558113445062,10.110365418261377
0.9144606271711075,10.654324125904996
1.0222045541721947,8.002938643261881
-0.058933030629513716,10.026416810792139
1.6230271625457915,6.9522890043287955
0.4566754012755707,9.155745242833973
0.010264305853769695,10.344119374177271
0.8295880001317109,10.372706285452532
0.6160923106350418,9.73420706109166
-0.2801695208807131,9.018941753962253
-0.6690820939584836,11.765412660613162
0.19183795589477182,9.87842965377473
1.8207006419125298,10.970103749445101
0.7092027453426377,10.61339458251333
1.2472268734035454,9.601531895350409
1.9393647958493383,10.953164654369616
1.4441335998889615,10.056651510357213
0.1876620551724968,10.636945172827797
1.4858423607508708,9.853455081918984
-0.8351067256868956,11.126569965330152
0.5497196059928262,10.34017820918178
-1.121460285621724,9.545694990639296
-0.26908345592118144,11.868592939877098
0.008780041324970345,8.068590839852892
1.3285367118309677,9.735460912188412
-0.6384515829819772,9.949798872775897
-0.4079788281819887,10.092921030711105
-1.751187095341189,10.72063768098609
0.49096510550991024,10.909265173463789
-0.5289625964908415,8.631715715679597
0.8304823429621413,11.14945351651079
1.7911187918769191,10.427318659815292
0.8099363359484371,8.628188273464207
-0.10431511953558914,10.065896896718062
1.0139024217859225,8.890860994294355
0.5985865959694738,8.57126222758759
-0.9161471685151219,8.750798573451696
1.1193815806045744,10.018129495311829
1.3032670022590507,9.92438283479724
1.1192835360402724,8.673466758107072
0.18299871911774268,10.25892905041436
1.0890702273500232,10.196328850842637
-0.8511151631793967,10.545276147314983
0.8196445309253444,9.076377496049865
1.2575471170750454,9.367725420833859
-1.331864215631699,10.61831195407272
1.1601217452282455,12.110856220114131
1.3366564328337653,8.867926794809796
1.430249350645135,9.062483064999581
0.5893685374923647,7.819339746455361
1.074325323652808,8.586557984263251
0.7166502732782511,12.096697135931267
-0.2612874067341191,10.626052364663726
0.2187480991534687,10.30641016742813
-0.6011870810166018,7.319255387956832
1.801645936306235,10.368127206588028
0.14564153232012167,11.476091762523065
-0.32747360082550925,10.384426748746488
-0.619231166023158,10.28121459266595
1.8512414282961038,9.731736678189215
0.5743107807860999,10.029629621162925
0.07754343801574937,10.372406219918831
-0.27861387051119824,8.988507857694463
-1.6206032269873756,9.515171959528768
1.5250322710520465,10.150866708316721
0.7785638355749112,8.177233714158087
0.21125950287339634,9.3101166081584
-1.0825368918493106,9.18785940747122
-1.8031163418369536,12.496067243254469
-0.15715131460689813,9.49568836087519
1.3254940575428393,9.571122729834332
0.9921389573663548,8.953107585532853
-0.2704145592596401,7.060610652326586
-0.6004181454104054,10.795095665423426
-1.6554714437452787,8.73844801677945
-1.281362843880352,9.956562442729828
0.9850195774008217,9.06419245556014
0.6361816405289296,9.586633143549475
0.46087775292404354,8.019642006677556
-1.8368994337809443,11.988307305582923
0.6750130177992548,11.020841953218877
1.780068376993976,9.969317261236348
1.0881271438894191,9.675826158360437
1.8678740584732614,10.26340218644992
-0.5788641030523096,11.10541057738681
1.3573539694240093,8.233741243007525
1.6327583827860113,8.689049703753131
0.7463596539704271,8.465587049511656
0.352809067793562,9.499273339272497
1.8977572425539013,10.586105697716732
-1.9665452724925716,12.47140883939237
1.8796481844290818,10.136412622012521
0.8646026968927742,9.110733695633227
0.4511833421460416,10.147456866232046
1.9663769426566668,11.499868659158658
0.5072105202593757,9.787790570545333
1.9968291957737634,11.347236956270336
0.9708260847999242,11.241082089807202
1.425140512187049,7.9815050889837975
-0.32291335533591203,9.32079697940637
0.5049792910521318,10.85017962245357
-0.25895088137378464,10.293585501100232
-1.4398207514630839,13.001378318006758
1.3481645009717602,9.363743643908668
0.8665277468081256,8.384066294660991
-0.6949843278354129,10.474677460279734
-0.6702932313025394,8.303717548662346
0.6453707157788977,8.827201103313435
1.1395879084458702,9.949002144248405
0.1283472957520453,9.228209820317215
0.26345229423847805,9.626148233549955
0.9494283095511986,10.602856844293102
-1.902436027559613,11.664622471295349
-0.011384736468513346,8.760661444087026
1.7770659564537357,11.5155369471102
1.0531407608126364,10.156466064561277
1.674086121772485,10.011292672319222
0.9497350748859423,9.68307314038989
1.0865076439144308,9.534140468674757
0.44662270258405634,9.536210646824593
1.6902896196232002,9.982812260179017
1.7737124290611415,10.333213711759159
1.0959655126110501,8.958393330666782
0.02208316689396117,9.788578407135464
-0.9274270815523167,9.653667416281689
1.9896917562142167,11.695214441331528
-1.6169832053465694,8.528586591420037
1.8656695434656294,10.689951180062762
-1.6257623723506578,9.646604358382568
1.4644061815113387,9.144013546635126
-0.13760792747015937,9.708529320086113
0.8778398706798876,9.09791958182783
-0.1672524530484294,8.929734078731464
-0.9401317537782279,8.857802661203465
-1.172728427466415,9.1105529011787
1.4087260012741605,11.429375668967987
-0.9172655827930756,8.796882961087622
0.9409140724063842,10.084966786467422
-0.8080808213509219,9.293988924804006
-0.8221369618323293,11.874377532145367
0.8347068798620279,10.097716893779735
0.7635359062032911,8.286866422563458
1.8124984500318604,12.411760698690731
0.8279059498228647,10.299072171889886
1.0779717327677476,10.219130415512128
-0.1810405774645636,10.02080841382933
0.6109124951088964,7.899042599014947
1.3148359352720256,10.765295916785306
1.793478211155676,10.448975350601867
1.351365523622074,10.306434705316914
-0.2638045260872772,11.659834100668702
-0.7402670901642701,9.915134732834522
-0.24388302407820817,8.576918607144268
1.3781975941402815,9.956307156504208
-0.2861683846048182,9.312478487770091
1.191209488834431,10.775896735267029
-0.715351389456186,8.248846024661978
0.3129191446780548,8.560892378905592
1.599638173418687,7.469806193424459
-0.38606853515041184,9.913369910296714
1.184965802165474,11.783136968191393
1.508481870649152,8.385247900471985
-0.2979773629126288,8.693389035499525
1.6603602736281728,9.030922333470002
0.7146798266902592,9.561846557888458
1.32100077112554,9.932182287417227
1.2764293047107511,9.836963335326276
0.6868027376234269,9.784657187242965
0.5928367097942235,8.376683768243849
-1.0360149680163282,11.575063589931094
-0.4812303673309324,9.645917517105916
0.5806911616377994,7.045126037823635
1.9460609951719188,10.681484331170674
1.5113203126081634,9.954341860098033
0.9517110759952012,9.654849319799544
1.062051595964439,10.40740868092415
-1.592610939430469,6.963984491394662
1.313512582406585,8.84770023718743
1.8317834397045503,9.59858982766006
-1.813260720402905,10.73900893357622
-0.3554226540800518,8.525399793425217
-0.2508734070215297,10.203866744769384
-1.6573670016142779,8.279755473604054
1.5130098709293862,8.642098604382099
1.5109976194504995,10.491367581462377
0.5467716574317669,9.17306846119024
1.3963920798347043,8.263244130992023
1.430249350645135,9.062483064999581
1.3146685741343758,11.815898175013029
0.7043721366583071,10.1700426769562
1.990513189608626,10.266330725595303
-0.5118257287511705,11.32975107097471
-0.9172655827930756,8.796882961087622
-0.4660755096998299,9.328163652319512
1.452115117001139,8.676516123553046
-1.463190294694599,10.453462019512704
1.8410654339682662,11.94705540715339
0.28243898655531874,9.74686669703349
-0.34864240896437426,9.273149748274026
-0.47643657347591395,10.465214565384292
0.0024970722816712865,10.02502293125064
1.8923126518893314,11.224966509736362
0.46394180104071614,9.48489114404389
-0.5131037343906271,9.17640063166736
-1.963337799264734,9.897246988403628
1.5921221957999476,9.770984272634019
1.7022740516271053,7.862222181896396
-1.0360149680163282,11.575063589931094
0.15864715561260967,10.773198641410863
1.3568318121578358,7.65686864469604
-0.5787210061044492,11.306740559186098
1.2069123322791673,9.568439018810551
0.08383190908816873,9.791582349681818
-0.6928211765688905,11.252522845439488
1.228283615466812,9.833298711111128
1.1708136231230055,9.327637562162039
1.203272399439001,8.0969379785042
1.9024076766266096,11.10063947565616
1.2498952841766866,9.110076688796875
-0.0533242343011886,12.176791559188654
1.095980349176036,8.973501205748375
0.44002966831794277,11.949464957379675
0.9582529924450722,8.244711264196882
1.21728130438869,9.03147595502985
0.948910708999307,12.857816572008764
0.8300912759121712,9.443441973494593
0.5790269063603715,8.144818139541902
0.41298169073611923,10.216018143470103
1.5171182246280268,9.03831324753579
1.418061743642998,10.001691566936156
1.1331919318241908,7.95503777103318
-1.021019681452291,10.677447084881404
-1.08768091220427,10.05183368306734
0.7347981828984831,9.71828175010604
1.6397206326388742,6.909470614761506
1.5210070931267485,8.091962641718007
-0.6501828841430841,9.864367113748337
-0.6199326403017356,8.241350859185474
0.6676215467368412,10.023353655502477
0.3718034057397097,6.993021468514583
-1.8117552084922104,8.411432661954269
0.98175789673732,9.206675067032348
1.306204296765857,10.426253137511157
-0.5065873558726732,9.31458540165666
-1.047268875813094,7.885409840980197
0.9291622697027844,10.497541687943786
1.4090554975647258,9.823711707071077
-0.17911940367279522,9.327069908870213
0.6843726283439042,9.407397813532723
1.486207425832991,7.5547183740131105
0.435996444207714,9.664930087534232
0.5268896733063362,10.612221140276857
1.2002176318054856,10.726019797176914
1.2103427183192514,7.055992938970245
1.1426664077778246,10.1064709151793
1.2754770820818861,10.160837011227594
-0.34864240896437426,9.273149748274026
1.5546363210615946,8.673090027739365
-0.1985960843783494,11.015653251221055
0.22494557610309096,10.018047009032145
1.0034842711659895,10.157333378172478
-1.9051689854219265,10.785531082230122
-1.1938864879747486,9.410985960873862
1.3481645009717602,9.363743643908668
0.6539613805148403,9.583450750210693
-0.1629392113071444,8.940561602096341
1.1349530043009457,10.959282741176963
1.609613104442699,9.789535868392884
0.41177150591784617,10.291323383560885
-0.15845529729983765,8.861154607323428
1.8923071916491931,10.072016209193201
0.6196284925914362,11.150762958674566
0.8083887535179644,8.70642301521032
0.1338443679052861,9.91046912051324
0.21741621004560274,9.317753035936471
-0.6314695995524202,9.743461746079804
1.4821078650775368,9.896823425144149
0.19563852656028669,9.426257861039442
0.9514780742461202,9.99478906264232
0.9516695734161016,10.121220761438252
1.6304440102262197,9.888492979312588
1.215258180773787,10.322200955758664
0.7885432235672369,11.79082374470414
0.6945816698996308,9.287312475445702
1.2237016004704846,8.366437809694487
-0.44810898240845454,6.841654361465574
0.2769208483657919,9.204148592758216
0.018011696219343065,9.960110741196415
1.9013725339162821,9.720990508190328
0.9336073973396228,9.59812390735401
-0.09577319139575291,8.46844896770385
-1.4786371057237124,11.34906696751201
0.9298185165349189,11.216758356796252
0.5758263177904541,10.08854267888658
0.6474412488600221,7.754467941491515
1.520316350245833,9.681947841684496
0.6676215467368412,10.023353655502477
0.01752281719506721,10.233567472554382
1.3182633257134744,10.447081448913979
-0.5960975042956345,8.90912199532122
0.412600480491788,8.693600648501667
1.518405986847048,8.944196265138899
0.00447880330139272,8.462188886472013
0.012545034320350812,9.54974833720418
0.28024468035745986,9.39139245039544
1.7889943095354348,9.72902085358281
1.1316944570302896,10.33825717663199
1.5808273507487973,7.590507544069688
-0.9759153077539477,10.078298857029528
0.6024260930084138,9.536641737313063
-0.24553832324163816,10.536009981784844
1.438581381410426,6.1887745018797595
-0.7944885033434317,8.741506643333802
-0.017131959686897957,9.702257348736529
0.1274870660200662,8.090604015828296
-0.7171513400628244,9.064461736377975
0.7747289031259545,10.012390423430517
0.6007486657826133,11.112216913995155
0.11863889578247955,10.158388297917647
0.5972892983075266,11.63382295028303
-0.8239864456201875,10.036436200610794
0.6304515692013735,10.523672970232845
0.6940671472690361,10.28011605394492
1.3262957036418102,8.721952025671529
0.8681917548284188,10.323788758824856
0.2475078249660525,8.41405691432578
-1.4837150122764742,10.932882464942994
0.363333042276043,12.018343260916081
-1.0188827801025306,10.126937916196514
1.0435658918449606,9.455555317844517
0.573715798069323,8.854420208672995
0.5502298854208525,10.819718340146467
1.5580772441750526,8.92048983450867
1.092567495674686,8.910663562988375
0.16508044376671238,9.404068336852898
1.617439099975429,8.732925666689821
1.1725714959869578,9.040737738771874
-1.7889389685615895,10.426941583887977
0.235363483818666,11.224167852587811
1.8511392319229287,10.930426869804322
1.374598656207295,9.286237491090873
-0.702682490593928,8.804577174235003
0.957876932954909,11.338495881691406
-0.6199326403017356,8.241350859185474
-0.1332275164623664,8.881976007606598
0.21371080314827218,9.294210089418554
-1.7458571103043257,11.338835982372263
1.8090560581334891,9.685873864493017
0.45268144297246815,9.690377118074982
-0.455589448796903,8.286509659284913
-0.28340203216671256,9.345758221528571
0.20218120247998206,9.22632390083061
1.1714176761353574,7.689370208677563
1.076244532638897,10.280766647346995
1.517572227228782,10.455556514046108
1.4429223330253738,6.195220238509994
1.48533436936113,8.54957100388473
1.9906890530586367,14.031737275869114
0.9456080602625621,11.69364379138053
-0.4812303673309324,9.645917517105916
0.3960441768542702,8.38057175992007
-1.2442807449401907,10.891344923101592
0.6031532833876074,8.025663400849414
1.8482339957654061,9.340585001189408
0.22118330131272534,9.53471768962462
1.7522565582725251,11.370380433333917
0.5256756848735056,10.043469015815308
0.3268861098939069,11.185061988112562
-0.27829035871603924,9.366298386645829
0.8249299941271278,10.086231529701823
-0.9786545049470234,8.73816373338342
0.40979776786635114,10.416936059576356
-0.643186274912328,10.574932227037216
-0.14952291226508185,11.431735523968106
-1.665782649957241,8.614416826630933
-1.0013241890390794,8.779394104693896
0.5025996517658124,9.804803321748587
0.6399361841367162,10.75123751432733
1.426287954733343,9.904634310307124
1.7324533253742307,9.802317204498241
-0.7933510334754046,9.697480855922246
1.004708547816171,8.508311340481773
-0.3811765026833194,10.244516797284897
1.1948567666182983,10.341525890966665
1.9024408034396596,11.267888153697292
0.24264037766468372,8.057922397793659
0.7389006555240183,8.445586455255562
1.8037143780101936,9.832682071618297
-0.855759793362858,10.826753862412998
1.4090554975647258,9.823711707071077
1.9309581636415438,12.04042533590915
1.6729563467017483,10.17908752689966
1.7892275969478484,8.541846073751294
-0.32266127832284663,9.131538902021669
0.5255013041930039,7.38458666428308
0.6521887672136897,9.222812697967012
0.9440694734613437,11.732570482005807
0.8099363359484371,8.628188273464207
-1.6734800718776417,8.422134748803359
1.152475759780876,9.746809721408143
0.5742084919496699,7.646980842736368
1.2103427183192514,7.055992938970245
0.6607888827848005,8.759339726450147
-1.874283257253063,9.211893968567084
1.2014260312894463,11.552731671501714
0.6967684664600031,9.47896748362864
1.0845441926832886,8.473083057623139
1.7582743561006628,10.850783577701295
0.8095948843223946,9.532873138419506
1.9333630736569063,9.900573369313756
-0.5067627348809882,8.178467901426957
-1.3087197941741908,9.67081837708049
-0.3835606090281716,9.688621913020697
1.9848979721785547,9.824980620071063
1.7226890222495932,11.368662012604384
0.4458169417385913,8.391271865461537
0.8034627889755197,9.855647142615835
1.1119398862837473,8.991341254179538
1.8124804575765512,10.444529239778053
-1.52979479939912,12.991504138334761
1.5832484055943148,10.041415022003166
1.2713368647000864,10.000290708500613
1.5394204707840173,7.8199613816707
0.2672244200418641,9.297760318870157
0.23353791028088766,11.378532707286203
0.8051733683535365,10.373003049312247
-0.17737298885714825,12.031328343008166
-0.03304822792404227,9.0874231192008
1.2974017889973979,10.61900076839394
0.9279757672456204,11.765879982186824
0.7244714158599312,11.923871345551955
1.0910856786603165,9.847871406280216
1.588863031813307,7.72088803387299
1.368133177505685,9.13307249375651
-1.2103850650778298,10.227983061045645
1.5443444352540654,7.461572062064329
0.7184813309404312,9.328511663390948
0.10982585488692864,8.413420089627808
-0.2405774411446604,9.867311108890215
0.9038227154809575,8.142911459621207
-0.006231204283770886,10.383912787542792
-1.0534674741199646,7.737158372013353
-0.4019248616522608,11.09373586428226
0.0023172697233251327,10.080555796936704
1.0768925913525345,8.259716483996355
1.993684935695096,10.085988259890918
0.6348311020035045,11.067283505714594
1.7731935889826103,9.296461049884787
1.5455214478405668,8.935802292008185
0.3868919604248684,9.583999902129898
1.166560288732252,10.242007899056443
0.7258424500686851,10.95255295165083
1.864712099338147,11.56143234141183
1.7676223490416807,9.658709690182786
-1.3008748605002647,10.44834757168147
0.8703910626327049,9.249169885917063
0.08027208471124325,7.9484449654110625
-1.547047816636979,8.895606730709247
1.895201653428598,7.309386919335505
0.6541494880668424,8.187026040608234
1.4988066907367976,8.519530760026882
0.42279696183950266,10.905990785894174
1.4723926394682514,9.762954894244292
-0.7483218078847096,8.044665656812562
-0.311862959489444,8.75974287331896
-1.742037278176615,8.615358719280563
-1.8117552084922104,8.411432661954269
1.7727833987738029,10.389773924492017
1.7489139489458045,9.560178464255948
1.8902729425989473,9.08499502832878
1.7472898481323673,8.482063698629528
1.9553621652146522,12.02050128681663
1.8662337575221764,10.433011727271158
0.6568775399558731,10.014010219166185
1.7445853417284516,11.442970020242232
-0.966942568451346,10.061377871496214
1.0423025698211292,8.442104084287042
1.7022740516271053,7.862222181896396
-0.34429576778964455,7.659183005216569
0.4437861028106127,10.188530378067883
1.2735216991181408,10.114691242440466
-0.7590588650211809,8.15165199604944
1.2474467993303362,10.140437300089435
1.7532629146052643,10.990354922328317
-1.6294980677945312,10.153206301102582
1.4377383313342036,8.220778590892278
1.2217201721839164,10.500595938153552
1.5879811574576443,10.179072071158869
-0.870015736108591,9.827686124937149
1.7938132278486267,9.884926369922205
-0.5161051496313238,10.299601847440842
-0.2704145592596401,7.060610652326586
0.6374156888231308,9.101689852251777
-0.9184268544618979,7.6525425655828165
1.878894531191908,8.998295896848738
1.1020211868759975,9.63178403039974
1.7269616132660328,9.734292195915069
1.6602429300688897,8.980417164024647
1.3554154476162754,8.738325223655634
0.38503430093080837,10.166899582418639
1.8009494152832097,10.407552726076919
-0.8432273921365212,12.20725531491014
1.7625599967444554,8.725153591728915
0.35706935502666814,11.576923947919745
1.5455214478405668,8.935802292008185
-0.8304675583512275,10.752682084436765
0.19573009799735042,8.81175079151765
1.8493522299248273,9.709812635325994
0.6366221784005375,8.857805702646257
1.8313412177940123,9.04993339654161
0.30783660048391637,9.415410835342074
-1.2859208429096052,10.883915296912184
-0.8147675181760397,11.560153814022675
0.44732408041288574,9.198394306126723
0.8086573145932499,7.656247155129613
-0.09206642952938493,9.6458166200208
0.3960441768542702,8.38057175992007
0.778785883417707,8.703401752781673
0.19811552929494214,9.451918601256223
1.4449289090415434,9.197149275093793
0.7671105565679293,9.117884305782892
0.7886650171614016,11.707300155713007
0.9690127487963487,12.235551483869498
1.2290465973050018,10.521815211068535
-0.7787572932130749,11.407081206182738
1.5884410398103084,8.456021749222469
-0.008205629670944514,9.355984459146395
0.7478097655417533,9.103798798894008
0.8265194795148383,8.900779183336411
0.10437605300616815,9.36172661636948
0.9740101431163009,11.126878802112701
0.44585444490264337,10.065137838095957
1.655258090499777,10.338030407923908
1.9976549030826662,11.933036393715966
-0.8304675583512275,10.752682084436765
-0.4615556960849272,11.357524747799404
1.3457589495044933,10.94477373450954
-0.06404252728101145,9.092501590823389
0.557499202171102,9.627336809187499
-0.31123106447728777,8.386167214678755
1.3100947758152683,9.346748639311365
-0.9670927469600681,8.722506960936736
0.34947947430230775,10.14891326009157
0.45366078374315943,10.967535861911337
1.2198673355267413,9.534461247733095
1.5849449965845324,9.364991126106792
-1.1314383838493125,10.902208182940523
0.7083751391345774,11.00065677449576
0.2293486782920322,10.18324595924316
-0.4673421257634969,8.316277977166234
-1.121460285621724,9.545694990639296
-0.6141228516853312,9.961605966704331
1.2069123322791673,9.568439018810551
-1.2825412719511582,9.27794692421149
0.44090059791056513,7.955838106093468
0.9080741080565358,9.01002357769538
0.20946455126893726,10.70049912689319
-1.6816474105118302,7.386254217512084
1.3687749234924582,9.199991447539489
-0.029723716986809645,8.982134436242294
-0.4120739317028663,10.863552881554762
0.5528976601624458,9.981705656710341
-0.36130852282992354,10.339267065907112
0.34345915381407677,10.404360528458543
0.2613210182864396,10.010210016014154
-0.5581019794337845,10.698955390339998
0.20276217877917846,12.775132311019718
-0.8926888110597937,10.954513777307742
0.5245545039890516,10.483518924514543
-0.5067627348809882,8.178467901426957
0.9086762790652321,8.570173419894424
1.9825244379955338,12.345024952592649
1.3201307345122988,9.315457152870989
1.2663977578863084,10.605225718455864
0.6489286333183721,10.962512584287321
0.7077631319873494,11.821488935881248
0.1495824117516915,10.373571168276964
1.6047104928694225,10.185011552126785
0.28819457347720334,10.954366336311022
1.2989729493880304,9.580368900632772
1.5190096091773744,8.280677497220122
0.26166375901015204,9.353013653330837
0.8898084610460213,11.18817208801986
0.5985865959694738,8.57126222758759
-0.4642044229481095,8.570224004850608
-0.8668138880091911,6.527741357634094
1.8630817755371485,9.141137896966635
0.9551121156743907,9.341064697216073
-0.3933874969424789,9.648382861483986
-1.8275995642067038,10.371985326864495
0.30761553850543644,8.335360886727495
0.953796837005306,9.072083009685896
1.990513189608626,10.266330725595303
0.9169609963902721,9.214126095243419
-1.5026166342765186,10.16772899120479
0.43778118930911525,10.026023200270544
1.0845441926832886,8.473083057623139
1.114063520246654,9.43985947930618
1.0772195745653592,8.873219958268269
0.010548372420768448,11.357226545776252
0.31908576704991853,9.150984286745231
-0.1572601060714649,9.476186307983216
0.8406930663606427,9.251421874936923
-0.36982787587027666,10.412594914568764
1.660006150990109,10.053545828868177
-1.9894713776816473,13.123003938373756
0.05971798156993113,11.363646400870671
1.738919661953204,8.428999064063454
1.487374110980928,8.439616815525437
1.426287954733343,9.904634310307124
-0.853357674851908,8.923266878960966
1.3236899632874022,9.729564183106998
1.0487500447763285,7.34290571033471
-0.6361521054280459,9.920138335796455
-0.39415288364382706,9.435149468328081
-0.32491790043170754,8.871364290558857
1.7742608686279078,10.546133491493949
1.6164546419180206,8.92962679185389
1.197663515875917,10.702953550172747
1.7314707605065323,8.924894478818365
0.8059964058606641,9.528534302541077
0.06499129280024185,8.923990374434
-1.1301882711310562,9.573332118278325
0.34194375326014237,9.99682790518696
1.9650239748087532,12.031940548446196
-0.30665942338721,8.849350886269528
0.09314499720099922,10.09102153227194
1.8260055931979204,9.756686971360633
-1.4912752431324523,9.268603740062247
0.6008043695926135,9.344207711869156
-1.6858912562337087,8.946959233956225
0.4596120582677443,9.454688007107931
-0.5099642737861365,8.811342878491995
0.5985315961888587,9.129666610878013
0.09894255064572866,8.112575865659762
1.0182774448229464,10.191590057430984
0.8356000250063298,8.808866185625366
-0.22208008808883584,11.680682294736261
-1.5185456951600558,8.41744277736191
0.7588061394474743,8.616919804669415
0.42686480788001546,9.949282855237636
-1.1150487207732653,9.11904057476735
-1.4732523862551719,10.779234184168493
0.43925104619246813,11.107149392286964
1.7472898481323673,8.482063698629528
1.1752724156321586,9.776045821181683
0.5003662107461144,11.439170993352622
1.7472898481323673,8.482063698629528
0.6829093017704033,8.964571190712732
-0.4060849515631424,10.571815263681598
-0.16788553366452552,6.779413682609237
-1.5552100707753946,8.15837177640077
0.7185891307722794,12.127552523691666
0.38018537969504473,8.963042636009448
-1.761530698621364,8.878147429345384
0.7421544822504931,8.990659243307054
-0.8409941883449279,9.532543349051746
-1.4955594332855,11.592429288700815
-0.5650299578284455,8.928772487262375
-0.6401125448270073,11.46446577523809
0.9743756647062392,9.850691534594855
1.7980824946305685,11.57263042624936
-0.3357173183652553,9.352236341679863
-0.06959505735391724,8.915995221326346
-1.0664149221674921,8.220532306200187
-1.7508328074797492,8.764471313549322
-1.4759415253981376,10.8944556895941
-0.40732522563622675,11.551233748053797
0.42687831912892804,9.958633231763223
0.332423029119592,9.204706806837176
0.9945809365048,10.159724722508047
0.42035807416215354,9.068863236802926
0.40979776786635114,10.416936059576356
1.1192835360402724,8.673466758107072
1.7667679466321222,8.660943747161479
-0.4069990605463487,10.325308934690373
-0.3094832119455635,9.812887219417918
0.6918664895777296,9.715251565736034
-0.3918911324470371,10.62162905661989
0.18659288075115388,10.566625344965159
1.2818451606332602,10.167883698293798
1.9699340086335009,9.900676511634876
-1.8275995642067038,10.371985326864495
1.2607209278795564,9.887326981911439
-0.7448714267770851,8.70093496059142
-0.38955424663934934,9.525788758844772
0.42563910697520146,9.926576351097482
0.3199351497125251,9.863333170277793
1.599638173418687,7.469806193424459
0.29584607000651886,10.592757217142607
0.1283472957520453,9.228209820317215
1.589193982998954,9.727060015906641
1.6279420737529748,8.211289890561561
1.802124210344814,9.311957176830246
1.2297606206562501,9.383298925601487
0.3422549151732075,8.774240090038603
1.6904150283758312,9.183395101249554
-1.1938864879747486,9.410985960873862
0.1501605745613852,12.07073292111627
-1.0502661265007749,7.661480005510533
-0.16698843803393348,9.781509743277255
1.0481308841562043,8.359961474578185
0.2482911776102843,10.352968731306497
-0.2844502745991577,10.734012464910299
1.6905805584142883,8.734882518554576
-0.2062179120867209,8.987044918997295
1.436447030587666,8.840008432787299
-0.41085083775853093,10.522824202433949
-0.2715350527922826,9.2511036718313
-0.651150038374857,10.651085363378755
1.551270561343276,9.163977668481799
0.41795592903383794,9.651239268755237
1.4289237494791642,7.897700576136778
0.9776770152533039,9.721492190289574
1.2718539773966144,11.438700286807753
-0.7374906249466,8.431502900214763
0.06002263883889247,9.930771756032803
1.7331056495162667,9.00618036393319
-0.9208157684305434,6.922964055632508
0.7883645530430341,11.47733478958393
1.0330527837160903,8.7141003057687
-0.3661776743660696,12.421083258780202
-0.5476708144054596,10.304931264167354
-0.7483218078847096,8.044665656812562
1.9455286865155688,10.015412580568608
0.9859656204720966,7.590246692823345
1.1116376269941473,10.110075523435656
1.1916566384635763,8.400093815446287
-0.7059015450518484,8.890623388440725
1.2155388349410137,9.275665753171483
0.4458169417385913,8.391271865461537
-0.36982787587027666,10.412594914568764
-0.21309412518943782,8.491131285133378
-1.2754026018612787,10.489149221071285
1.1757405338074052,10.171961689293365
1.1916566384635763,8.400093815446287
-1.0725615444686065,8.85881422913776
1.41269191458689,10.858365345783497
0.3841206437992044,10.999764520242508
1.6584658180607659,10.315353801469017
0.13392083497913143,9.53865882558593
-0.20086140471470992,8.550286912446978
1.2069123322791673,9.568439018810551
1.0486983487265786,8.12841557580469
0.22348325679583736,9.805213352455512
1.04760725041948,8.652681770633384
0.13035773020634345,8.881123762424211
0.16445529951537896,8.5098571561042
-0.19664251438347158,9.452093145582783
0.5966158593234909,12.09233676715998
0.14216989239119293,12.76143792504117
0.0007917420911409678,9.32164329974217
0.4684237777146252,9.6830034138506
0.6492716541583294,8.661475598787924
-0.991720452599314,8.5918878423196
1.075949660722042,8.961340720745863
1.839451210853821,9.793806410763468
-0.06455912454275436,7.514780000492531
1.7022740516271053,7.862222181896396
0.2221982795424795,8.271097976335895
0.5008461354300602,9.851557166365042
-0.7177471025563018,9.916308710033606
1.4201208064797406,9.676456832242629
0.7521220758079252,9.928574351201167
1.9465204918353876,8.844504736602708
0.9234813831046416,10.820918454898557
1.285037681491382,10.566738347561184
1.7448489849747593,8.576214793266491
0.5133884701977776,8.600107222869227
0.4726229372724764,9.042969482761295
1.347453688906369,10.847218493486547
-1.2916709784108407,11.387422772717098
1.081647148274575,10.34737080838929
1.4404895887568183,8.371792708306586
1.3488765718347944,9.211636634838396
0.4128885426318547,8.856275762178448
0.8687257881870307,9.958339726599055
1.375517644923716,9.556755256318038
0.3464956731346507,9.73934369703694
-0.10431511953558914,10.065896896718062
1.2335893924658445,8.761115428769976
1.6576477836998391,8.398840408994229
0.880629843723761,7.678724561979211
-0.2382617173758157,9.045200582882632
-0.14520638024007138,11.959779540945839
1.4404895887568183,8.371792708306586
1.514519945420632,10.503326291219633
0.9582529924450722,8.244711264196882
-0.7309633025725297,9.640214378355507
1.4519873254354883,9.424199974004832
1.0486983487265786,8.12841557580469
0.8032336720069613,9.713841975276628
-1.118049442341003,11.583819192471156
-1.5015431691699153,10.42865527465676
1.2823057573353989,9.866715141152248
-0.6099248187449815,9.200474043943977
-0.8568657778965192,7.8990972667946995
-1.1554962297678504,9.60203367755647
1.2629815225044836,10.158422529453402
-1.254246951422982,9.694723788942056
1.8861307636042026,10.854605235857683
1.2128484929763728,8.7943238501671
1.7562739178011664,10.000569805728059
1.2899222545374438,12.047011810506868
0.9144606271711075,10.654324125904996
-0.772822867559595,8.629310163162515
0.07084657353884571,10.304933321225782
0.11031848970140157,9.603820345392378
-0.7488880431585838,11.526725028185504
0.4204064889486028,9.447139884878005
0.3203448313512447,8.703383975104272
1.2641340092082736,10.098854378885346
-1.0888866335287943,9.584354152750912
-1.530767244150422,9.952803822295868
-1.7953379742180964,9.877290323039517
1.6038435827618716,6.108148209107979
1.762716980461362,9.219898820135354
1.0409114395587462,8.249424425827318
1.118066805696254,8.310426697408053
0.6995728122166192,10.104814018653386
-1.5504681002851624,11.45267322125703
1.1227282987514493,9.247273871094468
0.7581368356216607,8.764318540779456
-0.766591513295205,9.112445080973215
-0.7162582467222385,8.518978179891386
0.1192362282802164,8.311422966522732
1.4932916634432307,10.056203645331053
1.4097555425674924,12.837495843217388
1.5037320887448198,10.102909273605906
0.7032917004162944,10.774440681925245
0.2657747403465063,10.417711095548938
1.7532192737939307,9.932582290681681
0.08065400444797355,8.376904244478089
0.30911611693252494,8.856952617443781
0.13821817902415656,10.505453849124814
1.8447622552956568,12.003845724951933
0.901030641660546,11.298533343575873
1.0544419184566345,11.947265293665739
1.7963184127312672,9.460563826249956
-0.7335902606903484,12.4265840825826
1.7187906093702923,10.594235460549774
0.8842186435914874,10.473031504017346
1.8470499133818752,9.821594234444383
0.7322783007604965,10.012913162984582
0.45316673954951625,11.54263502656153
1.2685125680623406,10.934714324028423
0.1650663147044411,9.13048163968152
-0.5960975042956345,8.90912199532122
1.7836985761283461,8.407808989719182
-0.4673421257634969,8.316277977166234
1.5549923194759088,9.855578434156469
1.785057972012328,9.996893942665405
0.9082270464615605,10.16590337460131
0.01895790152140675,10.208063507895863
1.3592091425424688,8.989987241520424
0.7635359062032911,8.286866422563458
-0.18206906817857327,8.869752520599805
1.3412099823569519,11.157542789260523
0.32068947690932914,9.490874723296606
-0.06842225360560539,10.108388509647673
1.5600756045950588,8.370397594289884
1.3086325937104935,9.751332423497526
0.3747384796349329,9.419449994622887
0.6500891374159279,10.181121820612143
-0.2638045260872772,11.659834100668702
-0.7689163788274036,8.058887154987362
-1.0773207531289652,8.115326242898018
1.8470499133818752,9.821594234444383
1.2374446219140545,9.783540568217877
0.5696771128252625,8.706876991050953
0.023831630939726622,7.868982291765607
0.9028780335534399,9.110008905778265
-0.4841763607499696,9.06769678609596
-0.7469970380447122,10.367538409525965
0.9259858561725562,8.936494160943974
-1.5518443913277906,9.529600053033795
-1.074605147199398,10.041355553373041
1.5265413967016426,8.316805904200432
1.7763791437214582,9.334281858748973
-0.12879035185064325,8.242263497210361
0.012534218993279111,9.779692555899741
0.2293486782920322,10.18324595924316
0.6109844314074988,7.714823574172608
1.6611597615170957,9.556488698598624
-0.9293262512228098,9.519921321031202
-0.050128658144104055,9.62552557548269
-1.1858579100727806,7.4911393174996235
-1.5299926391505068,9.655614480226063
0.8377554585358991,8.521000933795635
1.1571713932787424,9.224842174205653
0.8756277784191613,9.485004274942806
1.5463817660095933,9.186207580291155
-0.31268728584467453,10.382507912604698
-1.1056166459221894,9.491914576322806
0.9028780335534399,9.110008905778265
0.7164092765779584,10.904713622212928
0.9630744710168178,12.12348342913361
0.6078450380104021,12.224215984052455
1.290402242638633,13.335253085089576
1.7391820699711333,8.31104456399865
-0.38607612389200163,8.52276777540726
-1.3149063573350417,10.760009340799995
1.0938925027464026,7.175801700008551
0.5444225385744743,11.099649876946886
1.6279420737529748,8.211289890561561
-1.5324849576362438,10.272633246117756
1.0051156974950675,10.42392667870753
1.8391640816194008,11.098505194009709
-1.7668111845505718,9.804196447652313
-0.2689316731672253,11.37158811714383
0.6798139634368723,8.467531944508075
1.3766817958767885,10.438432089773384
0.41395066638581923,7.965216390350015
1.206570359325469,11.230822098356246
0.3892495133228473,8.599484523147716
0.8566125855686959,10.662838927722404
-1.4927039097983248,10.491136466116695
-1.9600848933662025,11.829886280342494
0.9195564708143911,10.604351598256073
1.7022740516271053,7.862222181896396
-1.0780206505939165,11.022955415800897
0.22727344111323022,8.288700821897589
-0.5877984335987905,10.460196618718296
-0.02006882115015607,10.096717820974167
-0.02787949936479084,9.30589879667154
1.7313848854411966,9.971343381703097
0.4044600469728352,8.023440838212693
1.7302668348238437,8.021047339831416
-0.8484819866606217,9.552002359948307
1.438581381410426,6.1887745018797595
0.6166984058962979,10.089293671614227
1.092567495674686,8.910663562988375
-1.1154095595572264,7.394410061902343
-0.9163631070125153,7.140047665163148
-1.0740991449388075,10.977101547512994
-0.34343572713733517,7.9070754834539345
0.9058468604520193,8.79769243856235
1.52358064217901,10.286129340321803
0.27682585251771075,9.649366386455002
0.4174372788590843,8.879353397905238
-1.3650529465027619,9.088486948311369
0.7798043556098468,10.293738279627846
0.9946887010039633,7.640414246870331
-0.6874112779397255,7.776888314185521
1.9134191482274265,9.383280186180718
-1.2103850650778298,10.227983061045645
0.302373714560328,8.299543098339896
1.7970924249824676,9.521459107048377
0.3080816067622334,8.837277553079364
0.5370106138061495,9.040669888034556
-0.011330877129257289,8.018257283766948
-1.4641005330008752,10.818116783734377
-1.3723895034155196,7.755892529863319
1.3182508627321994,8.71225626253512
1.7621492044117906,11.490636614458586
1.5463583846757856,10.157375130971785
-0.3888578638140201,9.446675594693303
0.9402841752155431,9.6930922457323
1.6968737393706403,10.325036090530293
-1.2475153611049548,9.980793053393072
0.24875524425810047,10.344557969145106
-0.08603571957124334,10.222345256572357
-0.8472618961618821,8.623752182961617
-1.4371538878049663,9.299787810775616
1.314121038326034,10.101919320926891
0.11035189308866267,9.964768666821517
-0.8146967924007997,11.61781163773855
-0.9518599819725018,8.375176463851561
1.5896762003126947,7.741589948274612
-0.6510489966566317,9.415429159464082
-0.8698365453502257,9.794317325528874
0.9302883888410012,9.05323541590463
0.772677441015384,7.093261401463205
0.6209679225560869,11.19604180040405
0.5370106138061495,9.040669888034556
0.5793304160892552,8.034621629109104
1.679483736522171,9.750514643852112
-0.5674411338834222,8.561899642898148
0.9139757353897608,9.545602198549682
1.7314707605065323,8.924894478818365
1.2139237215393943,9.959608171265751
1.7233314567032298,9.064025681287895
0.2910811067477832,10.399449486648383
1.9245749271672876,9.570085049120367
0.5255013041930039,7.38458666428308
1.2978860704181963,10.759940626950778
0.8114657762004054,8.845275296681859
1.099533729011795,9.720219262856611
-0.0322879038434829,10.582632526351983
1.1966318844191282,9.30341352390046
0.7715137107866088,8.832786006713464
-0.7590588650211809,8.15165199604944
1.7723033509788304,10.223604331141267
-0.09351817475783841,11.131735247756222
1.0641035980771858,10.413123897478556
1.7607193389169655,9.56797127779266
-0.8080808213509219,9.293988924804006
0.7818688267594487,10.085685767598951
-1.0101480750674146,9.13311047245028
1.178313114800761,9.53249188065737
-0.3094832119455635,9.812887219417918
-0.2288074538250502,10.019059403664563
-0.11673432253640748,9.311642439146832
1.4827538218297573,8.940070863268208
0.6049319081659683,7.9310044736001775
1.1316944570302896,10.33825717663199
1.2139237215393943,9.959608171265751
-0.9398108503628668,7.871254756719516
-0.9499588380673374,9.739366841349728
1.7564347932409623,8.468876702839863
0.4901975848524551,10.599447292199393
-0.1398587010773089,8.704616620312324
1.94343376164375,10.59102298038476
1.3409762406354626,9.534694344113184
-0.8718617097147741,8.927609910754825
-0.41530923356297844,11.961569418458923
0.5499952117366527,11.154849149156743
1.3573539694240093,8.233741243007525
0.45588122530093056,11.401480602144417
1.1942233525223962,9.676777635439386
1.1297032488511514,8.398022393862528
0.05784531095957668,12.340623233404795
-0.8996044737635023,8.941851739280882
1.0673955912710924,8.996970139562235
1.4181895728087213,8.932585879803671
0.4382573359195874,8.257135538818053
0.491561903276001,10.694218908011733
1.636701056214343,10.229941646631621
-1.4691369838277586,10.262473655734727
1.9247701166564632,11.638839175878438
0.6453524553448506,9.586156071665288
1.7058551918247393,9.818618859484427
-0.6791397405140098,9.089717091332107
-0.029723716986809645,8.982134436242294
-0.3415035050919051,10.849100385490274
1.86298883927899,10.000041691731964
-0.3827249275828315,9.997413535502972
-1.2619159225744907,10.587254645866551
0.20946455126893726,10.70049912689319
1.5804709628261455,8.271596789408443
1.7374680590760594,9.881773847444762
1.9978427242386925,11.962003547881071
0.41298169073611923,10.216018143470103
-0.4722414413884164,9.487384799702173
1.7682328779543819,9.884956280552096
-0.0194138919441027,8.612547462553463
-1.5510357120336455,9.943875170226452
1.453726311157538,8.305102374739079
0.05453353571460395,11.548833997062152
0.9559682526249755,10.742829727838444
0.9302883888410012,9.05323541590463
-1.1179829462574116,8.818769199733328
-1.2952223753430099,11.288685965932283
0.8146314375200947,8.614479372466445
1.8325524792179846,10.546585054786242
-0.19113959959312776,10.162662708860163
0.7443646157739474,9.615466485243491
0.7680450237866188,8.001930560537604
0.9692409821348975,9.215854372551114
-0.1460238247977106,9.886363405953578
0.41454880223750035,9.361685325344244
0.3537249618138092,11.349298168651867
-1.8117552084922104,8.411432661954269
1.081751211169348,9.97963876244379
-1.0275018783093253,10.150858357773366
1.7970924249824676,9.521459107048377
-0.3555463320206056,9.992619833224325
0.8409711944932461,8.967007234293382
1.3457589495044933,10.94477373450954
-1.761530698621364,8.878147429345384
0.38154006928017514,9.145598774306942
1.3677342671672346,9.119859738071886
1.8148145059668317,9.95609538524909
-0.030531805195004313,9.639702261894426
-0.23490265299972535,11.27049219101677
1.4456721843820697,9.295380156600807
1.4930174267666905,10.86834511986541
1.0139024217859225,8.890860994294355
0.5403746034705752,8.76903713092071
0.3739856632874057,9.198252246436772
1.7883626684340763,7.935070483974469
0.7120646102362542,8.899462180163464
0.34947947430230775,10.14891326009157
1.5621091229595798,8.44188819055302
-0.5823040320504553,9.947512293395224
1.127563651987559,10.510248555569127
1.55965350545145,7.877702205237629
-0.481050380713405,9.897097915511017
1.3236899632874022,9.729564183106998
-0.7483218078847096,8.044665656812562
1.4404895887568183,8.371792708306586
-0.3918911324470371,10.62162905661989
0.3225809036385363,8.819675581778442
-0.029723716986809645,8.982134436242294
0.7869486614566026,10.63932231611374
-0.717348981054271,9.070881031696022
-1.457354131358489,9.790236505422927
1.526869225581585,10.43212928854389
-1.1458500884641944,10.786178450686542
-1.0360149680163282,11.575063589931094
1.252728589137845,10.947966802270546
-0.24553832324163816,10.536009981784844
-1.2215099527169397,10.943876233986275
1.375517644923716,9.556755256318038
-0.7116833376672869,9.388183726343742
0.40433066157286257,8.787342529388662
1.5869861996309784,7.8959321214856715
1.935910591839313,10.872322619043379
-0.9162292067345383,11.095839612146404
-1.236293659713426,10.93015979037837
1.4871342663688067,7.703412430499127
-0.8499552024649639,8.078513469952188
0.6474412488600221,7.754467941491515
-0.24782369637846502,8.941483752170084
-1.715245406159084,9.94418433810181
-0.5113069790124114,10.114936818964747
-1.5736278787680371,9.393684951561635
1.704238239273062,10.28274957672756
1.6494533824667639,9.79259234390532
-1.0535608691699707,7.418074727336358
0.9935009977127303,8.736121906155976
0.22816205310014048,10.179199199111359
1.5767634986564731,10.219089343352266
0.36301488541225924,10.4775893815672
-1.3008600484665362,10.59717318263672
-1.4989950756151682,9.909758104237433
-0.4927574889031501,10.61212752097325
-0.40599188478407866,9.871871281176364
0.7360994467682871,7.5022946105537045
-1.3268856459691487,10.322436715388726
-1.0535608691699707,7.418074727336358
-0.48215447762614083,8.096014968670849
0.7603014167551909,7.671828987184489
-0.7889295695302998,10.697206246386413
1.6353059908674492,9.88062280238017
1.1951329430946616,10.88628077321398
0.9972614205697377,7.432931860379421
0.35196651785533106,12.120826713191803
-0.9375998296451757,10.654571350325007
-0.42885741468518024,11.146526255345156
0.6146259056224816,9.824483721054637
-0.3650633156076144,11.30838582785737
1.2105732391828417,9.921139032486414
-0.5618274219199861,10.04759285328551
1.2444950797338836,9.381256120792148
-0.9214799649312688,9.890675529701852
0.5070133941693249,10.402075641278122
0.13823687662523465,10.129189756676633
-1.562070535724024,10.741506366286025
0.04445455395800213,9.73148873537056
0.47241186224678744,10.974460615677787
1.530239507089389,9.474209766376976
0.787182055857365,10.343241114279055
1.8544799083570114,11.043278261282893
-0.01496498847055383,9.125928740350718
0.3877808936526903,8.600618236239656
0.893791271400004,9.757342837525085
-1.1952990708444822,8.366083755328255
-1.484481112357403,9.595991208539365
0.7615793145174612,8.451956905464812
0.9160286721639492,11.10599906220632
-0.7575961144186816,9.25798793197305
1.6931440840557426,10.59741528088213
1.642422868857687,10.498757779904142
-0.07797221096868423,11.861313732839747
0.20526956265125662,8.191773720393607
1.2335893924658445,8.761115428769976
1.779062919529712,9.9624604318431
0.9667365159672925,9.810929179691449
-0.40740202590837393,7.905107549099962
0.11950250207282442,9.790509626142008
0.09756107731032015,10.012152949179896
1.7022740516271053,7.862222181896396
1.5400612981890345,8.817006933153838
0.435996444207714,9.664930087534232
-1.4934514979265026,9.286051518676649
0.6762140612677916,10.54809494515833
1.1849744378255487,8.77272451680918
-1.0261318237329595,9.699042606008529
1.5155245836514086,8.225744453566907
0.46516299341657863,6.992128900211265
0.1622107015556966,9.485244712465585
-0.35841269204135395,10.459925739422793
1.2642270284572943,11.46929617540241
0.8892446732948311,10.435801807182967
-0.6490080130606111,9.698346560719774
-0.35293783366196596,9.076638184974321
-0.7842143950371048,9.318013329304332
-0.34228075013185366,8.641920317765024
-0.702682490593928,8.804577174235003
0.7515945819163008,7.841968979798998
1.0986141247247274,9.812870765675152
-0.21992526509857901,9.961665036218577
0.5457209981745468,10.260422156876652
1.3749151708410299,10.129027564514757
-0.09809713906906525,9.747590283546868
-0.33035598740488403,8.721010618366314
-0.364291056973312,12.266732805055561
-1.7908835869249615,9.870865624417986
0.4955833451665539,10.695770861968638
0.6882380106469417,8.79582126231703
0.0023172697233251327,10.080555796936704
1.0886081104633525,9.159726444051122
-0.3903749628027531,8.593249288868044
1.5330944057048952,7.649446390567551
1.7527246900988898,10.01951810419232
-1.0305852194529508,10.076599522336062
1.5124607879428056,10.391099115408444
0.38018537969504473,8.963042636009448
1.16623281036548,9.604047353853886
0.0077816205273668615,11.023473861654084
0.6727226478316206,11.360603446958093
-1.480868137109555,8.48424233181559
-1.5878332262760693,10.194114208509363
-0.575613096408615,8.60128037344833
1.4173839311308618,8.382613208348161
1.8429852110854217,10.876968365566496
1.9383035855044524,11.759614072512099
-0.937257740534946,9.907638988645923
-0.521048756509245,9.644520636945561
0.275821933127403,9.55026103258161
-0.3684602925985643,11.994053366344474
1.723029302414259,8.149151061547503
0.5438188286549139,9.557357804224376
1.7956648727548603,10.76646186473263
0.9776770152533039,9.721492190289574
1.1072854689611242,9.157966054498692
-0.9414598922985706,10.748578630032547
1.3012336096919297,10.803959127228623
0.8120758355807114,10.70795541933176
1.2126820465309245,9.396928853104809
-0.35800514521048266,8.3656370622083
0.6854720355871828,8.268124596570264
-0.06455912454275436,7.514780000492531
1.475619937914873,7.7656145302927095
-1.2201669140054778,10.620766732265388
-0.11686001194917095,9.046830726147773
1.3237966842202735,9.367011948641055
0.785155103512559,10.455935886789284
-0.6668005605178999,11.476646349745467
-1.219028048807822,10.299198102385152
-0.872699986818112,9.658738291553313
0.862023818484515,8.457891184340077
1.0916859275044604,10.867703937085993
-0.02006882115015607,10.096717820974167
0.3773269357063831,8.790892747322733
0.05230887347219948,8.69552068604594
1.9608901384602957,11.823159024490584
1.4497365205646275,9.970828293325582
1.392812514211582,10.715945446467627
1.1714176761353574,7.689370208677563
1.0986141247247274,9.812870765675152
-0.8080808213509219,9.293988924804006
1.1916566384635763,8.400093815446287
0.46648791266110035,11.118507806669744
1.0477375029723883,8.03510274033141
-1.656822860402042,8.17844796593594
1.4795854482485131,8.302796867452802
-1.8340106979603745,10.531275163569166
0.9344575222456082,8.545237663437181
-0.008205629670944514,9.355984459146395
-1.3429182021762878,10.416471297935608
1.5140622452053916,9.329857204153583
1.4895782534192596,9.409096621653546
0.6297773087098593,10.869420458743773
0.5750824324049786,9.912959217333334
0.7421544822504931,8.990659243307054
-0.8237301512928887,8.891338463431154
1.782518710995988,9.625435937636755
0.6514391505386627,7.962166990519359
1.0873441409204396,10.389244361661262
0.07287326254370985,10.174977690849891
-0.9715259840052219,8.570524916528445
0.5497815148716083,10.794010292643337
1.945399691776648,11.12451161519877
-0.07549723273261755,10.772438062978361
0.4725129618315833,8.135045424309656
0.4459794108767965,10.51262521828486
-0.30059662852765223,8.730895769136568
0.5048812865256616,11.37934149030831
-1.1412164501465782,9.777012153481971
-0.9073615185202195,9.676400505001366
1.924471631471743,9.489365237363872
1.993684935695096,10.085988259890918
-0.46443511450715436,10.432517448556428
1.1402556841857248,11.360323509105969
1.4803954956037195,9.645653309110749
-1.6346970626657717,8.480932781861641
1.2449222336054313,9.566496517811016
0.21541713760528314,7.204780379384532
1.8710458610782479,10.202038249434239
0.20090616862504707,10.811164281154621
1.790260505296172,9.041069015342178
-0.4274114820239392,11.466658109206401
1.227338957069056,9.982961060080633
-1.160377627617657,10.828265012499157
0.3960441768542702,8.38057175992007
1.4980211801523082,9.043740541405253
-0.4252724560375487,10.672584819084367
0.28819457347720334,10.954366336311022
0.7981114816102877,10.45410339340814
1.5911832255681038,9.427789894908436
0.9308936616532262,10.061642274849868
1.4485104690618025,7.575961391551579
1.4944741149488614,8.686625122710463
1.368133177505685,9.13307249375651
1.2446504155165288,9.68121081942174
0.9784147160135204,10.855441485407361
0.34947947430230775,10.14891326009157
1.8802978266668275,10.314523914270987
0.8996410873443375,11.653735687824243
0.5072105202593757,9.787790570545333
1.1807447790748147,10.478236549820997
1.5386999398133998,7.220514433889052
1.6010564448082816,10.310194249132046
0.5945558270752622,9.564121476222056
1.9141018735565622,10.347544249891335
-1.3740931359855977,9.50249796454771
1.8486901938981677,10.462244198813996
1.8241885744477324,9.013249721953374
1.2585002241036687,10.114539948805671
0.002414284618830198,8.727305325231487
1.2671178660225442,9.352252777607347
1.9608901384602957,11.823159024490584
-0.4626934113612733,11.48898170577282
1.3480533134546882,10.64826782497796
0.9103172885397761,10.807257079569892
0.1708977733903847,9.60903566920337
-0.06794354862419816,8.866715783221549
0.45366078374315943,10.967535861911337
-0.12390024112846598,10.391176910598247
0.30617995980456003,8.961831770573326
0.3868919604248684,9.583999902129898
0.7838968243747919,11.74354052585668
1.2478709695632069,10.574180718482646
0.2576663511189907,11.062290707636619
-1.4101898931748642,8.223697538310086
0.26472276490028346,7.766856829286097
1.6381938920485535,8.905195683158423
1.3146685741343758,11.815898175013029
-0.8701102945199852,9.10097673477385
0.901030641660546,11.298533343575873
-0.8525325000688242,8.328487861844897
1.8827061816389765,10.174556586832791
1.6834896021272527,8.429891514369373
0.5182307875669463,10.441009289688969
0.9208868710289968,9.04476159093923
-0.07740788675036425,10.590965800557619
1.1817998431589167,8.501105080908966
0.5412933868332841,10.951498656495973
0.8588753340081441,8.540179318191866
-1.4980548128033973,10.489683016173599
1.782518710995988,9.625435937636755
0.41330226257839353,9.791253565201961
1.8861307636042026,10.854605235857683
0.8973552685149646,11.076307229291654
-0.008973745572414593,9.91025725118321
-0.619231166023158,10.28121459266595
1.2492693308564755,11.411079801306709
-0.05897758341103554,9.678058183094784
0.10803049832613487,8.966995898089996
1.8317834397045503,9.59858982766006
-1.615496593071394,11.120742712798716
-0.4086534979913723,10.702227886936573
0.010190426888092574,10.106955188027213
-0.15845529729983765,8.861154607323428
1.776237358746453,8.741364455549618
1.9202077719059392,11.058278947818996
-0.4245423773833661,10.488910228706906
1.6047104928694225,10.185011552126785
-0.8758009993324434,9.907572928949879
-0.27605911794681504,7.847701043538036
-0.2318663162755059,9.670025603453423
0.39342993719103525,10.577495970008796
-0.11087278334807316,9.834104302831927
0.9665512744704836,10.190331836454993
0.5330756693499556,9.849493065991716
1.529665473629355,9.33544478016275
0.001220625418059118,9.422687256406581
-0.7861871342015752,9.221042528034227
-0.9418148550958332,9.628258044410192
1.190929053392856,9.727003402907862
0.0748039775223801,8.793352454757223
1.0435658918449606,9.455555317844517
0.9322851841186992,10.199285495970512
-0.48790020226239195,8.490177796141158
1.7539286328566184,9.554993798463984
-0.2612874067341191,10.626052364663726
1.8797061013807634,9.914146927804047
-0.0015263520049519919,10.151195473533145
-0.20384895852015328,10.612628622855302
1.8722632482030357,8.862560232233644
1.2121035913306537,9.498941969200366
1.3852720511234948,11.825383198175626
0.4328455070657866,10.50759378224946
0.7603014167551909,7.671828987184489
-0.06562780758268394,9.193061799129186
-1.4955387104983577,10.155644643631925
1.5565116957600398,10.41555945491114
0.7812757984975383,10.213470373709697
1.5615372834210643,9.283199688846908
-1.2215099527169397,10.943876233986275
1.968542557914331,9.404927183832102
-0.19859845687682887,9.55680193950603
1.2509316172187175,9.160370815772005
-1.3923892259508226,8.97155178001839
-0.5496671496212917,9.036745289016586
0.22476277052004656,10.032423071744452
-0.10625736249991435,11.763611172402499
-0.9398108503628668,7.871254756719516
-0.6495393143854882,7.55149702256229
-0.6090486577627376,8.216594799355844
1.8124984500318604,12.411760698690731
1.9347157010536544,11.013113484802394
0.1681333803888081,9.27998359140327
1.4204376879897604,7.722513147468619
0.8157436293113234,8.889334057101188
-0.6764516492248229,9.881908817126922
-0.09623112980910342,8.178188770889296
1.7799391422233724,9.45363993758479
0.8544294650538862,8.768597237870056
1.738919661953204,8.428999064063454
-0.35293783366196596,9.076638184974321
-0.40599188478407866,9.871871281176364
0.07397189976896179,10.333003417317268
-1.9894713776816473,13.123003938373756
0.12944093944525958,8.733431842846796
-1.4464857498323265,12.071915684622972
0.4566754012755707,9.155745242833973
1.0790892295423422,9.973536945227558
1.6431797220397955,8.339793802276615
1.464382534446766,9.082699945090653
-0.9461062172246071,10.955284124362848
1.8923071916491931,10.072016209193201
0.5175945525410501,9.821061343827902
0.39342993719103525,10.577495970008796
-0.060030861690001824,10.39730263786212
0.0748039775223801,8.793352454757223
1.7750964813792645,9.584716453724388
0.28698393257499477,10.527914386925207
1.746919954946938,9.079127987660131
1.0687531557245076,9.317337945914327
0.8690475034630256,9.175043783032574
-0.3242680880642159,8.05080554775125
1.295585526498657,11.787289208931146
1.2850006182388172,10.58417326761615
1.494314496427109,8.765732440970332
0.7032917004162944,10.774440681925245
0.8488808207086347,10.21029734777333
-0.40273633676276743,9.726424309746081
0.8587843560264887,8.708763183346699
0.009487279888381828,8.386696864147114
0.8141133607261217,10.15287588814033
0.5796252954596679,9.792610572904731
0.5813824930024314,9.449125770800793
-0.7019527992986316,8.999418035806832
0.03890430115271881,10.12889973719987
0.13329419143842003,8.886886051101236
0.8626506082892456,7.792787968852299
0.5108322122856714,12.692629758648609
-0.8024665051786068,10.24922706735699
-0.5480686383845135,10.94616987827942
1.7770659564537357,11.5155369471102
-0.4011217961022897,11.839311686664708
0.8347068798620279,10.097716893779735
-0.349512636605505,9.585936546426876
-1.0001640750420178,9.289472903302569
1.9198217894331138,9.485954435210857
1.1946231214265461,8.913854958079675
0.049571282928426275,8.704188402043105
-0.264259001474505,10.080231570217096
1.431062193489769,8.890759989910148
0.7005195433776787,8.938336479252792
1.801645936306235,10.368127206588028
1.2716167073297577,10.62638279848464
1.4261488949917074,8.788470854679993
1.0494448548286912,9.354091146844326
-0.051669822705687984,9.16003171863427
0.40364802263634436,9.15291702893534
1.0477375029723883,8.03510274033141
1.294494442995894,11.144030864873155
0.8690475034630256,9.175043783032574
0.8818269658510247,8.521624455551915
0.5245545039890516,10.483518924514543
1.2226806118002127,9.720247504434266
1.6528238472566894,9.481170740283241
-0.888435496048976,9.663809771494542
-1.0825368918493106,9.18785940747122
-0.2792963662227472,8.811388733879145
-0.42209488571985876,10.383316698985153
1.7770659564537357,11.5155369471102
1.8528901577624453,9.774076887196568
0.39342993719103525,10.577495970008796
0.7301619150686283,10.084571606768534
0.04574562520634906,9.167798240990932
-0.5778808113919696,9.572850267876166
-1.0305852194529508,10.076599522336062
1.864712099338147,11.56143234141183
1.4317396559893152,9.448770770072759
1.875511421142766,13.523384760023133
1.083687378576208,9.966706788904107
0.03768851259915884,10.760745414706347
-0.25581210352568373,9.519896661703864
1.6974173847752017,10.109969319218452
1.313512582406585,8.84770023718743
-0.7851045934726968,8.148921936587174
-0.024743838172285315,8.307388674945708
0.6151116918246253,9.822832122442506
1.3533148188445514,11.963664437535622
-1.2122971821862865,10.744649783655603
1.6243482419250421,8.59492261164427
0.7287667570203951,7.832434618351737
0.9667365159672925,9.810929179691449
-0.2715350527922826,9.2511036718313
-0.35846830785748107,11.272337827371077
1.7892275969478484,8.541846073751294
1.22438699184299,10.534567020727843
0.363465069580458,11.70623338392982
1.4131391942688079,10.214304703557648
1.617439099975429,8.732925666689821
1.3636348416116286,10.954515716049386
0.07754343801574937,10.372406219918831
-0.3880792849393542,11.895900395763308
-0.4507099280987439,9.058801219327904
0.5541037906563422,8.35883002429345
-0.5015495414941151,7.997557159425317
0.7064689342100259,9.786531640461657
-1.0425206546318146,9.487860781472282
1.1837055485740096,11.167986535643585
1.5164732302486588,10.025411523245033
0.8164174430865474,9.638555895671471
0.5517219583186619,8.537345742854543
0.8639387741668965,11.639277984742254
1.6383815644437774,10.366175661103144
0.2692488785156142,10.439652430637029
-0.7883370846672295,9.751521769281647
0.09263259927056655,10.78315851027876
0.3769673092343888,8.374395221659173
0.0922616990764773,9.100146669545412
-1.2156091490464283,10.985071738743219
1.8524604463566954,11.306783791281582
-1.1571733397003752,9.942999661724569
0.5499952117366527,11.154849149156743
1.1680125045207839,9.872803546340528
0.5492086261520956,10.372311513767507
-0.481050380713405,9.897097915511017
0.6601466981850219,9.692359083477855
0.46002890679667896,9.357345279614005
-1.2808087460196984,10.104065878756165
-0.888435496048976,9.663809771494542
0.13919786512476984,10.920712890958782
-1.006043440742137,10.658795469037859
-1.4900453506720703,11.750955193024755
0.023831630939726622,7.868982291765607
0.30792644967072746,10.143626736123283
-1.0631865162946634,11.078626143907435
0.9271043801506895,10.172840518837067
1.7858260526016219,9.931366885418436
-0.9131296044072812,8.109907353254643
1.750201349629354,8.436431684424395
-0.2661110689774624,9.140814488415032
0.8059964058606641,9.528534302541077
1.8846036294731432,9.738289989023079
-0.10626026562380497,11.97513287232091
1.4895782534192596,9.409096621653546
-0.6541985927299594,9.962988784271179
-1.196265245363774,7.578722409242654
1.87330784039702,8.84662387954977
0.44585444490264337,10.065137838095957
-1.100452879097873,9.150550752464175
-0.1332275164623664,8.881976007606598
1.3074342438910125,11.250056626275343
-1.9350262271621852,13.364206683725806
-1.0903130851058829,9.717746759085731
0.9926471961147847,8.917792526320149
-0.23137544754875305,9.740421305461984
-0.2944065727935099,10.63749800090957
-1.795458474231597,12.979494750562472
0.19360374696764682,11.038835033417149
-1.2381720118798163,10.552951595984538
-1.5960875727289556,9.434353773085608
0.6770731670033396,10.182709957642494
-0.9492267604799793,6.944762488296116
-1.8253562851479659,13.165708244756456
-1.196265245363774,7.578722409242654
0.9494283095511986,10.602856844293102
0.11976234772093175,8.942622691945365
-1.5953375215475871,6.696275405359287
0.6047908483813855,10.042611159731775
0.846891222984195,9.206895696727601
0.2576663511189907,11.062290707636619
1.4013920044795816,11.188377410416765
-1.1155069484439402,9.025553010777774
-1.9323488003135707,11.528188282100894
-0.27605911794681504,7.847701043538036
0.11482927953621047,9.216629514945598
-0.7560707131373512,9.44281965012496
0.7005195433776787,8.938336479252792
1.7276509303898235,10.336484209778508
-1.4135417713606309,9.89674295021155
1.2141671073057108,8.456460916767005
-1.1827344664041188,10.70737096273033
0.9384332028421403,10.883149410497907
0.34235073549045003,10.437639344945644
-0.2985740149200655,10.101675755683473
-0.14427449275066895,12.224537608925495
1.216811629191124,9.880227188231933
0.9733316542626267,10.314024107444583
-0.6015424047691114,7.458990446817591
-0.1626159593087091,8.430452301700335
-0.27066079582959235,11.270063606689176
0.7886547685519218,10.14709350453096
1.9225928782561983,11.572314782703733
0.6681474285014155,10.18081597447104
1.9166062204024623,10.620889082154902
0.39322430278407516,10.212234628989984
1.2720590636899725,8.739755236707591
-1.5205385306652688,9.282618413213767
-0.32300300272413685,9.416291756921545
0.39067313081081245,9.36824158936875
1.9884980006308446,11.23066147790482
-0.2872634067307427,8.92178890819775
1.470808391676956,8.127926416318562
1.7030067722212219,9.520816201219382
-0.7741461278287187,10.457570643803287
1.1214620120275267,9.65351387236619
1.2735216991181408,10.114691242440466
1.7907447082571184,9.434658083803342
-1.3424292626863434,10.4331469638694
1.8947685394007951,12.115605446208994
1.3366564328337653,8.867926794809796
0.7565734279213507,7.125762090842742
-0.019776217381660466,10.31098181849521
1.3260733324488942,9.19036465036732
0.9518037895903686,11.169100768221258
1.3654270852207944,8.55211487970366
1.6382577095212048,10.115295971601997
1.4785987392486852,9.811364904326936
0.5362202240439333,9.558449943614063
1.602807456045034,8.777491569911694
0.4225515572936458,11.007114892163914
1.7720828385829446,9.626593381775226
0.6742905868916562,8.033900101263749
0.3223534011121738,8.482817791536927
1.6368085448259482,9.76683607555188
0.20265351776340612,9.185507211030975
0.9562679037574902,8.56609930250162
0.963532826887942,10.162379870608387
0.6355418809306288,9.843528625100982
1.9098262527353702,10.347528125331975
1.241731654292682,10.032043156248038
-0.10611291687773727,11.368303727392918
1.2428826917806992,9.309939703826249
-0.07446915300628998,9.21103222306071
0.3765228614085405,9.309125581131614
1.576377210133003,9.698881725134749
1.9491045172597778,12.944092085522708
-0.19113959959312776,10.162662708860163
-0.7309633025725297,9.640214378355507
0.13441018690751383,8.825313795931313
-1.7341466968949115,9.557829109269546
1.7804897949795477,11.063415791988124
-1.480868137109555,8.48424233181559
0.08326234457632875,10.236147770172096
1.1758203388623625,9.304672021710896
1.4391786992465825,7.9728147940905565
0.8083887535179644,8.70642301521032
0.26034124981102513,8.583648860873074
0.9220586161053066,10.211503295486375
0.06378351410169358,11.135981042410089
0.9401007447592935,9.94601408616789
1.5319752993190923,9.164992549927733
1.2697988339647663,10.055506175896626
-0.49329423828215013,11.58708603319329
0.6356072262994288,10.527332990742941
0.45636295190280673,9.910085176725644
1.301759582994515,8.38157538797246
0.11124843318248301,10.688017612135882
1.0858933794384256,10.502896170196141
0.785719228144429,10.29869554575731
1.0736842844689685,9.290041983504755
1.9460609951719188,10.681484331170674
-1.0647486676277436,8.887446080122034
1.5918208647400767,9.814430149496296
0.4775598774660077,9.212675189378222
-1.4955387104983577,10.155644643631925
0.6453524553448506,9.586156071665288
0.2864305979317754,9.39057867615635
-0.2557180791227496,7.463732454537981
0.6109844314074988,7.714823574172608
1.6839780843863035,10.79547540976156
0.4239878690841019,11.16032851277629
1.5767634986564731,10.219089343352266
1.4941370569808585,8.702216468286885
-0.5623046926767317,9.846148751970594
1.0913603337060134,9.305220201402495
-1.0770616391717849,9.772305618415096
-0.6690820939584836,11.765412660613162
1.3304470933045245,9.505861768282763
-0.7682802336352363,8.672098660999442
-0.23694901224708742,11.060654331852
-0.8618344572922649,9.66835549419652
-0.12879035185064325,8.242263497210361
0.3449419951230466,11.885290895091284
-1.7116626560053065,8.917031331019901
1.425959364753289,8.306875224245353
1.1316944570302896,10.33825717663199
1.4106646124068827,8.989260350022658
1.9309581636415438,12.04042533590915
-1.0711492194127308,9.600923757025589
-0.5724560993155592,8.358391424246069
-0.7560707131373512,9.44281965012496
1.4518384932520738,9.489742496667184
0.30846832955162595,8.533014222846807
1.4481706039572537,9.92811984837498
-1.9418213373284723,12.152156732586077
-0.7682802336352363,8.672098660999442
1.4602843975015753,10.576852964885259
0.17795639184339818,10.590625142353185
1.505683774417971,9.040163573958754
-0.9256815826681337,11.006460690583772
1.0194901156342424,8.04226130715271
-0.37053790314867063,9.491880661002389
0.11462641595710243,9.646287632235394
1.0574135457457094,10.136106591359496
1.6038435827618716,6.108148209107979
-0.27605911794681504,7.847701043538036
1.788682467373576,9.98194995549655
1.762760750892927,10.724710990176053
1.2688888008048633,9.91980443543338
-0.4100480303094889,12.78586918107834
1.1351671379415889,12.558996448648085
0.2730744650750734,9.15795132920396
1.6842779451983256,10.821550387210584
1.9620205680026932,9.715964348294188
-0.27644990535277625,9.37750387951136
0.16011676904275074,11.129325773791447
1.2235646767874169,9.533013781058846
1.1891814631182145,10.503236345990317
0.8563477285297112,10.016115688737985
1.3439204820488233,9.939762419441406
-0.10625736249991435,11.763611172402499
0.9157568004206289,9.47460226825408
-1.0240414264836657,10.114347775688328
-0.006231204283770886,10.383912787542792
1.5094018125313546,9.913613134676513
0.5558520878931383,10.528994755925428
1.3554154476162754,8.738325223655634
1.6761531081146845,11.159610375567777
1.3295641668076317,7.235761738827174
-0.5385326337973888,12.60781889713147
1.81361151752838,10.080255637980775
-1.1751891363928846,10.046435049072684
-0.5057348558436776,8.325422751583575
1.4349798741183206,7.192554983659635
0.4766909414633469,9.210029574414154
-0.34429576778964455,7.659183005216569
0.46221049277271664,9.03795324127111
0.582137425642089,9.750585519067386
0.9644825971602362,9.789597000385752
-1.206359595225749,8.860767121731149
0.9043653348906462,9.099061178247135
0.08732350122075738,9.258996485442811
0.6750130177992548,11.020841953218877
1.3100252794928848,9.2528660375917
1.0642591061412103,9.591183953171113
0.4021390728256593,8.701027119705207
-0.9186056380176626,8.97277072698163
0.3238015195527173,10.372866987252015
0.4010056403983322,8.221661254673522
-0.2656688294695426,11.197536334748083
0.2870894081932889,9.35328432438235
-1.3980180077096578,8.25826934888417
1.585343274084479,11.447283586337909
1.3378330114243866,10.466679995596607
1.1757405338074052,10.171961689293365
0.14966775439922797,10.606490838309869
1.4287170279950119,7.846784673487283
1.533398804088416,8.739543521031566
0.25265755381581956,11.03926551681173
-0.937257740534946,9.907638988645923
0.2187480991534687,10.30641016742813
1.9393647958493383,10.953164654369616
1.3672348361152755,7.597258894060329
-1.1475811838996668,8.576100736902584
1.1134876181819648,10.577973859517538
-1.5874129564865558,10.227086076420296
-0.24782369637846502,8.941483752170084
1.0440959637719955,9.225156200345285
-1.201713536416245,10.1921659066267
1.0563823463155173,11.446172183186851
0.03324677710677815,10.25406027906939
1.7876115978420675,10.022841249872842
-1.1381483708970799,9.414672704037658
-0.1426730208193887,9.320710299825887
0.8520571674469632,10.01672055566732
-0.5266111448225947,9.270158583681573
-0.2478653732094127,9.518852482238636
-0.5116709801484163,11.308459349403805
0.9554667085321307,11.020614708353712
-1.4024024461849107,9.340847865080466
0.9790029265196889,8.995246574662502
0.2482911776102843,10.352968731306497
0.7510768254629392,11.009328285042123
-0.4216956976094144,10.18784662682266
-0.8583837261463101,9.537642505193615
1.9653116062568823,11.508903939372388
0.05632278247709266,11.654324152305158
0.38586830165417485,7.751390808763782
-0.6180765851062171,10.255266277569039
-0.32967689686028656,8.342400375395421
1.7723033509788304,10.223604331141267
1.4602843975015753,10.576852964885259
0.3643815221424562,10.426561687078268
1.246508057779414,9.357586161035142
-0.3827249275828315,9.997413535502972
-0.28220841168518973,9.927510089018362
-0.02231878118967412,9.118240597603497
0.1318311462053412,9.256701631637045
-1.5813582386140754,10.54033480949623
-1.3493567395780595,9.42699529543684
-0.4615556960849272,11.357524747799404
-0.24388302407820817,8.576918607144268
-1.0166102300263988,9.13814023100233
0.6008043695926135,9.344207711869156
0.46648791266110035,11.118507806669744
-0.27644990535277625,9.37750387951136
0.4067464344818603,9.732618247028253
-0.37157404349748946,9.504879805920716
0.3719389910219757,8.529464987807055
1.0222045541721947,8.002938643261881
0.30219803132441303,12.343825628207572
1.495560310250061,8.93820413625653
1.9718591844772013,10.123787432722859
-0.2584147064009943,10.093985080891073
0.3223534011121738,8.482817791536927
0.6918664895777296,9.715251565736034
0.7747289031259545,10.012390423430517
0.16943580196928565,8.889428198325996
1.6047104928694225,10.185011552126785
-0.22624358865582384,10.170198531341232
1.7081381791852266,9.43467894804222
-1.6921133224765037,7.883983508659147
0.6418788854577246,10.577951662507033
1.7281124220400699,9.252659522873188
1.1703792528365389,9.37009309330777
0.20218120247998206,9.22632390083061
1.5113203126081634,9.954341860098033
0.9922927177181284,7.561967330703575
-0.3084941261328846,9.587336519133205
-0.44244088133250603,8.432239097200565
-0.4735340035634601,9.00045639644784
0.7809186229909426,10.6468356394121
1.635670976485816,10.201297986043029
0.2635544204070359,11.207165559864778
1.3422868203625948,9.233491952006704
0.8043903494570799,10.929620101011475
0.3739856632874057,9.198252246436772
1.9441117127857188,10.387520546230315
1.1034602608111475,10.396625582235723
1.5993333827490899,9.442370380503771
-0.34613693315935956,7.986692094392359
1.48533436936113,8.54957100388473
0.7603014167551909,7.671828987184489
1.1741496089153238,9.362345270671918
-1.7686222022113576,9.582436132948343
-0.8146967924007997,11.61781163773855
-0.7298011989696462,11.133218139510419
1.294494442995894,11.144030864873155
0.9554667085321307,11.020614708353712
-0.7783460058289946,9.835273936244473
1.8662337575221764,10.433011727271158
0.0296477548712355,10.414048119643093
1.5816508447768758,9.40030664471221
1.569209992558609,9.488168248283731
0.7377414442772299,8.301901186463834
0.39067313081081245,9.36824158936875
1.961140682339765,9.209062187338048
1.144822609044232,10.9971945267873
1.9944692766575387,10.192621288250965
1.5741383339937478,10.277347157591414
-0.042709010099514444,9.334661778465575
0.47835734983936273,8.322587359350184
0.26743373317637875,10.532331960319715
-0.9447757002145698,8.34891447910319
0.936605036166585,10.654346626796617
-0.8953217687164021,10.832513089118732
0.767709453066368,9.190540859256515
-0.2143219343936713,11.387905707005896
-0.46466819226782397,9.636989419162743
1.8947685394007951,12.115605446208994
-0.4413703108475384,8.996500171375637
0.22713964371275175,11.42061948558338
0.6596468979488721,9.815196205989976
0.6033118019573123,9.88378939884662
1.4090554975647258,9.823711707071077
1.511897281780278,10.247393472314048
1.0135127410357665,7.672773085026134
-1.302362931554002,12.085107619037391
1.0912382931613496,9.774732903449431
-0.6060880968173787,10.426118618111946
1.5763981444246369,10.732609926607013
-0.888435496048976,9.663809771494542
1.7142221315765438,9.559431693434496
1.8023758637244973,10.271357362894488
0.42692689886974566,10.510622598606044
-1.4287427821085306,9.678638012050948
1.215258180773787,10.322200955758664
1.5141229968286236,9.722363676954032
1.5094922877118218,10.741393673659438
-0.6281339211996873,10.366153587267526
1.4440352852320544,9.250947472184468
0.8641998929685779,10.043620219209316
-0.1954797208086343,10.2973980650274
1.5083623240727557,10.3505175959125
1.6616648058668138,9.354022158746886
0.26642103562185193,9.923609190871524
1.3967826062612771,11.789659823754887
-0.8007978897390564,11.031842231829485
0.8157466681380616,9.391565117433238
1.8535777368542017,12.770151360139506
-1.9445514563485595,11.439782245652086
1.2784994781905796,11.56637772418786
1.5802668917448566,9.035154551776104
-0.19664251438347158,9.452093145582783
0.07051931359186892,9.924322907776267
-0.2623867239735609,10.419889129757383
-0.8947235661365855,8.492488994275352
1.4359221884888806,9.902044071287852
0.044516556948919206,9.078584383300415
-0.6164901570485704,9.14576290293496
0.6965211821442518,9.267935529917919
1.787024978768963,11.06958154051258
-0.2802756904394075,9.016393603490215
0.6677097898347228,9.983122551446362
0.8823456774825496,8.380920007124637
0.7443646157739474,9.615466485243491
1.8482339957654061,9.340585001189408
-1.4989950756151682,9.909758104237433
1.4738719035916512,10.232666573585991
-0.6156010938488579,9.975659665067566
0.28265831592315616,10.00922279268073
0.7883645530430341,11.47733478958393
-0.019776217381660466,10.31098181849521
0.8202531368215165,9.82020570506487
1.5502522872647653,8.684619282599769
-0.18261830772937948,9.910161934209253
1.1164103455831471,8.94751432380567
0.7059349980824177,10.218453301201398
1.866363080893267,11.336209137323408
0.21576693541855008,8.603687934065707
1.6430806465756609,10.16254416200759
-0.92890274158353,9.299839069925346
-1.651628932816914,8.63224394298107
0.6658521901073429,7.87439647692308
1.5368258533936312,8.789879919910705
-1.281362843880352,9.956562442729828
0.28350966735790495,11.100766398021362
1.4346882197179847,10.600618254859715
0.6742905868916562,8.033900101263749
0.3056222058145335,9.240926542018778
1.1544598586896258,11.351105056004803
0.07359850653226063,10.545351459108902
1.3208794582679664,9.398783955951513
0.7530969431209482,9.797512221550004
1.0798944728264037,10.113746747741583
1.6968737393706403,10.325036090530293
-1.2234849182161112,9.084159425177155
-1.8209264452460525,10.62127661006499
-0.2478653732094127,9.518852482238636
-0.6192806468174781,9.032967661443546
0.38589831017580956,7.457356100851348
-1.6858912562337087,8.946959233956225
1.6330635438666148,7.492976608351743
1.7030067722212219,9.520816201219382
-0.514146642662114,8.329130566675566
0.2506216916109696,10.513715590098133
-0.16698843803393348,9.781509743277255
0.8653013739041122,10.428054100341098
1.1072854689611242,9.157966054498692
1.2575471170750454,9.367725420833859
1.7170439007915683,9.463765047414709
0.6346454197590679,9.820021380191939
0.8147991185162038,8.098210257899115
0.9743756647062392,9.850691534594855
-1.4819403148687833,9.525673493960825
0.6532428380160078,9.659838105756915
-0.9437520612251249,9.842861000732045
1.351365523622074,10.306434705316914
1.8669369101404323,11.71246433087374
1.450700651782903,8.98863700798189
0.5768520639584716,9.927260910140198
0.8289545372535945,11.864948240162038
0.12921745539266505,8.452002159997805
-0.719801595877553,9.40075563781959
-1.661404985661484,11.322993466761945
-0.6309376288410151,10.166573157931985
1.4602843975015753,10.576852964885259
1.879275458535139,8.91022479156458
1.6258884438581878,9.723953950984018
1.1601217452282455,12.110856220114131
-1.6294980677945312,10.153206301102582
0.7108929648052817,10.77707093137947
1.5036196999995783,9.466095249466488
0.8665277468081256,8.384066294660991
-0.20636863593626842,8.844898762868084
0.4202850137509748,9.127738449268067
1.9865473482956215,11.023188501045281
0.9080741080565358,9.01002357769538
-1.494941033741989,10.340714396870238
0.3165192161401964,9.276977199412503
0.6637886643218569,10.5636747941934
0.5033647799295031,11.186841603265059
1.462308582498209,8.822655029278515
1.6899955852100126,7.969190723528957
0.6701995971658818,9.608800959708677
1.3382871610225107,8.011797915132965
1.7830988680338438,10.548082641076718
1.9307529583653027,10.258722861168705
0.7922821856136064,10.653299886442088
1.7009932696626633,8.899315779400444
-0.879463524898481,7.706401563954742
0.4415754665762144,10.695313072392203
-1.9323488003135707,11.528188282100894
0.11049782735483138,9.24668298136429
-0.7607724987101241,8.927444957880768
1.8360967038918639,8.819650375249081
0.5523709031858095,9.72412330715469
1.9383035855044524,11.759614072512099
0.7354804996361279,8.37766364432226
-0.8147675181760397,11.560153814022675
-1.2537197644558566,10.631485675031765
0.7824725859872275,8.67336036405543
0.3264891719567742,7.280069182265992
-1.0638872987725017,9.014301685425908
1.6931440840557426,10.59741528088213
0.4901975848524551,10.599447292199393
-0.18183574092890709,7.930294200744362
1.3516334994072143,8.967854250616286
-0.5905002135613824,11.349538049939005
0.4901975848524551,10.599447292199393
-0.3679196348596756,9.913089587662277
0.6838988379431399,9.037063183551183
1.7270148777312655,9.495963363241255
0.06734707093799663,7.245804562119192
0.5712263643446946,8.843681701265826
0.21388710483939954,9.412076720115502
1.7175039565103432,9.401424182249524
1.4838764949843424,9.614475518048827
1.478134687259919,9.829335359767814
1.9974012018888008,11.14724386225557
0.21520896284950508,8.973004774843867
-0.5800147766722508,10.83879506875936
1.5832629262407787,10.42496757773996
1.1713601810941086,9.669077406497175
0.007742323123442585,9.784374692982492
1.5052558796620352,9.98249261450168
0.06679354090507106,7.175650656794218
0.8164174430865474,9.638555895671471
1.6494533824667639,9.79259234390532
0.0812945047655429,8.476855835443102
-0.6994682863989423,9.650512097524405
1.5524727557361433,8.690798865952749
0.3464338527018964,11.02550820861387
0.5118349413716312,12.56541418068043
0.3051534406672527,8.852340485474402
1.563422139932587,7.7490718117411586
-1.6921133224765037,7.883983508659147
0.6701995971658818,9.608800959708677
1.6392945633282414,8.774461353546627
1.2354341561342612,10.085378134921134
-0.2837505227893362,10.381182188991874
0.03362390657850822,10.543116331370712
-0.3781132946783261,8.284978196439761
-1.1390247179961852,12.529311195665734
-0.7116776987349369,9.60666035050506
1.6801526564362104,8.700061639217786
1.6931440840557426,10.59741528088213
-0.2016665883189508,9.529384295924581
-0.20078403718228532,10.563051440313902
-0.8992391529060972,10.006621585684629
1.4968900987407032,8.114066977833446
0.8414060028493289,11.973815401549704
0.03768851259915884,10.760745414706347
0.39322430278407516,10.212234628989984
1.7377321550137657,10.04972342363783
1.9889515996144107,9.672063946418227
-0.07543959258073007,10.30171533818832
-0.7329532917298933,9.520073247047609
0.05550333911293448,11.444895021090677
0.612651162125132,9.977838349683829
0.8326883545811263,9.510203265553557
-1.6112940249169259,10.791604435063237
0.21922703309579195,8.494805916197251
-0.6638178063201616,8.556615809048603
0.25494840578159783,9.260588908390774
-0.5065873558726732,9.31458540165666
-0.32557090032668023,10.266725913657432
0.6033118019573123,9.88378939884662
0.23083530500017568,11.253651905362503
0.8164174430865474,9.638555895671471
1.083868719818244,10.200107010002483
1.1601217452282455,12.110856220114131
1.6257498133776438,9.558173785807604
-0.0194138919441027,8.612547462553463
0.7306846098510373,8.881475048222464
1.6619531903521674,7.580540452530613
-0.6702932313025394,8.303717548662346
0.18572126431138924,10.700041029732205
-1.2442807449401907,10.891344923101592
-1.4732523862551719,10.779234184168493
1.5206269516859403,10.647071653411068
-0.2117778247742983,9.325162906321173
0.8362420778036657,9.17765526170187
1.9424029358112014,11.488004397599969
-0.1841646678085609,9.8448785929216
0.025064237980811033,10.51036157539151
1.8303240603352693,10.84743032100088
0.11080443634519943,9.749283362591473
0.35706935502666814,11.576923947919745
0.4733852281818298,10.157401736629176
1.945399691776648,11.12451161519877
-1.8170318647499486,9.776322442001783
1.561638068877314,8.233079503677088
1.738919661953204,8.428999064063454
1.8612108945215993,11.209927282908163
-0.26893248160294947,10.205129061635777
1.569209992558609,9.488168248283731
0.9858085154284559,9.397539761546858
-1.0939134958555772,9.586656574807726
1.0865076439144308,9.534140468674757
1.918937339095439,11.460839870983385
0.692368523644868,8.887501176599907
-1.047268875813094,7.885409840980197
1.4352670846726188,8.703397101304098
-0.8221369618323293,11.874377532145367
-0.27644990535277625,9.37750387951136
-0.7309791342012,13.209409696144352
-0.07109907865069376,10.762861730089199
0.0204622229760254,9.55417218442914
0.9436816254957954,11.448678979869083
1.2000139270547256,9.576199107073432
0.17920434110439354,9.651804375427291
1.2582988809255284,10.187512712217808
0.25981043060989295,11.041713476506546
0.21064907110699282,9.876809263048344
-0.7868758957382189,9.149777748937412
0.3051534406672527,8.852340485474402
1.9853373505089893,10.578515658715984
1.3068294389659498,9.514606841049423
-0.4673421257634969,8.316277977166234
-0.4671385362109932,8.73311263065802
-1.8655455992668695,12.041116919608518
-0.2557180791227496,7.463732454537981
0.5693021036209096,10.074639664096297
-0.156525058921392,10.092553970788485
0.5200747224753095,9.182277114587576
-0.3567344177302889,9.767042806013665
-0.9437520612251249,9.842861000732045
1.5014529596030428,10.534882041640728
-1.4764754457856961,11.764813822393064
1.8303240603352693,10.84743032100088
-0.6825859030001813,9.035778593951882
0.46345275272921826,10.109185664945947
-1.2991129115766906,10.116785256781785
1.0423025698211292,8.442104084287042
-0.7877369552995934,7.905073559642024
1.7134902079231673,9.601324960734742
1.6830833985443014,9.742938470004677
0.8817348089031118,7.520228862340275
-1.0106075930272094,9.561242542818526
0.7757937778684001,7.81679917683756
0.3238743465263698,10.470725245637182
1.246508057779414,9.357586161035142
-1.4287427821085306,9.678638012050948
1.2787080111218363,11.051749685292057
1.4800997020806625,9.875629197758734
1.8848796475419776,11.00938861262523
1.9119736949529385,10.042977895417996
0.6945816698996308,9.287312475445702
1.0170598933880908,9.51205432280308
0.1943536602187539,10.050541608089933
-0.09856372927652579,8.97984667827985
0.5128263883721758,10.434036805107741
-0.024051279426035244,8.003247027643967
1.966131103309546,11.734730424770117
1.3768383431049283,9.58088728830403
-1.4955387104983577,10.155644643631925
1.402298112060464,9.024230922568993
0.7792829194868829,8.99950594903774
0.3447294163533656,10.892045520064972
0.8521842025372748,7.620859494833115
0.14275588182411925,11.134402001476419
0.5765968859036636,8.392199282173543
1.3687749234924582,9.199991447539489
0.1599415188634219,11.014746715860147
-1.0690866043377927,8.927799526105195
0.5643444143286378,8.78204625756888
-1.5384005668766871,9.898705539419831
-0.4714421006697229,8.241598485947765
-0.1440583302384768,9.442983275382087
0.6341620626802196,10.009077780026905
1.5098434505215215,6.566707214576117
0.00510257850291751,10.48382162951329
1.4941370569808585,8.702216468286885
1.5183274198061167,9.745340200136422
-0.7008043384785578,11.434289939018386
1.3092085989489837,10.935771089476974
0.4112301290670377,10.666819680402893
1.950672031986588,12.74083502915218
0.9128653944474383,11.528059569466832
1.233072844865113,8.20269833995163
1.8148145059668317,9.95609538524909
0.1563782109440348,10.980457214623772
-1.5874129564865558,10.227086076420296
-1.6132942014131215,11.291120199634442
1.3464808414706324,8.73871002662876
1.313512582406585,8.84770023718743
-0.5251713165408192,9.510490564784238
-0.8152929377640059,10.818804695155041
-0.5396653068623971,8.939504277059667
1.7391820699711333,8.31104456399865
0.46941700395226826,9.54039376418111
1.7883626684340763,7.935070483974469
1.0994336087278236,10.21488817950589
0.6852176942571191,9.074235244288536
0.809035064126657,9.036275591144376
0.1322211603788448,9.067238468165247
-1.187107635655651,9.664235197798481
1.405699830980383,11.030070518944942
-0.2292251921302566,8.479820062367626
0.24264037766468372,8.057922397793659
1.0544419184566345,11.947265293665739
1.3847754646174937,10.281781507411397
1.8792841803141789,9.154722210834427
-1.0146070110307925,10.6379478684561
-0.8902930607960835,10.658526974282069
0.07909579422407065,9.027714656406284
1.422785872425143,8.338797195628345
1.582759777066466,8.321816750877883
1.6432968813215845,9.593802998088943
-1.6977820249489217,9.274012598662413
1.4287170279950119,7.846784673487283
-0.2616161565651529,10.03027993834242
0.5564313879788254,12.519614866608423
0.7869486614566026,10.63932231611374
-0.8927427688347769,9.91418657699618
1.584365199693973,5.675486555760989
1.058603801539494,9.260467177002205
1.4871342663688067,7.703412430499127
1.7343725748050063,8.344975796143219
0.5403746034705752,8.76903713092071
0.13821817902415656,10.505453849124814
0.7209111168334132,9.803042562517092
1.2424153930406443,9.034243510591173
1.9667445615709425,10.18122801640956
0.5924085090442857,12.001780524079113
-0.432562507247896,8.895782725267999
-1.6185563149079858,11.682161964482818
1.487652245122022,9.949098061534716
-1.620138899086494,9.866387007851557
1.4988066907367976,8.519530760026882
1.2839240691965634,10.316690117950305
0.6197644182692863,9.891915769789843
-1.7158604438239915,9.294233075816727
1.100938155596224,9.697329813724068
0.5734789002790421,10.041853475237573
-1.2475153611049548,9.980793053393072
0.28265831592315616,10.00922279268073
0.2312405029417377,9.166256297004185
0.5128263883721758,10.434036805107741
1.437299804281904,10.558563328659101
1.274951961818608,9.999625219295531
1.509357413523924,10.191285600775181
1.3409171633840593,10.138442171002556
-0.7332625759322959,12.028883635388011
1.8072471416929559,10.75585670026825
-0.5337952504830952,11.877459626870658
-0.4548491794178191,8.43791987427401
0.38018537969504473,8.963042636009448
1.908027817755774,11.993075672921279
0.03415556599083169,10.742578201891098
-1.6890614521400606,8.141293097932037
0.6532428380160078,9.659838105756915
1.9867331117387188,9.519625729149391
1.9933900455717986,11.976248107571802
-0.7383724170079491,10.31208127284509
0.7166502732782511,12.096697135931267
-0.3289560828996012,10.948983594810597
-0.12522736082011887,8.189986123060349
1.3725794601189816,9.191769581286493
0.4076937240605263,10.343840832663144
-0.9355945258507656,7.779220666483438
-0.43385160159348324,10.742687150704915
1.1005312934444582,9.706398307471408
0.6967477953184553,9.946670359358345
1.0641035980771858,10.413123897478556
-0.1460238247977106,9.886363405953578
-1.0378736592794051,9.958488963969009
0.7219972082988524,10.699204419003214
-1.0973416677917798,9.48741609164264
0.3643815221424562,10.426561687078268
1.6243482419250421,8.59492261164427
0.2336169989432202,9.724380538872998
0.8566125855686959,10.662838927722404
-1.3370008807193763,11.864785601419886
1.9383035855044524,11.759614072512099
-0.2844502745991577,10.734012464910299
1.1493953936388284,11.084607988583244
0.15332777302285372,10.629795223825433
-1.4819403148687833,9.525673493960825
1.2987238637005967,9.382482600668174
0.016531367673753294,9.60459922486791
-1.4876170145352,11.156605313176906
1.888213898493953,9.503812694076768
-1.1195546963809875,9.077165596597137
1.0440316939815681,7.5025447925950175
-0.4216956976094144,10.18784662682266
0.6412108788053525,10.808482923442838
0.2807488631992179,11.887164968341708
1.7472898481323673,8.482063698629528
1.850930335444556,11.649821358906404
-1.721435407350377,9.345130092126013
0.3537249618138092,11.349298168651867
-0.7329532917298933,9.520073247047609
0.7026516088282921,9.187441821296833
0.16954624076175495,8.877437430606376
1.673140141519831,8.213257846631441
1.5803406910652584,9.750680049556351
1.8685064610366817,10.827752884400471
1.790260505296172,9.041069015342178
-1.3806344214101802,8.70525660862726
1.2351977780046028,8.61459542107091
0.2884918548888251,10.098264895481176
1.2474644960415193,10.026845690570582
-0.40732522563622675,11.551233748053797
-0.12522736082011887,8.189986123060349
-0.9010738979219219,9.554629145471132
-1.163610541641543,8.373298747407864
0.20090616862504707,10.811164281154621
-0.23157186128111995,10.413814976365897
-1.3806344214101802,8.70525660862726
1.7140310077751142,9.443334104139975
-0.14407320733245044,10.41310557879035
1.8271992619371447,8.101231337730807
0.1283472957520453,9.228209820317215
1.570235993959911,9.493330235266528
0.1622107015556966,9.485244712465585
0.17136549733629858,8.17476104268253
-0.12329001562891317,8.883526829908453
1.6659566044620568,10.641557348246907
-0.30665942338721,8.849350886269528
-0.8265863142359606,10.001613061963077
-1.236293659713426,10.93015979037837
0.1535799171478307,9.762395688282972
0.5209888778246317,8.628258960553756
-0.6069781319067986,9.454081118841653
1.3042705210101135,11.02401877219227
1.493444471365752,10.463768296042979
-0.20636863593626842,8.844898762868084
-0.4812303673309324,9.645917517105916
-1.0894698567224306,9.538869669888701
-1.5625763875620846,9.948177041088474
-0.12329001562891317,8.883526829908453
1.6010564448082816,10.310194249132046
1.203272399439001,8.0969379785042
1.226244591445799,12.046207602184857
-0.9497990799199991,9.188807240599173
-0.03592094932435996,8.201207258178341
-0.11695043044958808,10.31611500627043
1.1676261536889476,11.299630840402354
1.3419446225731848,10.938290097983861
1.5793094017105953,9.577827149024225
1.2054082330809943,9.80439459755922
-0.008749967862839103,10.189859375182731
1.9867331117387188,9.519625729149391
0.7377414442772299,8.301901186463834
1.7938132278486267,9.884926369922205
-0.7323479447258228,11.021285416507567
0.9151122178025899,9.220922342084062
0.4726229372724764,9.042969482761295
1.3457589495044933,10.94477373450954
1.7076302485834565,9.0767292579798
1.6603602736281728,9.030922333470002
0.7059349980824177,10.218453301201398
1.87764928934115,10.209604489704535
1.290148971692676,11.196041882557436
0.8882642568151411,10.400316478383258
-1.232507262381994,7.3159796329794595
-0.5737643152924452,9.732210981756486
0.9127550248144134,10.302201597920329
0.7417755328876061,9.107282424259594
1.4968900987407032,8.114066977833446
1.0663837788482065,11.697474974546113
