X,CATE
-0.50183952461055,9.040108672328754
1.8028572256396647,9.854308435934225
0.9279757672456204,11.846437454708019
0.3946339367881464,11.918062572006352
-1.375925438230254,7.642618086784097
-1.3760219186551894,8.495247675227535
-1.7676655513272022,10.24033788572062
1.4647045830997407,8.988593873621191
0.4044600469728352,8.935646366699952
0.832290311184182,8.755341072921047
-1.9176620228167902,10.582940056332218
1.8796394086479773,9.622516746455336
1.329770563201687,10.547524919187135
-1.1506435572868954,10.019829615744904
-1.2727001311715975,9.420694835169645
-1.2663819605862647,11.144462663465932
-0.7830310281618491,11.002482585677809
0.09902572652895136,9.631026434808136
-0.27221992543153695,9.040005952762858
-0.8350834392078323,11.69570052216369
0.4474115788895179,11.074401086072692
-1.4420245573918327,11.398042411418341
-0.8314214058591274,10.848918964594166
-0.5345526268252332,11.603070628369517
-0.17572006313185629,12.560295622174863
1.1407038455720544,11.158433277387086
-1.201304871366561,10.566444826844176
0.05693775365444642,9.41350679568633
0.36965827544816987,9.327428065870116
-1.814198349120009,10.247867960913592
0.43017940760575346,9.005286845847534
-1.3179035052508339,10.83155111604697
-1.739793628058882,10.63300462982436
1.795542149013333,9.142080582673664
1.8625281322982374,9.287101478062574
1.2335893924658445,9.14864086822312
-0.7815449233065173,10.699149738969556
-1.6093115439744645,11.153714409846597
0.7369321060486276,9.553200363280839
-0.2393900250415948,9.516004743069919
-1.5118470606208847,11.525597897277606
-0.01929235955491926,8.892096661718455
-1.8624459155391264,9.701645039238302
1.6372816083151283,9.608723309155739
-0.9648800735999323,9.740981743811085
0.6500891374159279,10.078514310364358
-0.7531556956423562,10.378753976703942
0.08027208471124325,7.933931653189528
0.1868411173731186,10.564256240072943
-1.2605821778978918,10.702756243474802
1.8783385110582342,10.30688392145051
1.1005312934444582,10.428946770743131
1.7579957662567565,9.046424912225667
1.5793094017105953,10.000579191445473
0.39159991524434057,12.076689679061923
1.6874969400924673,9.03118148395853
-1.646029991792322,7.59734165481883
-1.2160685503234192,11.889149414310827
-1.8190908443578477,11.565603230318281
-0.6986786769469426,9.127348873639422
-0.44529084124207197,12.319758724636058
-0.9146038729044164,10.57841751727452
1.3149500366077174,8.91301410094773
-0.5729866932256429,9.183778301159208
-0.876261961250477,9.95570451810052
0.17078433263299386,10.257182983052722
-1.4363031001009494,9.80845944415419
1.2087879230161587,8.836697399574755
-1.7017974252809167,7.6990949072521655
1.9475477464020692,7.390950864538078
1.0889790771866297,12.367670528633859
-1.2051372738633104,9.463694310059845
-1.9779115315055904,12.143418241510181
1.2618457138193366,11.845707183566239
0.8274293753904685,8.583954505537019
0.9160286721639492,10.130309582474066
1.085081386743783,8.205926211480286
-1.7038213930636386,11.202651995356984
-0.5661370858229096,11.302389904720027
-1.5365237618994811,11.281446678473474
1.452413703502374,9.382766911342857
0.4931925073102317,8.607210960172115
-0.6764079005894033,11.834110195401838
-1.7457665988559055,9.79830971716339
-0.7560707131373512,10.084507608146701
-0.6992667118930118,9.152294972635522
0.9184247133522563,10.324701222838485
0.5502298854208525,10.585367872333514
1.5488509703053062,9.609004141028308
-0.11114029935220282,10.97065860093797
-1.5216230162467932,11.263330193158179
0.85297914889198,9.16068513339466
1.0431401944675898,11.017808417888574
0.24510879027798493,11.47816987150429
1.083868719818244,10.860174165937812
-0.024817614542437028,9.823009776861559
0.09093131752797623,11.262464924846682
-0.2898359265658015,8.136346766956546
-1.8983234930236192,9.841971594303775
-1.5684342920267822,10.55434752396746
-1.874283257253063,8.654378735661505
0.5456416450551216,9.974845013450228
-0.7425760756946933,10.58582947114579
0.03428276465881108,10.321801325666405
1.630265895704372,9.586206932992305
-1.0028310834045002,9.822417263125786
-0.35846830785748107,10.895735020811046
1.0222045541721947,8.901620325648706
-1.0848073380335101,11.237825545787022
-1.692080360684828,9.403675167741708
-0.8409941883449279,10.031366334401646
-1.3551148509839823,6.7432522848969425
1.7187906093702923,10.586377409843404
1.2324815182576678,9.245415203251422
0.5336150260416939,10.567855519756616
1.4858423607508708,10.21929968163048
1.2146883075964579,10.321867912555629
-1.2537197644558566,10.2872852749385
1.570235993959911,9.916082277687776
0.1573689676626029,8.323797476430244
1.2297606206562501,8.644600837806482
1.584365199693973,6.09348314774581
-0.7279861001125445,10.467608867445115
-1.559792301889293,12.078194303900597
-1.0882593498322333,10.413277326217143
-0.29156884549497475,9.504891348683923
1.2720590636899725,9.007283359148593
1.4429223330253738,6.49931952576144
-1.9721914778752372,11.157293780575161
0.042989210310262926,8.15692370304301
-0.33035598740488403,10.295383858619545
-1.111568758117079,9.037547733980741
-1.5205385306652688,8.979484967509638
-0.6495393143854882,8.066896637674029
1.7716388156500766,9.153044108242867
-0.7071882719169791,10.916476788119152
0.07516248697346439,9.46381299470456
0.8120758355807114,11.897777675415954
-0.5454815904828241,10.076052517693146
1.8871283308838427,10.800968056934927
1.849789179768445,9.778324004124217
-0.9928708166985434,11.081531158520576
-0.011005976430458198,10.226679037162917
-0.7964867607329214,11.132528192793522
-0.8606380224901296,9.33086242723892
-1.8524522105818688,10.393437347254213
0.4382573359195874,8.19828310086778
0.010716092915445952,9.844568871264539
-1.7940849950000426,9.236075899757992
-0.8854141430535543,10.681355637392485
1.6330635438666148,7.7951255047783885
-1.0417524373321103,8.731725779460637
-1.4204205116351076,10.2711298722144
-0.04218895888974794,9.471668384642543
1.9426018164424028,11.27024969383162
-1.0317789139539983,9.230563088490188
0.6885421896235142,7.612732106107361
1.0464784613148703,9.764452494203855
-1.0494498240304013,9.217195613013956
0.9128653944474383,10.551361870362449
-0.5288674691229871,9.13999530436599
0.5292233223743179,8.301939887511809
0.5341188430435788,10.05207671106492
0.1430987362990339,10.851947063450874
-1.6388409197823668,9.916426367831255
1.3412099823569519,11.378871162019262
-0.7168797401130567,10.8476269302387
-1.253925958400583,9.259573060749377
-1.8368994337809443,11.430792072677344
0.36357177275296726,9.475160688272268
0.7102574473691297,11.486447036641406
-1.9336486842885754,12.026942244409861
0.048372233197123915,8.75130726089208
-1.0940168992082482,10.47014387348246
0.5806911616377994,6.948872829346778
-1.3025342839800342,10.143846775089646
0.7637509524098638,10.300245427183144
-0.45305861479785037,11.603141622528652
1.746919954946938,8.796968148034821
-1.449916223416027,11.591398291490485
-0.635734595798966,8.930897730257417
-1.5461059150376437,9.17223733835002
1.6987744731142511,10.566652341905689
1.509357413523924,10.5626510980127
-0.9682334891393776,10.238697098804733
0.6399361841367162,10.916106698776074
1.2688888008048633,10.525469978835977
0.22080324639784932,9.169675121005628
0.11860231342402594,10.436084395946347
-1.0325908363981933,9.135991530059213
-1.6275889287764032,10.936169693177725
1.588863031813307,8.138884625857813
1.6016722286533218,9.300192916076274
0.5324058290930718,9.13316329915518
-0.6438808358051973,9.376490188854463
-0.6031617015493564,8.205549682771096
0.9038227154809575,8.09876454259509
1.5884410398103084,8.87401834120729
1.5483456970604692,8.718780718154594
1.1195021834304955,10.511044683984348
0.568126584617151,8.988965593858993
-1.6634401400198047,10.40645085620433
-1.353485143621545,8.670998641202512
1.594216754108317,8.866035537551694
0.4257162386383597,9.89195764515482
-1.9632117935334814,9.498136231542059
-1.5941138285358716,8.001477589216451
0.6540070764322232,9.852854511593364
-1.9797536646151253,11.591010830625633
-1.3567677943300054,9.745694923965415
0.1949351574663445,12.177703475294669
0.767580790770773,11.161652035456807
0.6078450380104021,12.787245862545163
-1.1029227621577609,10.424428149033476
0.8487168853901434,9.195687352550088
-1.0510036500127997,9.543634770319832
-0.6984012073629291,9.238901438885833
0.9859656204720966,7.944072402073455
0.5985315961888587,9.491496425647963
1.3968936419767117,12.104774548383947
0.6304515692013735,10.291320989674341
0.2732344133418865,8.671243467176927
-1.62530092868763,10.172566699927792
-0.5291367877622659,8.079516153535932
-0.9391905292730982,9.967892256145557
-1.0240414264836657,10.090668332699574
1.8920422190097823,8.915872990725976
-0.4276091013329584,11.844480186722393
1.5681862207084531,8.295859756872861
0.5245545039890516,9.809371789122848
1.1792452141665937,10.153911621461445
0.010548372420768448,10.616813003715032
0.30761553850543644,9.897007828486403
-0.0299292247245444,11.496210081661278
-1.219028048807822,10.139322077948103
0.8898084610460213,11.394807406652484
-0.8769105502365768,10.083738827592592
-1.9027361342741846,12.510637555886719
0.5818891836286713,7.757960250384892
-1.2915572823718042,9.38213221536087
1.7618343374116572,8.756977438666539
1.8157143080103495,11.357423538280045
1.659457560881794,10.353303058247704
-0.5193651989782224,10.771700615452009
-1.9381735338845303,10.002155176645804
1.7132742503509015,8.6948932636357
-0.2872634067307427,8.680346515385871
1.8666192761746783,9.03702848961158
1.8544799083570114,10.609477041978693
1.4120378218694403,10.690740024739881
-0.8222044317216572,11.12553879312725
-0.45960908559229896,7.825816321739231
1.4045466860674276,11.039997131155173
-0.7323119793748893,11.001770276212572
-1.32202901325563,11.937648765011025
0.22720504983340062,10.135488694089236
1.7446190966431239,11.423155005213967
0.784119186699892,10.761110984840222
0.28024468035745986,9.261133783825919
-1.6112940249169259,10.838506661622377
0.46002890679667896,9.49847110228765
1.960215400417053,10.80709694959381
-1.4396639390539039,8.176848460200032
0.07331860945494695,10.455524874847805
1.5094922877118218,11.112759170896958
0.9630744710168178,12.297100435152322
0.7880629639810719,9.275817448417143
0.8099363359484371,10.237839594600207
-0.5620353951209793,10.496283848583925
-0.8256326229420266,10.640850355066444
1.2374446219140545,9.461208327626085
1.240453578716723,10.864845607782893
1.4682892743204148,7.882612960234027
1.6529622102258852,9.13786205573573
0.04536959544375119,9.62167751112934
0.0060651787487984166,8.171687356048713
1.1931807158671006,12.743450002553526
0.5998557231110606,8.609153742594359
0.8078675090308134,10.072522617795412
1.1831706777444042,8.261960588825383
1.5600213672702652,8.348229235416563
-0.6480193725938568,11.282918922500844
-0.49766818944022395,10.125796569989443
-1.624072240636524,10.760835265752785
0.3131205639846959,10.381799316802386
-1.8562309048130317,11.200651274500778
-0.13760792747015937,10.663721757400173
0.1705785388303065,9.73894675600788
-0.8538349914868624,11.290859035810044
0.363333042276043,11.851535715754535
-1.8779990002438023,10.43220026562759
-1.8506072450031423,9.226571460960901
1.290402242638633,12.879873325039883
-0.5592374343549484,9.084354749351862
-1.4917579493924609,8.928419244834515
0.08897304021921748,9.798628815649783
1.0799742123944434,10.414923941585815
-1.1367158900126273,9.10041115835281
0.491561903276001,9.789164432147526
-1.658610140024928,9.266501729432916
-1.7932731153255692,11.098768732078891
0.12541852627259198,9.588420662437084
0.16254048644042607,11.091358127811631
0.5497196059928262,10.105827741368826
0.9043653348906462,9.059349669952915
1.9034083178501384,10.133607581656733
0.06520139320478124,9.700446003116829
-0.7081741082350161,9.050611434055531
1.1807447790748147,11.294792139828054
-0.9166709949517031,9.081195731428526
-0.24411431717745558,10.315158859496728
-1.6861744746309362,10.467348507222287
-1.89859702633817,13.086989018095192
1.8505936587117002,10.356663232373547
1.3439204820488233,10.161090792200145
0.7838968243747919,10.978452895019563
-0.3641882223429205,10.209937769449088
-1.306822719716617,12.235675703635042
-1.3742518293156558,9.608881282919272
-0.9990284073416187,8.99355969282923
0.19690665882448188,10.648112058128646
0.8583836908002493,9.895871888572374
0.6407895068709251,12.155490830951814
-0.8802644122162286,11.419505601405781
1.8194611226527764,10.311434185412987
0.951587666783074,8.629841448447964
0.21741621004560274,9.596017505962282
0.44688298493740897,9.89292910317686
-0.32159975028884036,9.312286277753806
-1.0090760419953702,9.795961612107762
-0.5761092853949537,9.216055243726279
1.0313844418574765,9.8617848394954
-1.9424260454809765,12.0387175620015
-1.535709437972335,11.141568201562944
-1.815989431912989,11.631204088058816
-1.8370847907241195,10.213333481165375
1.4218423360440289,8.569811719345292
0.8146314375200947,9.605213174683662
-0.10330468365069922,9.792666258510824
-1.608663357395994,8.492590287928387
-0.03353649953267057,10.30021457294723
-0.10611291687773727,11.275619018136119
-1.3071925203599393,10.48161225910879
-0.26459340304810786,8.97102372495071
-0.40598106241050624,9.749882164713586
0.46340039220886586,11.902256668721702
0.5403746034705752,8.635720406498802
-1.818783960911822,11.70432500533794
-0.5015495414941151,8.31023877157984
0.5034396628569455,11.650833423566663
0.012545034320350812,8.615192760180692
1.425959364753289,8.561749189047545
0.63477452647578,10.322633510182142
-1.3482622916742812,9.345439452950576
-1.7177250103982806,11.080138580358783
0.5696771128252625,8.948958553863923
-1.8939547578335127,12.54467912526528
0.3431023250938532,11.40898459407682
1.7609209656998304,7.7998331603934
0.3018967115035158,12.117814400380926
-0.44732029517391236,9.0212617230446
0.5731528737694127,8.070348852540663
-0.16698843803393348,10.921780534484697
0.18246715726373974,10.191442797571696
1.7658592351061007,10.258498171935944
-0.455589448796903,9.010454244934692
1.8447622552956568,11.662322895282328
1.621402567824255,9.552953918512346
-1.2168354608428142,9.167114809078427
-1.7225547964993382,9.865566118702615
-1.5968879944902934,7.667151129413735
-1.927112697393801,10.04895819615374
-1.6222281569762864,10.485130649779226
0.7320270936654274,10.620611461654056
-1.715245406159084,10.367669937849543
-0.7240974788249548,9.639599610823904
1.3795012438778183,9.505719419464883
-1.9069122570566965,11.917593544233245
1.2578739303557431,12.062087943190134
-0.8725809009064003,11.27333041164248
-1.527340689513375,11.163058475467787
0.7869486614566026,9.530969059759135
0.515771387119536,9.233709089139609
1.5098880541082118,9.959060724596737
0.9402841752155431,9.847800553444277
1.2139237215393943,10.131856013981555
-0.8718617097147741,8.928929366389166
-1.2902418248811087,9.310113624740195
1.0024590065634333,10.295274355900174
1.227338957069056,10.325330730509716
1.9620205680026932,9.282163128989989
-0.3495292923542941,10.451834120748948
-0.5119276568288673,11.333582197541755
1.1056518429679874,10.136183319212542
-0.6367858389879286,9.46876531789064
1.723029302414259,8.141293010841133
1.4336510073720472,8.867021816911844
-0.2840238904999266,8.652902217731455
1.0034842711659895,10.701426532620369
1.0181714963387294,9.38051881494283
-1.5875045246562696,9.28495578090483
1.6102116267182667,9.017498731560497
0.02100948979142858,11.370166752477028
1.3058298644309665,11.123799105820977
-0.719801595877553,10.220907659287604
1.582092913984802,11.407911206263751
-0.44319328506334754,10.352084593265175
-1.9566493940788066,11.719325203399666
1.6215279056770546,10.558678047323768
-1.6348532928554658,9.082507246424155
-0.7227454496383405,9.214208032022437
1.8002478682032197,13.082467253785122
1.8024285877502244,9.477252334628908
0.29375155249314444,8.174790590898409
0.5273488486791971,8.28203002501689
-0.2062179120867209,9.835999896674338
-0.8271569132077419,9.186126807174233
-0.6853418185203362,10.130339692265427
0.6900738243081537,8.184082899742343
1.00949811775072,9.848649349423518
1.1663161749033941,11.614367182308188
1.1584725711782156,10.90226949885856
-1.6351755878052385,9.716304263509302
-0.02231878118967412,8.230353104334268
-1.7697649599334229,10.939693759095581
0.19811552929494214,9.094733573966785
-0.23387799450649194,10.186360122897371
1.550816731033199,11.365806063747286
-0.5963399497916853,11.864602797840222
-1.5317319342895765,12.552161245459029
-1.4280332717886566,9.975979221642394
1.046042526869889,10.677366517947032
0.47287225326504423,9.860559556538657
-1.595509295508839,10.962421656372308
-1.6635727755400103,9.815024343984486
0.80387652583648,12.576559910822986
-1.708947974543226,9.450247733708705
1.2874402371614249,10.027999044299191
0.8249689086259848,9.943776972452225
-1.674604877432401,9.504533808372699
-1.6606491436592323,9.676313625882232
1.9465583140047018,9.798455459431075
-0.5029168169755187,10.52902621930478
-0.5174314117324363,9.20441981580118
1.2511982690300103,11.693740529534342
1.7889943095354348,9.462590303054657
1.9440042552914836,9.244930943168697
1.0135127410357665,8.608796860128543
-0.49496165787633695,9.301169092875819
-1.665997133205325,10.323457816727686
1.1085876637097472,10.110200956008022
0.2336169989432202,9.660903130081124
-0.30311196301209486,9.882408580411674
1.625417540378944,10.247611751162053
-1.5552100707753946,8.402779037412541
-0.0294995828365634,9.18837295779457
-1.9545854209303237,12.710972067027406
-0.12535743202349492,9.61436307637269
-1.7747868972726506,9.549585942735298
-1.5247283349277123,11.271085546696593
-1.5298950128915805,11.998646290147459
0.5968412084642543,11.057517158685341
0.9841795170616932,8.605474574065948
0.3334750603886385,10.79371241779424
1.8486901938981677,10.034062341806564
-0.5005176819051838,9.829602329196545
-0.8571516548725571,8.858050633832296
1.4743965127578411,10.374203393581917
-1.1056166459221894,9.427841374841185
1.8528901577624453,9.340275667892367
-1.9513821012407346,12.373840058541747
1.8795153068305561,9.42862130070979
-1.8273603521976955,12.373413410071176
1.5645724547922844,11.262976142555587
0.11080443634519943,9.561733251515525
1.9718591844772013,9.68998621341866
-1.7048137410584046,10.43874167219422
0.21541713760528314,7.525122334620132
1.8772101424763958,11.393793877311946
0.09239137668059527,8.840530536376992
0.5175945525410501,9.883198854283394
0.7829947559384687,10.283761170858886
-0.18183574092890709,8.795435190156619
0.5102323203362538,11.118536412514139
0.33725724769240095,8.395397968024
1.604632041963956,9.331890687730148
-1.8182144786341685,9.648529232862922
-0.8761472416310787,10.473456879863758
1.801645936306235,10.101696656059875
1.5610551355636653,10.440708410108087
-0.17737298885714825,11.773915919201652
0.48053039120614693,11.770072458880504
-0.8904752680754693,9.214205372539498
-1.2475153611049548,9.583480633917233
-0.14520638024007138,10.856244080003059
-0.5865910878957887,9.352932019162687
0.3346244474034883,10.2055589578346
-1.6890614521400606,8.56477869767977
1.897579230664666,9.615621302516924
1.9448429779184115,10.791785484761167
0.7926468560789806,11.01389920906552
0.14438546537648156,13.175298158617796
-0.761889534854689,9.743266177994418
1.2551800788277947,10.79242885458732
0.7389246902155171,8.226098873757486
-1.3495322426204348,9.141754472311595
1.6437087379753699,8.841065408957808
1.290148971692676,10.740662122507743
1.7991996531676961,9.647107005843932
0.9028780335534399,9.076659064648187
0.45366078374315943,11.232015763974905
-0.3270278548375245,10.02849434982197
1.730913933416053,9.692921687538785
1.4642555580016334,10.700361830652648
-1.8191253195752424,11.63077812407694
-1.894532102010992,11.086134010805845
-0.4941465324878016,10.376339257771052
1.2422133231273316,9.852865212132754
1.9491045172597778,12.510290866218508
-1.3983324355858873,8.793186397881058
0.3765228614085405,10.724380269482694
-0.47643657347591395,10.040142241063862
1.8796575912584128,10.402654066829676
1.3684756925428347,8.497902302303295
1.3533148188445514,12.189431096574351
-0.12522736082011887,8.653890304488481
-0.3407219906493393,8.596294014543092
-0.9063717122771751,9.756765082128325
-1.7744980133962915,10.214502148792977
1.4588895050202129,9.063634814371962
1.2516040365203103,12.949661821013224
1.9988706931445224,11.249590967147679
1.9865473482956215,10.589387281741082
0.22172682241050978,9.449986487879709
1.075949660722042,8.943085322947969
1.779062919529712,9.696029881314946
1.3985895627096459,10.164244197057615
-1.0106075930272094,9.733143884549872
-0.19782345875962593,10.187648237559289
-1.48336233939402,11.03637979203147
1.8162041090348895,10.800638422972646
0.4246985378035202,9.851440740209688
-1.0854287779861491,9.3271086176414
0.6868027376234269,10.030774490264545
0.4725129618315833,8.346731442506568
-0.567349127868638,8.38572818841216
-1.545769631201484,10.81476871632884
0.6862927823711984,10.095623544687047
0.08123080361517321,10.451983833754484
1.0892735669425573,12.693311704032986
0.08065400444797355,9.85969776936044
1.4087260012741605,10.987869998104427
0.20762735509794217,9.624876200023905
0.24375188614154508,9.668586890459148
1.50661441063338,9.656531028711115
-0.38606853515041184,8.609263314233864
-1.463939086197437,10.180761769119693
-1.884869294746644,9.618335675351762
1.020549022694476,8.964260430089993
0.48123820541385864,10.021475195413643
0.8163190723968943,9.403282539335917
-1.148143353964357,9.029613330384448
-1.454514097652921,10.438733246605043
-1.9418213373284723,11.419399469238343
-0.5976497647736121,11.163375275122323
0.35967074741853233,10.119437490037036
-0.4310238196010707,10.286823302396733
-0.25010031190508375,7.9684572582888675
1.6166347779749937,7.232882887966161
-0.6069781319067986,9.598842717015467
0.05595795663924319,8.027063883993339
1.1346120509645723,10.229703683689955
-0.41382887071491936,10.90264978103716
0.48834680091149396,10.721419138998156
1.4494548349869807,8.689823853167399
1.7980824946305685,11.306199875721205
-1.4117060762838483,8.441400644793154
1.7063505006459776,8.237808922235446
-0.03153482768184723,9.46784102788008
-0.9670224468041666,8.283268038803673
-0.16345697504695478,10.543444463038622
1.9201303011419082,10.138645659892067
-0.029527624028521604,7.603271154079682
-0.6849935588499672,10.484346207935443
0.5336034172669031,10.477976762852373
-1.0394175248872277,11.27105501394103
-1.6965466875653443,12.91284492762528
-1.484481112357403,9.133233261608964
-1.4878166441689102,9.934078018537992
-1.3923892259508226,8.73322468498921
-1.4446913094023595,10.856750465897608
0.5634989792128584,8.381782754012756
-1.2724796624034207,9.137150437969563
-0.6173308667045472,9.087753544906397
1.5871536396240473,9.422607337122898
-0.10415343894851059,9.710087742712496
0.6702309540841087,11.164939382939334
-1.3107205151934807,9.918838820539516
-1.230843924765317,10.509856381432028
-1.8365255349340845,12.204771913779327
-1.3242597477113418,10.022891264142512
-0.8856386438721655,11.309407540926866
-1.2919580628930127,11.763414203252944
-1.6451898649717775,8.820213812069248
-1.5174565155975968,9.600797107383055
-0.1568849278690969,9.001027517917125
-1.17466512637683,11.644657646426845
-0.5429205558076982,8.538151531315146
0.013669083419427519,10.400967024611957
0.7615793145174612,9.868243825709305
-1.8427514406356043,11.34816935763113
1.1976415956361706,10.47065092822024
0.511601557963631,9.00701161961791
-1.6729638722045124,7.7129692740777
1.494314496427109,9.13157704068183
1.6834896021272527,8.732040410796019
-1.755688160580545,8.718959819558648
-0.8924894074111851,10.942988672214343
1.2248051191722453,10.488323681744488
0.9930387615346334,9.737618594566811
-1.2619159225744907,10.243054245773285
-1.1626027066531588,11.827355952756614
-0.5181115888344721,10.049808827749212
-0.06190805923591469,10.200534776027782
0.4730190861211838,9.785514973154692
-0.5243454417209104,9.193539001049563
-0.14986113546740842,12.253247521303027
0.9898837525350261,7.969729829495909
-1.8532671884376084,11.137217150426178
-0.990252222623917,10.267712561064842
0.8533983435382098,9.55603188122566
1.5808273507487973,8.013259586490936
0.0467097684626645,10.214318076764794
0.12845394106126262,8.283971197716715
-1.5713119546408958,11.842574961677862
-0.21035053270618143,9.252131854538549
0.13046906582009266,8.874735225322144
-1.0301179854610814,9.947744542637446
-0.9230270762024761,9.39983644703982
-0.4908633475815094,12.226589739755681
-1.9197152088890945,10.796037305137883
-0.7116833376672869,9.161579730520563
-1.1542079720138214,10.167777024349961
-0.6900105912883414,10.465140710561585
-1.5209514727229951,11.796429249995741
1.5621091229595798,8.864640232974267
0.37436981421619464,10.50734085867515
0.7164092765779584,10.812435133195324
1.1566849544293532,10.511266410705668
-0.006231204283770886,10.175961345709002
-1.6523188476503052,10.857821483820178
0.1484261672741911,10.97381051939358
0.3473644720835165,10.825130277581183
0.98175789673732,9.764680451025448
-0.27336181508128243,11.485013969947001
-1.489678788817745,10.042582698074746
-0.8648963768051021,9.268177156418817
-0.5476708144054596,10.726489465788458
0.5836689653264049,8.627252553801716
0.28311321867564754,10.70829629247709
-0.575613096408615,8.616633966062857
1.9460609951719188,10.247683111866476
0.4230992774275486,10.909189147204929
-1.051092833056022,8.234536066022464
-1.592870109518385,11.80352397532149
-1.388563443262672,10.284823378640947
-1.0161690864619675,8.53911221708605
-1.3572745069617773,11.558632218929898
-1.253731903794777,9.350645993100237
-0.8596193252246116,10.350810403771515
-1.3065056188209807,10.376997620838111
1.5870616985057007,10.953498411112417
-1.6790650173534312,9.657323786734336
0.09804555828101869,7.911592210887286
-0.35841269204135395,10.63095889093798
1.9295144676344256,9.883513510133547
-1.5518443913277906,9.774007314045566
-0.40857760381703345,10.88981837630102
1.8778817331014754,10.560338248814837
1.462028503575921,8.8884716362064
1.2682882837971197,11.401425869993822
-0.9683886918202407,11.2999965417739
-1.3164496504397367,10.979135436019842
0.674572879697724,10.011469109901356
1.7175039565103432,9.393566131543155
0.22705157205571913,10.491924268695248
0.2864507578795994,10.046794003018654
-0.8800836253588633,10.919846682141745
1.0779717327677476,9.9582186383621
-1.2518250057699065,11.341615509238455
-0.7052830543830253,10.124201894852966
-0.2982542455343329,8.36070346634889
0.030441514737820086,10.113649265900333
-1.030361070339679,10.488954236990038
-1.5406527010431859,11.461246608874692
0.4424801697665304,11.259625140981996
-0.8454777870389769,10.882634535366591
0.3249528856904491,9.983515088674118
-1.3825491389031908,9.84800771070417
-0.07543959258073007,10.042600820861134
0.13035773020634345,9.539905136381206
-1.7927058527102924,10.907687237108428
-0.6535828872243177,9.786570391063018
-1.462341292244103,9.482840255577072
-1.746500118108929,10.783141395607021
1.959840929559781,9.083563686471713
-0.7105846201011081,11.164586680208282
1.2394977834185394,11.416902822862113
-0.9814373809449446,8.769282230101892
0.7260108888957171,9.859040388822187
1.0409114395587462,9.037052330401234
0.3825549624313771,8.38594713609055
-0.11369524579936652,10.42813153237015
-0.35263634341092587,10.225136376067187
-0.6045269338280188,10.569900872134431
1.7181165769913034,8.170515005191934
1.3224776311509165,8.222537550265669
1.8601076426660503,10.527253243547559
-1.502811106057821,11.628462401349186
0.923469900814577,10.680684055681153
1.7533618272841514,9.12735498573624
-1.2750677353373594,9.869308568106925
-1.73401493053289,9.872573445195648
0.9644825971602362,9.963214006404463
0.2978924527196476,9.736814474556951
1.3673151070330882,10.183024894539525
-1.440910493494842,10.367329176707305
1.1810692474395608,11.504045114313524
-1.1934907198090219,10.825074903902584
-1.345376228537182,10.200909429828169
-1.3429368082760282,11.776076214836968
1.2582988809255284,10.243274748640182
0.6607888827848005,9.023241276484113
0.0922616990764773,9.173742215024271
-0.56467806350599,10.994400472424005
1.508802163252433,9.447627767974847
-0.43021957030945845,12.54292086245657
1.2663977578863084,11.210891261858462
-0.24346036571912633,9.638292862904763
-0.4922222823003697,10.158951678808965
-0.14928085732157426,8.987256261868515
-0.7944885033434317,9.047663270442381
0.9904375207050045,8.424065771660555
0.01088156036991661,9.245345605220988
-1.0711492194127308,9.78881383050566
1.5982982930982739,11.0092974608214
-0.46443511450715436,9.65540418648495
0.17421144445595438,10.671677419629606
1.6258884438581878,10.033902629749567
0.4969519836559684,10.345653790451324
-1.5324078371665437,10.338145365085776
1.7593284944539005,8.718777099065644
0.5108322122856714,11.553908124754749
-0.6603775413716555,9.75167215689515
-1.442911709346451,9.732012850260132
1.176100757081184,10.90359585889851
0.4802910237140541,8.837478842150531
0.1338443679052861,11.37443949815802
1.5755703322038306,8.490097818398313
1.154388844898123,9.298085982205851
-1.3933004810689953,9.406964748459593
-0.7531117288178071,8.032462529782823
-1.006043440742137,10.859903046289165
0.9757851702907079,10.158324101652624
-1.8658702610568825,14.173298353572562
0.2795587394852661,10.695270104943342
1.0498347429627621,10.206272208662021
1.5070625470469978,9.14425850128965
-0.6316730051363701,11.369770790214544
1.2850292186880514,10.227816859702914
-1.557473052179171,11.062961456194223
1.3858091669380728,10.216152020575057
-1.4900453506720703,11.444049411112124
-0.41085083775853093,10.331282934931725
1.1891814631182145,11.448697453932631
-1.4003302906049049,8.794286529520424
-1.082994419069434,11.631116266913928
0.8890102735722651,10.36178327261956
0.8801461461842974,10.501040024491793
0.5645905315411892,8.394539650516343
0.7757937778684001,8.023463284007336
0.1708977733903847,9.535329615169987
-0.992803764372189,9.303355119660509
-0.6172160259843222,9.858448914412252
-1.2736091327942973,9.738422808333818
1.6338022453345133,9.570838821915116
0.33356717906448186,10.557482316068885
-0.39659433294544044,10.600135292707963
-0.15197678542346926,11.646443452953157
1.7891333584472613,8.697081903213007
-1.3865943875356792,10.389007187195483
0.34491932806718895,10.05446246035238
0.023554715537863924,10.16167842857624
0.4458169417385913,8.324364572879578
-1.927559264716638,11.629230118710318
1.488495635776606,8.680909670270864
1.7284731299344496,9.044638395187858
0.26053273435683577,7.65629657018953
0.786603295507569,9.321787151238494
1.6899975247091827,8.946445945995555
0.8289545372535945,11.978730363191769
-1.3898438283429546,8.342145360069747
0.3051534406672527,8.882074578364897
0.4268601855314236,10.994998322289604
-0.3034773147904559,11.098927091614257
0.9457769424988913,11.1145810604893
1.7374680590760594,9.599614007819454
1.7022740516271053,8.016038650597084
-0.19664251438347158,9.533329263349989
-1.547047816636979,8.833679228655113
1.9393647958493383,10.519363435065415
1.3555923457837364,9.52247108724953
-1.5013492751869326,10.64661405617576
1.6833675304694893,9.640152061404363
1.4795854482485131,8.668641467164298
0.07535222850428847,9.48123665231545
0.365101742979717,8.739819098777959
-0.40398918451947896,8.963572874359736
-1.7809534447118747,11.273487964068705
-0.6592110334163963,8.305739401796071
1.2114137943920458,10.448926704487885
-1.9814719079815886,10.785421048718138
-0.6660033132354233,10.090156693420399
-0.40732522563622675,11.380451655202833
0.1495824117516915,10.079257513120348
1.679422465651042,10.615593188810314
-0.614616022536155,9.645946697150627
-0.6121871924150892,10.360106222036174
0.9500049924389935,10.599049885952077
-0.19112823644077137,9.029169501180517
-1.1015807082400721,9.154638546877088
-0.1902419354692264,10.351230437652298
-1.4365719184808006,9.494130750095161
-1.2944520539751068,10.259222051599279
-0.0065289090420810325,9.810136332585767
-0.32429820198180836,9.907718067256944
1.6593836042724002,9.018892650471608
-0.5504244035334676,10.270212295638082
0.3223534011121738,8.745821740350273
0.5290571516781215,9.051495498185563
-1.9476221736466655,10.474301944654798
0.6541494880668424,8.498072638062409
-1.2878561325209943,11.057869110208268
1.8442812698778206,10.398958851417742
-1.4053490889875482,11.348290350639557
-0.3415035050919051,11.730249666155522
-1.6586013276854246,8.828284007069316
1.9874970073837894,9.038987884098756
0.008780041324970345,7.520381205116781
0.38154006928017514,9.719710162832342
-1.73169409044629,11.305259396943162
0.9998418815967112,10.15433049527313
-1.160377627617657,10.455854379014434
1.592217157762855,9.574807419918404
-1.1794414380719713,10.960183768645699
-1.2372491173453337,8.449834998383029
-1.8538013286076205,10.136059075064754
-0.11173221956000301,9.938692854954002
0.2593645330504657,9.392146740190018
-1.7371654422865905,11.24149412819907
1.1021104667800423,11.587626683438572
-0.18684466100788955,9.4255911402761
0.09756107731032015,10.33466875125235
-0.23694901224708742,10.60307619046552
-0.39694775649869607,11.713281297059819
0.23856132523287155,11.284400200819256
-1.37903901627715,11.02381930428437
-1.2722874780189155,11.253640849485171
1.4471424840540692,8.90174212676984
1.784461848534531,7.717513292973311
-0.5067627348809882,9.526355462998234
-0.9170213074257849,8.623525828107699
0.575998172956063,8.995578423641959
-0.3650633156076144,10.081043352294849
-1.8984545773586206,12.030351591373297
-1.3753896105352386,9.142771804278597
0.8638889153895901,9.90058658005524
0.6356957676406054,8.646867417503591
-1.891616029986066,11.279426305592974
-1.1121113522682022,11.23979663996333
-1.0757008136477144,9.174853628104245
0.6875709743949137,9.01636659451743
-1.9211578489825434,8.666091606422787
-1.5835656720617046,9.288516360764245
1.1996643414927575,9.991802643528429
-1.2858213517826655,9.986266609157022
0.6109844314074988,8.32395062572993
-1.047268875813094,9.125610019014152
-1.6022344289626194,10.719829626524216
-1.0273112360021837,9.889128805433174
0.8890677274226366,9.018750871666464
1.422785872425143,8.64527869230781
1.3208794582679664,9.767530451664376
-0.4112658815261807,10.452205760075548
0.6723405462825847,9.682027484349938
-1.1800628183367161,10.393209277428177
-0.827409078955947,12.33084339243055
1.585343274084479,11.865280178322731
-1.9479923059570559,10.992919020296554
-1.6579658765821277,9.433353430653447
-1.1684549794158907,10.775457403101116
-1.8938711845047211,11.964780895414975
-1.2742582596408107,10.14087713655982
0.3321662438787687,9.36365782855725
-0.3143017976300082,9.126145644548023
1.5706868443078994,11.574917041079583
1.2697742469537636,11.675563541689877
-0.6327305932084961,11.767830376735692
-0.9623062662748301,10.264288154723026
-0.4812303673309324,9.57504762044559
0.36117977005923096,10.00027262034678
-0.927745436708495,9.35309854468758
0.49659563139653606,12.112457658827852
-0.3623533912350383,9.360312428482978
0.20818872340792094,7.7609166442229975
-0.25549388345873325,8.490474603991215
-0.8221369618323293,11.744113903660288
1.7938132278486267,9.618495819394052
1.0544231766390433,8.033775200879095
-1.4395472969341898,10.80813282516701
1.4738719035916512,10.598511173297487
-0.05027520700194543,10.828070316257117
1.5782089075763657,9.9588158967419
1.1994210237892609,8.9642345093672
-0.2991459821230662,10.047816944796221
-1.9101227667195304,11.262739681071398
-0.9252905624602157,10.10138116981352
0.16653685864346768,10.228102209853605
0.5339128793045891,7.463003777512679
-0.9684492582671909,9.28256143402015
-1.4425757037087035,10.156666760985674
1.3397209471971965,9.639195763959926
1.9376087228142085,11.140848141860673
0.1027607292107433,10.486745848912017
-1.313282856606786,10.967482262285673
-0.9107706939225242,11.156064983588548
-1.926437293810133,9.774899180161125
1.657195226241996,8.349755318080097
-1.5289956684394355,9.883996164072101
0.3060659020570142,8.556608449463367
-0.903779117251176,9.456752367637193
0.21671201006317364,8.558199963412116
0.6056815534074569,7.981258729629654
1.3189672148288065,10.413611053155138
-1.1743149129575872,10.03903229706673
-1.956016685366078,10.567713307959824
-1.452457479724771,9.427193514273549
1.6000745673924204,8.519140038507093
1.495560310250061,9.304048735968028
0.3896524086812332,12.729054523452234
0.4020674417346135,9.618043897630232
0.6601466981850219,9.956260633511821
-1.2985148855062016,9.460111473122728
1.6576477836998391,8.700989305420874
-0.32491790043170754,8.992239472507222
-0.4674458870020102,8.59213021719698
0.07567082113135015,9.045017736454053
-1.8121361328997798,11.954127422629973
-1.3348665249756824,10.752641424055662
0.9521344657054818,11.667013128970618
-1.6688053282994941,9.958716266724293
0.4126084378655528,10.398564028960877
-1.0186035612747162,10.16780713283811
-0.4428175438320938,9.95412391012854
-0.8452250529172005,10.18429450059762
-0.5773091341402035,8.5674231049136
0.876183620736982,10.622724059694226
-0.8115131375072999,8.183431408324672
0.26561856118758875,9.702314465982969
-0.09579839120360134,9.958100856435
0.6546846614505926,11.923470502771732
1.747318957299032,9.372566560202586
0.9302883888410012,9.091381368717665
-1.140238485636973,6.891789842528944
-1.8752674597548613,11.73456943573952
-0.9509438228006997,10.431162449793376
0.3803117228010193,9.422394028959033
-1.7942967460629986,10.418485787765476
-0.014535011195054626,8.801436565866734
0.38737139566755685,12.504496756931538
-0.6630244367321567,9.098664411337309
1.0836488149832877,9.731509992576
-1.5736069874649128,10.825677012029395
-1.699448873056765,8.322590626024507
0.9127550248144134,9.325503898815946
-0.01803473517520615,9.331649919577133
0.7536095857109442,9.915056919749608
-0.2606906455850151,10.622377472243315
-1.0143918670435728,8.710436686905556
1.2764092706967989,7.730760991671107
1.197663515875917,11.476826340303042
0.778785883417707,8.334504216598853
-0.9114194510801492,9.539223500970984
0.3609226674763484,10.74339540235987
-0.5561044122398928,11.155767023970878
-1.6336717066934634,7.86002761039569
1.6692543018489712,8.834932684423686
-1.4527254763241544,8.299066640746606
1.8009494152832097,10.141122175548766
-0.21597690816817705,7.535367563935736
-1.2594682846455214,10.496917147590445
0.16760378951343258,11.392500199436956
1.4917833435056331,9.510812610106486
0.9288995456382447,8.70043723933419
1.226244591445799,12.382197044440144
0.6351334668428694,10.907657020745704
0.7691062580714099,10.745596041163415
1.3967826062612771,11.868322605344153
-1.0013279645632562,10.592802419275731
-0.042300145427438096,9.254807989086215
-1.115162232721591,9.854949346487922
1.950672031986588,12.30703380984798
1.776237358746453,8.474933905021466
-1.8422927545259764,11.559137407479106
0.8223006900627539,9.641527331293975
1.7009932696626633,9.053132248101132
-1.2776986194906659,11.924302106901187
0.27178092221051786,12.64709251584823
1.6619531903521674,7.882689348957259
-1.8642160856568046,9.844470131659598
0.7896810689873597,9.737375283429177
-0.8106039705097969,9.380777906876085
1.6975847815061216,9.266684505829112
1.884232980661471,9.898365899876907
1.7770659564537357,11.249106396582047
-0.10314313337014491,8.397302454734549
1.4481706039572537,10.299770850851257
1.3781975941402815,11.007830235897037
-0.7235981070269775,8.850337871908465
1.3156618966027094,10.351246020725771
-1.8519694611380295,11.047004260754733
0.38507951392821216,10.343271797508498
-1.0799646508491878,8.775435043341938
-1.5177324568908848,11.769783680741652
-1.6921871934831634,8.519099417704819
0.785155103512559,9.70056648059613
-0.6405001449277354,10.919187412567684
0.8990670861150458,9.227236479974549
-1.7385746368042305,11.103425209740127
-0.7388386486775587,10.361875807216574
0.15796516950134887,9.668529274880663
1.1628926593558542,9.890338120642642
-0.7249899882717203,9.684048035707645
0.5035655057480364,10.329826710205126
1.5439109929447485,10.430626705927855
0.46345275272921826,10.344683125673788
-1.068162100985465,9.943985356267682
-1.902396873773848,11.12917093867247
1.4803954956037195,10.011497908822244
-1.9149223565984514,11.106531245100399
1.4988066907367976,8.885375359738378
0.11574853610884794,8.537623325340855
1.7562707940515847,9.748821163091172
1.1951329430946616,11.838158388692872
1.9917364421333499,10.373372025636268
-0.5971527381931594,11.088183798602202
1.0687531557245076,9.430622863589448
-0.39227634556303137,9.610618614651639
-0.08049751878436462,10.758133260989236
0.5100218528734803,8.041217418810977
1.494708456745355,9.274017032836017
1.9363338767971805,10.517684931837994
1.0730936554580728,8.589326110901922
-0.32893287133066496,8.31805915716832
-0.3145719908917193,8.09293879777949
0.950329206355566,8.906613553148826
-1.0448914169267907,11.286059794736069
-1.5581035474744214,10.78140745637319
-0.5815113694368939,11.608000885054233
-0.8510440333836731,10.392036207177103
-0.8147675181760397,11.421746669697695
-1.0655689958003602,11.134863821318802
-1.8316272414545525,10.39935963622503
-1.9285042610663448,11.755204811619878
1.9508895589441262,9.894373193532903
-0.2889074650565506,11.250430743605229
-0.4626934113612733,10.710203851275397
0.7185891307722794,12.02078705730646
-1.1269844485397433,9.544428821898261
1.7998447358009013,8.609105106824739
1.1453800576622082,10.24719766594034
-1.642355990750962,10.055702442154677
-0.32967689686028656,8.496314762143575
1.5164732302486588,10.396777020482554
1.7789280891656412,9.708685812216771
-0.1303939550005211,7.865939760769305
0.4536455568428308,8.241310351934453
-1.331864215631699,10.359833306986106
1.9646745045479062,10.753581807446796
-1.0733131944662264,9.89499414858556
1.7709270965405026,7.996818626148424
0.5985865959694738,8.93309204235754
0.4309471795154365,9.207175590540574
0.05075404406603434,8.272171563151709
-1.0773207531289652,7.977924346782877
-1.293887871977967,9.058015307507931
-1.1180551637192986,11.08848833795288
-1.254246951422982,9.35052338884879
1.1183378942670132,7.813733225873007
-0.5994989633330796,9.641910497679573
-1.7686292937464145,11.116285948463002
1.8764105205632453,12.816355042638161
1.5351435398537028,10.360817414394855
1.7110091327808519,8.97949167367734
1.9796312905857412,12.465203760316975
-1.3044190031220508,11.496357919362682
-0.415031924389365,11.14688448003807
1.0329539028163652,9.169841999254757
0.7840824722151689,9.940395234050458
-1.3844163746405798,9.17772831719791
1.263332499962471,10.443533976020941
-1.1022377126533573,8.865249580732486
-1.1047295407095077,12.308671507505881
0.1478976915736543,9.882762880786379
0.3717597393668126,10.357979123288446
0.3203448313512447,9.171484555036423
-1.6340526504089805,10.932653116449277
1.5098434505215215,6.938072711813637
-0.9375998296451757,10.183533634769262
-1.4819403148687833,9.062915547030425
1.5549923194759088,10.271853700733931
1.8226059929190135,9.658456919711217
1.4485104690618025,7.947612394027857
1.2380642988995123,10.642681247968834
0.6209679225560869,11.811757826846375
0.20342948243655723,10.39024664584826
-1.6520529603543594,11.093690460549741
-0.3661871477172052,10.772934085275422
-0.5092459319507441,7.532059245213365
-0.9609848649586952,11.011308082151643
0.8936804547543398,10.184481418932409
-0.01649705968491677,7.896239308390235
-1.6758151363694083,10.23712922282233
-1.1192671922007547,9.195766249279545
0.7330350546383837,10.693616548207789
-1.6954765620387993,9.4967005036961
1.4048276561950748,9.843309058350522
-0.0194138919441027,8.723002953232614
-0.077653690693408,9.412298364977186
0.3696311386380704,9.349912854719605
1.2987238637005967,9.628083394618896
-0.6087631683912278,8.391641386720138
0.7120646102362542,8.80718369114586
0.26292785598316426,9.101540456501409
-0.9318869193223147,7.607945543080261
1.514519945420632,10.874691788457152
1.1897040864277124,11.1804229094632
0.633807338633702,10.07453300773722
1.4023269163769676,12.0969399647098
1.4691768038392095,9.86345759742693
0.8334519068601391,8.402687505155793
1.3480533134546882,10.869596197736698
0.7898858466771346,8.879742367643003
0.7205630870412016,10.86245693025859
0.4744455128607372,8.14536419599974
1.010866558230565,11.471807656991663
-1.3655795788277052,9.419123917364825
1.5234830367957137,8.512908409372251
1.487374110980928,8.805461415236934
-1.8830108678617634,11.379316570791218
1.3032670022590507,9.946416840704094
-1.4845205301062192,9.043747241573543
-0.6595245829634324,9.650142663160517
0.9740330251664311,8.044448784928097
-1.3569604158067672,10.356936882784746
1.2718680964762488,12.961148239175479
1.3285367118309677,10.104207407901274
0.029870935043344815,8.992283426265185
-1.9744565131326657,11.685935742392871
-0.8518474673003489,11.259978740000545
0.4677076735029688,9.535103982388742
1.924744712109694,10.34544475577551
0.5272541080666735,8.824309214877243
-0.9607856757433608,7.883293406869932
0.5360228123984454,8.899025732858119
0.1599415188634219,10.549862225657924
1.1193815806045744,10.06872695482469
-1.5720774446921664,9.475104315331395
1.044111610008112,9.673333177317717
0.1650663147044411,9.665884584468627
1.8519680154359786,7.9271411595171015
-0.6325113358452557,8.780448307621525
0.5304875725357925,10.14416635017714
1.7281124220400699,9.244801472166818
-1.589961088037283,10.220000191977595
1.7489139489458045,9.27801862463064
0.7515428892032534,11.139647466364957
-1.7286517635793124,11.209272699757083
-0.796145732212735,10.239034838404212
0.8326883545811263,9.204162525493565
-1.7305975941249132,9.869924835736628
0.3286818407050931,9.692737513415226
-0.6164677721881731,9.130399993717875
0.48366207106990844,11.019649988195898
-1.8170318647499486,9.218807209096203
1.486147224609505,9.03585357098238
1.8939558767095876,11.236338448768134
1.875511421142766,13.089583540718934
0.9986073269716988,8.31765218977933
-1.4796550394774721,10.003476773870437
1.0330527837160903,9.430994243262154
-1.901652334164794,9.101780417018
-1.911505793884011,11.415101589013728
-0.705559123401835,9.837543555492962
-0.045427238381337,9.482579490324683
1.0816296712311728,10.622291910506997
0.7331815064260208,10.748183888487882
-0.21638917449300665,9.346430423443005
-0.9054933348733365,9.894878221298562
1.9884980006308446,10.79686025860062
-0.2952747910561082,9.334247674255
-0.19445190268129808,9.798255724052586
-1.3455047152333233,9.380094656071075
1.1792381949997175,11.071497297391348
0.7747289031259545,10.21740005602699
-1.1169215488449584,8.10935680367164
-1.6704758175366292,10.435462253513695
0.7219972082988524,10.23693983483546
0.6180448571245409,10.336170291073566
-0.9069618920071627,11.482815815745017
1.8034542490016414,10.327369284135184
-1.395768432876399,8.464618677730002
-0.27066079582959235,10.965506668965704
1.7744636806703955,9.249140761070468
-0.3210907322955108,10.98312734883743
0.5541037906563422,8.122712372012678
-0.4096224081488229,10.523585907643444
-0.9031391906053199,11.519083848094736
1.935910591839313,10.43852139973918
-0.3626639747398279,10.005465126363548
1.5763968147165377,9.911529284497716
-1.0801815764356553,9.456860395309395
-1.1475811838996668,7.886197615208578
-1.8754636684619546,11.811133788232311
0.6066673015035402,9.602411203315137
-0.5258946251049554,9.024667345778198
1.4574329993585482,9.232492956439492
-0.10716037323377137,9.37955890743402
1.872773711658887,10.497734394511259
-1.2578979371875154,8.25681384192177
1.4744926718224431,9.360261274017523
1.106387411166967,8.701238144190073
1.083687378576208,10.626773944839435
1.3791329124675507,10.736404955197957
1.0440959637719955,10.177817957113565
0.5048812865256616,10.396840195463339
-1.4750204892704497,10.865237630858335
-1.8698952820349923,11.982201385463089
1.6833913912627474,9.653562442077446
0.46660125808295216,7.6632028550868645
1.1861491639047053,10.619927099377893
-0.07391059394979971,9.812229392451894
-1.530767244150422,9.657907681343703
-1.4992568311897982,12.396940393158234
0.7422611489158855,9.782173438275457
-0.2787764204021492,11.160396279348182
-1.1979010931986531,9.736058024935451
-0.03362181303425249,10.62375251639768
-1.7431642516994637,9.910147924355648
0.3278856076575951,7.9749452744577765
-0.9240263822596093,9.299581612293803
1.1902364025487526,10.95640476728129
-0.7585521643057049,11.26730206048288
-0.17911940367279522,10.118278498657261
-1.9535178403675975,14.157510678384975
-1.7102124488217645,10.418806421905316
-0.4300257743732607,10.972770410260004
-0.08024466113150597,11.61880752736231
0.4000821924772149,10.510614254058742
-0.8333496851627871,10.811844759598351
0.7799275445061702,8.999667147065047
1.4404895887568183,8.67589199555803
1.1194039555733992,9.979757672056616
-1.8415246986065714,12.819036939777899
-0.07797221096868423,11.2394393054492
-1.5802792863273005,10.440315348294678
-1.0318199365498901,9.008599785347803
1.9466503730685858,7.593006145810281
-1.430017828393947,12.154543743310999
-0.004447386194575742,9.430433558897374
0.4726229372724764,8.996197987424695
0.8098598821764158,10.05847627660693
0.2385947339476564,9.741061439924046
-1.9609166103232654,10.317644036496755
-0.6941547670240324,9.491165026291
0.07084657353884571,10.115251191744617
-1.6485340034206666,10.728146741358213
-0.597492275163277,11.00229694838799
-1.8671875648345337,11.014389271808083
-1.685686011379917,11.002871548146352
-0.41230689519361574,11.309825955982989
-1.4691369838277586,9.797200416819203
0.2701633930462326,10.23981995534695
0.757859876549063,11.098029990817214
1.2023467964363315,10.370750753001763
-1.1993990230207596,10.004615012907573
-1.330069670963721,10.81980594062108
-1.581728638662399,10.582806805178446
0.5457209981745468,10.041328655342694
0.8259029059476046,10.995721149302334
-1.8736554206974319,10.791870785472442
1.7448489849747593,8.294054953641183
-1.7921148653941104,10.794015651679178
0.16518534120428185,9.860883237377207
0.8362420778036657,8.88250287233625
1.4838764949843424,9.980320117760323
0.8563477285297112,10.11521683378102
1.2069123322791673,10.006782536468446
-0.6421992298287758,10.653673887204505
1.259300454986049,10.129061688235412
-1.6795406144612994,9.958817707776529
1.5792666242421105,9.836626411580175
0.19036950461494495,10.258571702686755
1.2691910798499748,10.522722877606435
-0.19072686192679944,9.729762633714623
0.5743107807860999,10.414637419863698
0.10561064374445284,10.056025260751062
0.9263580870213275,10.201808984414074
-1.6734800718776417,8.845620348551092
-1.7585916640377448,11.131878632503435
-1.0115870639594142,11.215191048930947
-1.3618212795472466,8.39980274288991
1.4871342663688067,8.069257030210624
-1.1231440505678227,8.528714974429905
1.9034610232765252,9.610514444593033
-0.6524168329155726,9.393824513733346
-1.2715283372452029,11.506012666806106
1.1587940285699165,11.700824440405562
0.6348311020035045,11.045121170974303
-0.007217134187444074,11.081983408968894
0.22145420375052494,8.809766729283998
0.8768071130890553,12.034974563484317
-1.086181034674805,9.98012296409626
1.9853356642269677,12.515388054684603
1.8991726485871325,9.258007778084345
0.6013027453877475,9.38887357492085
-1.2018301962834195,9.179052182728114
0.7209129697251653,8.675023139509568
-1.7112063640832966,10.78833798124203
-1.8773899911767757,10.51759302745251
-0.9692684459551453,10.741104196955254
-0.14950817304273478,11.057296739582712
1.473090021633522,9.6174241459485
0.9086762790652321,7.579830996251785
0.9708260847999242,11.197145005487739
-0.2980266622076986,10.864416843991282
-0.6162600298121483,8.548690659913257
-0.5158449480615892,9.533025138020289
1.9505982549442313,9.90771180174756
-1.83956323435007,11.92208045930895
1.4681259844897943,9.728064012833874
0.31470163428957365,9.017487080485806
-0.24553832324163816,11.697862895820668
0.901030641660546,11.21441427317562
-0.0533242343011886,12.062720970301683
1.4936929523266422,9.795921878845009
1.602807456045034,9.08765913228664
-0.31311629250617834,8.785312285162307
-0.8926888110597937,10.739875469218969
0.3694013143734489,9.798842529524805
1.6494533824667639,10.094741240331965
-1.1573512439773337,9.620941662461428
0.4918663342539311,9.467665684724603
0.5262408803700822,7.880896521763693
0.9324520896611239,9.741668030523593
-1.4737292594909608,8.77062705877151
0.8632998587283542,11.467352629919061
1.636130082662564,10.343348973186199
-1.2812675645190321,10.864712728287278
-1.0498267003044894,10.152304364074242
1.8855803761665584,10.399493297596006
-1.276092189162041,8.90049379113757
1.4175403734783165,9.59117204485198
-0.03088857420786084,9.549623465830628
-1.0110757023872918,11.750367836628264
1.4829996050900456,9.380643680313472
-0.21877897998933804,11.23138732615963
0.059269415718760765,10.444249058869332
-0.5630665224009372,10.199211601068988
0.3718034057397097,8.28765006310831
-1.345904509659909,8.54828129836072
-0.43567385339295717,9.349604372351267
1.87764928934115,9.775803270400335
-0.9674662691954898,9.277242771997782
0.6269466581651688,10.44525946035741
-0.6992397431012205,10.353355540115064
1.0938925027464026,8.055174471314078
-1.4765053571266007,9.256876187718667
1.8792841803141789,8.720920991530228
-0.184841834465443,9.382025340654488
-1.0557981466141442,9.10190332165299
-1.7060130106799494,13.318358939020868
-1.320968379649837,12.255710286902097
0.07909579422407065,9.15864206661686
-0.6519872942748548,12.345531902069233
1.3155334635304379,8.64222300840914
-0.27644990535277625,9.798639821946413
-1.0051429096494804,10.492951923479138
0.4685799464161202,9.366626805517187
0.8271088675417833,9.106327686156538
-1.3318323683962006,12.291019667136732
-1.3295231348467293,11.894816045843282
-1.8533142922658281,10.125635037247363
0.9456080602625621,11.82241015749181
0.6552181104872203,8.668102703202635
-0.10147649700074446,10.178490497422493
1.3766817958767885,11.175520827867231
1.2226806118002127,10.105273676883684
0.3414174575870086,11.225720760464231
1.4730851220530345,8.806353818438884
-1.176635159852927,8.429788932758013
-1.5523215224090885,10.466364606991423
-0.9210015539320415,9.031440575791473
-1.7716525756427406,10.057542869558826
0.12467811200412804,8.838644362709376
1.746422769179846,9.544103445986828
-1.8426258373259614,11.154492258023701
-1.5115603439598928,10.793064029877783
-0.1912038868662589,9.150616412287958
1.7355000701116197,8.52798010907966
-0.735375580092998,11.155592879987942
0.028939234753569743,9.428614756619854
-1.8337085637984316,11.318664763853086
-1.4066271961516446,9.619451137953577
1.9465204918353876,8.410703517298508
1.8604747857441821,10.834848687121319
-1.9802400762623615,10.887493199855298
1.8072471416929559,10.489426149740098
0.5564797512620014,9.3829369412249
1.4716731780800885,7.9264554280716
-0.1810405774645636,9.928109606569983
0.06238411431700097,9.65892210827213
-0.04461367897231927,10.829642465799445
0.6674570301844174,10.154620709908906
-1.4413949809747484,8.094982472821746
-1.8801056405092882,9.533700154796303
-0.7682802336352363,9.378598953482136
0.8187230509465868,9.964977431549181
-1.1925861915082066,10.657356090433197
0.6937297332996692,9.119115059976428
1.8796481844290818,9.702611402708321
-1.6243971368423265,9.625231395225123
0.6904084729005051,11.23251370180289
-0.2249991227817154,10.967258963423724
1.4725690175100214,7.450311012080897
-1.2914008422104564,11.110516731315133
0.7705038089046581,8.649819359218649
1.3524611585924409,11.962603877526572
1.778456877896093,10.952583979198845
0.7329921131585833,11.277842658463346
-0.011300943966290777,8.68871992861252
0.4713889608048554,10.127103917333303
1.475619937914873,8.131459130004206
0.28243898655531874,9.127417371137872
-1.8784517612126526,10.10418031019751
1.7237947820279111,11.289884139477678
0.7581070041262445,10.514539524657206
0.706053543108986,10.134966267591803
-1.1372993904091313,10.271945079791955
0.6355418809306288,9.733659783433135
-0.4245423773833661,10.712293509532525
0.6049319081659683,8.430385499197415
-1.5736278787680371,9.49138723918047
0.6313812184121441,9.828962788768807
1.9976549030826662,11.499235174411766
-1.8071518445577759,10.665959690040806
1.9086967368852692,10.425898829539008
-0.37236815710851756,9.874753887936093
1.4830138013490366,9.13492438853849
1.1295419362330938,11.055141291789583
0.2680650439466712,10.33879211184645
0.953796837005306,9.1930322251617
1.5140622452053916,9.701222701391103
-0.3834387133958681,10.085942330589026
-0.6918673537470452,9.124753904266573
0.6703735422543389,10.809083219975827
1.2313837677650343,9.703677094285926
1.049140539106463,9.104284137598151
1.191254595434538,10.315989471525796
-0.257666740748268,11.300101894195915
1.2713368647000864,9.527502117028952
-1.5191637785175662,9.437441274129819
0.17795639184339818,11.318024196540817
-1.9769653580075137,11.804485721822962
-0.7016566803989188,10.113609486653917
-0.5341538605144085,10.610218134173344
-0.41530923356297844,12.457904609728072
0.7818688267594487,10.808221453094419
-0.44576759491861706,10.740808874004808
-0.2052255095098774,9.821230257952106
-1.0498234765026901,8.777661666206026
-0.5069928334826397,9.98338826732015
-1.090921490947394,10.40827710514855
-1.7072163049262254,10.341090265573335
0.4137943735255116,9.707197955400309
0.672851194220065,10.397307600178113
0.477961384038458,7.862545408023391
-0.1460238247977106,8.89738451483344
-0.48085687928308074,10.10184807623948
1.453334598287301,8.008497889602001
0.07632714054487222,12.330263131834869
-0.08327248948107613,8.707601075686144
-1.8974317367742572,11.352533032232376
-0.6350086894953746,9.146302319440641
-0.47921752485657176,8.868483919865296
-0.40470887641239806,8.696515639182763
0.32068947690932914,9.588021007950719
0.13441018690751383,10.4423402055536
0.4316203711737785,9.123430801931384
1.059533046168513,9.460179382975841
1.251942954864374,12.425843197001234
0.8724923049059776,10.639139567418095
1.8220947838197388,10.195566393008376
-1.9270696692945535,12.252196314079779
-1.2168880572658156,9.947604065862603
-1.9697485000874315,10.691792086677712
0.589898856618412,10.333505572228962
1.5921221957999476,10.081151835008965
-1.026070813694803,10.427230331208186
1.7081381791852266,9.588495416742909
-1.7589304388417566,10.394475255129521
1.7377441072220572,9.560961667402655
-0.5935092510414623,9.074052317955914
-1.594316686203134,8.715901714826533
-0.05651296325469746,10.099745707677574
-0.9728937291179682,7.652219155943047
-0.8605083921523087,12.30770809344266
-0.7708401402948537,10.462157108227691
1.2121035913306537,9.67118981191617
0.15664510670101794,9.740183885614941
-0.7547692033759854,11.014849295352134
0.44133513324367346,7.740142872649088
0.8646026968927742,9.134078616930484
-0.9095039970658649,9.143877997892249
-0.34580359389859394,8.854805046106208
-1.5124556266522098,11.20811647520075
-1.2754026018612787,10.239518250692367
0.7244714158599312,11.426497044296294
-1.2742466092174922,11.811951537350017
0.10065353466824067,9.659588955113694
0.8361850468897307,10.221925450952696
-1.5724923076210247,9.89007974241959
0.2692488785156142,11.541560688613124
-0.973748865194545,11.180470341473146
1.8517075009503192,8.826260600494134
-0.0658174131203011,10.597297424365367
1.2239701991006324,7.997792037956318
0.20090616862504707,10.217672429153716
-1.8263498685807233,10.300269483239914
0.5326055023760894,9.036991333992518
1.805613368826628,9.304070743549328
0.40644728058532476,9.800327424944012
1.2767554377071608,9.034384907695495
1.5368258533936312,9.265466346830301
-1.08768091220427,9.875060217969155
-1.1518206403670934,10.588741253622464
0.4439239554039669,10.131266220417881
-0.35588612077318116,11.306711253675331
1.3594452114668814,10.235734620262654
1.6000924935920446,11.223374879478783
-0.5863144827891276,11.580531263159862
-1.0525177641020718,9.29288238814491
1.1221020609754473,7.647088778551355
-0.9007758578074556,11.267761838783683
1.2904572740547136,11.046574943308144
-0.3050469854049487,10.75435350195723
0.6701995971658818,9.825430842569746
-1.6178587446613273,10.159227513006236
0.49543729870629205,9.537094748498998
-0.19292928505108353,8.620535020531198
0.3464338527018964,10.921494999711085
-1.3279431690205463,10.30164983364854
0.9474949797767285,8.772575415308895
1.4511883101729142,8.402786012079337
-1.1330407996368974,11.95359114352302
-1.617141777919353,11.877923970159529
-1.9054456558146544,11.41471481890381
0.567886001773064,8.141364417582782
0.42837614435512306,10.992883904051105
0.18678965085628008,11.517229485571468
-1.0722116155360983,9.211039110346867
-0.4363760163779413,10.537601092840934
0.3779053407446922,10.766883389985136
-0.01293256456332248,9.506546197911625
1.9511420808595492,10.984377374077482
-1.4542409897730675,9.713733222621817
0.7805782161903752,10.403607009887404
-0.3827249275828315,8.821476027937035
-0.28720154029754097,10.678621340644673
0.8703910626327049,10.034132782767106
0.7697446052974786,8.782244622768486
1.9650239748087532,11.598139329141997
-1.486422842183499,10.948611466865819
-1.5835614024633347,11.007587808457659
0.8973552685149646,10.737475157108028
0.3135476680256364,10.172078991408988
-0.9033573337607765,8.262326781594851
-1.6823225240440536,10.826574557829675
-1.6573670016142779,9.268178223235289
1.5767634986564731,10.641841385773514
-1.2325307011250284,11.318149951224427
-0.706513751537917,8.319893294089434
-1.093374391092048,11.18750500991581
-0.5800147766722508,10.40663293700376
-1.7223046290156265,11.98605964366216
0.07623916363308147,10.384663780812197
-1.7295497456311404,11.544912052134487
1.2014260312894463,12.016011532724168
-1.065151672358268,11.27680178673113
0.16004765841804236,9.430896016484624
1.520316350245833,10.146668776130875
0.6035094761887767,9.223486000180975
0.1318311462053412,9.881821510990214
-0.7026649875384976,10.313218954290374
-0.6679923477672083,11.31134687338773
0.6779478207927605,9.696942305451826
1.9765574448846701,9.295929803875381
0.6473567593975145,10.272332841626023
0.2311336694800996,11.022634429894621
0.9226020409569844,10.913238598877822
-0.1391775508651274,8.551631764999382
-1.7594306295968591,12.249571718954922
0.24918726351163922,10.78381345532274
1.8305011380215208,9.590404166447701
-1.2987882305693614,9.157604168264557
0.760019563282663,9.589367825001473
-1.196265245363774,8.488752662838351
0.14331073789232507,11.473771189469403
-1.6132942014131215,11.15843329236385
-0.19851625496725944,12.068045978394393
1.0246533155809843,10.75196915155506
-0.6097139030440717,10.90880848921493
0.6596468979488721,10.084403610306437
1.1817998431589167,9.433095237859778
1.7087112779178106,11.267412164781305
-1.0614316725781858,10.08351265255109
-0.40273633676276743,9.468546172436561
-1.3903359466783303,8.703572128841184
1.9699340086335009,9.466875292330677
1.7080038716971813,10.332877439020184
0.15982852112223833,9.976699573123447
1.368133177505685,9.728152080395706
0.08383190908816873,9.93696446695067
0.49434275201103883,9.070679118476702
-1.6435022715359335,10.320010122928375
1.0210816819872317,10.28460665204028
-1.4891460654590607,12.685972609946338
1.3042705210101135,11.035598955860864
1.1281123506815436,11.224521750197455
0.8349787909719057,8.06714456854542
-1.8553584779009515,12.907977116466483
-0.7874865762186856,8.850160651928142
-0.9475497203566285,8.429613244603368
-0.5594543701139236,9.39687650492932
-1.6494290129446458,11.567668557050787
1.7478312921242511,11.328373821602955
0.21520896284950508,9.22057097466171
-0.7779027573679058,10.31861622130504
-0.4120739317028663,10.968756403185301
-0.21118983798065738,7.846885777993187
0.4023773334424692,10.851099876272373
0.06271771078599109,10.388435289460512
1.6775678928576694,9.697711447390121
-0.012146068376678976,11.188903249406433
1.9686320592932507,8.147941593052767
1.405699830980383,11.09774910207626
-1.1659579425706568,11.842726545288793
1.722380858575665,10.009277192311385
-1.5345344084580956,10.384106353624741
1.2697988339647663,10.323034298337628
-0.47750682609367967,10.517650501612621
1.511897281780278,10.618758969551568
1.4722267604298014,9.918982596775681
1.2237016004704846,8.517712865792584
1.1601217452282455,12.586973117141863
-0.7812834436078369,10.19988486543096
-1.6763228677949913,11.273239840364168
-0.3880792849393542,11.757402435357356
-1.3059019400539653,12.139046119647674
0.7798043556098468,10.438210458479928
-0.6156010938488579,10.58048630784157
1.9024408034396596,10.834086934393092
0.5638883093813281,9.299911478281032
1.2899222545374438,11.591632050457175
-1.4699013090326063,10.556034653810835
1.4480579290904902,9.780106437041038
1.6910287620535773,9.020226018702262
-0.05175232472425639,10.977243656539276
0.42501175100390975,10.357038395868827
1.0592392036119818,6.580368356137982
-1.3006454909583498,11.236473720938283
0.010264305853769695,10.282441932827583
-0.4053478889107476,10.427198874382926
-1.4145040313510036,9.750340558073255
-0.5298623108338743,9.058354758796174
-1.7273107624580257,10.873060588125359
-1.896752372202052,12.328058396619653
-1.459334843380709,9.033841841165442
1.8524604463566954,10.872982571977381
0.19811814358006785,9.051298174828785
1.8632886446128798,9.817703137637004
-0.2700084866794721,9.940780573059737
-0.7527354676589617,9.455683514466735
0.024567451360976378,10.524452862861889
-0.2419532454683595,9.078787731680267
-1.5773412629530243,10.745856165170844
0.5633052587608249,9.910967136505331
-1.1358472699616016,10.17467354838251
0.47835181959131834,9.576015119819003
0.6008043695926135,9.776896393305996
-1.3919005874854076,9.597088870773767
-1.7546014915573274,11.549090266927944
1.1230463442737593,9.398494037910206
-0.1607983049227193,9.577099292443503
-1.7673448179780968,11.201267206770066
1.9794652686790686,8.933053910757831
-1.7688777560145335,12.013294292323282
0.7801409154342127,8.82501767418343
1.9347157010536544,10.579312265498196
-1.0432795831362975,8.51987333025498
-1.4310025252512153,9.766491833324558
-1.5144602423102844,12.088260164931249
-0.7868994097296178,9.907136322710729
-1.5958167559574132,8.54290116728851
0.7686453667765276,9.415754906292936
-1.7508328074797492,9.166384618745615
0.03768851259915884,10.048884306916445
1.9867874154119072,11.220002033714866
1.2558810780240752,11.928337411911226
0.46087775292404354,8.160767829351201
-0.7749855168535533,9.234708875023317
0.4955833451665539,9.506965690244112
0.10816585564660652,8.79122604982367
-0.2956664644385141,9.89547293423385
-1.477158493039202,8.646705726625925
1.546416860961867,11.010687310937898
-0.20086140471470992,8.495002368374966
-1.2215099527169397,10.784000209549227
-0.5289625964908415,8.655864529187756
-0.3434809898842919,9.592513004922006
1.3101515822674972,9.948346968808432
0.9344575222456082,8.583383616250215
1.0772195745653592,9.241871625229841
-1.9558749422854111,12.628154954815436
-0.33538400728095397,10.993040573192893
-0.0746233934587055,8.961923586884392
-1.9232308927077733,12.127203115663795
-0.9607471650198631,10.562821320045321
1.04115929248854,8.796412184050654
-1.4515611770840038,8.769143161699198
0.1412405258103666,11.476249704695759
-1.13919251193105,7.787295810287189
-1.951516901424427,11.728973584344164
-1.035194169601834,9.860963048717432
1.9034950196402152,10.57147687013358
1.2061484475319584,8.79805120400429
1.8383065772841336,9.522221281901023
-0.048583824294550215,10.3418839471913
-1.561055205289986,10.091226680105999
0.19183795589477182,9.84912451960546
-0.1824906617601565,10.893800682366958
1.3774283309584638,10.48961968330695
-1.6076696768630216,9.790431867040981
-0.04703545191288727,8.01012458081591
-1.399805341224063,9.186160410700568
-0.7012962924397601,9.591308736670305
0.9494283095511986,10.731623210404381
-0.09592748252493388,9.23614208666806
-0.4964468594169227,11.321443651961893
-0.42209488571985876,10.839754193837882
-0.16221292637605345,8.840315813343132
1.1400661753482275,12.024289271628803
1.5683387557609376,7.609238332376478
1.821338746015713,10.509608064830323
1.1476135450211804,8.34637573625725
-0.7383724170079491,10.98738741507495
0.7525388243461686,10.350875891102513
-0.2495875037784323,8.260297429736791
-0.9813175118157953,8.700209618303857
1.3634863177036904,12.020046188154867
-1.8462946041507,10.913451808815275
1.607047968541694,9.64330365521175
-0.15409014150106337,11.658884066750936
0.5488059072331217,8.504155558033748
0.6374156888231308,9.187800737872868
1.5804709628261455,8.694348831829691
0.5466787286688293,10.243718022456644
0.45573433904024707,10.164139897223624
-1.7333918377572402,10.745949682132867
0.07363208778081631,10.284728115880062
-1.3993239967318334,9.792440828874891
0.9497350748859423,9.800687148887377
0.04888768325069792,9.28841123793663
0.7209111168334132,9.340777978349339
-1.833308397590463,12.785980116009446
-1.6608319358167871,10.106433865008476
0.865293552250729,7.490603186716099
-1.7116626560053065,9.340516930767635
-1.7149730889389656,10.665570354069065
-1.9515660990604502,11.364688340316652
1.8260055931979204,9.493600326097978
0.9500334378360278,10.048777195351956
-0.5869943659917434,9.060841795370921
-0.8138576748493791,12.068871306575122
-0.6011870810166018,8.033274378759076
1.0986141247247274,10.485618169495531
0.6454824442816576,9.409752355403457
-1.2592177285301283,9.818437009679094
-1.3035626586636626,9.907604686132776
-1.6064174011464107,11.231540036374357
0.6412108788053525,10.973352107891582
1.0574906488869438,8.639687627142738
-0.9398142866999839,9.318128941580932
-1.9162201558763488,12.397263551398634
-1.6713133300942906,9.785756981894416
1.8714401393801219,9.908157496067389
-0.818220890090319,11.831329603265981
1.0768925913525345,8.620565017650348
0.4986542754170551,11.49431332073078
-0.4722414413884164,9.222463960815764
-1.1772509512177796,9.382999979553698
-1.5144543273623743,11.006247493560416
0.4600518721554665,11.299948807690638
1.098535122551152,9.417713270263715
0.5756170141645227,8.856174624121326
0.12120853299663326,10.162087041794132
-1.832195106273455,10.379630256934956
1.8739551103775351,8.938240156862555
1.1948567666182983,11.293403506445557
-0.828711853196141,9.835444588304608
1.9198813174354026,9.865726338755458
0.4075263585452884,7.911877185361254
0.3296906328289859,8.552146918354396
0.9922927177181284,7.947647616154837
1.2470791523605502,10.58829746153032
0.6259144293260106,8.837663352003483
-1.4876170145352,10.817760014055743
-0.6469299760220064,10.07962084437638
1.712334561304199,11.083945547487245
-1.1015375526245923,9.93310239010727
-0.5113319046499467,9.435563654063316
-0.271692468223216,10.48812234344523
-0.24238004122219126,9.584030726376554
0.45175832997810206,8.649974360334493
1.7723033509788304,9.957173780613115
-1.0372291526699802,11.333615401232159
-1.5139944947963277,9.717052409840958
-1.2101180405602507,11.142804162948098
1.547699600837078,10.62873928802177
0.583243250620824,7.718321942227521
-0.8563728430433595,9.645797242702043
1.263787755874469,11.32318585049476
1.4454799854537441,10.033247528157704
1.3860573547611121,9.559655963714313
1.6757061345582178,9.877914685816593
-0.9910359193065537,9.24285642250228
1.0201677149851132,10.541408835691383
-0.15784201090343997,9.2032444969511
1.3679942115602461,10.487675190697564
0.9139627086464528,9.118794316297823
1.1057897859988985,10.315357071522566
0.624647350724286,11.191476052700551
-1.2902849221211725,10.81306437080775
0.1801076755877533,8.8279751696595
1.9386789580980328,9.797485007355736
1.7495522659884757,8.916819955578745
-1.8273050568119533,11.409532235740675
-1.3407407370822515,11.407028129289289
-1.4730849061817524,10.055103297619121
0.903919639941182,9.475989103020108
1.2711413194277803,9.781424693870639
-1.1459545347573123,10.821503573616514
0.02341077180731599,10.13482259063472
1.3628121120448,11.380805729775842
0.9312061790650024,11.308272520002781
0.16894882196739314,9.180221359419715
0.36139076183509156,10.361095371511508
0.03344218766511986,10.975669621131589
-0.8098061947247177,8.368165909303466
0.26008797143606444,8.667321608290935
0.7555412082003627,9.209209091115191
1.4932916634432307,10.42204824504255
0.5451654159169923,10.407802672760226
1.044486148172632,9.609286481334491
-1.359713460181708,7.392802315557922
-0.15377010232084043,9.743455554328053
-1.9626735206916268,10.952868821242681
-1.013284541913508,10.225436699899332
0.9058468604520193,8.73448668856043
1.9672398053974538,9.564234535235297
-1.6032876016511364,10.167743289745367
-0.394022736554847,9.952041083924593
1.200283874796638,10.706266871201965
-1.1838574614844046,11.091195032829823
0.22033979720914498,10.016301269262135
0.9322851841186992,10.237431448783546
0.46394180104071614,8.998329181176002
-1.2479010615383355,10.081859508271432
-0.5784617252570423,11.669379671305375
1.1351671379415889,12.370825155237252
0.2169060565280665,10.510550770034163
-1.979081545828349,11.935821914292056
1.0439630401123754,8.464661271843124
-1.8587545802390437,10.970786692644385
0.9829351309249286,10.426416530922253
-1.1900777593390504,10.484520110034236
1.8322939204775208,10.292822162235733
-0.5282369947916621,8.61314390706218
-0.6922735346476836,11.422557291797208
-1.4044477986702213,9.724773469902033
-0.7775831380391405,9.507053580839653
1.5066030473128023,9.089595768205564
1.9853373505089893,10.144714439411786
-0.5267618779726067,11.694953610727197
-0.20555747618182973,9.932906773275576
0.8882837528109482,11.517833781142444
1.544783121860298,7.84659045587042
0.3721773367471366,9.819600897316201
-0.43389720728868264,10.233792653311834
-0.349512636605505,9.636382443581594
0.7824725859872275,7.908272733218312
-1.9871269455828853,11.681738382141981
0.47835734983936273,7.850609490980732
-0.5780279582345704,9.945885938482382
1.176789325108337,11.119475488217125
-1.6280374407074714,11.192139155543128
0.352809067793562,9.59001945229546
-0.07610844045550502,10.314384213734005
0.5693021036209096,10.316721226909268
-1.7405856220681266,9.151144718369473
0.3199351497125251,10.331433750209944
0.24593835183809487,10.179605087088031
0.24264037766468372,8.312873989512632
0.41395066638581923,8.37440857435541
0.7058717489054489,9.84024469482616
1.219955998723079,10.565659233662968
-0.9207171194871426,8.088274757150502
1.3001976407202482,9.054646221054169
-0.006977270946185499,11.475296702215733
-1.6917668834626753,9.071693655397796
-1.7657962830240832,11.169073575598645
-0.6630467252157568,11.60224786188871
1.1395879084458702,10.296127349709286
0.830723738963663,9.407751306961762
1.1544598586896258,11.869869580524147
0.06907622576643746,8.902856496343365
-0.23920400817803777,9.41856147047824
-1.4101898931748642,7.8870816076726005
-0.6872289855627538,9.82030322160886
-0.26392253530449894,10.977256474067676
-1.645598281281531,8.810443062309636
-1.117552189155155,9.55509138702591
0.39290117625495524,11.364686224695095
0.9426524569567594,9.913311533292994
1.9933900455717986,11.542446888267602
1.7324533253742307,9.520157364872933
0.5702607981407661,10.180138211569234
-0.315007786823712,8.968288098307577
0.5447094588329309,10.174825444209496
1.142606472320928,10.70224137622561
-1.5266552363064507,10.581996208949379
-0.360380441214847,13.238155787625898
1.3592091425424688,9.253635188847475
-0.46466819226782397,8.859876157091264
0.28748908490874614,10.410318537054016
0.3510774434487929,9.73141448925719
-1.2620949874654426,10.020345361124672
-0.5510582333908465,10.293922952744218
-0.6619548450322714,10.966081959210543
-1.8952131658717408,8.889236578372628
-1.903232944434579,10.38083335468077
1.3267881747030938,9.294017970026383
-0.9077167601087504,10.454859890828713
0.07231506495526174,8.579378429246683
-0.8050977056449078,11.670913670040925
1.762716980461362,8.9534682696072
-0.962812964536905,9.09461028180354
-0.2813727490442597,11.455891123992902
1.4909210019384074,10.114732723793571
1.3677342671672346,9.714939324711082
-1.2555943286148907,9.63293235082526
1.2105732391828417,10.112075461467958
-0.1672524530484294,10.070004869938906
-0.06812451165857913,9.967680435357993
-1.4660801103362249,10.248694120221762
-1.6775939449715014,10.851814965328808
0.9117572278950608,7.365465815911186
-0.014155390578800997,9.950885922731368
-0.2525971895392818,11.271900744097442
0.9180329146095869,8.906815592970835
1.062051595964439,10.51695732159422
-1.3643673293225858,10.439272571302876
0.44090059791056513,7.71157014641987
-1.4585836708892579,10.207106214023394
1.0055003441161827,8.84486215850535
0.6278206250685581,9.305226684523582
1.8264584843338318,9.060629200909014
-1.7241679345743153,9.635220957791118
-1.7717811153949827,11.018457653815766
-0.8712517012271994,9.644203066244202
-0.9531772650563761,9.15741579558371
-1.0120848037120007,9.529388388169501
1.6250183220841468,8.002019465799064
-1.0018152006019756,11.172872976050824
-0.912201095485476,10.116832093199239
1.0375930496718548,8.439643389698661
-0.20104063019784002,10.493351871722739
1.1068422278207248,10.518102024856171
-1.738535369742459,11.144874855724748
-0.049715225306462774,11.773506365730377
-1.8655455992668695,11.483601686702938
-1.749387186178582,10.548578622275851
1.6257498133776438,9.868122464573153
-1.4430185155296193,11.26651210239627
0.12968272910086842,9.917293128813203
-0.3556175895971738,9.791359455835467
-0.6106266949646293,9.689043731821831
1.5993333827490899,9.752537942878718
-1.912706412898042,10.712749613284112
0.6551587447023564,11.070663238272394
1.8535777368542017,12.336350140835307
0.24067273384736776,10.604169880920427
1.7472898481323673,8.19990385900422
-1.790968482855905,10.46431936623603
-0.3248267237033544,11.636336168865245
-0.9593688361517954,9.149063762293366
0.9232838599229192,10.484116563402567
1.9251883619889867,10.586871185381383
-0.9738797502230088,9.986402427148889
0.6166984058962979,10.71413620178968
-1.2076094689610395,9.930113452963239
0.2613210182864396,9.377218423908015
-0.1442700532466552,11.605717596116836
1.8880213185261483,10.188922773549638
0.43410909078586624,11.228502001027685
-0.6019745116527249,8.79700696036306
-1.5436168604482665,10.418969742820371
-1.3950126850602618,7.680210892140605
-1.0987322801950596,10.732322519879922
-0.996133354638808,8.986141020412637
1.4024642313645512,10.53237207213593
0.24489115313009968,11.209064961120673
0.09356364549746576,10.573227544297797
-1.5409245125231301,10.958698192876088
1.4405587733977399,9.000466241757154
0.8912572128339349,10.731289849280115
-1.7293265523999937,12.02983112216659
0.8313403889190747,9.477559964728524
0.17415286937058427,9.078924711652707
-1.673098617012887,10.233495735116172
-0.16679743388537416,10.285944216012316
-0.061214851479812094,8.19143369175767
-1.336901839346897,11.477207772119229
1.7827925880011293,10.34261581751489
1.3999014859226477,10.34022783441759
0.6760893493164333,8.42821434471818
-0.1508177559975712,11.464368097590082
-0.35293783366196596,10.01499536954606
0.6038938686038167,8.736120417283104
0.18172747762762187,10.152274619354445
-1.7509075764724575,11.341279802599757
0.05001059508132677,9.755820194292301
1.225614468931358,9.879704182999438
-0.16304048961216777,10.651849888918191
-1.7921736897829263,9.830538621981873
1.1451127975361324,11.697971906007066
-1.1945448714561024,10.140689947909758
-0.9655166604478449,9.394362154226858
-1.3411745862708164,11.809019010113088
-0.6791397405140098,8.437754204018635
1.0270060227545401,9.608085982494115
0.07754343801574937,11.365038418810935
-1.1804749033971498,10.24624991395403
1.5113203126081634,10.325707357335553
1.5183274198061167,10.116705697373941
1.4823137001840276,8.392540769549573
-1.0448151544738429,9.572704915895878
-0.1950426232760476,9.697328891411948
1.9399586245635003,10.803536029300897
1.0880499052399615,9.738293359509068
-1.8913303150977607,10.03106275592905
-1.7391816349580318,10.049054864313069
-0.14427449275066895,11.03942064410986
1.6368808234462406,8.072346798736513
0.1548071918108569,11.089885814842626
-0.008749967862839103,10.32739153243786
-1.5781052001734777,8.961913329034061
0.6271204188971762,8.64831700469441
1.288412642400902,9.451100234163468
-0.4783199699697507,9.46649481691452
1.10244740370131,10.458654866751361
1.8579066156032464,10.576607848787454
-1.1849341634892436,9.540630843283843
0.09331852477896518,8.660777986606316
-0.8514481676616978,10.190339645127677
1.1714176761353574,8.495414164574823
0.31037346352463,10.87779361965804
0.538329670201215,9.072101962884151
1.1916566384635763,9.339764881809176
-0.41611810935018045,10.193530532020997
1.6603602736281728,9.333071229896648
0.13211546898455984,10.453086936913223
-1.368180708658608,10.044099451884033
0.7835964726752098,12.187807851662042
1.1730454017530176,11.361842683891938
-0.7329532917298933,8.646946628368497
1.4287170279950119,8.16496083930273
1.6245730190630656,11.354379166185433
-0.8923820504887643,11.586346029067975
1.9340858908608882,10.059467893367735
-1.4371538878049663,8.435656546554466
-1.1919373263900401,9.93366116590789
-1.2631006430478955,11.493644234801764
1.5759588400314817,10.652284448252317
0.6171702092998474,10.851462875637116
-1.3915828671109085,9.651645564556338
-0.23870632652660406,11.032500603737391
0.4611921002792081,10.432882489902234
-1.6661436600424668,10.068234430747683
1.529665473629355,9.811031207082348
1.2144141417661407,8.102362757633705
0.02082709430655294,10.230256321720633
1.8685064610366817,10.39395166509627
-0.3289560828996012,11.072859751347664
1.9364412761459913,10.077230211533525
0.6716799952145083,11.151794969053674
0.5386850930157658,10.198224855763288
-1.33618041881686,10.387011654255392
1.527711033218576,8.624663619404812
-0.2900412483175394,9.224781397088474
-1.3510663768700826,8.810229487468439
-1.9495699200969638,11.760381994966902
0.2390227345535303,10.024214496974967
0.1095984884907053,9.429232910515463
0.8774144894766343,10.009270890001067
1.5610322120712086,10.36255869948653
-1.682373661427882,10.470047834114155
0.9259859613614494,11.175741080114381
-1.2503522236096711,9.664305779243092
1.4327082126286559,7.576126296055621
1.2762540554466244,10.499954664021374
0.16317501994217753,7.732739476049993
0.8409711944932461,9.081551596899176
-0.7425995472650064,9.015572665178853
-0.11532840426874147,10.545352473373887
1.2865475908418866,8.56699714813975
-0.1629392113071444,9.12431365364343
-0.5688069386982328,12.377581271836021
-0.023150210998800436,8.678655436954662
1.3129970097488735,10.552765833225672
-0.6591678105165091,10.139041552406873
-1.3049536274570248,10.457785627688274
0.848056081323123,9.7590837604784
1.3039128508323272,9.97596208638561
-1.5974500859058667,8.777379264083827
-1.040503548976221,10.551828809840101
-1.4321120409560244,8.814079304809052
-0.6082343536713335,11.815748814369254
-0.1985960843783494,11.11885648010225
0.9953053478532259,11.202115512951536
0.6045903395266965,8.820330462956862
0.4837142699137247,9.686297920792736
-0.5905002135613824,11.378407716802085
1.3657902123390397,9.393346038052993
-0.11485133040734175,11.19058867358748
1.916419752060618,9.209369259191696
0.5365685531829474,9.654181967926563
-1.494941033741989,10.199400670525058
0.704710248301736,11.944941509763328
-0.6995839382732041,7.161637592463217
0.7453087867443897,10.142793598978058
-1.721435407350377,9.773488780249004
-1.3004742512961625,11.833668210885634
1.4229490356231453,11.176395719799979
-1.0912817719059404,9.702407221219842
1.3481645009717602,9.585072016667407
-0.8828956461823583,10.014677795551453
0.5715276402348306,8.584084599523855
0.776602294039324,6.636410152220471
0.05061901258021173,8.81516066754887
-0.7787572932130749,11.35106213456263
-1.1494224945156155,8.846960548252087
-1.8672425817502951,10.966381801671703
-0.7842143950371048,9.506374910606684
0.612651162125132,10.564254339203057
1.7532192737939307,9.666151740153527
1.484817929052208,9.424797408446446
1.0642591061412103,9.700732593841183
1.1537893730131947,12.103371610588376
0.659939613903981,10.110846417223618
-0.958852569735988,9.692619645020367
1.6287801228233194,10.234045390956808
0.6829292476233362,10.317036307429444
0.2417625239217598,8.573287104713662
-1.5560421231460757,11.332965628143972
-0.2117778247742983,9.920384283890197
-0.15856691519229482,8.510359319782879
1.45825443809068,10.133816121161328
0.18659288075115388,10.844520015173481
-0.4783978041183614,8.477043777890982
1.9072013140426374,10.511354335844953
-1.5571176266947373,9.20772917091427
-0.30980628675222155,10.53190945452366
-1.8319012993143788,10.46397452298595
0.9596164830677214,11.011563752969826
1.6723062087966025,8.432137263063302
-0.8798506817980423,10.030246466641678
1.4333667071964835,10.524266896267687
-0.8311270781524089,11.195076827646881
1.6430806465756609,10.464693058434236
1.0158476143871358,9.907622461922934
1.2196271073657545,9.015786448113824
-1.927973777598182,11.20862916667916
1.8512414282961038,9.303554821181782
0.906683968281293,10.066794017771548
-0.7809956184554667,9.876183770299926
1.3175786594353878,10.030643670295072
-0.8739152063402802,10.23687965946667
1.4910153582645118,9.240705869595281
-1.549678438352252,10.347074152844929
0.814743909843183,10.53073143721491
0.16279390657964132,9.349726544464797
-1.6138621192182367,10.751853919947898
-1.032424686964644,12.284754169742074
-1.9503838548907408,11.400712150493327
-0.12492813814197667,8.956496853461191
-0.7949389569599985,9.66889452587346
0.39342993719103525,10.356986722857505
-0.8110487691655313,9.668579821330278
-0.8003235539720612,10.041791949981809
0.9727727949264136,9.538056076988974
-1.8074286560865862,11.772331119816876
1.611579980767949,9.251889802573917
1.4090554975647258,9.382206036207517
0.6712187329056261,10.47041516087445
0.3728862804295372,10.932797323395834
1.569209992558609,9.91092029070498
-1.2586792818851422,10.127825788950057
-1.6841233512366856,9.52449196148424
-1.0419593203618476,9.925307402982254
1.178313114800761,10.33853583655463
-1.8613189330940667,11.046757149464689
0.3312273403339585,10.314349987309969
1.9817500647652397,12.989308883335145
1.4227843753501577,8.277461374782932
0.08578275617435782,10.057429061892636
-1.7454363628534306,11.455959427747878
1.3254940575428393,9.939869225547195
0.3959140327088422,9.919523974757714
-1.5402680117617327,10.663988495923896
-1.6245708607065752,10.379132693300576
1.6385072777463696,9.12436712334279
0.6768010517523138,7.947403868580393
1.3171471972670221,11.410004262558228
1.5159156011290693,10.435306336903396
0.2870894081932889,9.371988781082578
0.06978540702016511,10.678066800268398
-0.27829035871603924,9.770604771952923
-0.7322136488355229,10.487695710761109
-0.2616161565651529,10.025109125370053
1.0955186229206255,11.221221394107612
0.4076937240605263,11.09659059332713
1.5700931598193844,7.754243518019782
-0.2264799424832491,10.471484353696104
0.4283583148750161,10.533668258843395
0.5252302123679549,8.363770667503253
0.3667886492253021,10.909790397824626
0.8105350923420653,12.352063258806693
-1.0502661265007749,8.07831249954478
0.04945511018316262,10.627065488847586
-1.5831007887666093,10.701176969972321
-0.4619546894207498,9.508276568184971
-0.04933172551494236,12.000182174151384
0.6088970381818899,11.815818169193456
1.802124210344814,9.045526626302092
0.4026042661934235,10.787960294560996
0.9743756647062392,9.801343699302436
0.025064237980811033,10.255845671527213
0.5364161255053252,10.276548183421216
-1.7162711354649063,10.821110978906855
-0.982433676632612,9.547953020819929
-0.5525876271794452,10.521324091148964
-0.11002657997394572,9.919084608129324
-1.817405017990465,10.019379827628786
-1.4399036097867293,8.827612653200624
-0.8927427688347769,9.699548268907407
1.8861307636042026,10.420804016553483
-0.674611971587797,10.765474358482175
-0.07183576755166987,9.117283765934191
-1.2156091490464283,11.179366862372676
0.44312028430307304,10.398474647301109
-0.8772671379361028,11.409724633204693
-1.172029686246293,10.10528713503681
0.06629051378391626,9.671791691647844
-1.9779768033583167,13.333901096496907
-1.9693438694030987,12.435372476040188
-1.123724763592569,8.146569903726432
-1.8531145499967154,10.188563084984164
-1.5678969834772345,11.33918018525846
-0.6445574026449936,10.696370235724498
1.2103427183192514,7.24692936795179
0.28819457347720334,10.897823347796303
0.050670903825665636,9.345909020406708
-0.8260447071675134,8.820037853453183
1.7270148777312655,9.488105312534886
-0.4119398350512333,10.242413674363501
-1.651628932816914,9.258435967457313
0.4682660644712051,11.648830454589877
-1.5446464260935944,10.058685952976607
-0.6191074287932317,9.334488301927905
0.0296477548712355,9.980975521436154
1.4968900987407032,8.479911577544941
-0.025813678639525328,9.376255622782107
0.809035064126657,10.781218551219848
1.9712673559962814,11.8638362680679
-1.4740435204080735,10.757546055168318
-0.9010738979219219,9.372516038601184
-0.4216956976094144,9.042134281205882
-0.31268728584467453,10.325836429898931
-0.35591569893781694,11.1608903111172
1.6304440102262197,10.190641875739233
0.8561305778674257,10.5189521098377
0.431620856362815,9.129141377301437
-0.7625091285488717,9.117956055704523
1.2951615368851788,12.488183491804456
1.8202420459399558,11.454969497619574
1.2847931302009061,10.796963438553671
-1.9937395792341084,11.93320323814577
0.5456054807336281,9.991746962458654
-1.795458474231597,12.5149218371125
-0.9695711186651126,8.893763674000681
-1.7619011986089133,11.396237635535119
0.415181811797551,11.276331427489565
0.7463596539704271,8.485740914120301
-1.5420494477363795,12.001363248804521
-0.46464446782008206,9.842746390275884
-0.17505396417783192,9.248065948357988
-0.5237879129563336,11.694400746954871
-1.5158999980592278,10.574153788733717
-0.32420883925009836,9.032890307060967
1.0047121912336725,10.090040471059778
-1.7159693418669781,9.956124419160105
-1.6792799436723862,11.615671730319853
-0.5809148326560631,10.142262043585795
1.7669028464757002,8.095533586818586
0.6742905868916562,8.283281195641413
0.7146798266902592,9.469568068870855
-0.5523200366485401,9.055421404903349
0.3746431648341537,10.955645205383576
-1.9594752638890265,10.968055820317254
0.5443841856381688,8.764834751076933
1.653147790304947,9.285469439115747
0.45029387337927673,11.213607825652051
1.4947943738653802,10.883014590575621
0.8958922218643752,11.901679329438329
-1.517766334385239,9.91767477619777
1.6098132291433669,10.239771379152412
-1.7342246225769005,10.368303966253343
0.1358698901910551,12.008885032095417
-1.4314515048261693,10.56668132080686
-1.9531735570763837,11.719854148237719
-0.311862959489444,8.724065513247524
-0.819837169383375,11.342511588080185
-0.05599802480958793,11.072755054098009
0.3087995469382032,9.399371985740084
-1.8250437107642106,8.575833051913886
-1.5079868195050175,11.80607212333555
0.2345695858017014,11.253429742652862
-0.6273305873093671,10.418597096990908
0.916693950197792,9.58583468472775
0.6091665943677587,10.871684448488903
1.3824174519596273,11.096572925231513
0.7699713066769012,7.991288115016615
-0.2802756904394075,9.311557210503256
0.6918664895777296,10.120694728913357
-0.8984753029783259,10.266284155801301
-0.7747460048871493,11.154129322246275
1.1559406396831733,11.849953573583052
-0.2143219343936713,12.070499180128134
1.19352136207341,10.757757736846898
1.2896894946731137,9.421390305769506
1.430249350645135,9.380659230815027
1.6665409433648293,10.745319857912456
-0.27605911794681504,8.268836985973088
-0.7245327267154447,7.0154370578878975
0.32879498637645543,9.838475037975922
-0.5153103062494897,9.626810403385395
0.4042966672009318,9.268644010470712
0.8223434505752985,9.9579346220459
0.7536200739685475,10.93530079106484
-0.5017884519195146,9.541137215241674
-1.3325591932049887,10.470929420173485
-0.27788264615116987,10.20788802373785
-1.429623423672365,11.095105040513946
1.5603881407352334,8.075728793051933
-0.6164901570485704,8.161153791465502
-1.3821610111067049,8.32597532656571
-1.8982089603769965,10.083746286486353
0.583289545145937,7.995777909489862
0.547609269818973,9.472380389775166
-0.6375833336748333,8.431911468587309
-1.713152444609396,11.326284223868122
-0.3614844204190719,9.175426253041824
-0.7551300197464257,10.671926633678318
0.7084825589400374,11.30456308758607
0.4231169978107614,10.747704887383051
-0.54162508720984,11.443848083041914
-1.1284297829800396,11.096288386030508
1.9521438646223674,10.447582125994764
-0.18399351521554053,9.562190203776115
0.7530969431209482,11.167281208835037
-1.437788129686557,9.135304283608672
-0.0576412013624088,12.036365346646246
-1.889853120522138,9.707979382238245
0.021820471641799788,10.828158754441667
1.8560696284708094,10.31756704722769
-0.4631731480567991,11.54738068838935
-1.8440159497003537,13.052356734099684
-1.8761768363226259,11.486308826084262
-0.44805296021252206,7.393515896631482
-1.3599002541472238,8.461475086453682
-1.9065916146872564,11.850347178562618
1.0248544558007073,12.803236605398322
-0.16590796447243727,10.827358681921016
-0.8430209121093819,10.533823122594137
1.6003327320659229,9.080180801834905
-1.5354441591978976,11.015800682320904
1.8236753158212768,8.608648188740778
-0.7441331304905887,10.680902138795973
1.553614689234725,7.25531357868854
0.41177150591784617,10.77371074649239
1.3068294389659498,9.522979138424871
1.9360526528418571,12.213954606776792
-0.8463782487250171,11.882329784233491
1.8445419416303719,11.358341112523142
-0.4420724203903186,8.312972925334236
-0.45795238105231073,8.196638324407793
-0.6384515829819772,9.38616026211175
0.16563042939034078,9.910677341538184
-1.3834198272860516,7.93580482708813
0.21484594143204472,9.518026993248725
0.16681924964001604,10.641533642045685
1.04760725041948,9.605343527401663
1.3345998477503422,8.980193333189675
-0.23823459875030384,9.552074960753828
-0.790667002594025,8.952057675215315
-0.9626604107316221,10.735190328777257
-1.2215046531805123,9.554028455418349
-1.7694096712039005,12.600344616785694
-0.6302080846611466,11.062158358685446
-0.919009231476867,9.328204633310731
1.8656695434656294,10.256149960758563
0.23083530500017568,10.96594067255467
-0.6108918438779698,9.235781572404571
0.32187040397478395,9.067092031079198
-1.443213194617218,9.91974677766669
-0.22382500319118837,9.72830200702401
0.5049372856842553,10.086163489499635
-0.04440867283019445,8.765526230272826
-0.392884797382703,10.30807212814526
1.9753935555987927,9.021228560564843
1.521259048595708,11.42660103093985
0.49362383263776044,9.154854770209262
0.2775094447291311,9.336892524600367
0.4826419192983362,9.264958142719033
-1.194751568710267,10.940329314214603
-0.41944902694272557,10.428028091792488
-1.8421618684364027,10.781630958645467
-0.09781585005269333,8.136097195787228
0.1720983358306527,11.150567852101751
-1.0890010555871616,9.90807911134384
1.856115388662055,9.621488116749159
1.637818443748968,10.127731858828227
0.8885729418236235,10.813881254034209
0.13354651506145032,10.145724326312745
1.4798766385907398,9.03766626484367
-1.4773906247061483,10.950690416862
1.16203917709954,9.411699173034826
-1.5007167441326068,10.222532131791285
1.1768426501976217,11.138270361081824
-0.8969297269945722,9.636004497968537
1.5083623240727557,10.721883093150021
1.7761683753015913,11.112008850809644
-1.4048161223795375,10.644032896929396
-0.14929757973842595,10.940248802045213
1.9239495126507404,10.651961092274576
-0.06637025610741354,9.891969937797981
1.4541900900581806,8.548469049557585
0.3549260885252794,11.76660382376674
-0.49868036832159257,10.198729935834741
-0.8568657778965192,8.129546611420054
-1.187107635655651,10.410107183374885
1.0471927655107889,9.410545742529532
-0.4538379727078885,8.225864168614438
0.04510184880300461,10.492379365201536
-0.030698079995272298,9.348344752172508
0.30911611693252494,9.869966297767036
1.462308582498209,9.171657418790957
1.9229573743337176,12.424329096097413
-0.36966316570473223,8.737922657439047
1.3100756884252123,8.559004740382814
1.0581111786188706,9.41823267187971
0.294115805822293,9.420668585469507
1.8241885744477324,8.750163076690718
-1.1981019378863889,12.194847190877372
-1.5629431587615144,9.875013472659258
1.4158478678216886,8.440999527005218
-0.2434007334650068,8.350851169094671
1.387875416828242,11.005878478989425
1.5723608207816597,9.029231835185083
-1.7501696255237142,12.698673608807066
1.5338590519442428,10.891798778891154
-0.20672377852231127,9.156342233433893
0.04172995601692886,10.709185346541405
0.5063700443728409,11.643565123503599
1.705530426920347,11.345614254586001
-1.9235356222809439,12.265016035210557
-0.0926261267287316,9.909897524398334
0.7508881697222427,10.08010811546812
0.8908278307929138,11.20373358170413
0.7701297261484319,8.908480064422998
-1.4622594823675126,11.02421944132274
-0.8024176465132751,10.255114929002412
-0.5651378983319462,11.247900932487964
1.21774883071802,10.81550154893572
-0.8849605103417879,11.759801443134291
-1.1571801445311873,10.512448443745544
1.8297920761523847,8.37964148641758
-1.9645468595461244,10.435713928946232
1.9912834227279128,11.022185464795779
0.7072851954295825,10.53642494580087
1.3138771977964683,11.510125695123435
-0.8215224146152273,10.393807037825718
-1.94273888933176,10.969884933162676
0.9514780742461202,10.115738278118124
1.3365783880027031,9.868866237602788
0.9619045278140765,9.810081246537383
-1.4285988507966456,10.455174627030836
1.0137116890278763,11.10629214858238
1.075691128430564,9.105042168179569
0.6341620626802196,9.703705808232728
1.0644637311823448,9.54644334311581
1.3836857587109286,12.367683262341357
0.4544164569498337,9.079876194952496
-1.6455811441212838,10.532400329741192
-0.04948876133115654,9.449611969439887
-1.6894026613135797,9.886396943243035
-0.36982787587027666,10.25686557030798
-0.37157404349748946,9.652397504415827
-1.7359606234390337,8.843929425158183
-0.6047178641220827,7.349060952594081
-1.5560076048347407,10.256112093262152
1.2329408400368886,9.205321456035186
1.790752103857883,9.57636253391038
-1.7107340989682456,10.849441730397249
1.8204608291668056,9.222398873542149
0.09030639734698065,9.290443785527513
-0.8017372881845044,10.210346606807796
-1.692551698895346,9.887342636269956
0.0024970722816712865,9.76954831972416
1.1780621779629947,10.296363447775256
0.8283459090667926,10.716807613834966
-1.799095954144105,10.844960946960462
-1.708392658528386,10.241748692347873
-0.38850686946945157,10.419252326806705
-0.8188380238082269,9.185732592304271
-1.0704627077758087,10.765166660088292
-0.8759820043651456,9.493755917487885
1.2139309731875385,8.938117982304066
1.7169122145274156,9.848809457054543
-0.3795892218897343,8.681039488042973
1.6244440085299883,10.649668382257662
-0.7140171950084722,9.928543688435706
-0.09425205462483355,9.145958131848502
-1.0958840087360011,10.768545538017708
0.5619041687033759,10.375664915866802
1.9159244606992356,12.250080736205394
0.41397238417351456,8.647435377097029
-0.5687436635458045,11.283885348800009
0.5912697839621135,11.445564344488368
-1.5083172861384497,11.385616680111934
1.5546363210615946,9.089365294316828
0.012335803119345456,9.701573452617785
-0.20260103184143174,10.087433210979034
0.34345915381407677,10.202169057779026
0.4991354511576098,10.134861184005576
-1.7128967750939479,9.036545259046731
0.7304688848936096,9.462964522819357
-1.0322732787378817,9.056458470676036
0.8558105300263592,8.180393817386891
1.290139177536787,10.559361729717486
1.2158340302100812,8.472415188838458
0.21000386963155648,8.781076107691463
0.08067956924300468,10.185817934075489
-1.4284961546423531,8.193046310631255
1.1013846016125424,11.60959184588507
-0.9143624782131425,9.141275252895186
-0.013218308728213835,9.611823735994584
-0.8629036282899332,9.763393377457719
-1.4646865480012274,9.030720570668302
0.5182307875669463,10.009391378866521
-1.7826718607083847,10.509327216862669
0.9945809365048,10.522225794357212
-0.7296528189555334,8.646999734651907
-1.9994612279820587,11.283249820915891
0.044516556948919206,9.54128784732083
-1.8125923658895875,11.231013761177051
-0.8953217687164021,10.716279686366658
0.8279059498228647,10.412854294919617
-1.7492415135125365,9.441895062595147
1.3573539694240093,8.459507902046255
-1.9847203093656676,13.384520605131137
-1.012704523192391,11.425153966797932
0.9636162246082858,9.786267012213974
-0.7349194010827729,11.633798107695005
-1.5924304477359459,10.061776146579874
-0.5590643247982885,9.764954917635915
-0.9184268544618979,8.452217071693752
1.3708476086422197,9.30681945875858
-0.7466083296594275,7.797333885107069
1.155729887104029,11.787939708225
1.567488579242939,11.045279442664382
-0.2647303216938819,10.805020211111348
1.639772575417568,9.28135430255095
-0.4907277841472286,11.153009782012258
1.8563136659604327,10.0474947405847
-1.6428419018977083,7.872061532865414
0.748077066012971,9.914131052627571
-0.024743838172285315,8.66346492409542
-0.44940477817741176,10.419058763803777
0.5308475149944036,9.867741232909545
0.8154283665373248,9.947744635523588
-1.9825469213987637,11.487928622916206
-1.3321876450112051,10.115340840486107
0.8521842025372748,8.097946286264172
0.6655416543128259,9.542447960004168
1.8641900205147088,8.694066288943855
1.044151161003132,9.497619670418414
1.8030908309253522,9.036842129781633
0.8101620061392278,9.885478304251654
-0.8077911654422274,11.543144000296307
-1.578540310996574,9.306265355020571
1.1272954533797424,9.729238829568864
0.5765968859036636,8.718289257347223
-1.807255950426815,9.124934669272362
-0.5597981363960867,9.452115318041399
1.8271992619371447,7.838144692468152
0.0016045828408048912,11.299106702731473
-0.26908345592118144,11.768366275558025
-0.1692015793628241,8.86475505127799
-1.164469103979345,10.189960083327664
-0.5251713165408192,8.658442718872903
-0.5207469760512935,10.040852769199764
-1.7905799192501104,12.013645169158899
1.070270514071673,8.800350632414037
-0.3339822723844841,9.34226975142762
1.2887195472656932,9.713260456496679
1.4013920044795816,11.259575276339998
-1.1520237812053677,10.135308107150228
0.6294139286805143,9.675460972375086
-0.11087278334807316,9.667248466086354
1.5206269516859403,11.111792587857448
-1.1370372832941835,7.040956343323893
0.7112528012401769,10.013078728952113
0.4310084890108903,9.70974129680796
-0.8187940897126689,11.570254103749091
-1.4535963853953096,9.242965476755646
0.6065590419091063,9.884383201430818
0.9543898325293227,9.587711078277788
-0.7374906249466,7.787656479083424
0.5793304160892552,7.9861169378633114
-0.4194763695539869,12.979784000713884
0.8528275331304709,10.61402032089324
-1.2031389004237876,10.760238316294089
1.5608600105446975,8.815164776880618
-0.8503616141376811,7.522093943836245
-0.5288560489753884,8.868487482960756
-1.7676321916786009,10.421491482014186
-1.5539511507148944,11.276401852281333
0.0634476108493125,10.179318464889072
-0.929629293088114,11.160548235579151
1.3419209029687775,9.341092076059017
-1.9412264453801846,11.22362057071404
-0.48362380531225524,10.325779656844013
-0.6506178129236293,9.902963928856845
-1.9226894763295959,11.889313547297231
-1.5025264039979591,9.501477648887892
-0.34542930032545893,8.040388716991538
-0.02854166221021348,9.317494010245092
-0.3828410109805236,10.28688117971901
0.12375071364837531,11.494907240311981
0.3805266996227261,9.515028109449162
-1.9603047154886575,10.857762056867063
-0.14361936218598448,10.183664488329645
1.8539969635503533,8.003131356887408
0.07612912051819487,9.817341971787185
0.7101690698358127,8.720217981427865
-0.7525445683324672,9.148270415490158
1.0959655126110501,9.62948253335623
1.0916859275044604,11.735734726823937
0.0851841906165558,9.839056984163507
1.9040552931168544,9.333323435589765
-1.4977991409493865,9.206322939565329
-1.932209340441676,12.00767860756326
1.080632847028384,11.008762612350704
1.2286221494595302,10.198141430168166
-1.519171083517695,10.844563307827578
-0.9376686681655757,10.721184116584048
-1.9297905465334844,9.880597243472653
-0.8267655568777412,10.204036303022049
1.092567495674686,9.778694352726319
0.07184211085031578,9.72137763054769
-0.6076176273268477,8.406123611557556
-0.5130428203746789,10.41892409797577
-1.9945854971381274,11.258103469446223
-0.8007978897390564,11.510535277824923
0.585834966551722,10.36234670171986
1.8967777752654285,9.94435547498395
1.388243307935598,9.661304409606794
-1.9056201414178835,12.404865221857486
1.5942424186993573,8.768146918081815
1.1327936531945038,9.484448702015673
1.1215044942839216,7.581452935403359
-0.16801696398571409,11.191417478964956
-0.4079788281819887,9.922138937860142
-0.7883370846672295,10.21216990925087
-1.737220564182537,10.255399630653075
-1.0870585460252036,11.69669444233804
-1.0135854600879015,9.317698635776855
-0.06369172115919364,7.60708206973011
0.9897776263867759,9.567450759088675
-0.10476068640821357,11.821333723707351
-1.7686222022113576,10.309504392192832
1.8311592039528155,11.063466899800957
1.770897276376449,7.972877420629968
1.1407581725936335,10.643378613352953
1.9653116062568823,11.075102720068188
0.1779293312010517,10.542358052332562
1.8510734010128242,9.89900505529393
-1.697579837532997,9.53393080989404
-0.5372770069545147,10.919649381761898
-1.0984749279729367,8.053445197650499
-1.2166676634629199,11.968154738132533
-1.4367882044292957,8.577109788018683
0.4896545662639866,10.035686199420402
1.1252874229892202,9.888192258536604
0.3131935976814426,9.641061331839818
-1.4121491616471613,8.735259876898931
1.2444950797338836,9.319314250453894
0.5438188286549139,9.340928184510517
-0.4473371754920179,10.907895911318738
0.6965211821442518,9.701092961887719
-0.9603800830286686,9.483208778414435
-0.619231166023158,10.246865660394324
1.6699433725279609,10.13423195516105
-0.8379819773143184,12.257467654811173
-0.12004692736825362,11.099112293774246
1.5605645495840585,8.797832330937766
0.8308854010701099,8.608849718008372
-1.751187095341189,11.122550986182384
-1.4107878228841186,9.285541122623238
-1.9686336369123327,9.929850865132206
0.5236871609166536,8.340145679861694
-0.2093062983583267,10.578901122680364
-1.4629005963908979,10.890932060103015
1.8317364842270818,10.161148885928114
0.11863889578247955,10.702361597967574
-1.0324268235484433,10.397725583524624
0.002414284618830198,8.471830713705009
0.7184813309404312,9.221746197005743
-1.695043128105742,9.830463963547363
-0.9011847398084321,9.440051300477988
1.2278619635359744,11.543326291626528
-0.16134051838935504,11.034558326267778
0.18630856812917962,9.948832691703423
-0.268735991162123,10.735737965144393
-1.8244002294279795,11.638970034988116
-1.3370008807193763,11.606306954333274
-0.2178334450324364,10.314290271169703
-1.1632581383682887,11.737967890065708
-1.800083885361285,8.141705123478955
1.374598656207295,9.902848993519363
1.9247701166564632,11.205037956574238
1.1725714959869578,9.846781694669135
1.415139686818668,8.60258011991524
-1.0320914787318185,9.971615699902504
1.842507902052799,10.708589038879355
-1.2122971821862865,11.003724680273688
1.805719241447329,10.750318786942547
1.9792771758638041,10.863709360588047
0.846891222984195,9.614498177809725
1.9245749271672876,9.136283829816168
0.27815911826841466,9.861813888025797
-0.9618328672956387,10.513462178528787
-0.25201645733751654,11.569251601770103
0.37424374151514384,10.478276016573478
-1.70767375189194,11.995130601958904
0.4893730584689844,10.59946098297545
1.9247113470491781,11.51009984845227
-1.2395694008650895,8.132959519923615
1.1703804651535332,12.306529670008109
1.6315951751184774,10.982691852517673
1.7748063712808833,8.994378303578685
1.8405424176217888,8.744499631410132
0.08583855488588776,11.068655647136504
1.9092316319660148,8.761956809387993
1.0292408285377554,9.023332521756764
-1.3533142550521524,10.52396055263798
-0.09239957412812005,9.535339348144348
0.8733247014880159,11.835903851620508
-1.0106387367236667,10.037925811493771
0.5624607341955494,10.429461694516123
0.6664019161864769,9.291742289923109
-1.3492010247657364,9.325367111570236
0.26034124981102513,7.740161824369396
1.0865076439144308,10.440224096610567
-0.004417341856232326,8.976442009711704
-1.9515875328955703,11.405671511007302
-1.9638461236828313,11.544887942732132
-0.5718826241199513,10.046916983004689
1.704776273727128,11.850790940577035
-1.085292881585565,8.139626064186878
0.5374547554867486,10.815312895242831
-1.1116965172267177,8.202056535804672
-0.7133200413618055,8.124440255350896
1.392168358405936,11.047597687009436
0.9154457690797875,8.996555803771596
-1.6184028907471575,10.277321819130712
-0.2851919160542655,9.902801910057446
-1.8833209454189421,12.084162303408682
-0.07643941358796402,9.671032486338694
0.6497360468042723,10.952295139050111
-1.5259895056073938,10.36520030261548
-0.8444602443633373,11.630906190822365
-0.4086534979913723,10.53144579408561
1.678124098624199,9.968389485738264
1.973020061691856,10.139314253207132
-1.8203548040175366,12.360701564360049
1.0440316939815681,8.455206549363297
-0.5131037343906271,9.378278555505567
-0.43016725508207987,11.093875918582425
1.0170598933880908,10.443189358206515
1.6737057285816346,9.768272571130117
1.8037143780101936,9.566251521090145
0.30849034415328314,9.694582869816537
-0.5715153627979888,10.4071941234873
1.150196343435117,10.94160138521783
-0.995994466950799,10.29511904824277
0.25629611533407104,12.775085994852073
-0.5656861539005074,9.186244684370864
0.6265242948315044,8.779212257302715
-1.0384043484259724,10.50586746128565
-1.233628217060697,11.393418275887392
1.6729563467017483,10.481236423326306
-1.5927852682018524,10.211432009515281
0.023831630939726622,7.6321232922044855
-1.1165888681479643,10.27173423934849
-1.8442801466973302,11.476851158352904
-1.8559247268342944,11.005370980975272
-1.2991129115766906,9.936055998252913
1.467081418024001,9.030713326391497
-0.8700850240918934,10.430080091614549
1.8018366823011829,12.219631630206283
0.3264891719567742,7.4825093598940535
-0.25354324092493563,11.836497629488676
0.3203553386778184,8.831921270100207
0.06679354090507106,8.147234866869102
1.0351050150293006,8.85581053357851
-0.870015736108591,9.816895902139324
-0.5877984335987905,10.493222157861734
1.576377210133003,10.121633767555997
1.7858260526016219,9.664936334890282
1.570232909945898,9.748719216163837
-0.3222080241707457,10.515546852183494
1.1214620120275267,9.70411133187905
-0.09465706679560482,10.094559311567904
-0.009840591415591238,10.060320960061674
-1.1812795637708642,7.975116091510426
0.3645212130340658,10.372768450745829
-1.2554564089866083,10.017231884014528
-0.6737412037312249,11.330460313972711
1.4201208064797406,9.982938328922096
-1.1716967631565791,9.569896796368464
-1.7153668593062688,9.794666958392984
-1.7239696295487348,10.036330081966273
1.7631380820124316,12.403028737060104
0.027681751847338454,8.339529467887541
-0.3623517127319267,9.034496837043712
1.2435143240316737,10.194941515972431
1.343303711642064,9.729338089889872
-0.6712358675375816,9.331895016518137
0.7744722298951809,8.839617136778005
1.0844912634075463,10.237095688304235
0.618602747463818,10.99068847241992
-1.3936197007996025,9.748996207388549
1.503532334068228,9.768580289388503
0.1563782109440348,10.49248769932219
-0.8701102945199852,9.090186511976025
-0.29908725824922433,10.295143585050964
-1.8497156384043705,12.868428266872156
-1.4885327951103298,10.685827029342736
1.0621870020634434,10.069162141843258
-1.9999534609785354,10.564514763323459
-0.3337366860708313,9.925639040122237
0.09004072434235377,10.547588202576053
-1.7814623199961108,9.386419452224882
1.8923126518893314,10.791165290432161
-1.0954986750013123,10.774501405632344
-0.7832051214548765,10.623311422484985
-0.7842299509798907,9.449932813367155
-1.0783333515306004,8.269613050792891
-1.9941047116547543,11.47946871949134
0.9173791763519854,8.958573237805142
1.8673819991971414,8.538144343496946
-1.1028260668598198,10.345089170832834
0.6521887672136897,8.926417028329755
0.9675853078348604,10.223482355797348
1.393701516362099,10.61015765160969
-0.3094832119455635,10.625120805632587
-0.788276377438283,8.935609056150476
-0.6988194639078755,8.421190707009428
0.8504853323940513,10.984820065441632
1.2671178660225442,9.957918321009945
-1.2735441289735894,10.008047978680148
-0.5162359673689392,8.950677970919633
1.6077607869966002,11.859501606832415
1.226774078778957,10.643226680371436
1.9394336110499033,10.316575442386462
1.016993038728323,10.250337264911845
-0.4272191958883109,12.947476797880583
0.36255133597855105,8.946324751595267
0.6440570169892812,10.862053923307968
-1.6861767347315042,10.053890705874302
0.17798783641546034,10.644041013967678
0.8372833138904383,10.65584879651891
-1.3307147839957585,11.022591592948626
1.1225268697022286,9.646014504850587
0.33509112205644653,8.653959852466645
1.8088871427903785,10.24429711626874
-1.8303108071724332,11.022554524189054
-0.9386954497781321,9.094572814278305
0.40621551719929627,11.433106403393909
-0.8137603511762772,9.933302269603004
0.8576966562849688,8.279738055608744
1.036021130087724,10.074965337034685
-1.5899361437341022,9.825320178789962
0.0554178568270709,11.984754372665128
0.03556222236422357,10.511063041776369
-0.5228769191378357,10.335056824190646
1.7316994502786884,8.058324868423771
1.3100252794928848,9.271440735510948
0.7888375276385471,10.89322506396304
0.8573065429399902,9.64033141579607
-0.15313542474752362,10.291647549112993
1.6839780843863035,11.097624306188205
0.7783817090131415,10.094459669079242
0.9159242466232658,8.386321645278851
1.446763615149381,10.554373249350467
-0.903713642631236,12.033126486129186
1.228283615466812,10.188083188315016
-1.2190375881740318,9.667329825585153
-0.6186321910204486,8.18973738920024
-0.6575581829206292,9.388507332418376
1.9141018735565622,9.913743030587135
1.4261488949917074,9.043344819482185
0.8046794463610389,13.226346664978044
0.9082270464615605,9.175560950958673
0.2482911776102843,10.697025873720623
1.7883626684340763,7.668639933446316
-0.01496498847055383,9.19736771893817
-0.4779291605204219,8.982014230501077
-1.347858652273636,11.033530741691312
1.144822609044232,11.34944840299104
0.9377757283023658,9.455991854436649
-0.46257984590346046,10.823963067414866
-1.8992263441630826,11.84835541197786
1.3559893108720429,11.427571005725838
-1.9543280661837055,10.927662066215836
0.8147991185162038,9.088944060116333
1.8810284389042282,10.755004630047122
-0.24935468740718614,8.187549203917856
-1.060106380016189,9.912034201895029
0.8194840401735268,10.955145072617672
1.2685125680623406,11.540379867431021
0.18572126431138924,10.977935699940527
1.8681411010245847,9.237982003325499
-1.7933251133681556,11.757474375941328
0.019182393218112548,7.999693090359371
0.8738157892902003,9.715766211164773
1.4505618845967159,8.99752267198407
-1.2829775523688398,10.824549796350258
1.2000139270547256,10.078631534150881
0.21082830287418108,11.36056862947836
-0.41378527204014715,10.865051994564382
-1.4731398856836257,10.373333651243264
1.4611830356356497,7.558861652160962
-1.3709071672811386,6.948303936707155
-0.760848563163603,11.506972949948326
-0.8398178721502525,11.209079476639289
1.4856561367634171,10.183994312973272
0.690811976835592,9.655855680257206
1.1867255887654893,12.183663203459032
-0.9981284048300041,9.15878043356892
0.49949639842799565,10.778128445241656
0.28698393257499477,10.546618843625435
1.3313215071530844,11.024180781845839
1.6243482419250421,8.904871290409819
-1.9513729140904528,10.281145835300288
0.6960796762351706,9.777006439385563
-1.792656803521084,10.678677650351226
0.1954346603094237,10.117424321939957
-0.8494690838252872,10.691904640207966
-0.7728936019114352,10.438524795130078
-0.5881659861905737,9.330079172073553
0.4851697961984405,11.931014032649845
-0.6638001373249232,11.125754283859358
0.9307962023611216,10.821667164154125
-0.38189045770452124,9.663710518841441
-1.7265871987601655,9.170598679536672
1.135039369936429,10.781603709529515
-0.856966701629176,10.981256747465876
-0.26893248160294947,9.643079809713067
0.7417755328876061,10.304304519245228
-0.6701753714051519,10.28626461701187
-1.7736573754131375,10.85958666544574
-0.5043158119487456,9.655737781887867
1.7777943307772137,9.07931542343098
0.5669375891942328,7.871564955335102
0.6859165946688277,7.937044836719539
0.5291286145505594,9.665054213674509
-1.2040314441622528,11.266007702365322
-0.3266645435908795,8.996119737686373
1.003759193453273,8.779581317450221
-1.5945084097873634,11.102420936302957
-0.888588895641151,10.777230457052145
-0.8947235661365855,8.283208493168418
-0.271924289621976,9.964369301567903
1.9214749637687403,10.844846317908765
-1.7299898132647122,10.008552844689532
0.0748039775223801,8.864888972939422
-1.2825412719511582,9.028315953832571
1.8827061816389765,9.740755367528593
-1.5467859810901432,11.873182667736156
-0.385595990553635,10.350773097351981
0.9515399393384247,10.088689681631237
0.8182177121097811,10.744177329489158
-0.309085452424271,10.97723645923794
-0.6139033281891271,6.702451455657716
-0.4095504857885177,11.424359461330043
-0.9428949473654429,8.784804058253556
-1.1786682451728008,12.362287820246355
-0.06784120976444008,9.613491400948229
-0.9258649757295707,8.939614564388819
-0.8501533404109995,7.929898062937436
0.6270242538982282,10.635800978796594
1.8741493267995688,10.377764574496563
0.41454880223750035,10.004127303464445
-1.6920821317401349,9.582328955284959
-1.697665544583732,10.623378985824706
1.8056928833822639,11.025129170600106
-0.8108368387706655,9.201247806445057
-1.6317320556700983,9.840727392788395
0.39617834860152623,9.033032866356233
0.4945951131610644,7.9559672010122515
0.5940192804747526,12.113305121069205
-0.9303918885698348,9.528042803487363
-1.9395572631420999,10.152048942394153
1.8600614778178874,10.619462689882145
-0.99642781723559,8.866542307279342
0.70410515221019,9.1924036795826
0.8265194795148383,9.10689602336871
0.44002966831794277,11.705196997706077
-0.7483704231454071,8.325870072058581
-0.9156149849437369,11.114707275385916
0.39067313081081245,11.185820996845457
1.464382534446766,9.431702334603095
1.7869349156935823,9.142939637029517
-1.5763767823849695,9.807009827187496
-1.3806855496091206,8.301955092728647
1.7789450351323186,9.626691770670195
0.9461409133391703,10.030305155142386
1.5319752993190923,9.64057897684733
-1.1894694634586274,10.93254271853107
0.35034348443760743,11.310118090444771
0.8045583776698946,10.833904543330682
0.7204475417878906,10.868514419839796
-0.36739323653320755,9.722659945986065
-1.938420433234766,13.435761602374168
0.3317042272170525,10.15539205756624
-0.987593843281565,8.79834205291201
-0.19898301542843866,8.574643537785732
1.8303240603352693,10.512463429843017
-0.40385872943026113,10.738411955125597
1.3592064266577069,9.947646831829028
-1.2458375770029955,10.779361438211044
0.6898419921001153,8.273387361010819
1.908027817755774,11.559274453617078
-1.5924275965082528,8.9655081006813
-1.966720231091232,10.687806004828248
-0.2656688294695426,10.80438458457693
-1.6294980677945312,10.051293427919282
0.9935373987049254,10.007100193289011
1.6581946553942357,9.030096149933565
-0.26391610916496466,9.370158759969634
-0.9651534313782362,8.519405521860346
-0.2623867239735609,10.414718316785013
0.893791271400004,9.420913002976883
-1.963783353678516,12.539041973547999
0.35781595793878873,10.624303561065894
0.45316673954951625,11.682888302422848
0.550752987583742,8.470533198979126
-1.0319116800764911,9.292318297091176
0.856210893512507,9.068774886400298
-1.6344340546728944,10.565142437258876
-1.2029186541327967,11.567590760106237
1.5098801866179277,8.822815074431672
0.9548926029062654,10.946285318967924
-1.945017783954619,10.436866608498224
-1.0064949585207992,10.170661935047528
-1.1423740680273418,9.907508003728402
-0.9167746878521097,9.97159212079176
-1.0097609188804544,10.349740454425348
-1.749894817028617,10.645631814863641
-0.16423793361271866,10.612833413797969
0.9309338991446605,9.825874454630343
0.42692689886974566,10.457550578105995
0.6914866743923191,9.569107369962556
-1.6754032858550434,9.582886882625486
1.8059628407071489,10.998991060324755
1.3539673353720993,9.557475394290528
1.2203612739826508,10.237424692128211
1.29193522016707,12.151943851481628
1.7308420325310454,9.994711101790433
0.17701586445479078,10.806045532951659
-1.1988719285294964,11.01882725377785
0.46713443141016464,9.284354616359709
0.9715259746717559,9.918661359529372
0.9516695734161016,10.242169976914056
0.08579609666752042,11.086502238294678
-1.7261651226656878,10.889908363393973
-0.5155482462794887,9.26641042816616
1.6830664338534294,10.872950006063054
0.3377956390297041,10.308329704252714
0.15332777302285372,10.19009910291468
-0.9245859424712259,9.228330247537498
-0.5262043203336844,10.751681308671555
1.581384356612677,8.393403533444545
0.6658521901073429,8.054965122789806
1.1495481070093314,10.746602601212286
-0.18261830772937948,10.877012161650834
0.5209888778246317,9.253765312508289
-1.0064655650271699,9.262847360034757
0.8218433211339451,11.458217020044327
-0.2895946651866508,9.332540122560331
-0.2298179407410177,10.301107661137188
0.5972892983075266,11.887639881212817
1.7451224858757066,8.786322872541515
-1.7439746135655163,11.432109359318407
1.2989729493880304,9.602402906539625
-0.8304675583512275,11.056928495406172
-0.22432218197448872,10.102399660350228
-1.9123466848999642,11.98907812040898
-0.7958156886627479,9.248926533508282
0.010524970520521926,11.116577877528826
-1.775295690610244,9.170846675171418
-0.03561708246733941,11.036964359508081
1.7084425154337093,9.619778110141507
-1.5784271275687791,10.765655485641918
1.0577629123020174,9.89297785706734
-0.36131578649602947,10.611585960666686
0.6206948580973521,10.794898642834692
-0.9590536080590826,9.926635136954072
-1.3620309498345669,8.443072007693514
-1.3581495429150943,8.287460863965821
-1.7180322174274214,9.849972755525016
-1.257413180395028,9.786183234980404
0.6568775399558731,10.283217623482646
1.5267624473740322,7.989759880602897
1.2565027423646473,9.720147698667287
0.7405372394979364,9.242422151856543
-1.5582725463555893,10.875773992569858
-0.8432502148162007,10.928577686345765
-0.7607724987101241,9.816097963567863
-1.000172214409515,9.499831537489872
0.06002263883889247,10.386543887369463
0.1422152595186903,11.361299592364858
-0.5724560993155592,9.412029439930874
-0.5848433650542559,9.489798455626666
1.3142223916243254,9.234458700772157
1.1571713932787424,9.737476104541827
-0.7688166732770174,8.715317548285306
1.6551537754930372,10.832508174589842
1.8112600680100241,10.00568178396346
-0.6930298318798367,10.116973016647934
-0.5823002048277806,9.582175971579
0.022536613687835327,9.86693675358715
1.764483250134694,10.589454802528412
1.5052777325692461,8.36281418570682
-1.5897281496656408,11.364296511551775
-0.42907702691433514,11.668212482718788
0.21348475899908737,8.346999302042086
0.012529890206160132,9.33893787046838
-1.2245477282524293,10.493558398645137
1.4352670846726188,9.017577408234803
0.7077631319873494,11.727246766415185
1.3516334994072143,9.193620909655015
1.4350571173978888,9.54479984695087
0.993423414662959,11.01648079309793
-0.24315759500113066,10.895233584010747
0.4421870200616982,10.132461375555307
-1.3585383755210274,8.020885356791917
0.6945816698996308,9.747145131637524
-1.282986977042877,12.617143771430545
0.7757983620406272,9.873810759651759
-1.0816073569841254,7.853372301853716
-1.52979479939912,12.696607997382596
-1.3388620394281703,11.851023901013681
-1.992031459123719,11.313960359226659
0.874958471414121,10.361237249104724
0.9296041962335164,9.734540894003267
0.05973339965303781,12.499834513448539
-1.3545487957784652,8.88415811056728
-1.665782649957241,9.015789836745977
-1.923484134250852,8.353525135692522
-1.3370072921391172,11.948338135347948
1.563422139932587,8.171823854162406
-1.033852633193273,10.304812460925834
-0.5829146911311374,9.679962297341532
-1.5786180620746673,11.110482397086459
-1.1105547810073189,9.21498911991186
0.07689828312082048,9.726410034429437
0.43101073238261023,8.722621210869839
-1.0185907433351558,9.490954103593408
-1.7690713630995312,10.08458431513747
-0.4358685234904054,10.480719862346708
-1.0631865162946634,11.404506829642532
-1.1217843070807922,8.96776019507037
1.839451210853821,9.452283581093862
0.46520194370289625,9.01071471826664
0.22751377268838358,8.593987435284578
-0.3368995859067123,8.293350922376458
-0.28422266627942294,9.14609530768663
0.1636200153523233,10.195974909123105
0.785719228144429,9.543326139564156
0.8085843847273178,11.040176100217778
-1.3132243691782017,12.915269457996562
0.00045100830650790513,11.160499665069615
-0.35216761986359213,10.249189623639769
1.4821078650775368,10.262668024855644
0.5256756848735056,9.362877600579395
0.1300162656639272,10.182137145662475
-1.5384214312843305,10.340210270130937
0.4225515572936458,11.182588052015797
-1.5311843772790663,9.035161746347598
-0.6511736977369917,10.521348742895944
-1.4286321407426725,8.830422705312293
0.7682945880974756,10.670831484727763
-1.1749915446553896,7.902268234757306
-0.432562507247896,9.118412677741015
1.5826991104751147,9.406543242578184
-1.1827344664041188,11.453242948306734
0.03122025583511645,10.995757558538207
-0.32291335533591203,9.626466015695406
-1.927503835817081,10.903957615120898
1.1710324542912511,11.044590529659176
-1.723816374741601,9.629987308028577
-0.1029799160921856,9.464608645812671
0.24271317975579976,9.766437139564742
0.5137058264583483,8.3541265249331
0.7545265172315023,9.25624198101291
-0.9869104659091397,9.759866803425655
-1.9600848933662025,11.09712901699476
0.8937746494196479,10.419675524797366
0.14262639739031435,11.493894509471978
1.344470812828995,11.421171008533062
1.2855534516027771,9.359734812462928
1.3733046711515327,10.116465968667152
-0.05962136008183938,10.497685922417805
-0.6654864166525374,9.244437860252772
1.16623281036548,10.028353909560627
-0.19482354788298029,8.481629870228296
-1.266231214386262,8.809206646978893
1.4198960782458974,9.671277040618167
1.530239507089389,9.949796193296574
-0.13476097543931953,9.227437292101449
-1.6972010907608501,10.345163527867633
-0.44869564033227505,9.895149123506018
1.2141506378504134,9.5395645965265
1.6070961141849147,11.32686868793809
-1.1861090300096166,11.469925569281347
-1.732105551898914,9.982257231013246
1.5094018125313546,10.284978631914033
-0.44238024408449883,9.484779075538952
0.16704385707025304,10.75958122203652
1.8722632482030357,8.428759012929444
-1.7337410883431086,8.869190639932466
0.5932720298083822,11.777113712014614
-1.7035783097005317,10.154141343589261
-0.4981242861339985,10.496167103388212
1.215258180773787,10.490188028114584
-0.2661110689774624,8.773965843976942
1.9887294156118016,9.580006212973846
0.2362371397864087,10.317267193153821
-0.715351389456186,8.027256159478911
-1.1195546963809875,9.14087519306063
-0.5979178628553528,11.070572639774888
-0.5098669049617968,8.161070994401866
-1.725145289104156,10.114148578489283
-0.5217032022929073,10.335048599016737
-0.14304592104310032,9.19052835742499
0.8909510089552186,11.559505268709843
0.6269179388864319,9.004765920654886
0.835062620916617,11.590190323832191
-1.9665452724925716,11.738651576044635
-1.1293304016778558,8.746471795607338
0.646737153599426,10.26247467036097
-0.06404252728101145,9.380522178287551
-1.9787460973266162,11.74494660278846
1.2179785697272894,7.686994899464105
1.0912382931613496,10.637229600662923
0.19367665197425055,10.667214065377276
-1.7341466968949115,9.95974241446584
1.0660601981303386,10.169744173250308
0.3348543509254558,8.46862086007761
1.1278399086318367,9.452458564402583
1.0069879695833617,10.947839551675582
1.2120082878313485,9.10828568726599
0.07203226561849929,10.708869353490968
-1.43870192722594,10.570523923744865
0.6846298935187547,10.869782109671167
0.4818951402078824,10.48992219573051
0.9690127487963487,12.199210852822787
-1.3204759757970588,10.642655583084414
-1.2200992003988431,11.182883150939972
1.561638068877314,8.655831546098335
0.9999111938082832,10.300479402557555
1.6329139548012916,8.457458660666687
1.0348612846556828,10.057908861530214
0.38862122396120746,10.309586454344972
0.6165309481114947,9.529199358550072
1.5565116957600398,10.831834721488603
0.3152270180477621,10.524256132066661
0.5295652973135496,8.447645776126507
-1.3740931359855977,9.264170869518528
-0.10431511953558914,9.282372461526801
0.8655884478323959,7.808570943895409
-0.9162292067345383,11.042526510662846
-1.1909832779018603,11.02909114189045
-0.7446927671023378,9.876555024613795
-1.0339974880286662,12.312601599784747
-1.1403494518544166,9.078331284188724
-0.30059662852765223,9.010856250446508
1.6313540555341364,9.673088746118859
0.028238586954873135,11.2007002666093
-1.2483184767387079,10.126005721644136
-1.6921133224765037,8.307469108406881
0.7846245805517009,10.01994197926599
-0.4688049422544487,10.054587302319577
1.287323786341437,10.31635083576556
0.6380430745630807,10.313518443270258
1.184965802165474,12.728598076133705
-0.912215842326205,10.374121871321542
0.7694356898442325,8.193763207201457
-0.9437520612251249,9.376484912359484
1.7562739178011664,9.734139255199906
0.5454971261334975,10.190240647186082
-0.7019527992986316,8.84604000812659
-0.9219525508309094,7.507934623556146
-1.236293659713426,10.64331413277569
0.7785638355749112,8.318473016025262
-1.1251375480082908,8.112524992766772
0.3812130637099562,10.351674998708441
-0.9414598922985706,10.282202541659986
0.6478757791754743,10.768057277552055
1.2597589141621568,9.48106679737134
1.1121009725786126,11.807340941642515
1.0434053237231269,8.208694990713555
-1.2491103772309917,9.078176083434386
-1.6464602120619252,9.237281996461633
0.7957953139495424,10.880763099753302
-0.5266111448225947,8.715333509596377
-0.2706150943866108,9.357359601374373
-1.8754036288264357,10.875296144884523
-0.9616942028998032,11.633276578315801
-1.865294384502144,11.780803669758528
1.5167430904049906,9.25327185414939
-1.026413267125878,8.819815401024883
0.2293486782920322,10.6437812039832
-1.8440827173554784,9.857349126386495
0.6673895652226323,8.795002277931571
-0.7078906169836245,9.421854735668937
1.5916767478306633,9.593316059323945
1.5524727557361433,9.107074132530212
-0.6988375265530089,8.531629547922737
1.6038435827618716,6.4231142995847215
1.9846306939951153,9.714605009767975
1.3016626564957923,10.648613216750112
1.379485391020916,9.413855446587167
-1.0039650555636404,11.590819001461563
0.30680959543102526,9.351925801419041
-1.7309763441305286,9.972899894519772
-1.6203282527133211,11.413702100205418
1.9955704481331624,11.84569790815669
-0.6934430022963562,9.725174548053552
0.9927356481953855,9.261906827366005
1.2266602121072658,10.010023935672242
1.4320930840289168,8.485281055635946
1.990513189608626,9.832529506291102
-1.0340140589725286,9.582153353817857
-1.8385966925612012,9.89838233223114
-0.3552339280216561,9.757798881813644
-1.4796773206842122,10.8165175042774
-1.9102964433517795,11.519145745467613
-0.5582926914340556,9.127442797730302
1.1349530043009457,11.19175838222898
0.26472276490028346,7.462388051433956
-0.7488880431585838,11.461581536211659
0.6173680219708788,8.5067621066651
-1.0719272787647571,12.419162120464005
-1.94247421571166,9.836438305841867
1.0574135457457094,10.448307151962549
0.49497233945603636,8.234705333120557
1.04921049800384,9.545801908481454
-1.8442479332493376,9.37472765127478
1.3484785113226088,10.375191772003983
0.4781048001452133,11.285144945191009
0.2535814028505605,10.746892777790455
0.49845619245812633,10.061448334300904
1.4577329874734564,8.284321323878006
0.3477460262356282,10.347032564138521
0.3238015195527173,10.883725837097163
1.9627166282630633,10.531442462224348
1.026920668274272,9.341080941778182
-0.23082477819545888,8.806953229886608
0.8295880001317109,10.460457306759174
-0.44307811323284607,9.998964239343081
-1.084498150066004,10.672358893833463
0.3874075075510377,10.872275146747427
1.7127283924558059,10.089135013200131
1.716558080061851,8.852927851892979
-0.6323788875780387,11.234743302491143
0.11070986488677992,9.28710502974523
-1.1534564057205552,9.742461378507945
1.9825244379955338,11.911223733288448
1.924471631471743,9.055564018059673
0.5980357188297893,9.372805752631857
1.2176562387098935,9.408329247295287
0.8604006451348001,10.017759972166656
0.37263287615787277,12.295006726099725
-1.7866080120444092,10.464928117528833
-0.1809426297893557,11.07065867011567
0.6991452086696421,10.963227569082186
0.7101264555347386,11.278162250292127
-0.5075095263104656,10.204264377899136
1.7667679466321222,8.394513196633326
-1.330571871052876,10.195319785919303
0.0014377848622424416,10.285187434433753
0.7635359062032911,9.703153342807951
0.7885432235672369,10.682470488349535
0.5945558270752622,10.054363562746998
-0.8988471461925593,9.951605534994153
-1.3751737252535121,8.013696272059798
0.5437613073068435,9.288041499598128
0.39720846455775094,11.538029592676493
-1.282575958843036,10.880432570898288
0.8205565822822534,9.872720856891714
-0.17931203306537435,11.026469348970574
0.6710423664126117,9.186904126055918
1.3494683190806027,11.600788370906638
-1.3210862856923073,11.940004533180634
-1.9234205280126533,11.036013936870285
1.1164103455831471,8.995958691431476
0.43878970061046374,10.803654000720089
0.7985582784884868,11.618210392624501
1.3526198999545702,10.316396939052153
1.211243739298002,9.443179472746882
1.8436805877152986,11.4067736726918
0.14374031540847287,11.298347090012697
-0.04601746936037854,9.493164553663885
-0.3924512004370797,9.30458880448114
-1.3852358286231818,9.029030525464842
0.2904289315280897,9.032494342892775
-0.8919499026960849,10.758512380287321
1.6852300488519019,7.819894626843631
0.3327632171083903,9.23825169713236
0.37136072203244064,10.57912641510712
-0.5803013564919599,11.382010211539791
-1.79204259208917,12.127523400890944
-1.8730249385080455,12.045686878458287
-0.30665942338721,9.790479907069358
-1.6617384876110486,9.43533842792244
0.4273878221605565,9.498048678413534
1.5238920225586297,8.596688115310087
1.5316592660748887,9.87651045099685
0.6361816405289296,9.672744029170566
-1.155072674108276,8.741752094736352
1.4519873254354883,9.79585097648111
1.5443737412528327,9.011903792742382
-1.2133856601881652,9.374473336609341
0.949704343082709,10.79978992227653
-0.8539218042915082,11.64463360088078
1.2105612494117186,8.026234157370064
1.9889515996144107,9.238262727114027
-1.8798959786824287,9.376746313126235
1.5894634631637277,8.533341341072237
0.4905221343946322,11.770738216569221
1.8935304766592846,8.979141521476798
-0.13996192989428957,10.196321939271968
1.389551722285495,11.882485724457728
-1.750423725606891,9.357584315824477
-0.6588837996868171,9.025598414944975
-1.7319338489951601,9.50998352568342
1.9013725339162821,9.287189288886129
1.2678956290873469,11.365145054323884
1.410189684983882,8.974160006936746
1.7518609257355768,9.152964090345577
-1.6595860555208586,9.782987854196913
-0.45760962994666654,8.412927930598194
-1.7158604438239915,9.717718675564461
-1.1568275937998855,11.857801316510837
-1.0825368918493106,9.011085942373036
-0.12357115580968525,9.133017343708188
-0.9257513301854297,9.685767411422635
-1.5960875727289556,9.678552453784967
-1.3300356436235692,10.491676310420765
-1.4108977457916363,11.26660807755817
1.8923071916491931,9.638214989889
1.0371700276738944,9.108406788087013
1.8710458610782479,9.768237030130038
-0.24103805396836586,10.028896085250025
-0.8865260733493736,9.708962015048984
1.1931727888367467,9.739019112086108
-0.6949843278354129,10.34972249664969
-0.8024665051786068,9.532680828165557
-1.0699760311686752,8.912697510634164
-1.4812840871030586,8.61741843590036
-0.9741477559329361,7.942760057263381
-0.5787210061044492,11.450152459148997
0.6959768325829216,10.34337870294559
-1.7497406311221937,10.997755622992646
-1.1579722413386282,13.519240773798538
1.2360945611667056,10.39824309399737
-1.412312305664917,7.875064551246723
-0.6294194139099138,10.63339079765487
1.4586356874325603,6.7328665234535094
-1.3802987554262294,9.986497857437195
-1.6690526575272404,10.594024421048612
-0.06184801967995668,9.42080860243172
-0.7903219548858544,9.334004205644757
0.2536334579354165,11.362496658316815
1.2152195619339006,7.069867892037522
-1.4514060473890273,10.026028557342112
0.32279633821713993,9.231917777662337
0.02203504155945568,11.297693662818135
-1.4236848559472017,8.771806306141958
0.4959939421159296,10.56190495614901
-0.9054383285569134,10.152981488572264
-0.04866272582395004,7.83101823453775
-1.6709107028917525,9.25486211987349
-0.16166377114550778,9.914613208197558
-0.7741461278287187,10.937836440764686
1.2895248447414174,11.656530160135299
-1.7720850920105269,10.110318967776557
-0.32557090032668023,10.2097654695348
-0.166274303474248,11.025178979549139
0.9000243051964749,10.153122527810677
0.297150300360844,9.818053446310145
0.6688493487767242,9.426823112483968
1.1081971426070245,9.04538116476503
1.448811894632755,10.265358241339884
-0.744498013110118,9.397778072394862
0.1520908214556118,9.320388258994367
1.3604323137567995,9.928511117412661
1.9578045238602257,10.244033351229891
1.5580772441750526,9.336765101086133
-0.5141309495024928,10.598918280736052
-1.2193339311253983,9.160048868819569
-0.042429850373645106,8.671239101810572
0.966565807344169,10.659116764028791
-0.029723716986809645,8.73143624984712
-0.06727654674532602,10.16731797174882
1.3529216843272023,10.11741074657528
-0.5543848837312546,9.296297788433506
1.4391786992465825,8.286995101021262
-0.3727807961931058,11.063179102543641
-0.6870675772866424,10.258809339786149
-0.184040355201204,11.903545390966379
1.0497878346994738,9.738410361780298
-1.4959918885440229,11.706325350564484
-1.2143231365119305,10.95211852160444
1.8057793026523679,9.614981287183973
-1.2980334904745705,12.117250117459196
0.2709092717242183,10.649041790210717
0.31725786664775146,9.964660643184809
-0.04150215179902084,9.100685389317777
0.5789809943072743,8.888245025286663
-1.0806930968095263,9.624603249738753
0.21064907110699282,9.532155391416044
-0.5113069790124114,10.05156495072715
0.6466690385167562,8.209123147718016
-1.4351058265074021,9.845577385914957
0.28350966735790495,10.537538206115483
-1.2589185784667052,11.111066378974263
-0.8854277475398544,10.602975324027845
-1.125160798705667,9.263656328332635
-1.2686488805247316,9.165377774516159
1.302843806242668,9.981216530314144
-0.8571697293564386,10.5739043442139
1.7084951274577973,9.750825230279958
1.8797061013807634,9.480345708499847
0.28504187974838935,8.658201187412004
-1.4279955093370944,9.997191973609816
-0.501807026481675,9.35770649864033
1.190929053392856,10.66667446927075
-0.5304370852117182,8.223356818101237
-1.651931126788845,9.205119151016975
0.22713964371275175,11.110611155398615
1.380483405984139,8.901716669205843
1.1837055485740096,12.108825065024666
-1.299507439478587,10.34706604989771
0.6910584576498668,9.81876520622172
-1.1179829462574116,8.882478796196821
-1.127169861791311,9.175673680923326
1.4962870932207406,8.453340734994446
-1.0013241890390794,8.451799427206602
-0.9470106139279553,9.961628570810085
-1.9973864369548018,12.49895793253534
1.4826761365020706,9.24412505835436
1.1703792528365389,10.115792631137769
0.509315740362712,9.165988494050216
1.001063055755369,9.264718279636133
-1.3918057303020328,7.88896302742927
-0.16670562164969827,9.961481167760478
-0.5951224506048765,9.174490273027294
-1.624893894971934,11.256226382831143
-0.05547805914030368,11.508694587221196
1.6829586013705415,9.413465595981569
-1.839763523797222,11.332438848957649
-0.8341563460248245,11.648070837409621
-1.1698362551771861,10.147896257011416
-1.0474133853372147,10.543831702290387
1.633738207517501,8.642807293981237
-0.1277237830628395,8.58700825543083
-0.1348023482407248,10.962090670973614
1.0423025698211292,9.394765841055321
-1.3820311839802968,7.426403676345571
-0.05093858359979686,8.409282858946417
-0.2800591435157611,9.31616834622691
0.3876427621866245,10.657960213391505
1.9982308130017543,10.910221242510708
1.0777955763281883,8.763908528880433
-0.40853718793029126,11.322241404306077
1.3102122090961879,8.283827276177966
-1.3171665467500793,11.268084271151547
-1.8781452547641595,12.249176309240994
-1.1822065101429078,9.795805271519672
-0.6383537755429614,10.370056304863917
0.042323029838239545,9.970928756190755
0.4605165621647993,9.087162697838133
1.642422868857687,10.800906676330788
0.039416038201830705,9.514718248309089
0.00510257850291751,10.02515908605477
-1.7990279607080715,10.272920417698588
-1.8603537893751048,9.651316400855887
0.20463984766548826,9.181135081197063
-0.24728554700662198,11.736709788928968
1.3567215799211945,8.23740142250806
-1.3572816611526193,9.792356874373091
-1.9001133515318016,10.092503800029448
-0.20384492827949652,9.776409454629036
-1.05008577299097,9.394314005141085
-1.8015425066446502,11.101696370227344
0.8983931473905158,10.560609355804768
-1.55362800017101,12.546877028849277
0.43327800003108674,10.304691443299808
-0.8758009993324434,10.29551782667703
-1.306015798579912,11.119286059126644
-0.48099390832273015,10.61729481510322
1.2057831048918146,9.309048536510327
-0.4316256923817092,10.24769546334316
1.0030785968442228,9.327375116459995
-1.4980548128033973,11.306775946244766
1.0910856786603165,10.710368103493709
-1.0522667003734054,6.9142017680575405
0.7095725195554912,9.068445402889981
0.2631262193639854,8.54386159977097
1.7165788688467494,10.08991327936552
-0.4507099280987439,10.482080066795097
-1.7353392446622382,8.54401827230498
-1.9233780577949884,12.214352336769664
1.3074342438910125,11.258428923650792
0.09894255064572866,7.947792353426145
1.100976207339797,10.31858230997435
-1.0622975999539412,9.563620127878465
-0.6196650179470651,9.095626132982165
-1.8795845111547242,11.33387272743548
1.8459692982964486,10.007212340899763
0.6714716268032537,8.473135373721316
1.7328203510372249,10.296696441175861
-0.9380143702837107,9.135871969365786
0.44585444490264337,9.998230545513998
0.7139998731705512,10.18685104406146
-0.7298011989696462,9.789627414436485
1.3924369400625203,11.595486886285208
1.7886458516009913,11.281134290537846
1.5394204707840173,8.295547808590296
0.9562679037574902,8.847997596780896
-0.8901412811001839,10.104923346002497
-0.873535831577473,10.402590943339904
1.8534412817841517,9.959491257949136
-1.9588620162572319,11.310905051778633
0.8641998929685779,10.848192224180579
0.8249846502210487,9.739662112057752
0.4907581637991898,8.686471447233105
1.9604353843474631,9.629296877842453
-0.7524822569450991,9.659954360633296
-0.6401125448270073,10.859866007198203
-1.6842423882137778,10.009346672060463
-0.2288074538250502,9.91327573745694
-0.9558058950606076,10.023205510486632
-0.6264531912894231,9.947003036631472
1.3382871610225107,8.267210382884539
1.741938054109983,8.519633205929171
-1.2570677119792575,11.315654849774077
-0.5099642737861365,8.567236562348915
1.7145222484615763,11.930453312573727
-1.7527661572431095,9.959127044963871
-1.630557887554486,10.48464121696101
-1.3488360431750825,10.11510286536965
0.380851336507499,9.675389901775908
-1.3981109159760101,9.85772131718777
1.872305525802934,10.216363005304462
-0.21314189096591862,8.848855927479622
0.006071841400665523,10.265596800731934
-1.013365536778374,10.203167382562869
-0.11615899026106602,12.375151924849966
0.6476545305480461,9.619619779410462
1.004708547816171,9.011954099526925
1.015472330839652,9.650743110101818
0.3115644507763533,9.697249094614888
1.617439099975429,9.04287434545537
1.2696313892244375,9.932413498190575
1.0281924587945017,9.939427906392618
-1.7775779132781575,10.143596405600167
-1.9724881511214027,11.250891303745469
-1.1502108912181082,10.218185593346409
0.6540943756538091,8.399114689782227
-0.35521004446981674,8.607394800974687
-0.3903749628027531,8.558873908309636
1.538347552918455,9.849636786785677
1.582251392527355,9.05345505939561
1.636701056214343,10.532090543058267
-0.7444876939398908,9.413641571226298
0.764223250957047,10.209812117836993
-0.9134672749025214,9.531272422263864
-1.2375606677022009,10.348097151951961
-1.2614701706105231,8.505946749489578
-0.6315695165456239,9.504076106688137
-0.2801695208807131,8.881463995594343
1.3237966842202735,9.735758444353918
-1.5204356261091516,10.606368612027035
0.9397033895795768,11.124878672116315
0.1258196567572214,8.729786447729712
-0.8482186292960301,11.892312883846678
-0.02872166186870162,8.911937763085946
-0.8002317208919094,9.633090765125878
0.38432782095322393,10.152948818954792
-0.2646243085790232,10.243411165671308
-1.342377883684485,10.447433978859024
-1.5336677017772131,12.776547737563504
0.1867827282885206,8.815767525740487
1.6096521331444138,10.482375444907861
-0.6241692537692578,10.357142729141145
0.9320004288904928,10.338191181373823
0.6346454197590679,9.855209661647585
1.726219657237924,8.850922025039003
1.2839240691965634,9.861310357900612
0.26642103562185193,9.921827515243471
0.6281219929364292,9.928875845811783
1.5935458663361395,11.644894815969652
-0.4019248616522608,10.811136477668116
-0.6928211765688905,11.633644873207038
-1.9567556654592146,12.135420106160591
1.306204296765857,10.43783332117975
1.2039228016134595,9.704583147772802
-1.5821819275993945,10.56143851509751
0.30742952453080097,10.787743372527194
-0.14407320733245044,9.227988613974716
-1.5251636179635542,9.596054151196416
1.9222729082428942,9.360785539928582
-1.1412164501465782,8.899901463869456
-1.7310632796377554,9.426320421442332
0.3793895180076383,11.357868037748789
0.9554667085321307,11.27205839588134
-1.8702262158112521,10.40250225681259
0.6348705549080886,9.64026781350807
0.12916750380581776,8.98431181030388
-1.5869399644998063,11.406717316680528
-1.3099044922145517,11.87469104909006
0.27189718926432205,9.943779145979784
-0.8145695459468465,11.445499492858739
1.7532629146052643,10.723924371800162
1.2749609179362031,9.6233291687118
1.9342688260546521,10.364561979573292
-0.9613166441983441,10.067140560953202
1.878894531191908,8.564494677544538
-0.27506452083376853,8.472167021810659
-0.6099248187449815,8.643864025272526
-1.798601892122587,9.802831861688546
-1.7889389685615895,9.962368670438003
0.7680450237866188,9.403006005084956
-0.1682840222638884,11.160919154437474
-1.0939134958555772,9.529029186657663
0.45588122530093056,11.640770345842025
-0.9885675269995553,9.319511143197658
0.3105270173776904,10.98762567105345
-0.5631650120692386,10.656398079189282
1.2942089064472762,11.451875229678969
1.2827846430671173,9.794279349028466
-0.09059840751039472,9.358795046823772
-0.5967235626599376,10.690215430996227
-0.5497608137636218,9.36215021100647
1.2228581026728715,10.600281305709407
-0.687282068809552,11.227002200193615
-1.163762505172616,9.531415154471844
-1.6612466324987727,7.508065832136115
-0.1332275164623664,9.709274181619412
-0.07147160432063249,10.071750928380887
1.3636348416116286,11.516054306290428
-1.115045214215744,9.898328261441836
-0.47603490532640036,9.363978950838034
1.2336229555747638,11.670383582119184
1.294494442995894,12.31875741365079
-0.4615556960849272,10.57874689330198
-0.16350390685327643,10.661275847834334
-0.7868564366028683,11.319722836391236
1.7302195136772482,9.321130962908821
-1.5254249370336788,10.883036283834327
1.73499769200588,10.40312784498115
0.7354658073413729,10.687410806211796
0.12628861074692477,11.124184787537356
-1.8693637568620165,11.66353213764795
-0.09761523271196682,10.031172312049442
-0.36900757998907086,9.629848260980188
-1.3551247520995098,10.264332870838558
0.6256384140026277,10.579962210535355
1.8846036294731432,9.30448876971888
0.24875524425810047,10.688615111559232
0.8590131057757833,9.46596342321752
-1.7261981897359329,11.133447348301093
-0.32933201673202106,8.927978651473552
-1.5345660593420165,9.115241605886958
0.4511833421460416,9.915833222093548
1.7539286328566184,9.28856324793583
0.647110929886554,8.819519192312947
-1.6927878067423139,8.937925022686423
-0.5813351800596687,9.443214201957815
0.20265351776340612,8.549724487847332
-0.38716897546699114,11.665213279196479
1.3345760419006893,10.328467058271084
1.2586840188399568,8.794701370016046
0.44732408041288574,9.427976759251656
-0.506168219469179,10.276456868491755
-0.9786545049470234,9.211641788784634
-1.5765027271474827,11.143622683068315
-0.5804092660537838,9.359380959882028
-0.3473099311691219,11.339856750129933
0.7032917004162944,10.668527821046345
0.6326392971902939,9.877276728754204
-1.7195674414349722,9.16250508288666
-0.4189627382753689,10.110181020034966
-1.2728845311305523,10.667409943171807
-1.3727491787327772,9.996784884130452
1.3092085989489837,10.954345787396223
-1.8323391331349699,10.283204204522434
-0.32326849639151467,10.925615094814644
-1.3271853769339272,9.694868508143148
1.517320862713896,9.154999570554246
0.22816205310014048,9.869190868926594
-1.074477454492608,10.823634351259258
0.009709148665505651,10.113369972447739
0.9259454388124633,9.38025757709148
1.832472035677735,9.528797245465785
-1.1182159830183243,10.433496920216765
1.5447270885173805,9.933398518047321
1.737216456669961,9.83987320497192
1.665682178128265,8.620857269382906
0.5416574274476393,10.029574311980566
0.5192826177388308,7.831787293799972
-0.3871574672647089,12.312175590680779
1.0095915292151516,8.90289396951505
0.12517607340372772,8.742993684785787
0.7097522849131779,10.661841398299458
-0.2861683846048182,9.326697264917147
0.9259858561725562,9.2084269829525
1.2978860704181963,10.781974632857631
-1.4142549735887355,9.248549751771609
1.331718862296912,10.334069258490334
0.16118612716122893,9.77686802718537
1.3786636363608973,10.936783781470927
-0.27479317463594155,8.882382210974512
-0.4838380584678599,10.079993970166854
1.6602429300688897,9.282566060451293
-0.9953229298063948,10.580184584815356
1.3768493011445724,10.503439929424442
-0.06391770996238355,8.840456169832539
0.05638177020503887,11.065204426163948
-0.7661268740420639,10.101103560219762
0.2921688024760627,9.810712424989415
-0.6991552148951548,9.87333540595354
-1.8429223430333908,10.736232684046476
-0.9120055786225758,9.874866530076314
-1.9744838263736373,10.194746335465513
1.9134191482274265,8.94947896687652
1.86298883927899,9.566240472427765
-0.4193788101107798,10.188756293489764
0.913483417358584,7.530370822549171
-0.6167756063583001,7.9480592419860905
0.6843726283439042,9.679512735225114
1.2217201721839164,10.651870994251649
1.787024978768963,10.803150989984427
-0.399150896601312,10.29098929259509
1.1331919318241908,8.187513412085197
-0.9362861974715249,9.281595692778627
1.9613292151745934,10.636193001479395
-1.8969216049425954,12.193931038909813
0.4141152260044838,11.292538795211305
0.6380239266053085,9.716093706068785
0.7521822282965154,8.702023466137568
-1.518449684843644,8.415218308772069
1.7541191338925217,9.791785885762579
-1.2752668837996688,9.107920497912934
0.4910136129593643,9.92593896947817
-1.1092956835076602,10.084102611856768
-0.7711343319149164,9.949096913331042
0.18583416691249743,11.13218250794176
-0.3312263257416941,8.472070220022847
-1.3590975960939748,8.244962746921196
-1.3162543903166068,9.968482983007252
-0.3274208473488014,9.750069727602256
1.029131913102003,9.82848127834548
1.5918585873911542,9.15096291265901
-1.6634893509624686,9.611004576763984
-0.4275843697623958,9.37811430631355
-1.5990177451084935,10.340707424759156
-1.9336300774696085,12.845517725294872
0.6468747305758265,12.360244680482301
0.40979776786635114,10.88869378131905
-1.3479235447404552,9.810396678176145
-1.0647486676277436,9.010611250717039
-1.9051689854219265,10.166138104441997
1.339788822777615,10.388880278665718
1.8987623841942058,9.59762440561834
-1.4581618528212368,9.50434768577388
-1.0740991449388075,10.773412547043321
1.4736380957877362,7.728731669073538
1.7058551918247393,9.972435328185115
-0.32149046877275866,10.164030782686188
-1.7975101109237035,10.332581493512699
-1.8424326652287224,10.785082249630417
0.29579946427604176,8.882117181590193
-0.4284195644272839,10.803700097678242
-1.885390289689382,11.047987422232426
0.33300956925022707,9.337129494750675
-1.9547898536439101,11.44179576547869
1.1494878325970919,9.153800087941814
-0.7742687091865137,9.916437836684732
-1.8389679879630716,10.58820107024249
0.35340888393261327,9.960012241462957
-0.40926234226778124,10.619432950183386
1.895201653428598,6.875585700031306
0.17679465001480876,9.01861037296768
-0.8990432758519669,9.47237600093779
0.8377554585358991,8.630665143012008
-0.9140319898291547,10.70241474396341
1.6169731656302604,10.984494950999302
-0.5011121179704943,10.905654366062507
0.19947425110482087,9.508564379664422
-1.7977075847030846,11.101033254224282
-0.2955150481910769,9.384676495884136
1.3294541586439799,9.983142873495673
1.2225952214533677,9.413697952157591
-1.102725764585895,9.592097449149353
-1.0956837159577493,10.477246650595848
1.269221248852947,8.751108847726563
1.721593680677302,8.727876450910703
-1.6185563149079858,11.561183530945081
-0.19976544229509896,8.96797533948325
-0.6501828841430841,9.076817673397858
1.4827538218297573,9.305915462979703
-1.665900341279925,9.549852517937369
-1.1554962297678504,9.176578395757799
1.0098733503459774,10.627736290932926
-1.7948246040751377,10.178740368889569
-0.029858477142842954,7.674408954009479
-0.23157186128111995,10.235809841760696
-0.6623952840450054,9.792244855177712
-0.42171073872430487,8.337444754594712
0.11976234772093175,9.48236566263502
-1.3545305664464675,8.82465498465042
0.2879835131343711,9.331673775735794
1.2217293171999453,9.743885555456561
1.0406437191606361,9.454056782868623
-1.3844003812249053,9.649313046255108
-1.4030021210341044,9.08635060237661
-0.9273025290203467,8.686939735090881
-0.5557010946358512,10.524390909710643
-0.3661776743660696,11.190627458607945
0.7187888673333811,11.169377589373324
-1.7732782713366584,11.269786213181437
-1.8613091830957345,11.892059862003595
-0.4323577482243639,9.821267359947493
0.7886547685519218,9.038740248176355
-1.2262586281740697,11.070540674042757
0.5660179250250068,10.944408006566535
-0.9606874482388021,10.772480711818677
1.5443444352540654,8.144721827108294
1.582759777066466,8.739813342862703
-0.810851182874694,9.984912360728963
-1.080024984147038,9.824356469433724
-0.35478411173507496,8.245455938524474
-1.0378736592794051,9.6498530365669
0.6895353731668146,9.312094156158784
1.304258738193142,11.072750248977485
0.692368523644868,9.341556162128809
1.2974017889973979,10.641034774300794
-0.4120313511701035,12.357197373950688
-1.3747321171645566,7.4283338134081385
0.9518037895903686,11.290049983697061
-0.5581019794337845,10.699952864223059
0.68508330091653,10.255012438175743
-0.9174242320729373,7.555671488753568
-1.6750814607733093,11.222393158351899
1.9703271819510535,9.876586980844742
-1.3751939682776029,7.842314649471473
1.9536839758539242,10.447836011698389
1.9091197302657892,10.567160340173007
1.1752724156321586,10.582089777078943
0.6376918483279903,11.180535416986704
0.3112282010043388,10.522192283513093
1.4644061815113387,9.493015936147568
-0.8422419135220482,12.741049269374484
-0.12927515006049184,8.449633457989894
0.4775598774660077,9.899823025679721
-0.35523809652203564,11.372294066976055
-0.2900541836389281,10.602180838605639
-0.6788613299916624,9.282150296887863
0.25692726673814414,10.656756324419254
1.402298112060464,9.087245789752945
-1.1938864879747486,11.224868745440482
1.7377321550137657,9.767563584012521
0.7563506149929187,10.629102211339918
1.2930928507201207,9.766903466252465
0.22476277052004656,9.707238540395652
1.118066805696254,8.358871065033858
-1.9351984106421312,9.828629916849154
1.2735216991181408,10.382219364881468
-1.839444563658534,11.483763884855914
1.55965350545145,8.300454247658877
1.9678509889545732,9.19517605053796
-0.8237301512928887,8.889844815928432
-1.1587257748568254,11.020036861689354
1.0614534554321629,9.271114459744867
-0.9878946363189871,9.91774813729949
1.4622495326888139,8.74966174471996
-1.5886296313700932,10.381538554003289
-1.496179214482567,10.36580807566949
1.9166062204024623,10.187087862850703
0.6953555930800186,8.736144093979043
1.3875488977158112,11.889171837587782
-0.702682490593928,9.531095679897975
0.7059349980824177,10.571993622388067
0.3769673092343888,9.540939091951591
0.412600480491788,9.190142957221346
0.7301298381508863,10.290538435305905
0.30143669251639427,11.267192703575985
-0.2837505227893362,10.498826870596382
-0.8963092224778126,12.213227216429623
1.074325323652808,8.545534896970272
-1.0949102799872552,10.431093605690716
0.7694172246176567,8.165604801398972
-1.0666687094026934,10.866185550479205
0.5013206798178156,10.568170730597371
0.9883130685161157,9.021219765628459
-1.1251444443738432,8.511693908068224
-1.7602267965547669,9.748301716199244
-1.4761050280233037,8.67329232289956
0.4239878690841019,11.335801672628174
1.3977856249029421,10.508445619902574
-1.8200127150583025,10.049835493878737
0.936605036166585,10.723684751383924
-0.6347254161997915,9.827876095959233
-0.08588652032190991,10.38433597975837
1.7154381993822625,10.311374040372671
-0.6721139810566181,9.07542626966425
-0.1386522642420558,9.32733295376542
-1.9452703409572756,10.461736143765185
-1.6736051199806465,8.261053833612037
-0.9656336354608639,8.926326253662344
-1.8885910367157024,9.525834573757692
0.5255013041930039,6.703995249047167
-0.2944065727935099,11.60182540663599
0.19258081091208812,10.246592903340678
-1.3014112564146818,11.789704833944059
-0.8162718822535355,11.834337683496354
0.6552978994109004,9.129421047917
1.8612108945215993,10.776126063603964
-1.7983329055911632,11.671717458721508
1.5615372834210643,9.705951731268156
0.30752480524483383,10.776476753557931
0.25567826702249485,10.623243296793948
0.0011141408310413325,9.749559489382198
-1.7224236563832664,11.259039053433035
-1.6404925930553573,10.897063374475628
0.40364802263634436,10.586993357657178
-0.6361657142577668,10.864031520273356
1.6690722663107227,10.970077417902028
-0.37363785056211096,9.909020669661777
-1.4268741651894357,8.922363049834622
0.8588753340081441,8.593161891150466
-0.8265863142359606,10.000119414460356
0.1018812294235727,8.377949369079959
0.7913311420206801,8.074821568808645
1.6010564448082816,10.620361811506992
1.1687647792067044,9.945900402464977
0.7054442714908964,10.914851514433597
0.7185327295805743,10.912671339789268
1.7836985761283461,8.14137843919103
-0.8167036100138558,10.674391157551224
-1.9955516232152504,12.309858942479927
-0.9121817624072053,10.29554752018772
-1.128434481493024,9.843252536948354
0.6473383404559927,9.077586266134066
0.5348463990621162,11.2168268825948
0.37384553081889527,11.190765769442903
-1.9350262271621852,12.631449420378072
0.9151122178025899,8.245232862351807
-0.7058783500580339,8.789355625320859
0.6602239560265244,10.602140027592418
0.22631371400861333,8.482208648198709
-0.6290762982883713,9.46096395151169
-1.461694931583569,10.02256336384375
-1.6223244093580762,12.470650363006506
1.3260733324488942,9.559111146080182
1.673590168326232,9.621922419841828
0.5991521870571983,9.946291493994233
-1.5862635405580665,11.58616707065329
-0.3918911324470371,10.715478266286313
0.9157568004206289,8.498912788521825
1.1192835360402724,8.724064217619931
-1.5271255108356456,11.025810372598961
-1.9998771246184703,11.660797152034348
0.84854818352242,10.32193545209651
-0.5736152960551775,7.991921837240766
-0.982074673526959,8.830461553967869
-1.9484101208418982,9.910414676916266
0.16119762704599871,9.386827113205982
1.404602941703927,10.064925865358259
1.8305265850903516,10.619022508970765
0.2629798024531569,9.55153285469942
0.05784531095957668,11.502777363686178
-1.6597744580430356,10.760686419584282
0.19549120617039906,9.539655281779584
-0.4800836841384215,9.978394526833513
0.42854112353430773,9.079716790812821
-0.4450946084938132,11.082502216122203
-1.038803506198533,9.699172903200134
-1.620138899086494,9.74540857431382
-0.7403262216444171,10.006312801236296
-1.6134206628489909,10.153424000472008
-1.2924121967040643,10.241358301038677
1.9493446343181837,11.093910997007264
-0.2235857723735255,9.146116998510811
0.1274870660200662,7.8473559818401615
1.4944741149488614,9.05246972242196
1.9822756019627512,12.006476613020556
0.3308577973787261,9.496847388972936
1.2498952841766866,9.245690370449205
-0.6922359026532989,11.148391682699899
-0.7770241702108356,9.65543373030314
-0.3891851160217592,10.402897018360473
0.6900290506945965,8.392835576831327
0.7287667570203951,9.252530058492894
-0.7390422614021968,10.319484880871807
-1.4671603034534852,11.168541652775211
0.5295850258620343,7.395140109782134
-1.486696551244942,12.588410416995966
0.3139700329173203,11.486949796942717
0.7736885122252359,10.257757549594684
0.8024459855778066,10.491959019530642
1.013888442638387,11.4110645208492
1.4914376862626582,8.16214906531314
-0.00016403214084625972,9.65788668357469
0.9209967581182847,10.334065809258458
0.4766909414633469,9.297740212315102
-1.2534402408092697,9.446660382628915
-1.8972414205223673,11.476618939687226
-0.8618344572922649,9.605484756515759
-0.22786517464952238,11.006355291624049
0.4684237777146252,10.084385414941234
1.3998373220128215,11.028623311746015
-1.2150171331753374,8.949574693960702
-1.4978008404060916,11.184505898801714
1.85391978989731,9.067066765509363
-1.5678217624943716,11.24906365346266
-0.08603571957124334,9.874237151967847
0.3422549151732075,8.516804520907257
0.16549768362975303,10.01885723047848
-1.6558713718682272,10.019169491901518
-1.7718923439855225,9.916465084475115
-1.5780662901558573,9.817267647244819
0.34235073549045003,10.180203775814299
0.17737955053728438,8.022467463384203
-1.065036831853023,11.42602238804099
0.5510965673823662,9.026421872772673
1.2802700082225975,10.89375847076399
-1.833684160613625,10.168407118696697
-0.007480225807830365,10.19469483545336
0.7572416484107611,12.50449367085696
-0.9907522917212517,8.182069814517147
-0.7689163788274036,8.761388271991938
0.45455161195753524,10.831633034623794
1.5917411737749476,9.908160658348613
1.2396976812115974,10.364500567771541
0.33252087639833405,11.457905112619878
0.9208868710289968,9.279299201138842
-0.5407101191688053,10.548581021013003
0.5638621123950309,9.523180936521696
-0.13527363548977211,9.390552978882912
-1.2402554541697564,9.784485728726722
0.8069530955090287,8.627222930946365
0.22585854939528804,10.370503135634952
-0.5655136721856344,10.091591136598744
1.645356760314523,9.454007015987157
-1.916263528693067,10.233276689633254
-0.736907395002016,10.834301682942954
-1.7724744088894138,10.62262889526509
1.0661092648865087,9.962956959878895
0.8084298164551704,10.556100102734725
-0.6745911250547318,9.133541896881672
0.7026516088282921,9.07812022296012
-0.41625109521620063,10.590832480869606
1.0250151656897373,9.534816955924274
-0.1832653490531757,10.14346948210625
-0.3508810886733378,9.433044501334495
1.738919661953204,8.146839224438146
-0.9964836004371991,9.73933189933312
-1.5182106400137383,10.642331897658336
0.3381724530378327,10.612123962547177
1.8772872491367156,9.212163462366785
-0.4886431450912534,11.965136452449148
-1.751852945484874,12.89414162852633
-0.6427789307617302,10.064589091678943
0.023726617278233775,10.13981058692782
-1.3523079734711452,9.438380942237432
0.6324088722259682,9.663908716151152
1.9909975560408024,9.006719113105735
-0.19304209607422473,7.760579108335189
-0.5810857730791494,10.178688457004787
-0.39718333266213346,10.063072632254109
-1.5394152864191954,10.904567538226503
1.5330944057048952,8.12503281748715
-0.3406973779145921,11.295140594795967
-0.45090235430063474,9.693430675603071
0.6387610917218973,10.662822082583153
-0.2318663162755059,9.864380969724143
0.5929338752313842,12.025035997213568
-1.75421483947685,10.876063150810458
1.2548933748889097,11.354018409198776
1.7620158115176103,9.782126018270052
0.5950615446375438,10.755046083403737
1.818263715435243,10.7607760373272
-1.3942707425201468,9.862211251713514
-0.09033524207858523,9.878045057756434
0.40722693578178903,8.827576740422668
0.32694658968474677,8.011657202833646
-0.39415288364382706,9.570182482698367
-0.6476623625349545,8.41597551915757
-1.4927039097983248,10.184230684204064
-0.43303019775088725,9.166567393011247
-1.3493567395780595,9.715962182837705
0.9374627059688736,11.167944084930594
-1.16467625802164,11.256385676437468
-1.7657387788618646,10.351580930792277
0.20946455126893726,10.343478667332134
0.3809189308776064,7.638571204061727
1.487652245122022,10.314942661246214
0.30792644967072746,11.617291833648993
-0.6180765851062171,9.393633078497317
1.212047526105282,9.839336871572128
0.16111557274968424,9.771712334291188
-1.682878861475233,8.559029508472182
0.2634022412529866,9.482122303578318
1.6320741816866495,10.916495210416919
-0.4147494980071178,11.827369745190339
-0.8146967924007997,11.195190121167535
-1.4261221719279198,10.567798153064643
-1.3942179122585707,8.384045700323751
-0.26891406263272444,10.570242693377532
0.38271929664611815,10.884081934349592
-1.677538379321593,10.906667703676574
1.7582743561006628,10.58435302717314
1.0205344697807837,10.78951173783065
0.3464956731346507,9.635330488134155
1.3137546837559633,10.553747424568375
-1.6792529727515468,9.003892940984453
-0.09264448906750244,9.34364326370813
0.5203725074466536,8.274949599525575
1.314611624473157,8.906578189059225
1.1338782401970708,9.20842717548052
-0.8917230011464015,11.449104764245499
1.7635206782368171,10.497061692212604
-1.5026166342765186,9.864595545500661
1.5005344744846085,7.842023657709515
1.8837609984184742,9.484021662440991
-1.2913859071094977,11.737441963094918
0.8882642568151411,10.615714703041503
-1.8388579248880061,11.262744899715704
-0.3783086994433802,8.274885669880431
0.06513319679069607,10.040454075715267
0.3225809036385363,9.112796121601141
1.743748992994238,8.527370211924431
0.6890027491767787,9.148200740587487
-0.074888195123052,10.641787949266938
1.2387001450635573,11.066321559342022
1.8021312838176358,9.325006430340611
-1.9117354052708366,11.857544459827025
1.9300850890241548,10.195551872094807
-1.6554714437452787,9.442505889280564
1.2575471170750454,9.317048366227683
-0.87866098979435,8.904284110434173
-1.471281368984513,9.094894047671216
-0.2405774411446604,9.884915616681482
0.5758263177904541,9.934085515446132
-0.47619261990609996,7.874285497042825
-1.7817383668692042,11.697466278527076
0.39784455863486645,10.187283799980836
1.609613104442699,10.099484547158433
-0.4671385362109932,8.888023273730656
-1.1346688894766919,8.281064313275332
-0.22969061626873843,10.82404823751742
-1.8065491558048765,11.693064332407062
1.2819503379210992,9.521011455910296
1.305363243800747,10.85469080081584
0.35200185371851367,10.631019762796063
-0.5875884442464421,12.551765174910367
1.1991334577831334,8.533574456897139
0.2187480991534687,10.566560526422306
1.3037292342000648,10.782021730005672
0.5258351703320825,7.9344677483178225
1.1376218928511892,11.823701132058273
0.39425197287103986,10.462207669921018
-0.34343572713733517,8.691355801695835
1.8317834397045503,9.263622936502198
0.16445529951537896,9.161367698088505
0.42035807416215354,8.854115376638998
-1.118049442341003,11.647528788934649
0.5026031577091059,10.329016826361238
0.2864305979317754,9.754748540492935
-1.2606464082119002,11.528887789791716
-1.7616516105874251,10.318022142382217
0.4174372788590843,8.677576512742597
1.0547690774012821,10.325878443655427
0.0936054836880329,7.460772848164087
-1.0929094987214172,9.215492231983397
0.6660879067721397,7.825579093177762
-1.679577093561591,10.162637177978697
-0.23266518079218157,10.922256889334795
-1.3465329664063193,10.299014862641101
-1.2621637957604666,11.714475150027518
-1.1908242033671854,8.777922667322516
-0.4531717718240884,9.06821901492995
-1.7953991775184095,11.796092997245267
-0.40882623628360726,8.655629627263833
0.04682978845880337,8.882370153961908
-0.06682286013469918,8.71165681172656
-0.46886359838783775,9.408712130590423
1.35658643228301,9.665950300614531
-1.4186932303179836,10.998205102194897
0.02278697512549588,9.151044882848707
-1.7518343321737828,10.315976676798618
-1.715377284488361,8.841018213511225
0.2954633987083852,10.265497755874312
0.2640736995512838,9.520935039059154
1.5121340513778279,8.767860173149682
0.2314947026402927,11.241255667536223
1.8391640816194008,10.756982364340104
-1.805220606400281,9.85625451159821
-1.6079692608770357,10.019370759617008
-1.8237365537184744,12.335604623156883
-1.25889259866584,9.090617928676847
0.16508044376671238,9.760376131335184
0.582288725709712,9.028165272654668
-1.8176593682053248,10.258353703578901
1.7838835593823972,9.892557265081535
1.3686615066015242,9.255039886754115
-0.8135500713716275,11.037867253279822
-1.6912498790941282,11.90652672087348
-1.320451707123771,10.553495052271359
-1.4922223449801093,9.057357330458759
-1.5068648828042126,12.232489125457896
0.07424675466293573,10.419063240911472
-1.0166102300263988,9.618568075606763
-0.5674411338834222,9.213533680671839
1.9580213335372898,9.659061300961014
0.737256995701379,8.830946724242825
1.7959226681880054,9.139171313510172
-1.4297737798675376,8.526694919576926
-0.4714421006697229,7.893622319314753
0.2189272131294171,8.688033256703134
-1.692967752445048,10.468581419172535
-1.9832502254881685,12.404913334178588
0.6817373351876701,9.960188148695734
0.5672780672057414,10.611452228728108
-0.35684476000155296,8.72730685834557
-0.04142369587186945,9.240474609051784
-0.3382279976316416,9.839815089760577
-1.9039798206204446,11.42794788349099
-0.6585135751301503,8.31409423167489
-1.2916709784108407,11.218144164496913
-1.606303243594525,10.759591274254008
1.8268817355573992,10.50469799486362
0.39743890016866246,11.482673038931496
0.9146251369464107,7.568538998739853
-0.73854502693553,10.173097484186522
-0.4274114820239392,11.092361485140387
-1.052304024413106,7.315271891069441
-1.612137316138301,10.200413563203893
-1.2838734502336648,11.617765688287696
1.1900561811859434,9.770734573278544
0.7101832207351033,10.084419109519654
0.1877155039419076,10.201665608062571
-0.09964050853292772,10.263927925742824
1.6897371346244978,10.027064157817183
-1.7090602088853264,10.289421743639583
-0.8775967470483361,10.255100687572751
-0.6002485857171438,10.604839502400464
1.1297032488511514,8.630498034914543
1.9700584806478854,10.413608747606368
-1.0373179409713877,10.764459174903113
1.4972293365483225,7.874057402424709
1.3224910417271651,12.370767916645201
-1.1013704094329335,9.66684657755053
-0.4026696792031097,10.261138294248973
-0.36130852282992354,10.676402190897461
1.9128826741062332,10.881829626166326
-1.2764323944844067,11.624578288803011
1.1966318844191282,10.248237280330699
-0.6632291433075603,10.977470804949858
0.9234813831046416,11.092851276907082
-0.3199559828173486,11.367894189282413
0.3134390524661601,11.01371977531666
1.3304470933045245,9.761274236034339
1.2166622599355366,10.47489399906501
1.4656927341588006,9.790799683705377
-1.761530698621364,9.27523475737388
0.7682022121589793,11.271860493644711
-1.4400504931129485,8.843682110432901
-0.336725727926356,11.524834005015688
0.1943536602187539,10.0424490021199
-0.389042061012677,9.13324686393872
0.07844670321202996,8.844752808100631
1.9861052351944766,9.675560561172006
-1.459130745148581,10.857611775709428
0.7018241813457022,10.040235779143545
-0.41599613445753914,11.050895322400285
-1.4679608043706849,10.227733756440482
-1.3650529465027619,9.426503485259776
1.7970924249824676,9.255028556520223
1.518405986847048,9.31556176237642
1.6281678416600873,9.754479129071239
1.966131103309546,11.300929205465916
-1.1667384399659282,9.578293093409892
-0.578242650543753,9.955422356786219
0.6768761196994668,10.161467145492383
-0.064789840557411,9.767363598065948
-0.32644186648666595,9.751518648335393
-0.5687550026576278,9.121168418286247
0.37512252777380883,9.496009819682957
0.302373714560328,7.865612073344626
-1.3541686637430397,10.24804842008923
-0.11304064992624374,11.842143360309775
0.21388710483939954,9.06407338042295
0.2811477549255619,9.832282894965735
-1.1595712283505928,11.122178993131312
0.9690855690091471,10.788585292437487
-1.8992036207157215,11.04868354653313
-0.5806725778273494,10.334110238688753
1.1208505941425342,9.876467199465786
0.25557168422160936,10.525749421558801
-0.955350269956559,9.292700060840732
0.7798124773721908,8.90406928799494
0.26956377662429354,10.583535324234877
1.1849744378255487,9.718185624751493
0.9401007447592935,10.100722393879867
0.4404316881449386,8.91579654764943
-0.047289298756743925,8.617840285015156
-1.4672714973299064,11.989604349075258
-0.9546679284584649,8.774584465508207
-0.3236021083316589,7.806714112818282
0.3971971480255547,11.600252133766563
0.05483142086121928,10.86985864679703
-0.8472618961618821,10.07281783706311
-1.9741425688411578,11.49711304518995
-0.015043112396744274,10.9445043430102
-0.8574960457510277,8.289517027917453
0.9384332028421403,10.958631424575016
-1.904214938918066,10.5914648406314
0.33931124522316347,9.330779887582167
1.7658969500242616,10.394458366604606
-1.302362931554002,11.904378360508518
-0.11340203699761853,12.760177062364304
-1.6343120327314473,11.740881608651382
0.5027276490454105,9.480908922340388
0.20212672238490237,8.613730027583937
-0.37053790314867063,9.652596581519717
0.08550808589496484,10.64526481986875
1.5862986338760408,8.886996140347982
-1.2148227907557319,12.534541245930328
-1.909741953178611,10.932665985916682
1.4466595387964039,10.998907880425591
0.30846832955162595,9.553150164597726
1.5626338218473697,10.865672279018469
0.3877808936526903,10.916521239628576
1.24064435983881,10.179949587415088
-0.28130654657940823,10.957417882656669
0.9994397251530751,7.702373561455522
1.652165867559424,9.6466119179084
0.2884918548888251,9.766832159964581
-1.2768593977504819,10.554650843037914
-0.9248095398792073,10.770457241473963
-1.2054216924103769,10.880051420893482
-1.0125718896170683,10.284473503570174
-0.7743382025958545,12.237508267249744
0.2205351470127539,8.59296781226076
0.35196651785533106,12.29844509756179
-0.2940010110325555,11.470037948557602
0.4616831192833417,11.481759345847935
-1.6737002975545363,9.061598560354621
-1.6488470517673601,9.756860472155681
-1.3126821585693662,10.956668976338051
0.07230999216137901,10.029395888221817
-1.1440212852067457,7.9601636599025625
-0.8668623860296907,9.227998529268984
-0.3987486553080237,9.669032964595504
1.2474644960415193,9.967496786030997
-1.9445514563485595,10.707024982304352
0.5975152809464896,9.553803902600109
0.6755061241627414,10.228748925280371
1.1946231214265461,9.865732573558569
1.7310117562412528,9.069476655905003
-1.9194486042028407,12.205867077234702
-1.3848651779471353,9.655789182106883
1.5446851762239722,8.985808886443108
-0.16592575125193854,8.6175182271036
0.258362555733854,9.156390932599166
0.6521088148925895,8.867338500995231
0.7162664179825495,9.520723906653961
1.7269616132660328,9.7264341452087
1.9877976696466786,10.86902062481256
0.880629843723761,7.834034297518923
-0.8511151631793967,11.652272510893578
1.5190096091773744,8.652042994457643
-1.8031163418369536,11.93855201034889
-1.0756765885020152,9.538309800839452
1.5895428698548595,9.791685109791192
-0.9752339422425802,10.747831685951482
-1.1173957615130061,9.653207412150381
-1.447498827439011,10.19667287558218
1.436447030587666,9.154188739718004
0.00023303676434682785,9.557391997081664
0.6995728122166192,10.562451293291304
-1.0437344636998813,8.735658651511974
1.032161684044866,10.335506857487067
1.040022179848394,10.865051954460725
-0.7496079003667995,10.660776176593512
-0.3572694679588686,10.79394003421736
-1.1612388902791966,10.28636150433691
1.9062440932916171,11.62359060240436
0.5824103082336465,8.97560018269466
1.7381755228620621,8.429505177683609
-0.7864578254834673,10.134465568881714
1.127563651987559,10.740901124255412
1.063434575538968,9.509330424047338
0.7666226074661662,9.359970288574939
1.8625559010672017,9.592328806864845
-0.4257786555747378,10.534626157451271
-1.4771307056409708,11.422507028927626
0.686835436976243,10.384942790705047
0.9172392019088247,8.684109461041594
0.3002422938352587,10.299472357207033
-1.172728427466415,9.40919736057115
0.01782376667742147,9.883958232137562
-0.7512410537234824,8.518091406329033
-0.29013388733324375,9.166047386232098
0.5808743033786556,9.743102044228502
0.9808589707633382,9.175248584190012
-1.0711012363946275,11.10491821427343
-0.3786985574121866,9.334680012799073
-0.9233537160334833,9.622925488415966
-1.2054735445525235,10.18804977862822
1.1335488799833535,10.895596499987574
1.6370107777479697,8.696531045644594
-0.5190712572616931,10.062067894796547
1.0051156974950675,10.927569437752682
1.5879811574576443,10.597068663143691
1.3844968421209263,11.78178992911346
-1.2687464458430964,10.460833565024203
1.8251675260534452,11.99145116061585
-0.49329423828215013,11.746829791868524
-0.6430373553046547,9.623145349360914
-1.7502746908888787,10.062012009640865
-0.05530538358046799,11.5793547995857
-1.5639455374362852,10.080880422257973
-1.005840716290296,9.812451475904117
-0.7322295129308745,9.231450289515998
1.2353052939667362,9.601680080330404
1.501954601583586,8.069127393199755
-0.7901347301541213,9.451608787949546
1.4347924849782956,9.955343240751962
1.4289237494791642,8.215876741952224
1.058603801539494,9.569609873314356
-1.4132195439392738,7.952626861386893
0.7612913876029159,8.968303965660374
1.780096258322275,9.366593410871122
0.7301619150686283,11.509905568889774
-0.6735326035686642,11.024290444452713
0.0023172697233251327,10.010917521719598
0.5829001734042145,8.811367780813331
0.042281634914014266,10.605403790818947
-1.5201882330761207,10.686160768399995
-0.7517438213919174,8.90129402003349
1.20958412221453,9.930600321544393
1.4456721843820697,9.599479443852253
-1.450799869137719,9.125652838000367
1.8095470095948984,9.490404908165697
-0.6847095286055627,10.88806152024683
0.6492549549228799,10.351558802008855
1.0073005838267246,9.254185881637955
1.2477849385515336,10.738168468057447
1.7829988089037205,10.190531711527594
-0.7483218078847096,7.9813116272026825
1.434025818206218,9.091605192364616
-1.4732523862551719,10.316476237238092
0.8201636254143709,8.814889363627996
0.9679109180559435,9.974045791948203
0.7108929648052817,10.684792442361866
-0.9907410554593881,9.764064954353033
1.4921725880608134,9.147785616612014
-1.32456614651842,9.885909523114826
-1.7854608339166766,10.482643468196848
0.8698599624476486,12.811264996479439
-0.09809713906906525,9.976131694594862
1.3963920798347043,8.341906912581289
-0.4664114357669642,10.42302282543576
-1.3268856459691487,10.070869203240765
1.345768769879479,9.22430712583542
0.19563852656028669,9.393272463186975
-1.2432168304385804,11.326603062171781
0.881535994345783,9.20386906944342
0.04445455395800213,10.189944107671087
0.4172519289612793,9.868015829906307
-0.15640664717367248,9.177435549703123
1.3148359352720256,10.783870614704554
1.3182508627321994,8.771038596512893
0.8375552872975449,10.406241752299307
-1.578394490414151,10.093572452062872
1.3554154476162754,8.964091882694364
0.6840519221316392,8.376409527032838
0.788096664017198,10.008046150422459
-0.5480686383845135,10.814600550138481
1.5171182246280268,9.409678744773311
0.9014864009394299,10.645212963652119
-1.5496381338832221,10.09378769138479
-0.3688878623753493,9.326482789003178
1.5455214478405668,9.61895205705215
-1.811213193210484,11.60969499079753
1.845666478568198,10.757708118931452
0.7166502732782511,12.004418646913663
0.5255039105735064,10.040406072091582
-0.9177629740480344,8.90044931213114
-1.0048328450432917,9.486537511879968
1.7682328779543819,9.618525730023944
-0.806910183063509,9.647336073603965
1.1020211868759975,10.354332493671462
-0.4275128071716834,11.648937756630847
-1.442983716861184,9.639523014665672
-1.9571388092185642,10.149922539464754
0.17702934806100323,9.966735724545066
1.9031152741957307,11.721944590560106
-0.5234552247631821,11.73745781758788
-0.5712306640278206,9.353110184767859
-0.6236335286022316,10.134086272083296
0.0821753492194337,8.627198178019134
-0.2373404663028258,9.020127099006647
1.519658506908058,10.413474693933304
0.02208316689396117,9.565110112909334
0.031031352754275154,9.679245715836569
-1.4465136211177736,11.922018437324239
1.9309581636415438,11.606624116604952
-1.0001084365246813,7.992950503713015
-1.7065437301615893,9.153533755151267
0.6525849959008352,8.849103114929623
0.38146548062749064,9.473500864419368
-0.3394173840290171,10.956004556196028
-0.31123106447728777,9.119663315295561
1.1402556841857248,11.70744871456685
-1.2171494396014038,9.908490799497466
1.281013275779559,10.576924397776628
0.5949884555800726,10.94746623868949
-0.3241209048819025,10.193980203355839
-0.16788553366452552,7.9196844738166785
-0.9734111712556168,9.967787723450158
1.0084573307878992,8.985930702456255
0.051498969221071,11.671827976158104
-0.7165818290006256,9.575449599197551
0.38420046304380095,9.894589019597253
1.9829378082052922,11.9649405157435
-0.25895088137378464,10.635968833453285
1.6827656031144782,10.526265283738194
-0.6199326403017356,8.297111775319795
-1.7810691723000565,10.119162507222732
-1.1830315745262845,11.427200826570775
-0.3252194266892632,10.012473922653164
-1.121460285621724,9.010523617387035
-1.9990918471269779,11.559664806802772
1.660006150990109,10.355694725294823
1.375517644923716,9.453938026812471
0.9691689259477885,11.072671237101977
-1.3287416174158855,11.95209779082563
-1.5185456951600558,8.11430933165778
-1.7295810021104674,10.200100682304315
0.8961167550916849,10.917625066546796
1.7152318427515412,7.113106628079901
-0.27785671634785203,10.421354251702327
-1.5234373120158073,11.954624216838763
0.049571282928426275,9.104110138991645
-0.6046723701654795,9.381325511859469
-0.5007003026000092,10.085398136195481
0.4853224966228291,11.71231030926337
0.8748724530488095,12.148589288738592
-1.5575856045073566,11.548499762335279
-1.8576390767740945,11.397100413700704
1.9773212107428595,9.486249599333611
-1.0690866043377927,9.115689599585266
-1.7846779003661637,10.377865347478462
-1.24049868361632,10.02499266560164
-1.8441686146061431,10.527646957945029
-0.43275642153131333,9.60502235625765
1.209607137805297,8.839190648943692
-0.6350222009691175,9.725786554618876
-0.2232663724865338,10.274024569963531
0.7023470942697552,10.577958991236041
0.035576280279520756,11.674890806884916
1.4457827440852968,9.46910624209771
1.464142700183026,8.696705271088872
-1.9603572180353854,11.144423319089125
1.1121852259327967,10.986628893945749
-0.15706559903330453,9.942967873654034
1.9553621652146522,11.586700067512432
-0.06707169649825939,8.016598533663975
1.94758378155319,11.889375316803015
1.0182774448229464,11.176700696608808
-1.0055804615467747,11.291721292069761
0.1535799171478307,9.322699567372219
1.968542557914331,8.971125964527904
1.4301224310076948,10.119483198404925
-1.6105324248351156,9.894110273966781
0.8254879872399843,9.622569812310976
-0.6176816565167478,10.453976456645442
-1.9720709524786075,9.551682470866321
-0.38607612389200163,8.714752001239795
-1.0609823131001148,9.582352227228649
1.2754770820818861,10.419519536439054
-0.650677564616938,10.159241718044278
1.3100947758152683,9.365323337230613
-1.9976082446608188,11.883829515093064
-0.7687233998955234,9.435803236945043
-1.0353391427689522,10.64745193185055
-1.065730555725556,8.6403084602377
-1.7272535209381492,10.9421307303002
-1.251502918357993,9.352605105685527
0.2221982795424795,8.22666314238995
-0.8345557086490221,11.313288410405175
-0.3304208706834082,10.232090924238353
-0.49253247861124594,10.908972045648722
1.5036196999995783,9.831939849177985
1.6211959960420619,9.442391218178518
-0.028172113376559782,11.429549466442229
-0.6793761987375824,7.804569641293731
-1.5727971839905455,10.233760021815069
1.81361151752838,9.806418825701114
-1.7590922203988102,9.013026585299276
-0.8093988897268782,9.222418586349542
-0.8077351953199834,10.507821232217232
-0.7183948554391404,11.432779964025633
-1.342852626910363,9.796337755146808
1.1326457236947887,9.456209351404942
-1.5100085521360431,9.208339103044368
0.5396266366126512,8.641508980611395
-1.5046158931767302,10.88109233527277
-1.7178574496281738,11.461579949527751
1.637718014743506,8.34828599674953
-1.2394849347251773,10.164061136578844
1.2850006182388172,10.128793507566456
0.17852348442854327,10.766731975723646
-1.6885739215649216,7.937959293831252
1.82179276575227,10.449434676028169
-1.01215533203243,10.445732558586657
1.438581381410426,6.502954808810465
-1.3247599768617433,9.786493145079987
1.4157715285674115,12.23993928584611
-1.947084748378824,11.407686183488883
0.04712182627792272,9.928477661330337
1.0777703176862272,10.151632237601783
1.7391820699711333,8.028884724373341
1.6368085448259482,10.068984971978526
1.2784994781905796,11.711161721876326
1.5527653986452163,8.760802238299103
-1.203121256651694,11.031212378484854
-0.863262817153085,10.031549502056693
-0.844125900315766,11.13699504154094
-0.49178427599320473,9.182962029916133
-0.4267173184592452,10.977154063005962
0.17822129861870195,10.877873003351725
-1.3604809465342345,7.759629380095231
0.7649866551439573,11.312678341650546
-1.329733842781974,11.725658166422516
-0.7587660715818099,9.38753719047784
0.013380522424616181,9.714187357822187
1.1857622460939092,9.664035518550307
0.957876932954909,11.60479519783797
0.582137425642089,9.728237737511755
-1.3769069576793194,10.441293768051342
0.18818138246231086,11.477876690158721
-1.6502139928004582,11.407694903618754
-0.49054729281339693,12.094184385754737
-0.34593387884016336,10.188818486076988
-1.8407542422169847,12.060602764391314
-0.9040476021201127,11.130900003728996
1.8225978690659574,9.888637831082814
1.814530431318758,9.621884563390342
-0.5906917829898428,11.056937672861956
-1.8275995642067038,12.21347458360598
-1.2836202426872738,12.066355829686925
-0.4311288262658395,11.759941656408747
1.7911187918769191,10.16088810928714
-1.4352037458512603,10.360412565130009
1.054063374672849,8.99065293813685
-1.5652698425012317,11.55815098753566
1.9250303095651073,10.556907148277261
-0.4735340035634601,9.117714434450573
1.100938155596224,10.41987827699579
-0.6296356687554727,10.674793678812982
0.5106755086352348,8.734037769562779
-1.231935661039853,10.200788156449297
-1.4159159228121498,8.335646068600877
1.7522565582725251,11.08822059370861
1.6705891116177338,10.856855137253937
1.5498757608515294,10.193913892035129
0.5017338006663739,11.5082104018568
1.233072844865113,8.590223779404774
-1.7238522523545003,10.863671231190267
-0.6608438324372834,9.364476404050803
-0.7451875009713751,9.52125027727758
0.542581287810453,9.607884419400051
-0.576168906117438,10.927727067777937
-1.4059728734252768,8.448466071964999
0.38586830165417485,9.7145216920691
1.257535682676326,10.012158293011392
-0.4715060221601073,10.150975018250751
-1.4709251396060732,11.094678939400836
-1.2132472107487078,12.125612152247415
-1.050066779322464,9.135636601720943
-0.8004096280218551,11.891874207617883
0.5711802820252365,9.614398475557788
0.40378193815087604,12.084722503575179
0.7843194462681566,10.495855269228754
-0.5499920618739473,10.199522908538196
1.2959906075199132,11.527376092821164
-1.183649355376959,10.09544480647147
-0.12383700992738422,10.734886547571165
1.2037548861657212,9.919349154972842
-1.279365409069523,8.509771064023699
-1.5605475450368682,11.554451160118608
1.534735870751959,8.29245318717885
-0.6282813489632164,9.613858094119447
0.7354804996361279,9.770516524797646
-1.898605582944246,11.648163446413747
0.7601875536377984,8.911641379651332
-0.7355947538121179,11.901094536403797
-1.777036585650233,11.86371871613315
0.43925104619246813,11.071622011771614
-1.036784735707307,10.311596622333614
-0.45277103179248,8.406913403404848
-1.6776767508539456,8.760578747281999
-1.4113469956202187,8.053656398675063
-0.808091058016625,8.980762402623023
-1.6409619977593715,10.541373348720505
1.643305058745261,9.364325201576637
-1.9758118272640863,11.247892675232935
-0.06455912454275436,8.3893682070379
-1.5070101674697942,10.992269888935526
-0.7692836420882059,10.756046776926512
1.704238239273062,10.436566045428249
-1.3532217869040526,7.999322067139948
1.8633292788733304,9.833818631476955
-1.1768224920423132,9.745007325441497
0.9662644338673183,10.3068773311971
0.18670905958924688,9.875410505921561
1.5379149103870366,8.854554082842192
0.21597302201252377,8.82176520969036
0.13823687662523465,10.275256051579099
-1.2181679985264005,11.274986570927098
-1.335082551793365,10.334376340929275
1.6659566044620568,10.943706244673553
-0.6886472045998637,9.547180937612364
-0.5116709801484163,11.080451288262449
1.0392946337135536,10.325858591180381
-0.6447060703087706,9.364720422499149
1.808249786556011,10.281098281968582
0.9517110759952012,9.775798535275348
0.38971697029368,12.298136887832529
1.52358064217901,10.750850274768183
-1.801576366602069,10.811878476175615
-0.971749231243165,8.961354261631634
-0.1398546631163602,7.920964582409607
-1.092085842113916,10.384619961097892
0.9756207492086078,10.085400068364676
1.6768321242149007,9.851524106353642
-0.3049195202763064,8.797023464791243
-0.6314695995524202,9.572093550564103
1.846202928550265,10.826374867053474
-0.22059026868983667,10.274679014724699
-0.043806398202867136,9.618661052604184
-0.5934005106323785,11.337815369376033
1.6381938920485535,9.207344579585069
0.275821933127403,9.635755960220331
1.0486983487265786,9.081077332572969
1.2472268734035454,9.542182990810824
-0.6326038323309673,9.659332084395928
-0.2652226747184798,10.137245824763628
1.3938870976250586,11.630047749142012
-0.546978593296759,10.224243239973601
1.1757405338074052,10.978005645190626
1.7639692902977484,11.239885766297643
0.4928414922720279,10.487009658301453
0.9665091498075555,9.672691681231845
1.2203892481645395,10.196899666998297
1.38015859558657,10.512105562088939
-0.4197866485728161,10.686227692997045
-1.7949461632960073,10.093788604615012
-0.3924949150530419,9.864951843978753
0.6950249191363591,10.801285806457235
-0.19859845687682887,8.64449570223912
0.9958526034415942,8.939807329308005
-0.5720702821253445,11.741785734571321
0.5389765644161182,8.174777951503874
-1.2543207805841017,10.818953483502279
0.9974777465798277,9.241735922977284
0.18278387525210338,9.568018287127352
-1.1837424458135977,9.01411261353901
-0.832355306008771,8.797108322450837
0.9944348343273295,8.671464323926186
-0.06959505735391724,8.885053821438996
-1.1358742384277112,9.011802200232397
1.8690847614811905,12.659880195929365
0.8605000792675517,11.34625591014262
1.8285393301591846,9.630145561767542
-0.29157981855862714,10.223848292788952
-0.09959863723311813,7.152417878366537
1.5918208647400767,10.124597711871242
0.10019736098153853,8.453128328223611
0.8291156476226687,10.702569413330517
-0.9913084900178801,12.09787124489701
-0.21309412518943782,8.495352585623836
-1.5062005367585796,9.953788769714627
-1.1760798564921533,8.628381744685965
-1.9962263389294757,11.561855979098631
-1.842939793405359,9.742330534481887
1.9091352927077172,9.096672433267155
-1.0305852194529508,10.088961027457223
0.6532428380160078,9.361903980841719
1.3563987951984462,11.088751345052785
0.20264183694625704,8.823883382395897
-1.3874219996641752,7.54638244928336
0.9124657493446655,8.804121867362259
0.4010056403983322,10.044196591278771
0.9250023573895003,9.336929982841642
1.0789864914283487,9.488760969511027
1.9016414707389804,10.460836996124655
0.2942531201068399,8.834338884123005
-0.6334355492375927,10.753627967986368
0.5938582276009483,11.536082845557406
-1.7262371630294955,13.37176502026509
1.5895892732863453,9.119399137338892
-1.5224759546472129,11.82483561283103
-0.688628648456727,10.619731527724722
1.2629815225044836,10.253390358975867
0.3892495133228473,10.859083680027013
-0.42545791889023166,10.815668950536695
-0.10625736249991435,11.34983749560654
1.4181895728087213,9.239067376483137
-0.6399824557604314,7.798758726132478
1.4785987392486852,10.177209504038434
-1.647462276093234,11.111911400911357
1.107193748834523,12.180982793535545
1.3901905322189454,11.342338596035951
-1.272729388650645,8.416445754299088
-0.27861387051119824,9.318095389713815
-1.3380009013453775,10.149379499995469
0.826416515976871,10.459404037242836
0.14139107224662695,10.716882706985322
0.5412933868332841,10.889703909779644
-1.2140521321751554,12.961095966777993
-1.153016551790322,11.985800486547145
-1.8340106979603745,9.973759930663586
-0.7117298592170811,10.533694998350262
0.2389786453346998,12.547855850371846
1.4317396559893152,9.746989545341686
0.6677097898347228,10.174014936148707
-0.2584147064009943,10.09631591676475
1.8124804575765512,10.170692427498391
0.8769808023033274,11.101899251341218
1.7206608114502,9.048404789840927
0.11035189308866267,10.030584115443528
-0.9643829008274416,10.184607033302637
-1.788693254541112,9.203179831291832
0.904339405935402,10.062260874732635
-1.5147880079778635,10.677797562716831
-0.7888994869121313,10.053680757159379
0.12988363153558957,8.317033607471764
0.2576663511189907,10.832969396231878
0.4023327879485441,11.258607894952233
-1.3349786786011975,10.226617070114896
-0.481050380713405,9.82622801885069
0.4687769084678668,11.220188904708372
1.879275458535139,8.47642357226038
0.9105245507987547,8.246976821140962
1.6904150283758312,9.4855439976762
1.0488482332567082,11.131616108600687
0.36686787556960176,9.579803645712989
-1.2319065234546218,9.491141052113782
0.6667426075700522,10.920700944844269
0.49351826383962827,9.288544637165327
0.4098766818290658,10.235370851507062
-0.04085652804703699,8.681316949930448
0.11462641595710243,9.501404005183842
-0.6622298915275837,10.699512586804259
0.0772507705692127,12.1670633426021
-1.209776377286087,9.539303112408613
1.220697589441507,9.90137798888442
-1.2568921812051688,9.659868189845586
-1.6601348404421343,9.701589228709839
-0.2550158945713705,11.068830947270605
0.6332297580242474,10.728162195022959
-0.24913270026583456,9.741427978784667
-0.8929834721947656,8.43345179048602
0.23268473556176295,11.259864195309538
-0.6119906583512003,8.810423243304612
1.7314707605065323,8.642734639193055
1.6905805584142883,9.037031414981222
0.009487279888381828,7.793438173203921
-0.6884640239269659,9.339584912846556
0.9485296558265564,9.769544749915307
-1.8531482260677334,9.802756184850965
-0.10092397582539503,9.383026060285868
-0.6547064229186659,9.642370240298417
1.6821435404102187,8.383706697099349
-1.9519878909092698,10.662783638701022
0.21125950287339634,8.965462736526101
0.962654324266504,8.759766498544998
-0.059928049903835046,9.181869530405987
-1.6583878793491134,11.13095387373964
1.8898455601116089,7.9355557779849795
0.0720417255043917,11.374211028354399
0.45674497727604546,9.497922542988361
-1.0535608691699707,7.9443339786311755
-0.06600765957278476,10.85672055632384
-0.28340203216671256,9.70402658794003
-1.700416631992065,8.89775004985157
-1.575358585810131,12.082263637680093
1.3498900784750982,8.539941079544526
-1.040720191173639,10.890509811227727
-1.2201669140054778,10.460890707828339
0.019645805000557015,9.908332383488046
1.0749885254500517,9.082873049751184
-1.7522139256840483,8.270773601946374
0.30723167855302336,11.094721098122541
-1.5231582286377066,10.210855059169901
-1.8541557966975262,9.388382174525384
-1.7890241913511304,10.932710468526594
1.3366564328337653,9.12333926256137
-1.5281100654877537,10.382454964792112
-1.8193945423508322,9.711355392054614
-0.24840045142835088,8.957007168363267
1.3759738877680991,11.828623065931483
-0.9503664940427923,9.56958853757389
-0.3131495298963345,9.917387710974769
-1.840309869744995,9.33218819555855
-0.2036859434604965,9.588321164079284
0.3104523225485347,10.487092669678285
0.28362821500857915,9.094718755241274
-0.6702932313025394,7.728120754516377
-0.7378672773474579,10.57856736749729
-1.5735055242536085,10.094276628454494
-0.5328067174149265,9.601539512995595
-1.6020213245081414,9.341409161586629
1.0663837788482065,11.807023615216183
1.8650971909927434,9.943395735050249
1.8802978266668275,9.880722694966789
1.4602843975015753,10.925855354397703
0.40316859735847643,10.5902409757671
0.8034627889755197,10.719523452211135
-0.8591767892783437,9.455603139781354
0.5230816806904826,10.21885278490386
-0.17740180224049018,11.143679299740997
-0.07193064089226997,10.650602917826072
1.0311062415006318,7.715475108472278
-0.8723265776109934,11.745753853751989
-0.7278415532219205,8.853375963994091
1.6985671645145466,9.625067811576557
-1.775102820596111,12.75076437529475
-0.05746280634663847,10.998063073389185
1.6512032016314468,9.799050000316734
0.441452031272628,10.313563120175154
0.18562829684852833,10.630978597656648
-1.0010232830825792,8.996869573015973
-0.6268980437422069,9.742582101436248
1.4081936632187717,9.822375591909376
0.23687252707383255,10.264947073023578
0.0589687750271195,9.920821350318416
-1.6016811458398843,9.669322791222758
-1.9358873741795075,12.740620764745795
1.8547407547481964,10.908121647239575
-0.4920553308526334,10.648199310625568
0.41285224839801726,10.375941443757382
-1.68113970725086,9.637836801149184
0.7324571428921862,11.15484953914765
1.7302668348238437,8.013189289125046
0.30266101198967865,9.699339041830335
-1.4955387104983577,9.848738861719294
0.3268861098939069,11.387502165740624
1.0653888524186095,9.63848343172414
-0.37433385370392536,9.315325086412436
1.5193509917658714,11.63488676171338
0.5947318134294579,11.449298274136526
1.59699567315681,10.84328768472581
0.49402124498934885,11.165118119902306
-1.474848111980703,9.808997519243016
-0.7612331555792435,11.263983758818854
-1.1928202069901723,11.705613320617456
1.6353059908674492,10.182771698806816
1.0416002691499306,10.291106645202435
0.7055934756400242,9.762102258095217
-0.7961347214735133,8.186925647268573
-1.263820911799146,9.299856573694068
1.0258043519556472,9.515100388555446
-0.10336821648368133,9.984922445625138
-1.0968417913974835,10.22270297812262
0.46648791266110035,11.32161951141038
-1.838664591446192,11.85382199600289
-0.695318983486986,10.186276258622058
-0.12577202163546142,8.93743418320286
-1.4081666635623766,7.395492332468394
1.9386179103633583,9.97024921093005
-1.163610541641543,9.02145281689401
-1.4785874798269378,10.629665951430015
-1.1858605044524144,9.578489903958403
1.076244532638897,10.287730722531798
-0.2979773629126288,8.673187859460151
0.26166375901015204,8.777643998881699
-1.915963372054557,12.614406141764103
-1.8622747657067418,10.7946672694618
-0.21669780069193534,8.457308859476381
1.266620972806494,9.947294157428683
1.540955514830261,10.330454029046486
-1.6531737296174391,10.508891157481854
0.15345240840409113,9.105271423024202
1.652918745117082,10.352585819974003
-0.44810898240845454,7.109938037824476
1.3182633257134744,10.505863782891751
-1.4652173824022552,10.712764742407646
1.7415779586711948,9.121812940986949
1.0056932701252106,11.2793551637959
1.7653375711476067,9.88773805778417
0.7064689342100259,9.624482005688842
-0.546384272002292,10.362360624126888
1.7527246900988898,9.73735826456701
-0.8977328947632861,9.902606059788791
-0.6713099117530699,8.452005327421483
0.8032336720069613,9.56831084072244
1.061265198101545,9.868556223203223
1.7176139353966153,9.596451116759223
-1.180790363775162,9.996759560860754
1.1919921408768959,10.376068974699466
0.9541842135878538,11.27854441044507
-1.7448217749856085,10.460915310681283
-0.4511074351591722,9.247696287832547
-0.8689381717596056,8.342629264383994
-0.7820383025838784,9.393652721119256
1.9317875182188033,10.487101831791492
0.5711096539197116,8.702843220522173
0.8707046311739983,10.145347437744489
1.9064705492600367,8.980480308444267
-0.49119287016944524,9.509188609539317
1.2073606738112237,7.564181165262804
-0.26187614678201854,10.76412836747654
1.478134687259919,10.19517995947931
-1.2773698347547873,10.366388815621141
1.7907447082571184,9.16822753327519
-1.1249131663564813,9.208958778806474
-0.6951179720762739,7.642136780576726
1.024768936427122,10.607249342650954
-0.4249794337383732,10.683797752300293
0.4328455070657866,10.889412343750562
-0.221705995722286,10.996070115569841
0.9694797483591273,10.458909236443304
-1.0866749905255566,9.508667587419861
-1.766168051052492,11.331631540336932
-0.800282410107735,10.557971270664334
-0.10276534052627895,9.83576630589562
-1.3279197912292857,10.908285992153587
-0.5808108413744453,10.842100647752618
-0.4000679268257259,9.595920385643925
-1.7704326252469058,10.33199330490451
0.33322899273681816,12.068992019428295
1.53737371188515,9.356521552259071
-1.3930283481877903,9.917077937551154
0.39123205360605606,10.98571854156603
0.658956819643385,11.139527016771817
-0.32266127832284663,8.85929271080841
0.8043903494570799,12.481915065514054
-0.35707382603595184,9.743851977718986
0.018549151909739603,10.892567610611191
-1.970587821782292,12.405035360299959
0.7668804565387553,9.798872563311583
0.6453707157788977,8.797911764785978
-1.8463964906946218,10.378233716294078
-0.5269995704194677,9.599619446264416
1.9161273631666695,10.395636113366987
-0.3170537497255328,11.364937041329652
0.0077816205273668615,10.568278565819801
1.6397206326388742,7.211619511188152
0.8690475034630256,9.969512428560185
0.32828052449689427,9.52989851753745
1.19121872536429,8.522612015575236
1.457465065823893,9.748705051465793
-0.17244771305093254,10.197427912187234
-0.09956654027265843,8.372405970517237
-0.45579625739265683,7.776596616383012
1.8668245600738422,10.2294707712378
0.7886650171614016,10.598946899358403
-1.6671077351677108,8.527870320179911
1.4518384932520738,9.86139349914346
-0.0777602366549277,9.23698894684277
-1.7249843743100501,11.795118036247356
0.1988690206532442,10.024869748487946
-0.3313428840971917,9.675782275116921
1.5109976194504995,10.862733078699897
-1.1840215855624505,10.898796166985111
1.3058584379687317,9.934041159999374
0.2307547647418109,11.095956659925013
-1.7815587871461238,10.865865737730568
1.8873812053019385,9.070660461604863
0.050460976412799674,9.088346824203999
-0.83649258307367,10.533984827413432
-0.12237263204296767,10.88495314666581
1.431431134069956,11.85826104676578
-0.780387502459746,9.15238000821496
-1.2292944140531987,8.947054493167435
-1.4837150122764742,10.470124518012593
-0.808562406439155,10.10470614264421
1.1201923481601739,8.831856209473143
-0.11349453921895325,7.908151825218438
-1.09007358522584,10.024518300857464
-1.3352600015610032,11.22208437807425
-0.6690820939584836,11.273573153291089
1.7596974915428354,9.889826951845315
-0.6278931496399025,11.584428480339493
1.9524963038185414,11.460526955972679
-0.05907817693857531,10.506056628914909
-1.2833443268393965,11.319962900533195
1.5645603671740376,10.720984628178968
-0.15857850746069246,7.2858975846055625
0.8386853740180977,9.627905604296018
1.934846332836607,11.480171540573636
-1.799298598720104,12.082824102095707
-1.6132217608497315,11.340481775090659
0.8818269658510247,8.671342582893546
-0.872699986818112,9.657221271339017
-1.2627944121996038,10.432725665489668
-1.842552480721082,10.593783342123514
-1.9126131520551928,9.92140437759996
1.0979424124791635,9.711864314745998
-1.4622662905218,10.195431196400774
-0.12911753611539645,9.129527965846298
0.42358726071793207,11.070362261451692
-0.286592797724615,8.374068194456303
-1.8915733906550676,10.716390634950047
1.1340060103516354,10.541612413074413
-1.957947101833386,11.791000148266118
1.047559577509936,8.253463802129783
1.5732179751524908,9.812223067853
-0.26864031577131087,8.949681756551293
0.14216989239119293,12.904391575734723
-0.09206642952938493,9.946627107059754
-0.4431655255062448,9.615371870523479
1.549698141481441,10.80194084668613
1.575734042679962,10.660569909069817
-0.6567345414338619,10.391456441706298
0.46027901605879196,9.718681826158294
1.7076302485834565,9.230545726680488
1.8482339957654061,8.912403144181976
0.03583616168819015,8.571242328341702
-0.18870077886269288,9.621106055844322
-0.8852227362858969,10.459195893488044
1.83548749276164,10.083751813360418
-1.4287427821085306,9.660644833005659
0.3193183041909,9.702845704890887
-0.8697989299254445,10.818416014984628
-0.8839668386088135,11.210105884296189
-0.38012565049524616,9.797661046015607
1.9951717432626181,9.692461695803587
-1.7801347726407117,10.595814504662396
0.3141672728141258,12.053872819646251
-1.6697113678588913,10.732768361542504
-1.3819166800379241,8.497946793769056
-0.2417482329084053,9.794747516025355
0.041840525385765215,10.016183090014675
-0.964830366541904,8.88520443493021
-0.7341714765023353,11.678088591868095
-1.6521319189762678,11.02162927996608
-0.7871208646229979,8.783714454661702
1.8662337575221764,9.999210507966957
1.7788295266899268,9.856185764737312
-0.66048683945206,9.173655747311555
0.2834157451150463,8.903412897676146
1.6383815644437774,10.66832455752979
-1.9752647094364133,10.562533916937323
1.2427342813503675,10.364568400915433
1.793478211155676,10.182544800073714
-1.6346970626657717,9.01512493372308
-1.3542092558683159,9.800509750517005
1.8429852110854217,10.53544553589689
0.1501605745613852,11.115303070037477
-1.9432134621131052,10.557138543876976
-0.9694720049458834,9.945003767970185
-0.20022530292456153,12.842613801914846
0.7716356440990708,9.350156011624328
0.9326415125471983,11.547927652248829
1.9816860517018244,10.121461450205778
-0.8499552024649639,9.243847744283952
0.15288040747390097,9.429065362128314
0.13329419143842003,10.10158794348565
-0.37741896221105,9.737535770633034
-1.3233524246303192,8.745968893469758
1.9098262527353702,9.913726906027776
1.4132687466663443,8.167040816354337
-0.0066678868230511945,10.446599270443913
0.41298169073611923,10.759224018981216
-1.0909557857613508,9.943829158512255
0.17514828156698758,10.512616879356989
0.7798805324859033,8.797272793868586
0.06066811354635515,11.541084498543517
1.961140682339765,8.775260968033848
0.44536662499090474,8.758824879472673
-0.5161051496313238,10.160248760422396
1.0886081104633525,10.015846425407364
-1.3181499536734318,10.107557610583966
-0.4619367451749339,7.950428421024235
-0.6121641984896566,9.700231700372893
-0.27277161956889096,8.074646594777022
1.1271193037149052,8.938316748814124
-0.06330787134637017,8.713073658734778
1.176057801063851,9.91880938778399
0.3059556125594636,10.631376832633588
-0.6317222613697786,11.770717092861815
1.2399149747338898,8.69403506149945
-1.0468413177876337,9.656548979291223
-1.102468080800818,10.610150321075094
0.018011696219343065,9.939757916564696
-0.9566030161516443,7.830209979808418
-1.9636518601951347,11.177180690568917
0.5931901091952061,11.54743827022065
0.04437528588959205,10.912818135772048
-0.21792874202735524,11.175754359189414
1.8678740584732614,9.82960096714572
0.28479673585165477,8.30766312810192
1.453726311157538,8.676753377215356
-1.4421990551793593,9.518244409565234
0.27682585251771075,9.792141816326305
1.4719185069236116,9.777728908014943
0.332423029119592,9.052573811960393
0.8720567125080061,11.017744963102917
-0.5118257287511705,11.101743009833354
-1.6302019318517336,12.735397123986788
-0.1683988194917143,10.791398376673138
-0.4220824366445699,9.79089281763065
1.4682407295157893,10.922564124744495
-1.024018790590111,10.106776090093
1.8669369101404323,11.27866311156954
1.8325524792179846,10.21161816362838
-1.0094734277142452,10.303609929540075
-0.6077921780907181,10.023673080645802
1.58222296349554,7.136330191870456
1.86648888358443,11.12628193377854
-0.22624358865582384,10.220047948684204
-0.7160118174364087,8.15750860867566
0.10437605300616815,9.113928577552867
0.7510768254629392,11.939342819084695
-0.9061019385000808,10.626266224979041
0.9458926984762912,10.938446439001174
-1.7933705715414359,10.793163826351389
-1.8028220289423342,10.46342363035949
-0.4548491794178191,9.216168456706802
-0.5861072317571177,10.83908920306551
-0.7374671385313909,11.592667140517069
-0.03592094932435996,8.908806112267719
-0.7170656707537151,8.476402791692177
-1.2309683261276323,10.91521661085352
-0.7621218036455963,11.898380462297563
1.8996170912409398,9.023800641962119
-0.3555463320206056,10.221459878953505
-0.22114889256665693,10.913294687460617
0.30617995980456003,9.874181347701665
1.9333630736569063,9.466772150009557
-1.033594894256948,9.282764029494249
0.7251284421297353,10.560264478195391
0.8639387741668965,12.443849989713517
0.4292976671722637,9.01794770373848
-1.6456866414534237,10.42285968312719
0.7074891033103059,11.642472365649045
-1.743621155855298,9.8609561459565
0.3845705981995877,9.188039517608418
0.9583247088869706,10.835717447720532
-1.1561204375201983,9.302051666139144
1.3664880301710962,8.490803543029733
-1.878584777867983,11.670292883444967
1.3752514546332244,10.554696060630683
-0.15868379742893968,10.770192069734078
-1.129648240273422,8.487208113623938
-1.464887420024128,10.86189083342492
1.8132286703294902,9.095151081492103
-1.7093376496753732,9.283139011143652
-1.2036263202562973,12.81999507223009
-0.6087106102678161,10.146251237956855
0.48093939584448187,11.333956821047055
0.17920434110439354,10.222691809874307
-1.497426030350744,11.163587714984498
-0.8410880650471415,11.705654020360313
-1.0449929156559037,10.690963526594983
-1.1458285820386345,9.335870155901707
-0.3554226540800518,9.011003229452937
0.8161258103666276,10.370469532963034
-1.1301882711310562,9.01448499512329
-0.5332844811880744,10.02382671898371
-0.43633029263535095,11.167106865022804
1.9058261177416407,9.086593535344523
1.8186654275162755,10.578526337287691
1.2005503310083037,10.646993100155187
-1.0333643167232593,9.910018587198426
-1.7278507436333213,10.754278267066297
-0.732383449117501,9.168992272979516
-0.9328218022646766,9.775483476600357
0.023703200585575512,11.313434866138085
1.1109116402711723,9.332355946023991
1.433291755515432,8.726632095397623
1.379456341642034,10.657553277833172
-0.561297755107729,9.280682995701095
0.7489373738427316,9.466187689628804
-0.7486632099031199,9.221263260849119
-1.7563778270592691,10.702156931975583
0.8062610624117692,10.997940096639256
-1.9606897897208486,11.368376185541454
-0.36326965016604573,10.807039821242732
-0.6824829227916971,9.722481699291855
0.7735101540754097,9.13737921180498
1.0649818910415156,12.026419188043173
-0.7836214561148647,10.495401425830865
1.246508057779414,9.295644290696888
-0.824332957980265,10.422979258546231
-0.2146945600537551,9.790405759493515
0.9080741080565358,8.019681154052742
0.7716809168991543,7.682483256312783
1.9494738892488002,9.581737362980043
-1.0993559031362725,10.737724617363298
0.6492716541583294,8.593911582052417
0.4387276331031096,10.939429485383489
1.6603938179601196,7.337098040304756
-1.3745514334204998,8.694810430658453
1.0071926543477319,8.829631766805601
0.2730744650750734,9.360769089228143
-0.9013365208483783,9.84861561573694
-0.10226034341130363,10.295623987856025
-0.6648936117208089,10.7046827735856
0.31725361115384354,9.406132671935428
1.5560024432586634,10.992359532095971
0.27721993764880803,10.693019136248326
0.5268896733063362,8.653751698574002
0.0749913884588378,10.553100619205773
-1.7953379742180964,9.412717409589543
-1.068565772495623,10.982624346919298
-0.03199308227166897,9.021684910792676
-0.7590588650211809,9.040305001736535
-1.2729456089552231,9.567144120519362
0.016531367673753294,10.135526580929763
-0.7087608262085987,9.509575860319599
-0.9675694273063411,10.52117276633271
-0.1440583302384768,8.257866310566452
-1.4668629676713074,10.114928657921114
1.7109829323016292,9.413967666316088
1.470808391676956,8.493771016030058
0.8304823429621413,11.223315544133285
-1.5751446896461752,11.330519907833008
1.103509017878772,10.449418794002893
1.231829312436076,10.849237950902028
1.0710584708573507,9.411666218276322
-1.5441364515230354,11.292058517343596
0.5756318282710589,9.639795720173701
1.3372991829975942,10.334536424775244
0.30941360487867087,10.943424764596937
0.585629500912356,10.696187641488445
-0.1665460822947753,10.878088137551876
0.11482927953621047,9.658375984165483
-1.8624925665930991,12.203764061649727
0.5558520878931383,10.243636882791067
-1.6742111484353632,9.746346823336932
-0.2599416226391065,10.958986593812728
-0.8293796093303687,11.218121673378544
0.18171180084685234,10.639206325653054
-1.4663346579071717,10.066176244438811
0.7665736078932728,10.988838713694669
1.1800461477138815,10.214703884128085
-1.346582201027374,9.92176780196891
-1.5827476505924714,11.791963608301813
-1.4179380688505634,10.359572963686533
1.5085102475940069,8.910623060715093
0.11275704702542466,8.472295294180276
-0.13095601596998963,9.959113529863039
-1.573152723590583,10.466887377101086
0.5982240270278472,8.909245949290193
1.4719983675803596,8.66706587690473
1.3127434772938118,8.532038618794626
0.5042188359232052,9.789596508383486
-1.6988851333933055,11.360887277256559
-1.5504118912959481,9.64866865996624
-1.8027640515607013,10.16570021159451
-0.9700831340301228,9.798874508917796
-1.457354131358489,9.229069626424485
-0.9598078389902645,6.695884075174435
-0.4597677771241533,9.036373563824633
1.7719311362845427,8.491635126777474
0.4415042391267683,10.946369598487204
1.3398951427318493,9.999507792520394
0.8414060028493289,12.088359764155499
-1.549987477893473,11.080233718972385
0.9436816254957954,11.60662857784645
-0.8996044737635023,9.33701842198568
0.5564313879788254,12.234256993474062
-0.6361521054280459,10.053733045120435
1.9906890530586367,13.597936056564915
-0.9457940820128887,8.754971231665477
-0.8834781169029213,9.555926313917196
1.7226890222495932,11.360803961898014
-1.9014223814547093,11.91916905227605
0.7867559514927875,10.593605612070242
0.9013055629435125,9.664903404566376
1.3455143096415974,10.018044658841518
1.8977572425539013,10.152304478412532
1.9024076766266096,10.666838256351962
-1.7388929697341444,9.700276569297909
1.28735729101161,9.7617059288639
0.5852397346295253,8.949631981926924
0.5893685374923647,6.551000491586413
-1.4866002935412208,9.378603927123935
0.6007486657826133,11.544905595431995
1.9299303224049913,10.43664067245086
1.6472742781577878,8.043230492657894
-0.2434773567805979,8.85668196276933
-1.8402081068556226,11.583721964548726
-0.5508260399991807,9.922234466924042
1.3055612464022208,10.633097335362866
0.8059964058606641,11.28554922387584
-0.1626253776241744,8.831575982153694
-1.7795938593646756,10.36630786146251
-0.2924210887067895,9.404909294825417
-0.12390024112846598,10.810560522484838
1.7142221315765438,9.551573642728126
0.5643444143286378,8.538806287215982
-0.7533883333814044,9.629138036340395
0.10127305780288554,8.85377348004671
-1.7357787687113597,10.297251482737435
1.8902729425989473,8.65119380902458
-0.559760392277096,10.574867642772881
-0.08853058034745676,10.13022860621392
-0.5788641030523096,11.248822477349709
0.7300469204648006,11.123206361161593
0.6489286333183721,10.894948567551815
0.8612892421165426,11.536945876808323
-0.9274270815523167,9.49670507384701
-0.7373260753437361,10.284036646923653
-1.4989950756151682,9.606624658533304
0.6220398873844504,10.589915421083575
-1.8408114906573898,10.699500908120054
0.39072934209383625,13.078937516962805
1.4787835394065354,10.22213843512664
1.5633285931585341,10.094171866091653
-0.20384895852015328,10.362527965842885
-0.16278524714770493,11.059329320723954
-1.6921232679679306,9.404481140026007
0.6830601017721429,8.961143797403748
1.285037681491382,10.111358587511491
-1.0213797815811478,9.091059109208448
-0.3147964734665414,9.03077434373861
1.3553573470610814,10.87547044393029
1.508481870649152,8.756613397709506
-1.0272800789430963,9.683528548525867
0.20228253816545694,9.629853302210703
-1.2300273974566918,10.719309810357066
-1.5924849434417738,9.657238265217337
1.6444820055678302,10.496291357784617
1.2820300169284367,11.151805716939702
1.0401396072126956,11.803835345645219
-1.8049347247474383,10.549902896814325
1.3749151708410299,10.02129249854306
-0.24782369637846502,9.694560677314698
-0.6304195068165614,10.120217779674713
0.18590544410150578,9.541708830965328
-1.6345870291057767,11.105440923723183
1.0265861974095953,6.2710915029887015
0.3297403075531835,8.737063710411123
-1.25363961250733,11.802826111661119
-1.2470712009238176,10.976190297968405
-1.263005393709303,9.961810798987658
-1.771990449792264,10.704960803451367
0.3511937974867392,12.517809497962702
1.3613927103540324,8.722082783562785
-1.9300071440504456,8.884748768672882
-1.8039814201149058,9.258951402427616
0.2910811067477832,10.311038301610303
1.2779827415442093,11.648988490129996
-0.6930444377254656,10.215148810509108
-0.6015424047691114,7.953145555196016
0.3853859899871037,11.262561511603572
-0.9031484435034121,11.854528884462965
-1.8935665356892635,11.617349695693509
0.9409140724063842,10.239675094179399
0.5025996517658124,9.491785929010158
0.32302399622263644,8.776339631918352
0.9667365159672925,9.981334464377234
0.70092335024815,10.502393672586605
-1.1764720472867154,10.4241326100845
-0.5900758122265954,10.216994624118623
-1.4955594332855,11.285523506788184
-1.4805719463284759,11.522916170244349
0.7047829854261569,10.086902512924551
1.434400427929993,8.281225138359959
1.850930335444556,11.221639501898972
0.5133884701977776,7.948364628738604
-1.2635947065561721,7.9186628296046235
-1.5773986182042772,10.124874878539538
1.2514038861470311,10.413357942883934
0.3150259054399971,9.338420711590187
0.4731400840548794,10.46619438783012
1.125848355018837,9.067873986241187
0.8131089109298064,10.324799581388302
1.3378330114243866,10.722092463348183
-1.775144378160486,9.729025761851455
0.9900825469860193,10.297732394102384
1.4034110292883817,11.603165778744506
-0.8554598301667427,11.27815643151108
0.5617890959730114,7.331279518773333
-0.7433517446521116,9.189070660842004
1.831884265929816,10.049889482037376
-1.866305710257985,9.02847557755242
0.31917137533182016,9.96757943450039
-1.3339858118019396,10.240436660285978
0.8488808207086347,10.789834648740234
-1.2964388663253517,10.078886836209387
-1.0584669524065697,8.684022935059692
-0.02251675581696766,9.80127316280728
1.6593397999875124,8.722356875327883
-1.1531425114081166,9.973186250914523
-1.423039915527586,8.287305808638951
1.0359073274161226,9.448518729277811
0.0024781293357238887,10.158714987152877
1.6471404495270856,9.970921365508527
-1.4135417713606309,9.560127019574063
0.5837115720921573,7.808561940343038
-1.0684834153927398,11.589223498491068
-1.3729582853934428,9.099547218053543
0.7337176606290821,10.856001596921917
0.3747384796349329,10.593924392782819
1.019309833449325,10.406350527129028
-0.7621496942152706,8.571745644927951
-0.20811337447124023,8.171855238224753
-0.3781132946783261,8.27750306345774
1.9363578558660568,10.263202339273601
-0.8310041730424484,10.542352750649272
-0.8207310466129325,9.72541428879075
-0.5818071646855705,10.638093396624898
0.25837632516128606,8.467807653924831
-0.9907090229450191,10.096837668444612
1.6611597615170957,9.85863759502527
-0.937257740534946,9.41710439536596
1.5832629262407787,10.84296416972478
-1.5860997454136614,11.224868516206177
0.6262508095986092,8.309620027482445
1.6279420737529748,8.513438786988207
-1.3250022464070819,10.184158165937491
1.87330784039702,8.41282266024557
-0.18846655833795323,8.940050972134452
1.7828604337640979,8.730602092674431
0.707280174520188,9.685711162586749
-0.7936525205057938,7.7097140059263305
-1.2467899003315743,8.863101061629326
-0.7850598150996024,9.71641047206147
-1.6279303629493,11.858808450813786
-1.424528134626681,7.687117295384178
-1.5813582386140754,10.628803215732422
-0.30822582503376905,10.038695619812406
1.1823135050303457,11.43850230990862
-1.4344657831346392,11.694895885267703
-1.4787182673106565,10.982824528836591
0.573715798069323,9.239428007373766
-1.211268072127735,10.279660714553657
-1.6095598475640336,11.44099141917412
-1.3326056871776895,10.284911176904645
1.6949255835071044,9.871461610939296
1.2858850111047633,12.000562692550353
-0.5837417505796236,9.293330315680596
0.6232830693095712,9.926614615017934
0.1491026946721523,10.346118137375086
0.7084970539302557,11.474224971779506
0.7306846098510373,10.27432792869785
0.5149360602399717,7.946278348570821
-0.9355945258507656,7.334590238893526
-1.8439743169487275,11.828990968791098
-0.17773287203956478,7.674970677791334
1.5638955387628153,9.900230978975024
0.27798903407430364,10.26611188690214
1.3295641668076317,7.566263838976312
1.9664973718449126,11.230970599310037
-1.345535183446895,11.485910835007857
0.7671105565679293,10.482341924195607
0.6971742948000985,11.93369711455114
1.9198217894331138,9.052153215906657
1.9424029358112014,11.054203178295769
0.7467144468965179,8.68780140764191
-1.025540832071223,9.166506034661257
1.1942233525223962,10.628655250918278
-1.5718834631558476,10.425451188806685
1.1227972166865148,10.473651881035046
1.6407844965787857,10.24823392302822
-0.468666420926259,9.191666070042983
0.5225411799323219,11.084769686420326
-0.2794290716126948,8.054788607353569
-0.24893978004748618,10.317827922162905
-0.7585164435675198,11.011911377989827
1.0485184818012985,8.163368159679111
1.7447062566660207,8.351256103463022
1.7630034369378444,9.520621736183472
-1.3008748605002647,10.267618313152598
1.4989745986262641,10.59169481747947
0.9497257657084885,11.768511074513931
-0.988650397238843,9.427924383491053
-1.7308615483139418,10.624465383457109
-0.9280109324624881,8.270597291949947
1.6488329471261025,9.040961428439239
0.5327146995830891,7.7590033552080495
0.8842186435914874,10.616114803042827
-0.9713905955636166,8.401408900776374
0.8775526222992811,11.218916130974968
-1.887513974888305,9.095715153665697
-0.49871461690794483,9.02708988234492
0.5070133941693249,9.923778198275622
-1.415613737834719,9.817963431789677
1.292014297787739,11.365808555094837
-1.0598748047523254,11.054713938211732
0.609124451273785,11.374371430920233
-0.37921142969868127,9.16974873778188
0.3841743819105887,11.184533028853743
-1.5701977894843675,9.537159544674768
-1.9323488003135707,10.79543101875316
1.6382577095212048,10.417444868028642
-0.9214799649312688,9.6992916459719
1.2787080111218363,11.196533682980524
1.9974012018888008,10.713442642951371
-1.1542749680043554,10.167032778603883
-0.9393170352665776,10.030934449928983
0.6514391505386627,7.658273690743409
1.861794538402485,11.042994291543586
1.6632573927629757,10.76584670854498
0.011502080262339565,7.452695579395818
1.1804411301068987,10.188029058580298
-1.4570165876003958,10.83481401894652
1.9097527368160492,8.43302081415727
1.857412936143946,10.815861121980618
-1.3450841684833161,10.964653915979758
-0.8023075007875735,8.596489435783873
-1.5993800099729323,10.63874449388124
-0.9131296044072812,9.315822800566997
1.2638231576608265,9.48961496783107
-0.4867375713389621,8.574735294886798
-1.6464121314129665,9.604713935704257
-0.6310979008843818,11.569227899550715
1.9255333369651204,10.090305787253808
0.5187343810368117,11.973816418945106
-0.335356214375369,10.50300011844782
-1.33384594601092,11.717353147466843
1.9447071891347791,9.688262469953596
1.283396037052515,10.069610201956607
-0.8740907901963224,9.906443369663176
-1.7197252171152422,10.017003003634827
-1.7734977704897679,10.414419246756395
-1.5184874019778647,10.144380538928393
0.3230743344576865,10.972170863618745
1.7150536848219695,9.699812055666051
-0.01302628797606209,10.961711843044206
1.3717819298247886,10.16722298452443
-0.21645352056076872,9.244936342917708
0.8343341830713009,8.942053695948758
0.9274909491460033,11.047332950595905
-1.3041451763866454,10.338528476970623
-0.5551357640967529,9.259257403703392
0.5492086261520956,10.137961045954553
-1.7172135672625353,9.45826473601715
-0.5538392489481736,9.977795132198532
0.13919786512476984,11.49109573287597
1.9848979721785547,9.391179400766863
-0.10186574951023708,10.312624790026382
1.2642270284572943,11.545209649629115
-0.27173085973352906,10.040390127442762
1.1855628904788356,10.847582650844961
0.3816592064804336,7.722812275807824
1.5463817660095933,9.86935734533512
-0.3562297905995604,10.570016101071023
0.41721767928591547,12.65858096319475
0.5200747224753095,10.287973548682228
-0.3304682327981068,11.066787072274222
-1.422751825250074,10.046405281486399
-1.6257623723506578,9.544691485199268
-1.9333137976014676,10.98452557723245
1.4941370569808585,9.06806106799838
-1.0541003510452218,9.807031197007177
-1.1539730028729278,10.11227535094397
0.9441416017042621,9.294916150279581
-0.719935547650433,10.68210502792976
0.024178769647346332,8.065846483558419
-1.3499557388101748,10.572295530868782
1.838982885847877,8.126683821861548
1.4063256000689495,12.061408158467009
1.4551584918600131,8.920317502186794
-0.37290500571197915,9.105577078455768
1.0494448548286912,10.306752903612605
-1.4244953784408794,10.42087699499323
-1.9655239896328789,11.188444930419472
-1.9201082696878875,10.533593473913037
0.3464069496182418,11.879236824247172
-0.17842037900823682,10.66503181632384
0.07206139563407898,10.436223081983732
-1.9701474383311224,10.789119683156018
-0.30925352137029716,10.087904412069253
0.8722726448034432,10.240501611795757
-0.2292251921302566,8.385940006514787
0.928876825248889,8.504418202061569
-1.0679241424126609,11.691344448585255
1.2525680179269019,8.675886208833338
0.3537249618138092,11.526916553021854
-1.156947602280375,9.185516829620154
-1.0531180965846683,10.642065491596178
0.5121218582781482,9.351484535241594
1.3197583728497735,9.938666181917757
-0.3374888718833793,7.779933261870461
-0.9667982834896311,9.621861694352631
1.4680464276424017,8.220991424714347
0.6770731670033396,10.43801813437173
-0.20765805086769396,10.596870471731085
-0.04839921888279264,9.619779638599724
-1.1829741282544144,9.12690206446633
0.5072105202593757,9.66321805864891
-0.5650299578284455,9.646331965192331
1.982580706697397,10.46692973912086
-0.0792659389524486,8.70009919225024
-0.056457575241547264,11.375418947538803
0.2634071496426875,9.402050840341088
1.6670240124749869,9.43278472613177
1.203272399439001,8.296266132754798
-0.1954797208086343,10.103299479528124
0.874797063891184,9.19859507240183
0.3449419951230466,11.690719672975524
-0.030531805195004313,8.966122238802173
-1.230736908862598,9.055705387266487
-0.14425494618043633,9.302025368704061
-1.0167256519097014,8.204741735994459
1.6593685994066187,9.880723161249943
-0.6583727460146123,9.971152302491877
1.8090560581334891,9.419443313964862
0.1322211603788448,9.195370150808976
0.5261775147046412,7.963862117814274
0.17176177795731107,10.702111594637122
-1.4824775321331964,10.118156865056509
-0.49671512396823614,9.748830733063823
-1.6034155508895043,9.145954263977467
0.49181617673352696,8.098439915879313
-0.21250321919824433,9.522192813073529
1.1119398862837473,9.894072430947322
-1.1181180760025207,10.851003488284851
-1.3417357662826603,9.47904481795558
-0.3746710761449288,9.202254786293246
1.7063415328735245,9.61598917696524
0.841687260049647,9.152831685582225
-0.3243055008283253,10.037938171835782
0.06908867901724225,8.375297048140201
-1.6631479552916066,9.028588387061143
1.9383035855044524,11.3258128532079
0.6656292187796757,11.32309216431179
-0.8583837261463101,9.215062271103879
0.34323357686097733,9.797468481000362
-1.562070535724024,10.936344408444132
1.8633466752303343,10.377347970402631
-1.3008600484665362,10.416443924107849
0.5921212722208566,10.471150480765337
-1.0181821498442782,10.547013632033279
0.870245530594143,11.394090106754735
1.1072854689611242,9.815212149933258
0.6936789156457306,11.370257891114825
0.4579978410207701,9.838742188170224
1.5698763758080467,9.126420880119339
-1.6854931560409678,10.7630879917941
-0.6763409368792193,9.952178021563078
-1.0068500814766161,9.903694162423426
1.9520558482616863,9.994036375845273
-0.44244088133250603,9.035004809147516
0.9304507969615949,9.719525631858806
0.7389006555240183,9.809735973129104
-1.151675050090489,10.976396538259308
-1.0440092791537947,9.811560258256435
-0.8748617457878636,9.906562193824124
-0.3554908869624831,8.55393257193755
-1.0626997373978928,9.104694472167251
-1.9213940690126088,11.104424202387438
1.517572227228782,10.826922011283628
1.8624393255235363,10.287085516737772
-0.6337184518737282,8.784798551593752
-0.6459724822981086,10.438212986732092
-1.971632748902516,10.899911772516615
0.7210027533214962,10.604011023496401
1.301759582994515,8.403609393879313
-1.4135667985599873,7.7885077780925105
-1.361334602531397,10.288888047168566
1.160332999885751,11.215554368638722
0.46516299341657863,7.199056279548821
-1.820557769489132,10.247343721622284
0.4901879618491267,8.25141205525102
-0.7643291086249357,10.617598154853152
-0.5250993781166162,10.59805062365667
1.0789256731875208,10.303134809563314
1.2437407706904424,9.504887437762381
-0.39857349264067743,8.855137567410173
1.788611744025419,9.583383880094612
-0.3741491281917111,8.25508548070847
1.0873441409204396,11.239428838226065
-0.06449094174296377,8.00363345330845
1.5901293060883361,8.790040693796515
1.6310449746007145,8.266810060921934
-1.6503327685156646,9.83448395378265
1.7459733252409029,9.702647979376078
1.3021393660816627,9.944456486086501
1.1652428572506675,9.7824118505679
-1.1963546412579102,13.061514087094334
1.2204768350186597,8.685575091764404
1.4005309387401472,11.650154840736777
-0.8433986621833962,10.356625561091542
1.809040313449295,10.755415215608664
-1.800559414403343,10.277681168562445
-1.4003629870114414,8.519909299977476
0.15032455220605723,10.135683407492731
0.30316988448923876,9.566625903324425
0.5806003332036136,9.333262344836415
-1.9321234827381342,14.044170080524243
1.841467098488521,9.209776184202967
-1.821647629063424,11.340024027709541
-1.4277521891063905,9.820179473754127
-1.943941929895772,12.132231302358935
0.26743373317637875,10.575596832001098
1.729067535683889,8.807460680104647
0.6637886643218569,10.744243440060126
1.2906298739217092,9.38390193462771
-1.9468751861656797,11.822324132974362
0.16806119391890428,9.641845630081725
-0.16174808997791246,10.357380291037497
-0.004128223116827812,10.90105007333038
-1.7111472586592482,10.415896351098652
0.7377414442772299,9.631916899390369
0.012881659434537784,8.498433191423295
1.0605953994450559,9.404003081961495
-0.058837463753138586,10.314217878053901
-1.4024734550942717,9.477304770524805
0.5930278163112881,10.49554444075978
-1.310454551579335,9.62581140949852
1.4895782534192596,9.774941221365042
0.45246495627696603,8.474995539202324
-1.371184465772183,9.262322526555897
1.8493522299248273,9.281630778318561
0.07346185334128252,10.777691077062984
-1.70840619251338,9.97385232534366
0.5073316176602689,10.62024981270709
-0.9872043719487591,10.443535830795534
1.2147738075092098,9.49226809668581
1.2712882942647625,9.13809305963799
1.9157894234186474,10.125782707373144
0.007478124098014849,8.181010197937812
-0.18017248108905148,10.093105330195208
1.0139024217859225,9.821996029697791
-1.4701173746322937,10.15955605647516
0.1876620551724968,10.903635591912838
0.18499040052340376,10.356182823399667
-1.6421075087584511,11.400249679167878
-0.3280636579723457,10.284447677339587
1.4131391942688079,9.194403269405178
1.424614487978641,8.944057290507368
-1.603049340321276,10.318144824682005
-1.6371164690086766,8.481893295165381
-0.9492180919922588,9.096027587952426
1.499064250215974,9.915324781477317
-1.4843896597060042,12.370261793102578
0.879987210509785,10.474386017038956
-1.5953375215475871,6.940474086058645
0.4925514149913015,10.772647764977116
-0.5757308035234208,10.229167274911665
1.155655851863468,12.839227879098058
-1.0652382046985456,10.177822181955383
0.5568073175598394,9.463564039476084
-1.0572698616964602,10.269491289695935
0.8546411324486152,9.409431883001522
1.494712138242995,7.270342463902766
-1.4927928034929598,9.601897177881522
1.466382754382014,9.096167148101626
0.3743010176571917,10.222257203210445
-1.491558036531904,10.111929590402307
-0.28983257856115197,9.39865827402633
-1.3565588260596084,8.862262725801433
0.801391555466278,11.038416807638255
1.0354725376717986,9.905828072071204
-1.5768139189088042,10.578215690464004
0.024559410778577373,9.870750144830792
1.2585002241036687,10.170301985228045
1.744652166203986,8.653039846216043
0.054071466967080095,11.00370893916566
1.8011168944456282,10.435996626917344
0.14275588182411925,10.430403061563966
-0.42323802160036816,10.943636273279397
1.392812514211582,10.78474505709903
-0.02806915816764377,11.226087177175213
-0.11238995774190785,11.693757023859245
-0.0387500423606868,11.308800311115107
1.3871400074789815,9.388659342085505
1.3277661667522085,10.000778465140037
-0.3859200302391552,8.976724243321932
-0.6668005605178999,11.268481208072837
-0.0322879038434829,11.233059574850454
0.2910900389484361,8.711468909569685
-1.0466511574880122,9.88151799669325
1.1758203388623625,10.110715977608157
-0.054068937070308465,12.093003966638044
-0.6638178063201616,8.76069271685577
-1.5727160281440375,10.241403660991146
-1.0446193583855723,10.949378003819144
1.7971246870239348,6.283999633476605
-0.7796012527218936,11.57724760311989
-1.3245628425318587,12.464035256632597
-0.1573088333800272,8.69509503320479
-0.7716490265590052,8.123972626472415
-1.8593629989152234,12.213308370509559
-0.707419130882331,10.701207411944594
0.1764344957578743,8.631659705437245
0.2068494880798677,7.640717493621744
-0.5737643152924452,9.625714590953528
-0.21078897498959748,8.44558589713439
1.8620716729390656,10.055459552544722
-0.4906060910787535,12.026585668808256
-0.9670927469600681,8.277912332438477
-1.0261318237329595,9.899491706515445
-0.16894154918346338,10.54083296902775
1.0380805948677763,8.54793021168075
-1.1760472632461072,10.760386797052076
0.8371845085630722,9.82348049995359
-1.9154007066023349,11.50094107493175
-0.3242680880642159,8.59177540213994
1.1034602608111475,11.119174045507446
-0.6450681769022744,9.293425407998914
0.25494840578159783,9.77084269942733
-1.1800830686963568,10.761500547896365
0.9679815645046892,9.144755418223681
-1.7908835869249615,9.406292710968012
1.4101705795020014,8.548315360326216
-1.2072144543133274,8.807118038044113
1.497592126833323,10.815760694348622
-0.5898830347979307,11.234222506286924
0.8907342978979464,11.788818240767181
-0.7230988088552461,10.080345829962251
1.6236466849385902,9.99248845377911
-1.4934514979265026,8.979145736764018
-1.2859208429096052,10.626156187998951
-0.02787949936479084,10.140988086080668
-1.6722462438474155,8.667004699167206
-1.2160792611929523,9.184408982176805
1.7750655288480575,9.437649734036842
1.9059586445915486,10.104282301666103
-0.4949626826783122,8.294589008336253
1.6931440840557426,10.899564177308775
0.17929870269372694,9.066028156484542
-0.9210301365049318,6.835034863575331
0.8095948843223946,11.325290313964157
0.6356072262994288,10.613443876364032
1.9565012764349334,11.754453806800345
-0.9398108503628668,7.404878668346955
0.6882380106469417,8.801178770443387
-1.7919049798822124,10.773435672222295
-1.5454158452131224,11.57632790642753
-1.984326500195627,11.092845525500861
1.9978427242386925,11.52820232857687
1.209094788589911,8.745659401172324
1.1468920589341631,11.775736114439587
0.03890430115271881,10.451573602160146
-0.7997316683782403,10.641239436063106
-1.3949428621492963,8.110106487606851
-0.8613010446141454,10.209658580872187
-0.4961151122834435,8.974364812516047
1.0252403879211762,10.527848834156394
0.15864715561260967,10.130806133432683
-1.6900654937780692,8.799297060655283
-1.927883964164351,10.27862920246189
-1.5906712818637474,11.520415228122932
-0.35800514521048266,8.822996846034279
1.7327716681960732,11.331065645891755
0.5496099248368864,10.6644548743937
1.2073035995020605,10.77227822566532
-0.13450162198180582,9.866604770068532
-0.5533356672198289,9.047129339352463
-1.566398509133509,10.270821220892563
1.5037320887448198,10.468753873317404
1.1326401161116113,11.313778343488917
-1.3275276096090995,11.042467336845432
0.04904225550504204,9.883777105537563
-0.05050076831502048,12.20586426864994
0.5003662107461144,11.544874610194077
1.7847475759650449,9.28271254801582
0.31908576704991853,9.622742741892642
0.16086906711447435,7.874551385701549
-1.7987082682613442,10.015481259586506
-1.7483700959279043,9.95078157925712
-1.2506128346928445,9.274424901712898
-1.8701169132330069,9.553744260282834
0.9734115822800495,8.597001004712629
0.8933212159758526,11.323534767664766
-1.4557750622734282,10.396205136812014
1.3443156031811236,8.88533152339393
-1.380855860615552,9.469747157311058
-0.7952976520105648,7.934296863237209
-1.00409240335454,9.480698665270307
-0.5107716057078089,10.127411614530171
-0.9813449364401525,9.49933897887059
-0.04419629424619176,9.330118485574303
-0.3703684745812583,8.66029873411119
1.9462779631173062,7.877232275659824
-1.7762945994870973,9.953511791988877
-1.4312744944505935,9.997264262062313
-1.78869642436559,10.149287239080142
0.5033647799295031,11.614417227343916
-1.7819628903451217,10.110283338233591
1.3457589495044933,11.16610210726828
0.04775452272771119,8.899866841484826
0.10803049832613487,9.023163384025779
0.24637803084877685,11.008962769692918
-1.316745174775157,10.06228176364594
-1.2092387875420498,9.836277632648132
-0.7247307085079813,9.012656245174165
0.3739856632874057,10.372726644596703
-1.159528896239142,10.64518362434631
-1.534673091466955,10.598255423545186
1.8804675456737288,9.595807740201895
-1.9120727407615083,10.380078985099985
1.2107896213440865,10.008375278949034
1.1521405983000883,11.835612887283732
-0.811143544619616,9.099983611084259
-1.4574935359707464,9.892059150181876
-1.4174854131783063,8.711530291883733
0.78972646894877,8.78844938897854
0.5712263643446946,9.142698311885642
1.130982697005547,10.758522841381325
1.7499246895964187,7.9265997610647565
0.767709453066368,10.55499847766923
-1.3765938537942262,10.151600189664569
-1.0262295329383573,11.150326686931557
1.3687749234924582,9.795071034178685
-1.1627756966631657,10.885216638301442
-1.7099107321820743,11.41141333322047
0.8131202161690019,10.880980073312285
-0.38989457803943184,9.572880320764718
1.6801602101836144,11.710776355746846
0.6010202843746462,10.131451606419255
-1.638324088833357,9.537399111530547
1.791426269014643,8.850659817083422
-0.9657709454390164,10.990510265790835
-0.651150038374857,11.060169788007007
-0.39095834526583184,11.04553835436692
-1.795102814382747,9.945157170969367
-0.01393831107758059,11.37148589504738
-1.506726035698831,9.490632437262803
-0.396118693246593,9.268334354354112
-0.5971608480316628,10.117827372871401
1.0913603337060134,10.167716898615987
1.2126820465309245,9.569176695820612
-1.386348470443648,9.785726485997822
-0.5337952504830952,11.50507455215697
-0.5065873558726732,10.640907522693437
-1.3943582242556598,8.130449954227094
1.193814020204762,11.564776845506787
0.828913313341693,11.35539681582574
-1.238472854811861,8.835471104590978
-0.5331123656248038,10.938121584807792
-1.5767799005739431,10.019546336252992
0.5128263883721758,9.13833133628935
-1.5145123018055213,10.42103662086718
1.9437366744996711,9.86011562906328
1.1227282987514493,9.297871330607327
-0.43904580166401974,9.682813222165478
0.3142557291174177,9.182503131900239
1.645367264865635,10.207115676259829
0.21639712158330449,9.766251773719706
-1.3020060544081793,10.719125699132835
-0.4851865776753628,10.644794283133324
1.3725794601189816,9.78684916792569
0.5768520639584716,10.253350885313878
0.6028975373352012,9.330142543187042
1.4672859427539566,8.778544363175937
1.5758922298500186,8.924113646675357
1.6791702871177452,10.98671543245547
-1.6206032269873756,9.401165369003722
0.1765040078524036,9.694890160670907
0.9620380848732744,9.90943451176792
1.0277073805080552,9.729802994917858
0.42686480788001546,10.124799324744798
-1.3328506592653033,11.359195025342839
1.1896822157666573,9.1571427044819
0.8804453340597829,11.067416500874208
-1.6554569138038548,8.885782355551237
-0.14476070130249497,10.052770986365111
-1.3040904019127857,9.706333705717533
-0.6500918171481125,7.531795953213086
-1.9276756311772583,11.645862223639181
-0.39868052635696705,10.955861080882494
0.1995076846248418,10.174787976889599
0.4783303713083473,7.7149074704228875
0.6539613805148403,9.273035969333174
1.3451652524098399,9.56754670464284
-1.1381483708970799,8.537562014425143
-1.5180727102461282,10.957606859623262
1.4061486875917026,12.26950003681628
-1.3735487404294004,9.930620070307398
1.8990403253447812,10.781980070276443
1.370152917594548,9.662019381183075
0.0035064235583965875,10.34061745076404
1.9256856996881009,9.207704475307711
-1.6104930835679832,10.165127101241538
-0.7877369552995934,8.370208664714749
0.5528976601624458,9.74558800442957
-0.599972526107285,9.610564099853617
1.7134902079231673,9.593466910028372
-1.7374956472887297,10.729177520286955
0.19764732824385822,10.344102982239885
0.363465069580458,10.936015277865186
0.6109124951088964,8.508169650572269
-0.9773351066727423,9.165478716306364
-0.5417342899205422,11.266729409637092
1.3747221186599106,9.174436952706367
-1.2202289241193607,9.472719734124441
1.3074713886934481,11.287774126061626
0.2506216916109696,10.668086246662027
1.0487500447763285,8.29556746710299
0.8544294650538862,9.031958391910967
-1.169954018460484,10.856807335201486
0.27525094573549147,9.808970075901213
1.4708926112203695,9.3679980249403
-0.2715350527922826,9.373485608806005
1.866363080893267,10.902407918019208
-0.19113959959312776,10.163446117349576
-1.4288574533284613,8.816677252347791
-0.44226127968930706,10.154997957965154
1.8068096255621486,13.075118858362341
-0.7211166026405831,8.92920130781335
1.4723926394682514,10.128799493955789
1.5250027267275592,11.38522163314708
-0.5992539026721557,10.733851950566931
-1.6669693677974715,10.553754933476242
0.898231636635273,11.018286701186884
-0.7539508039440559,8.719257027667899
1.1316944570302896,10.570732817684005
-0.22938060695826756,8.472106432281205
-0.058933030629513716,9.83725062270213
1.1116376269941473,11.012806700203441
-0.4705466757534884,7.714300770257543
-0.22749061870834186,10.314314128168661
-0.4952381249215114,10.446735385189456
-0.5306379388908802,8.676943438205829
0.10378630760583762,9.688182254241678
1.2351977780046028,8.962862631490609
-0.5529267523097365,8.772528715856666
0.09701888215094678,8.98091187410555
0.6829093017704033,9.152133827166143
-0.9222422147853799,9.369713373456102
-0.8899087803904298,9.862320101166285
1.7336525080938192,7.865985451379024
0.8941382933243545,10.425316444296485
0.3087467048932355,10.657979721106297
0.5908802176824479,12.299806390521695
-1.8828022275863265,11.260349240481585
0.47241186224678744,11.1861466338747
0.03803549289680763,9.838268230356364
0.18299871911774268,10.26454242703471
-0.5623046926767317,10.578344234703055
-1.6741044091482324,7.836361386610078
-1.2266430655517913,11.265188019898838
1.802978852850687,10.255570634142725
-0.36520175091626417,10.38739997861698
-0.13326737667654331,10.036070641905622
-1.789160840586244,9.975369789955916
-1.8497350818240776,9.762595078313904
0.8687257881870307,9.994225832757287
0.15237865648444515,8.475285011524424
0.034823936865066685,10.29614554371679
-1.0275018783093253,10.351307458280282
0.9790029265196889,8.840717862338684
-1.3270536835660325,8.620526625542935
-1.2402610253559199,10.243487833750574
-0.15715131460689813,9.683938172659001
-0.8548805515522364,10.567331779852202
-1.0101480750674146,9.305011814181626
0.5809505782133266,8.618103507968636
0.603886980874178,8.199552259879914
1.298068279199717,9.63569241450848
-0.3291657321080965,8.885609360908623
-1.707659635895399,10.614434156330976
-0.9053344603141693,9.64108727268777
1.9200218527872677,10.233648081286589
0.38503430093080837,10.912968902970672
0.8389483392040811,8.55597301554933
-1.9705686814983419,12.097852258512827
0.07282292873008345,8.995571573408215
-1.8498853698727875,12.812522728370592
0.2769208483657919,9.34692402262952
1.6830833985443014,10.045087366431323
1.8736765220016314,8.258501875487116
0.1622107015556966,10.680876651952733
-0.16718077899113615,11.219608486488028
1.780068376993976,9.702886710708196
0.6944393279867804,11.474178957193514
-1.7404028818463622,9.162353309871733
-0.13709768933000976,9.837145159660189
-1.0390199261427844,11.019374195023074
-0.12078271420527376,12.04136180014937
-0.17813771197455308,10.532567931183703
0.32857921125896805,8.737804214592522
-0.5729180386029951,9.76913395495944
-1.3429182021762878,10.359156919226555
0.014877738359825088,10.239951409297937
1.3208115373830482,9.493840615645091
0.6560489122704092,8.942251617927479
-0.6465285362991366,9.760409034070918
1.742092091035429,10.90943405969465
1.6488302849967287,10.173400098437924
-1.162606402463605,10.323016405948884
-1.842329659518548,9.818798499169793
0.9652348334030489,9.076158496392377
1.310441045396613,11.391870159297218
1.8714582638054211,10.517548102869132
1.559345576353243,9.660776777263605
0.4021390728256593,10.135103448427046
0.12020935684952327,8.650304984111845
-1.8886357949496548,10.016468235992111
-1.0133742126208887,10.585750039767216
-0.16154099306829428,11.221017915926778
0.5140156003342713,7.232015854806113
0.22900733327364264,12.165684241044275
0.9705439587267621,11.169233097451956
-0.8809322764518366,11.086157699282738
0.25981043060989295,10.585523956862527
-1.6474310264368315,11.353649091586082
-0.34533790566717215,8.873378145377254
1.000643331818404,11.184272730633197
0.773603413716176,11.100484439389588
1.962570948688716,9.984027414272973
-0.888435496048976,9.631786147830319
-0.007242803304083445,9.8653056075592
-0.6818783449040131,9.923140368382
-0.23758754376330105,10.606205879457413
1.4278005194775525,7.791680156106873
0.7368363007539465,10.580791443851384
1.5297647653903268,9.459572743548929
-1.1859555666724542,9.059245465276362
1.493444471365752,10.829612895754476
-1.7609509032864623,10.738913329595045
1.5543971217486097,9.326859814022583
-0.6837048821570884,8.957865719667462
-0.7416494663437341,8.49454363381915
0.04835430679465569,7.572362038133833
1.762760750892927,10.4582804396479
-1.8088745412743785,9.017004851614848
-0.5910760997170188,10.102008330879592
1.426287954733343,10.159508275109317
-0.41578209025813306,9.247234010849345
-1.203372409611732,10.171523316337558
-0.3008232746743529,8.865681594248326
-0.45778999403332277,9.460943927855084
1.6616648058668138,9.656171055173532
1.0477375029723883,8.98776449709969
0.0204622229760254,9.56848301314625
1.9534822668862843,12.26606522788407
-0.13888987489630678,9.236503445458984
-1.767048676718899,9.743370553252296
-0.9509027127400604,9.359300784213225
-0.2557180791227496,9.298095080720719
-1.3723895034155196,7.517565434834139
1.790260505296172,8.774638464814025
1.0673955912710924,9.111385332160099
-0.9268511982889094,9.827704580840484
0.36321813407166337,9.894782767237295
0.8857966284382881,9.283923028176547
1.765115715627192,9.926785596060892
1.5265413967016426,8.781526838646812
0.060768904552854774,11.574964133920904
1.0986104791720703,9.575648932324034
0.24857901531034,10.592601322488619
0.2108155601821604,9.563810889056558
-1.5410321666472324,10.788104240250815
-1.4954493679353917,11.240166672948035
0.11813446008982975,7.874589031113056
-0.9245538200839736,7.83525295291666
-1.9158523901581255,11.44705230611479
0.8913568156008491,12.46408944301434
-1.8700536132393402,10.201234815923746
0.3811073644162182,8.137861826975067
0.15677517650925754,11.413379863829748
1.8752587623112178,10.107652773214703
-0.06314744260943339,9.766545067284737
-1.7455942544888106,11.237812597884169
0.2067518712258467,9.11961746771213
1.3643846824644057,10.543751204957928
1.9873971371257597,11.19323278195031
-0.27862730524371004,10.39881287329933
-0.71880503001303,9.124610229143308
1.6266131878079957,9.094349340339045
-1.2350314836955145,9.032057206954443
0.4617156601317065,9.800112342749
-0.3771423032762091,9.011141160042534
-1.8356705401777789,10.079569836635674
-0.610846102777209,9.398824381619603
-0.9390859099893016,11.209587729488167
0.7443646157739474,10.532414637057968
1.7951619907676726,10.97747350414328
-0.927811250485449,7.822596697036667
1.245863756606727,9.090227947979793
-1.778560732246362,8.483903932772495
0.15248404015925265,9.47845136108193
-1.7177997451604217,10.114592158409911
1.7361319645225572,9.02009557634732
1.0654051222295609,8.6466362091815
0.6317996448183694,10.076172471329865
1.295585526498657,10.96633046948621
0.5900791822806526,10.611420262201317
1.8757775886971646,10.562158212409415
0.855831791459086,11.305504215445387
1.698634438328987,9.13607743051474
0.06852756804255211,9.69979555277856
-1.5317423480725494,9.518618714601374
0.11271088569206844,10.973431540377119
-1.4925086877476268,10.210388864215501
0.3699739167056202,11.716431201000509
-0.07002775788934823,9.40196516274688
0.49030159133112683,10.962864984724167
-1.9598120757806736,11.433723534627505
-1.2206380333785436,8.212623410156828
-0.03467827235147647,7.997610783620763
1.8020142463565394,9.820750645415163
-0.46556383857936634,10.841454125903551
-0.30251189578546134,10.953378314680732
0.8587843560264887,8.761745756305299
0.4151710291444721,10.552021018906258
-0.8042953996066671,11.344106446633065
-0.3567344177302889,10.113879844120905
-1.1292008045710702,8.740401968395648
1.8640858365208341,8.35864794077618
-1.477462473770561,10.973604292227847
-0.5126528617343222,7.953271381151779
-1.8966441111199552,10.77632959971323
-1.1128820322658144,11.817056764149912
1.1218845535206197,7.864173251753236
-1.1952990708444822,10.179966539894874
-1.6797463898841376,9.852747237501813
-0.10218728062190685,10.5468451536508
-1.960123061061926,9.101063662814523
-1.6609353822946673,7.264457990783668
1.2305034782519004,9.501928529381717
1.0858933794384256,11.408979798131952
1.660555281619584,10.62691313488314
1.418061743642998,10.308173063615623
0.7327022529592724,9.352238613658836
-1.7906685707973486,8.626177019418328
1.13139447194663,10.34805316824267
1.3820432433622418,11.360449353750687
1.1963285830878179,10.569387648214308
0.03391614123210429,10.277001425020039
-1.0683926454020733,9.991996354613207
1.3813199027549068,10.369459087767694
0.9086512389605539,7.122292588531972
1.9230446975554063,9.994299618653045
-1.3772296089762683,10.074608830980534
-1.0973416677917798,9.436688322609715
-1.1528074004739892,9.258167041433232
1.1701590704853468,10.514824265906011
-1.2523708141995273,8.680289526771382
-1.7333606807067756,10.198746664320021
1.9942432263425145,9.159281263871325
-1.9007311542194034,11.351311764608937
1.3409762406354626,9.249938585738597
-0.5385326337973888,12.20974780896912
1.366461839031261,10.190489745849504
0.21848196484457993,9.144353935443512
1.6065249179454404,12.1525205259855
1.7047719456585066,10.951472709869385
-1.963607274876896,11.181877905520931
-1.698351296028847,9.512271368959665
-0.9985650817165781,11.777142300894948
0.6772616654540067,8.681757057136808
1.553088786046024,10.083858823069349
-0.16023219482414897,9.321614698895068
0.4278924650970617,9.82918054546479
-1.2460005888177554,10.059726842121988
1.2198673355267413,9.685736303831192
1.869312445413879,10.020800432703613
-0.9256042683416101,10.362548894652381
-0.020696193597814716,9.321514598657767
-1.6555355579745048,11.118234036554306
0.23654662585187358,11.066932727572043
0.011133767386722226,10.305010728947327
-1.4222540633796896,9.512614500823595
-0.23173514752769986,9.556940326281426
-0.663581391653747,9.910237908374702
0.08732350122075738,9.563877898205968
0.34261734171519675,9.072765567312553
-1.966017685571162,11.728507985683875
1.0440239317982214,9.343547765181231
0.8520571674469632,10.502490643822746
-0.5348544551739112,10.0677870793665
-1.788256257724727,9.904558941369528
1.0197301591402015,8.422840636410863
1.8207006419125298,10.707017104182446
-1.0393936159119432,11.489273006437262
-0.7059015450518484,8.663317373921533
-1.2647484420727402,9.756025026040167
0.3077444933793587,11.871992829158744
-1.3806344214101802,8.46692951359808
-0.5752242261544822,8.79362810298872
0.7880520557370518,10.883592613455695
0.24046393203739358,9.705425328050962
-0.45414974268825903,9.957032167253516
-0.3190015927698324,9.845417459130044
0.248443530492918,9.585907907867764
-1.9765410884513548,10.980271723592864
-1.6859605261855606,10.406447161025822
1.5250322710520465,10.615587642763101
-1.688484043634837,8.996766570514458
0.8272143848420206,9.800874669555677
1.6801526564362104,9.002210535644432
-0.9172655827930756,9.596557467198558
-0.518034251761943,8.636777049585266
0.27568562337886515,10.949929134684703
1.5268358785543388,9.61390358859633
1.7676223490416807,9.392279139654633
0.9582529924450722,8.511010580343445
-1.6535209565812239,9.9502581610418
0.6766166221394032,8.53992070509213
-0.35878511250935174,9.800677654872484
-0.11719600203575364,11.806818732124565
-1.8034064386192918,11.617181673308085
-1.2357514426145673,9.80782111101515
1.162054430134591,11.520113548977763
-0.1841646678085609,9.876169278173037
-0.7933510334754046,10.003637483030825
-0.46392370414016737,9.781822537331951
1.4175980533027208,10.208150441921536
0.9959960696198276,9.304364598882028
-0.9107384112756689,10.042809370619546
-1.5299926391505068,9.360718339273898
-0.9920071134237132,9.230569451492014
1.6830258042189348,8.595049696149774
0.3263553513990214,10.276703512587938
0.13392083497913143,11.002629203230711
0.3855743987698461,9.510435438300023
-0.535886937013939,12.573059514315215
1.228428081278051,8.686932545248693
0.09314499720099922,9.745747086235792
-1.5330083889248178,9.51768325757384
-1.4837395006837482,11.25026441983714
0.14743658601047338,9.869044275534645
1.7462808722833567,6.60025216393221
-0.766591513295205,9.81894537345591
1.4781646754368731,9.05685422922051
1.0563823463155173,11.758372743789906
-1.0087502283723726,12.302040979143642
-1.8546370067350302,10.90832241212161
-1.592610939430469,8.201881961498076
0.9139757353897608,8.564015547654666
-1.2013210478374132,12.089823701496481
-0.5149163179784249,8.251210789789436
0.006796664025699339,9.33551815436249
0.9018726738006513,9.810729771943524
-1.5470751069634985,10.60644164289292
-0.37453437889015406,10.242718515937199
-0.05970836342921837,8.557143097143607
0.16330825588615872,11.04069738148738
1.2734425655808668,11.125376947005858
-1.3132872198271324,11.867116243245182
1.2313258073064892,10.903496033403691
0.7715137107866088,8.343397809588886
0.22348325679583736,9.750764533614918
0.7981114816102877,11.387898743613167
-0.35192904419337445,10.301550806538632
-1.4464096561275017,11.363173235094063
0.6630609610614693,10.286199258871438
0.09868922674248903,9.552569076148
0.557499202171102,9.660425597613518
-0.6480048758860399,8.49285820665341
1.6274663093593436,7.928253202904717
0.34947947430230775,10.04842088441488
-1.6583900628365047,10.6945076938942
-0.20078403718228532,10.162505570686042
1.0254242189745373,8.961372569540316
1.1765382469290895,10.582688402902631
-0.02161178894496496,10.242552975352426
1.5789902833252043,9.876514632212864
-0.9293262512228098,9.241634688870995
-0.35760521104693366,9.496550786659785
1.5943876422758803,11.840019567166816
1.5850268658863156,9.66792937703217
0.7428510752987236,10.797454450204123
1.4359221884888806,10.216224378218557
-1.6449069321750693,8.357020333499417
1.4599799048311053,9.933122400617078
-0.717520373799093,8.861708827184058
-1.2866739502871347,10.262979372114163
-1.0425206546318146,10.1174680188368
-0.3281259679444517,8.913402354159713
-0.9952319815821311,10.74787491970068
-0.7177296559340038,8.213431351657235
-1.4600860557134316,10.214771772064232
-0.8152929377640059,10.492712068690132
0.28913525816800467,9.736316395514377
-0.23258516763574422,10.036929633402353
-0.6131249550563553,9.083519455936793
0.9858085154284559,9.751365470796967
1.5740398855732716,11.468388875770955
1.0271568916095881,7.682272312221977
-0.6719971915292833,9.418720001602363
0.9777686713502147,9.883573257832529
-1.3920792701037952,9.413994338864548
-1.4787280476348363,12.706097498943134
-0.6174918518553643,8.750845221589428
1.230809476176228,9.642036410190745
-1.0146070110307925,11.163207869766048
-1.7469863644052817,10.224860631213861
-1.4731618591745796,10.617421295149896
1.4349798741183206,7.50673529059034
0.5351331389891505,9.600340547626281
-0.9871953465200933,9.123407824589682
0.22118330131272534,9.895794479857848
0.11031848970140157,9.405353046795563
0.621743913762645,10.569442799039248
-1.0672497823135347,9.222953880804827
1.4576119487775907,9.26135232072632
-0.7625257516799486,10.725448979809654
0.7765266159049475,8.660660503877434
-1.9355014145111404,9.186934017041123
-0.5093714804234111,9.631205430494774
-0.5931607281647668,11.026517838747845
0.17393771433205796,9.808276374250429
-1.709054952891214,10.807652375338993
1.1605254949044332,9.270584482445845
-1.1288767929297259,8.472646578251352
0.7081512595280408,7.396819248201878
1.2128484929763728,8.966571692882903
0.2475078249660525,8.731969294939082
0.963532826887942,10.335996876627098
0.6474412488600221,7.686903924756008
-0.5778808113919696,9.644874137896892
1.2354341561342612,10.438748891593692
-0.8211945204578881,12.361106752342444
0.2848516710060687,9.988741919176848
0.981590956566158,9.926701910324951
-0.4841763607499696,8.986921396475372
-0.7889295695302998,11.161199595301332
-0.1626159593087091,8.215295803298744
1.2718539773966144,11.706228409248755
1.719687052582659,8.825241859417277
0.1803336514395606,10.815506250877808
0.6458648212946074,10.538965719178712
1.6130944889556567,8.351597231494363
-1.6058125943482304,10.38870594855654
-1.0716856885353399,9.384312247915316
0.8356000250063298,8.513713796259745
1.2949778476491987,9.855953076270135
1.4281161133223117,8.065234284914107
-0.33957129258026963,9.7398101934808
-1.6426403908325327,8.939979650590205
-0.24887409080152034,8.35676612431964
-1.0770616391717849,9.634903722299955
-0.8352141800135033,10.004842155255165
1.0890702273500232,11.052448832198879
-1.6978916558964525,10.703378432546408
1.3103248699228085,10.204957043539347
-0.2893236567033237,8.6570633606345
0.3842557244023803,10.791628545580174
-1.641391075057284,10.207377139738078
-0.6505636865708815,10.821469220754187
-1.6411963239406169,11.392515732510422
1.8461748915244383,9.091810881331478
1.2290465973050018,10.877907877315605
-0.1614689825741591,8.303996193499605
-1.1055898067053156,10.018416959646869
1.7338204209994088,10.018240793681695
-0.6216136170921129,9.969253014688574
-1.356062273250501,11.190366124544727
0.25265755381581956,11.160337789613337
1.7750964813792645,9.318285903196234
-1.9846788379987097,11.296707609893392
-1.047500626984005,10.18934688254633
1.7537905616416305,9.24548678081181
-1.3156561325713518,11.210326137188858
-1.5470261934407206,10.219669771152763
0.2807488631992179,11.470350907485189
1.4473752931793196,10.157360916956186
-0.09156072922429548,10.12480257014719
1.978257026738099,12.589926967035492
0.7166867981519713,10.152614382390487
-1.703700371158209,10.536422571971578
1.9713285267279015,9.91961276948085
-0.36842305287923827,10.380758280747907
-0.8503898646180699,9.646555529384049
0.2315167343115423,10.452755004060506
-0.7827696327165428,8.96004905789213
-1.6541699715193907,9.404098372943778
-1.9942866276832931,11.463226589350658
-0.2016665883189508,8.95482356578439
1.347453688906369,11.068546866245285
0.2892607425203062,9.858935748061777
1.9968291957737634,10.913435736966136
-0.8526134174112001,9.833459331428957
-0.8781797409597787,11.272459158474389
-1.3610021590642232,6.555935686612336
-1.3437456469386593,9.835014798319524
-0.8592536159598088,9.022163361857526
1.1713601810941086,10.475121362394436
1.6230271625457915,7.2622376830943445
1.9003486788307251,9.817918279944074
-1.0708413836141895,10.19865601099434
1.5251901824563667,8.80535701119088
-0.6869796428906518,10.776705711027347
-1.5486378219324624,10.908575949395566
1.4800997020806625,10.24147379747023
0.5444225385744743,10.883220257233027
-1.341076415675753,10.18496235976303
-0.2806749699479898,10.47650344872432
-0.8509692204917294,10.616797009235523
0.947178274840788,10.39972348688179
-0.18633507750292777,9.519697329483366
1.9571197804255398,10.835028009030385
-1.7810200709616195,10.958828936745814
-0.5799389354550133,9.735856510548494
-0.07239933156009037,10.664853205404718
0.012534218993279111,8.845136978876253
-0.7362567104574529,11.507729775386874
0.9169609963902721,8.238436615511164
1.498988293955899,11.100404471393857
1.754877207911452,7.838577338706727
1.2203735071981048,11.009479745377844
1.4023207892263976,9.333525362652503
0.20218120247998206,8.595420024178708
1.3035529057072583,10.74781229938058
-0.7859843634081911,8.054176438765074
-0.4060849515631424,10.338956226627808
-0.7323479447258228,10.148158797828454
-0.13045065820829826,8.94239843176008
-0.8576815350454545,9.126379250532818
1.8464457690177873,9.292375340143769
-0.7486214879773274,9.487914426433923
-1.6078218475562407,10.48899246196762
0.1072686642016536,8.485851908976667
-1.7716036862192945,9.619845226451261
-1.557827334765678,11.47293385514626
-1.1224424432150149,9.81527735141206
-0.14259900047143326,9.19853121997302
-0.26699627076388843,9.451948584752175
1.1987674480111647,11.234506537878147
0.9578986155364535,10.475374738522076
-0.29472682403719475,12.076181973152792
-0.6651831696974804,9.679179210327403
-0.7341248637540057,11.307352967005535
1.095980349176036,9.644590408437823
-1.791710375114921,10.372208596255266
-1.9487134019575767,11.312891212554916
1.1821775677065922,11.399018741175597
-0.0914144960438028,10.209717088918012
-1.4764754457856961,11.302055875462663
-1.057736261621995,9.838382352815316
1.7300158123895302,10.670244871178895
1.4380119024995919,9.888186310970964
0.8391402008958901,9.636555207051522
-0.07109907865069376,11.515762152073062
0.0812945047655429,8.905756286770458
1.9009781411358344,10.875155020451786
1.8630817755371485,8.707336677662436
-1.1389238168566629,8.429718536114725
1.2444182652212725,9.927799323780116
-1.2110293353319328,10.804799359202473
-1.1458500884641944,10.096275328992537
0.7043721366583071,10.068648683193468
-0.3799956056498064,9.853114361569087
1.7261776284260808,9.845786770049527
-1.6439610604159647,10.30392097007708
0.04610256323797213,9.100140727971405
1.674086121772485,10.313441568745867
1.6164546419180206,9.239575470619439
-1.3738831463370351,9.921976376651958
-0.5334491996141741,12.118205446119727
0.476485600186785,9.940869086623419
-1.3624204609143913,9.056645981922461
1.8720886881829548,9.756266684673644
1.6589973149106414,10.869225381533939
-1.3321992838621233,11.89868780209135
-1.5153781549560583,10.409794238529317
-1.6583660687669388,10.836629918027306
1.6377746561465245,10.266815098394911
-1.2255047608181568,12.249271953946737
-0.3348602858225811,8.535619206094232
-0.20459453739198796,10.565287281804569
0.3960441768542702,9.670603055072867
-1.7130586250103002,10.030876187170165
-1.0929655303979362,10.829004815851636
1.7259615476757042,10.102663271381717
1.633640429074278,10.41444641342577
1.1251625896227688,8.265866278182813
-1.9223950175271383,12.491218406332216
-0.6919729260155916,9.401281093874946
0.5118349413716312,11.415575707300105
-0.8992391529060972,9.879196656850425
1.6383467802151093,10.181553454515765
0.5355578473297675,10.904017387448583
-1.7123731307342176,9.914171651398688
1.6360223553428122,9.954487760113738
1.8310666327048901,9.637739508181827
-1.689150326433098,8.643576476587283
0.12944093944525958,9.687360304927664
-0.7865428711433182,9.39428713558795
-0.4286436940743905,10.68928651873282
-1.2813951281786324,10.534793043079821
0.3122884080496502,9.265891719315029
1.8319174129955624,9.970499214012069
0.012290401086436198,9.402856680874324
-1.6683416744220754,9.723269750169269
0.4800053339096335,10.38135793088174
-0.6391080221949719,8.3511710276512
1.4237007583651913,10.841951033751604
-0.2612874067341191,10.864076240710949
-1.2286415642310176,8.781171693970505
-1.2355775092354202,11.11852838082888
1.0750567228846415,8.036248804456806
-0.9376496067705604,7.4183103857441965
1.068933576636892,10.731925129484697
-1.1764507569336025,8.766852834468938
-0.7132545251947624,8.745844296518746
-0.13805211024120245,10.059259676299225
1.7727833987738029,10.123343373963863
1.7269256990152986,8.65903474629968
-1.1725124983108488,9.125534594344563
-0.5671238350277088,9.838222874070212
-1.4024024461849107,9.079915932534934
0.0399403172539885,10.33121943407841
-0.15766979722133367,11.173533866846375
1.6030406498029297,9.338629731030396
1.7200215111642905,10.197614004338353
-0.46573043597083164,8.614279942481984
-0.03304822792404227,9.092683163713778
1.5849449965845324,9.782987718091615
1.2268312309802458,9.333616398045676
-1.985374754621403,10.9403192199205
-0.71976174326567,9.781040192349034
-0.3129030322554964,9.52505639042788
-1.0811348652670731,9.472544527629731
-1.201713536416245,10.451240803244785
-1.8488619736172813,11.633112346549083
0.5734789002790421,10.426861273938345
-0.9499588380673374,10.69831157760768
-1.7906112862747476,8.462381045148168
-1.0760827578877454,9.425558589206428
1.2076558113445062,10.309104984031093
1.4059567265861865,11.879274077604174
-0.06773501922678937,9.560119682918407
-0.3357173183652553,9.941707493196558
1.911414774007127,10.969988802774857
-1.1977413616477204,10.534446040494705
-1.138562868581566,8.226982310240224
-0.832531291854401,8.41204089750733
-1.3089707268756507,11.436386196326648
-0.48253760718325367,8.97070411470423
1.6433369079590152,10.316857993516324
0.46139136251429713,11.97749034944747
-0.3522138055509454,10.554638665470291
1.7376431782848591,10.054727874206797
-1.8061430700967107,9.798647574847124
-1.1588952883925545,9.925600353332268
0.2635544204070359,11.082442497649144
0.46221049277271664,9.208375801071035
-1.8417699737495474,11.220231540292092
-0.3878449683714713,11.857770709970824
0.5966158593234909,12.125789284459083
0.7922821856136064,9.687146593202346
0.5525596100650771,9.77998787467473
-0.7177471025563018,9.656677786753534
-1.625919505608362,8.958838504693968
-0.2915502143226636,8.954833918601272
-1.484982250527778,10.750733767357218
1.7904946340826684,9.065632390196903
-0.09931653590948697,8.643618869201813
-0.7309633025725297,8.649846126991424
1.0652162844756004,9.815425507166585
-0.008205629670944514,9.640746786137477
-0.7598639039501998,9.043739998370773
1.2478709695632069,10.514831813943061
1.468608604004488,9.75104763915366
0.692032665154708,9.227500236476452
-1.8121423103693308,9.653137902456878
0.2652915206661284,8.348295754292119
1.0531796479891264,9.70731172292737
-1.4539879516656713,9.709720508329566
-1.0853169944615866,11.012147940970882
1.5299804202725458,10.393017015674364
-1.9195131125877039,10.714343906785228
1.010908551303904,9.546748214094855
-0.10490682994230838,9.146859055838208
-0.21291136464157256,7.6662966085321145
-1.9716138700204513,10.978220312910558
1.2775929238659711,9.291050310369782
-0.5607003974537341,9.272157183264707
0.16306252520217157,8.931755650445211
0.7092027453426377,10.519152413047266
0.8105183057516632,11.52022639719139
1.8239202353042892,7.2436289754488445
0.1253598129464364,7.806937692322937
-0.4011217961022897,11.338551452897624
1.8148145059668317,9.68225857296943
0.5684409401020845,8.770716486311164
-0.8073985748937775,11.547075628922876
-1.4941430183857154,10.200059233848565
1.3702180058607252,10.645872193388008
-0.5512735888233937,8.66394002092818
0.6418788854577246,10.742820846955777
-0.11673432253640748,9.777748155139472
-1.2042808808198466,9.989415106729588
0.4067464344818603,9.20060311477547
-1.7572677241972707,9.4234659373473
-0.3466301605152311,8.960995171085768
0.18645975865468412,9.812029542551608
-0.25581210352568373,11.354259287886602
0.9946887010039633,8.002915318719497
1.3116998181812498,8.779345262724501
1.0849722961327122,10.682344966579123
-1.8447482087527916,10.344790991019838
-1.2234849182161112,8.924283400740107
0.14643003705509727,11.367704000328247
1.739288161775205,10.511646287991546
1.3398271002084674,9.766154341238302
1.3701380334072066,11.099233642184188
-0.7871672249613004,10.693240848521798
-0.28220841168518973,10.479118049565528
-0.1171762107362504,12.412602274584877
-1.3705136666003583,9.14358175374373
-1.8757274790221747,9.779093235811875
1.7876115978420675,9.756410699344688
-1.037149657345973,9.465108554029197
-1.0402043851054747,10.075247259664536
-1.6664837849249619,10.476649027273993
1.7140310077751142,9.435476053433606
0.3189484597590879,11.076133666087093
0.6681474285014155,10.371708359173384
1.64630754905221,9.027724367116265
-0.617519324396842,10.718540162205015
0.4860292445523364,10.60538994840778
-1.8448021810844502,11.425226402320627
-1.2529098870754827,10.340568122329126
1.32498322035977,8.50501324958108
1.067073425353343,10.725803226179218
-0.5974292341714125,10.260297248606191
-0.4927574889031501,10.797433970882466
0.13421773421431782,9.373204269989552
-1.9990359812594618,11.800504829079731
-1.0350226558478886,10.177426279670604
-1.1670727655671422,11.04589618800999
-0.9980682130009462,10.094565894691758
1.2236233701337653,11.085528366132724
-0.8813045738142273,12.150394512180725
-1.2339147117994074,9.85764516377845
0.017053843172126104,10.507428881830064
1.4625801454909277,10.717422121851115
-1.0346011846500005,10.479936367211454
-1.6858550288288052,11.026515711623201
-0.5743810566013412,10.021913390350987
0.9906072982599112,9.18672983818764
0.20276217877917846,12.139349587836074
1.2671734782973898,12.076034311669108
1.8383685904369358,8.651510070710588
1.1706499070064682,11.807571682851092
0.4152123153750136,11.794013678769046
-0.026633647790478054,8.871268256088669
-1.8397236546069333,11.300857175912899
1.937287915256165,9.646851967087038
-0.4660755096998299,9.483074295392148
-1.3910871443325328,9.566688609674255
0.666835421585827,10.711219080509983
-0.8628468436181627,8.623094200532117
0.34311308372419047,10.562969752632231
0.34707163137836483,10.686543332759395
-0.21708071638852333,9.481183443707549
1.3444744621801705,10.669129704599072
-0.9401317537782279,8.391426572830904
-0.20546963352906333,10.204463333327507
0.15076851436388594,9.222748701243418
0.6544988830691985,9.018536048241309
1.135887402022358,11.565267749790872
-0.42077086848697576,9.822939509614878
0.5841877763863841,8.214237952767986
-1.3975561877259235,9.015000927625586
1.7305924021699144,9.722942748390317
-0.46776477431598584,9.466867505748466
0.9180856879057537,9.999419018001355
-1.9186356724712894,12.698498539389629
-1.179251428380772,11.07879818187103
-0.051669822705687984,9.520717910981809
1.5130098709293862,9.01346410161962
0.1090205998027085,8.884757634174354
1.7194819291755161,10.70731310196031
-0.06481241366881463,9.351571453392749
-0.038203613056200236,11.86580888515421
-1.5210128459978725,10.262767771377522
1.2106249766088792,10.73805162310871
-1.01213835013175,10.6640718310424
1.5984499574892603,8.813548214456482
1.6432968813215845,9.895951894515589
1.7732404474965988,10.913382722162261
0.08092195641236,10.312559571853514
0.7083751391345774,10.906414605029696
1.114063520246654,10.342590656073966
-1.4759415253981376,10.4316977426637
0.4038287799899889,10.67946188414005
-1.8628083947867533,11.934642007215452
-0.009735666445096491,9.73716539254889
-1.3806292735190904,8.550583655453805
-1.2683082961516612,9.971284268387805
-0.5398097332295939,10.968727527038993
-0.27025133313398797,9.163459070415703
0.49268969812874897,9.62197887583742
-1.7022863262459373,10.036179418772736
0.01476704494977854,11.34266652335371
-1.2694994789875955,10.133273684130776
0.29590070012696756,9.29312204435236
0.549618449044734,10.099125482711178
0.22683702621141544,9.834811461344515
0.9531820419132306,11.127496825408299
-0.6575630230363947,10.092628978486998
1.0604263665325235,9.830602239214384
-0.2689316731672253,10.80953886522112
-0.0632620067096128,8.835657728422218
0.5924085090442857,12.492022610604055
-1.9265664640031042,12.083890881977407
0.6159768856809933,9.478190167104138
0.4743405962884615,12.541327790964493
-0.7606115329868803,11.012992479899465
-1.656822860402042,8.579820976050984
-1.6362582003478354,10.328603334047784
1.6928949879409143,9.900271307418874
0.7571172849033485,10.013488503768322
-1.4915895449170384,9.95967176248252
-0.5731073227643746,11.312832375098962
0.3699319756063857,10.030358523358036
1.3422868203625948,9.454820324765443
-1.8253562851479659,12.608193011850876
-1.0534674741199646,8.151012792666103
1.55899596118152,7.346854691086678
-1.963337799264734,9.164489725055894
-1.1944035888244504,9.786999921202879
1.8360967038918639,8.478127545579476
0.45360738608868445,11.460429265825619
-0.9533145334499742,10.41237623862325
-1.7320356224166096,10.891375647811754
-1.8872346382111114,12.856016057901176
-1.021019681452291,11.160948911740356
1.525943278355642,8.884655142191669
-0.33634538280996207,8.807139533071819
0.881333476663972,10.853151002178974
1.673140141519831,8.515406743058087
-0.3678381535887336,9.292082529750608
-1.2348905158504118,11.884691840073824
0.06847172342767793,9.671265033957514
1.6323347482394177,11.751074798485261
1.2174976565508024,7.905735646238366
-1.7366806265473849,11.235105844769828
0.7702912003103273,9.85221867159544
0.287590089835815,10.285644331491183
1.629852705385702,8.637972782048625
-1.510074332598811,8.974246817674862
0.13614445281862642,10.014442613297929
1.5178507740475693,11.276176025114598
-0.359904853033028,9.715925614745823
-0.07202032906853173,11.469763315232912
-1.7181572893321668,9.748898216138679
-0.8874254382043567,9.706440287548903
-0.7019734033242107,8.891684560797003
1.7804897949795477,10.796985241459971
-0.8693305578353638,10.089155244356178
-0.156525058921392,10.307466595959685
0.6852176942571191,9.346350165980926
-1.3512665103684904,10.095806250226687
-0.05423045143250205,11.716841928981449
0.9541561579036304,11.953273992043961
1.4674208521082641,10.01924391590338
0.5050370986497068,10.311030085369504
0.6762140612677916,10.803403121887564
-1.4948661096617242,9.778820674433945
1.7831059889853886,11.531735049622537
-1.4697036900620706,12.408044389560587
1.0986917487271932,9.368793773747944
-0.9407347128867247,10.094596626253807
1.7343725748050063,8.062815956517909
0.8798381574779182,9.933483269123695
1.0152548519134759,10.039476536883692
-1.1237633077604667,7.215182250365169
-0.22784009345935674,9.25902495743761
0.47125277835714563,9.522127088948814
1.0798944728264037,10.60713454110719
-1.5841624963504417,12.084644830629346
1.8494612658181135,9.962795590333505
1.560882682218224,9.550031523902216
-0.9186056380176626,9.772445233092565
1.291040972129328,10.144887093507698
0.07329569215929377,10.680662169407672
-0.15277407375192542,11.08693292268955
-0.7422635767543784,8.803872588459871
0.3238743465263698,10.98158409548233
0.9195564708143911,10.664212582701207
-0.356268380148967,10.556033960170963
0.5168767720331684,8.630784341619993
0.797251684621215,9.948572669859415
0.8444872680611435,10.00816672185133
-1.792135607475279,11.444778343520863
1.4389912227402677,10.315377168772917
-0.16698674093980825,10.623089236755739
-0.9503356732151422,8.85588702520328
-1.0329419700812736,11.691383132732529
-0.06794354862419816,9.089129723924593
1.5473261578758368,10.5383983925523
-0.4866096732694123,9.044860073197004
0.9989029871341732,7.98890068556765
-1.6127250760511256,10.191950073324513
-0.09577319139575291,8.861454938365894
1.9667445615709425,9.747426797105362
1.081751211169348,10.496646484091041
-1.157886046237548,12.43691505424552
0.0057658947916428005,9.968663731892732
-1.0655009454057338,9.60680792381098
-0.361756290949963,10.27586173036835
1.120336094939859,10.204130493674668
1.0848992611616146,10.113167041294432
-1.0875984883904595,9.374350320587476
1.6888932726194406,10.40806610628046
0.37027273105930725,10.635666191572358
-0.4803028361519419,9.67755164010007
0.007742323123442585,9.32917939714821
0.4202850137509748,8.912990589104139
0.23956212738314164,10.935937161649749
-0.054379857855287206,11.504880083667922
0.019731216357600445,9.073995372096906
-1.2943523582884553,8.985464305236425
1.2509316172187175,9.295984497424335
0.16704127976406147,11.380860860405626
-1.4756805531811876,10.600582160359897
1.0646284063311118,9.469544408401486
1.7297759135094033,10.093336765762805
1.7892275969478484,8.275415523223142
-0.523929070355309,10.766123957553464
-1.4579325057569839,11.412077630779619
0.07359850653226063,10.364506280241928
-1.5495630826031173,11.48184966771004
1.735949674050469,10.762798069849058
-1.265681490579416,10.844014736118243
-0.9889365601953437,12.119464680261933
-0.3734538924601183,9.444647819519448
-0.4673421257634969,8.474906241095333
1.178651569591556,12.149182411226198
-0.17473271779615063,10.186158134168396
-1.3169269599866524,11.155895971518483
-0.9311604180557036,9.444135660528092
0.03645354075008811,9.62636637412035
-1.4101843302954604,10.413903363690745
0.44662270258405634,9.464504559260602
0.26298922620458365,9.727034197105036
0.8588092655290307,9.514395354824654
1.7508184615174707,9.3689003402217
1.6490182444046226,8.72057662980174
1.7843024722753253,10.009110311696901
-1.0211376119051963,10.337311595580779
-1.4737387734425815,10.373514383835985
-0.790893198014206,10.776636243946808
1.5803406910652584,10.173432091977599
1.888213898493953,9.070011474772567
1.437299804281904,10.872743635589806
-1.5599291154898256,11.662237655731035
1.7897119922391727,10.458495716342547
-0.3065678905968561,7.9864292153909755
-1.9627588369505853,13.567896079593055
-0.2304250370072256,9.009396910768807
-1.8157233212981296,12.95692883810349
0.1755116846444702,9.165347989248266
-0.6457838902517947,9.597526936985405
-0.10626026562380497,11.56135919552495
0.45268144297246815,9.458753473936484
1.4752043832712811,9.697062120321995
0.6476063058877144,9.607928857148112
-0.2638045260872772,11.621764538224546
1.2777114146814603,9.802237391110793
1.6223285502925289,8.353094004976796
-1.5209601342712111,10.097913765182527
0.1277319102111658,9.681001620244121
-0.8619521610302234,10.066018807144017
-1.8117552084922104,7.853917429048689
0.6741867804559414,9.307148879578332
1.4510831098369024,9.680738101813796
-1.3483893820904238,9.474590447835782
1.249654630495602,11.497522003502239
1.4135829341477666,9.514372789307199
1.657361770665934,9.419140748198043
-0.9388596436557903,7.09892405904498
1.615812260759557,8.671739256047195
-0.717348981054271,9.423805841733062
0.20935205382201127,9.456374967898117
-1.7979701166708715,11.428423352793423
-1.8244756465250256,9.975107814526908
0.8814928509288116,9.20107976989225
-0.22208008808883584,11.612620641251004
-0.9748304985231298,8.707172884178753
-1.2383460159003592,10.142447074190216
0.6798139634368723,8.706089098699787
-1.9983938238986405,11.910747780604224
1.2235646767874169,9.684288837156943
-1.6830015754802847,9.07894577339623
-1.2340415403675222,9.721916470403075
-0.4550544188036416,9.268918432837857
-0.060565041135585584,8.825023154616066
-0.5800195367442327,9.418969296514051
-0.7171513400628244,9.546557686723258
1.8556640482927538,10.01174280818115
0.566318724973577,9.256030253071515
-1.9062681785304472,11.54377565577964
-0.2792963662227472,8.532292628658965
1.5000347989758809,10.526980773985343
-0.7941752543573282,8.274644680092631
-1.621774620902447,11.29051007691122
1.0335390863596712,9.914185870965778
0.4240553277443251,10.999069704590706
0.28125003130601556,11.832912992474528
-1.7856937615703683,12.050396688716212
-1.4380039608179307,9.745834537797716
0.4901975848524551,9.705264726783524
-1.1687046341646568,8.845137107732985
0.016280318993697307,11.931620317402752
0.17952674411757386,11.338117757743039
-0.8659712389162424,8.619501385328109
1.7937006221659715,9.245766393983047
1.3698564273423006,9.026138482622773
0.889494030531194,11.258916219902812
-1.6880245343623637,11.42043669279597
-1.5754799227639222,9.397711549560574
-0.0288746165401772,8.678852586952345
-1.3571466032360573,10.570244003229597
1.9130618541178963,10.352732044401087
-1.3659190638903622,9.993486436367807
-0.050128658144104055,9.378919047083485
-0.5435157726339783,8.525636144028933
0.5575456858163919,9.420014091658137
-1.4838543644423003,8.73190440052621
-0.2787342878304364,9.90846865979044
-0.9011798687714254,10.130847028430148
1.5510060986867522,7.072144997427847
-1.8376571514612197,10.17070800323138
1.654909976025837,10.163239920880072
1.3319765542120017,9.5045459657814
-0.8097171342367382,8.319912790882979
1.1571626187084187,10.055775452302829
-1.8751457586450098,12.60968484677167
1.8674622011735744,10.690138380710806
0.10637977035915736,8.621304739912413
-0.7868758957382189,9.623609507631294
-0.5496671496212917,8.91139966585304
-1.7343785861580105,9.711560150405893
1.9573980561681568,10.154279694968206
-1.8428322193972302,11.184427017136244
0.6196284925914362,11.79341517789231
-0.22905628917416676,8.123748685004127
1.7956648727548603,10.500031314204477
-1.0160010387728193,8.092494007193464
0.1283472957520453,10.519421873359079
-0.07057516566898814,10.337681279414525
0.8114657762004054,10.382538436684333
-1.727959072190318,10.64863113044338
-1.2248434799065806,10.672686815533954
-1.1417407196286007,9.272013681964186
0.9526030193667587,10.975863738302595
-1.2434452146930397,8.477129305202322
0.2939670555639067,7.487741767379379
-1.1390247179961852,11.65220050605322
1.4464998003359137,10.982628202791219
1.7687418179585541,9.653839083352004
0.07397189976896179,10.399941669618324
-0.5907644631632869,9.85615867930455
-1.0637688999300035,10.299275917581284
-1.800875993907825,8.649246292192046
-0.9259996952100185,8.81519337884721
0.6169431197812716,10.011659877072129
0.13446772523684336,11.090651906141016
1.7761651131237097,9.488152778537767
-0.41489095003319765,11.302865360928507
0.7754533693135781,8.254538166392084
-0.042709010099514444,9.422071760603156
0.05030486369684661,8.713557432716476
-0.92890274158353,9.02155243776514
-0.18019689263200123,8.740218563316947
-0.11686001194917095,9.520293801941996
0.8265700869957358,10.360717374072546
1.7625599967444554,8.458723041200763
-0.6827148900699829,8.422613021355101
-1.8311981256748062,12.398719882295376
-0.0148194979974412,9.136085743237325
0.17784532859667435,9.508137654191904
-1.326237795472339,9.287635338691544
1.0418584251042668,8.584945244763594
1.9397164337659665,9.50449587221669
1.7830988680338438,10.281652090548565
-1.2115758447053913,9.615542066304323
1.5014529596030428,10.900726641352223
0.8179745456467389,10.467380822614723
-0.1846137447723537,9.464915877998656
0.16244397729891613,11.566847201697838
1.3984006999298324,9.723683887145484
-0.07946024144650732,9.322655481346274
-0.5071705235794925,10.48975892950405
-0.027010027896056776,7.769766477278045
0.3165192161401964,9.013441377446243
-1.2436893848866046,8.658784081092499
1.6036309210679627,10.045089554542281
0.6967477953184553,10.379827791328145
0.5330756693499556,9.439734083472185
-1.6020150952774475,9.843550803605073
0.4166957526903672,8.311046106039017
-1.5161573510460307,8.919534399783641
-1.6852092992184038,9.483380863337768
0.10924358256957323,8.103079905978817
-0.3888578638140201,8.81431051607265
0.3552410806248929,10.975532404018791
-1.6431113277710456,9.739954135172162
-0.2760677486109664,9.29368511829574
-1.3008531398193681,12.099304303729841
1.9484003436964663,8.779511020279067
0.2446008497406975,10.905746921559754
0.7497474437634692,8.405448814758664
-0.6983268772695688,10.713178475517891
-1.6210443408826234,12.605559203495506
1.9034834511341465,9.62456385324915
-0.8549638584672672,9.958369067098147
-0.30476725930570314,9.868765078338248
0.5994556868103,8.798861760162756
-1.9012108092555549,11.5217661835575
1.2410365220691477,10.229602677340283
0.14631276011448113,11.651786434386596
-0.8871312517247114,9.899078958939148
-1.753568058830123,10.882453983842543
-1.3500063381022342,9.125225197263497
1.5801354354137476,7.54824402921431
0.7440968957435641,9.491727760451106
-1.0003931134524406,8.607814130162508
-1.7375969402198819,8.706010262230226
0.7624612495465453,9.195573488065873
0.2896309038710605,10.40830266440096
-0.3819219021670599,10.019650690692382
-0.5455542032397447,10.857989496826224
-1.1327428962835668,8.806656873066922
0.6784450261500705,10.104857937631106
1.882672111175482,11.8403865369262
-1.2971390166526966,12.582482079187258
0.38846648006201345,11.702311488112995
-0.3032597770160952,9.822679005082493
-0.21324511302134042,9.574749004666923
-0.9834108794887424,9.395847772531855
1.3005395026456763,10.943004833373438
-0.05897758341103554,9.488891995004776
0.17362340879305638,8.709232396692698
-0.780956348810697,9.942392152892278
-1.272766137332201,11.322392606892109
-1.656358447188718,9.966658058354467
0.8564765636996636,9.67079200436969
-1.2150628732485775,10.76465950264594
0.7603014167551909,9.088115907428984
-0.4384942158121845,9.120089483298289
-0.3369007960413941,10.343351487744918
-0.12329001562891317,9.022223636542204
-0.5291659674898272,9.831901795661159
-1.5975200911096397,9.982450590485676
-0.7614727599886169,10.174484895358361
0.6549374427757537,10.494851780923119
0.6631376058754839,9.23617765558972
-0.8551027710400225,9.634613284161352
-0.15958949376924814,8.959340403169833
-1.22621108795225,8.358415387807012
-1.158511673880657,11.422608495790227
-1.9078116463735704,11.970646273953125
1.5869861996309784,8.313928713470492
-1.1571733397003752,9.649167082195396
-1.0898644922541467,9.65739839860016
-0.8815942694194727,9.849021955287155
-1.490367713218284,11.036053351476635
0.5570515327254513,9.445362988962094
-1.6994281872896537,10.382526996179614
-1.463190294694599,9.98818878059718
0.5790269063603715,8.09631344829611
-0.641357518074229,9.761575353370752
0.8317913068047562,8.664178355559795
0.2296989786805681,9.551008173228656
-0.9759153077539477,9.783080273089313
0.6033118019573123,10.331769397768298
-1.5349052788284774,9.943846491773972
0.14564153232012167,11.942299959143334
-0.2514075798198614,12.033118001648727
-0.9285056687302369,8.162154397922992
0.41601999095800046,8.837059892889895
1.48533436936113,8.915415603596225
1.9956187990523069,10.894391308422197
0.431051074973698,9.036677507807324
-0.3811765026833194,10.487700990900894
-1.0991715991351936,9.440110241290887
-0.971615642419553,10.442792576213991
-0.0821800874009373,10.262401875914623
-0.530889194877163,9.857181677012292
1.655258090499777,10.640179304350553
-0.5268181293771619,9.367348206314963
-0.506221635418258,9.744607200734364
-0.46586195026409216,10.384314370761341
1.3464808414706324,8.9600383993875
0.6031532833876074,8.473643399771092
0.4566754012755707,9.39503498653158
-0.6634279104645513,8.431866098653284
1.2716167073297577,10.893910920925642
-1.8465445545771955,9.574903356529337
1.4831886893524526,8.529965959956398
0.05099959917571839,11.91641639567242
-0.4069990605463487,10.548776823294677
-0.011330877129257289,8.115131009518073
0.6696621221353243,9.170715165699216
-1.9489382939284106,11.128470183346208
1.486207425832991,7.920562973724607
-0.2130418987544287,9.485669309768078
-0.6281339211996873,10.353667254366815
-1.4470177374637716,11.864127112978808
-0.24213850256623148,9.018431297830153
-0.014708914862484601,8.677156176428614
-0.38541322202608885,11.418225363152445
0.7146403753075883,9.741503049524173
-0.31641388496309597,10.047212304144447
1.8456703113862933,9.254606295437098
0.3971100712943674,8.560464868062592
1.2299117426076358,9.402208917512244
-1.5625763875620846,10.143015083246581
-0.4108348282163772,10.881626805844224
-0.6526091942113892,8.270068021464885
0.2779295525463672,10.41681642301904
1.4444540802457024,9.720945059555712
-1.6866471289519733,10.92936632682132
-1.7097008078211569,8.360368537514539
1.4012708326303955,10.055575518840644
-1.1485996558465703,9.035475792331399
0.6750130177992548,11.289397614960246
0.1715125294432207,11.020519726650384
1.3315743795489179,10.45864246340491
-1.4996443606543859,11.405178781007027
-1.480868137109555,8.02148438488519
0.22727344111323022,7.978692491712823
1.7855146134334836,8.158850947969508
-0.340008966516983,11.002416194791383
-0.6922315989812202,11.587223751995445
0.4267572927915433,9.648420477218291
1.7217944021801244,11.45617146967093
1.3477113313784947,11.02803087342576
1.9819344429328796,10.778358512255267
-1.9097256671904916,11.11511736331981
-1.548567421148951,11.1754330259276
0.437871053466488,9.793343343030354
1.2823057573353989,10.003762323249724
-0.8590226307729338,9.46041140681084
-1.043155647863125,11.110547537282303
1.1479031975248035,9.32991749609189
-1.7744725845870737,10.043210307710298
-0.5224694096696596,9.96217971768882
0.023236890369318974,9.415968157395467
0.2413946974012937,9.543542408637247
0.9144606271711075,9.67863464617274
-0.5806171062773671,9.810541980482908
0.4507373786984288,7.951520436638578
0.34150169116382534,11.36726990861307
0.19046440261498843,8.782201052305338
0.5619331725688488,9.220311253908834
-0.9622033157276948,11.168495741889368
-1.661404985661484,11.724366476876991
-1.5229133118410263,8.296629461355932
-1.1016704693843957,8.49839979515075
0.0007917420911409678,9.317628327098074
1.3617710021840805,11.475750871361335
0.8051733683535365,11.925298013814826
1.1561624168081885,8.646268728539122
-0.5960975042956345,9.47311663994128
-0.3813850334057993,10.08235424024585
-0.4252724560375487,10.86690540310987
-1.232507262381994,7.029133975376778
-1.755133367425712,8.719448907292579
0.36366437130890716,10.189446008319418
1.9568667336823444,11.820288640642818
-1.3326811801989487,12.533561083304114
-1.813260720402905,10.181493700670641
1.1181267272957318,9.765812259373815
-0.9896559732611032,9.036331950806076
1.3185752214117135,10.809304406385202
0.8157466681380616,10.378084123740628
1.7826941482032184,10.51866655396029
-0.364291056973312,12.296071331466806
0.6478793578025366,9.560118478675129
-0.14058087674691722,9.925787419033018
0.522354789234174,9.353785829959742
-0.20160437596905068,7.9252648612451155
-1.2454710143037007,10.704461455175887
0.03158966401352359,11.11151431504856
0.11433680574976934,9.582211981329747
1.2424153930406443,8.972301640252919
0.9420828231743248,10.092878219984994
0.6551664957657763,11.061195792073047
-1.5464516177897099,10.79925161590063
0.8824651626548601,9.996881359863023
0.001220625418059118,10.134088157206904
1.5763981444246369,11.155361969028261
1.679483736522171,10.052663540278758
-1.7793736375928582,10.929480258325784
1.282566241417915,9.91801833969481
-1.8492104383093175,11.630209046363438
-0.5313214972199094,11.129534507207179
0.1691999024843165,8.211923754928115
-1.4075968054914902,8.143082658730432
0.9852552502763072,8.360260344775158
-1.9665811833114457,11.015804863380428
-1.3256038062638527,10.8994727262044
0.3231873194139028,9.907119732238648
0.8575502481491695,10.596444799218597
1.6665724107756645,9.905381527177028
0.8219866077384954,9.081465245765834
0.6871170810194638,8.836520556489607
-0.4226354145973428,9.659395659951187
-1.9948622978927943,11.014975818178165
-1.5193629650575122,9.55738270790318
0.13821817902415656,10.65152014402728
0.7005195433776787,8.696744216011568
-0.33020686441415004,8.90911574501303
0.9227160461135608,9.893233166985041
0.08744918132871504,9.830979748878422
-1.7032952176227512,11.436226914453957
-1.2319349961282047,10.677909270442346
1.3599928929757716,9.030234419360832
0.899650986497758,10.370727953021705
1.57904794804998,9.962199410849234
-1.5297710035162537,10.55957123665144
1.9608901384602957,11.389357805186386
-1.1623731442002656,9.363182193128894
-1.952880494853432,10.899736479365117
1.9896917562142167,11.261413222027329
-0.8757044582195475,10.631282705210326
0.6720778100502396,8.983336801485217
-1.2932707432947792,9.57458332217959
0.3209141287965669,10.564393702853817
1.616139945818237,10.229770820001491
-0.7192753302862456,7.761478181453874
0.6810159041774368,10.360878910032053
-1.248385644806334,10.18033885448265
0.499181594874901,9.395666314365677
-0.6541985927299594,9.626965845501623
-1.1551669656481933,8.687574368739288
-0.7472717971854594,9.436737902061726
-1.2846357259688026,9.520719184774956
1.6076644313515311,9.864699432165105
-0.41125245473148464,10.237694580102266
-1.0188827801025306,10.610439743055466
-0.20636863593626842,8.456929863845605
-0.7178553327740178,9.90496039125365
0.9776770152533039,9.539739198358056
1.8848796475419776,10.57558739332103
-0.2478653732094127,9.899445752332616
1.4441335998889615,10.36075079760866
0.26345229423847805,9.331865564887412
-1.371057339623066,9.681048618559942
0.7624909683253662,9.357947743091312
0.05373798850328049,10.167864849741289
0.6024260930084138,9.984621736234741
1.5587496502866598,9.080666415022403
-0.2382617173758157,8.837619864186584
1.6047104928694225,10.499977642603527
1.0026760571266196,9.525324985851668
-0.045580296488060945,9.530430190391485
0.4128885426318547,9.399481637689561
-0.6976754699239542,7.957748069915576
1.9343891989550968,10.108745738433544
0.669404652201584,7.627662345588776
-1.8246125900134804,9.961590415845892
-0.693512377007965,11.1638676736758
0.49325773503622994,9.165506382307766
-1.7746668888030408,9.96915958785153
-1.904463234723429,11.320626045085753
-0.1999030418887897,9.403711799335602
-0.66923928122932,9.013974149869307
-0.24680556786733643,11.922381546185818
-0.9492267604799793,7.66020227973147
-1.3411290122280763,9.481466875387103
0.7565734279213507,8.682937563720994
0.058284465071201996,12.025244659034081
-1.1993831550025327,10.007592225315431
-0.7216422949600068,9.199788522031959
0.36723163065330366,9.121584021723384
-1.7110826069100886,10.91392823246047
-1.4101879629352818,9.661284364850678
-1.7070175835704395,10.947935655389383
1.2492693308564755,11.351730896767124
1.009636932848037,8.671687698587437
1.0132517275170283,10.382800150667554
0.8653013739041122,10.451399021638355
0.6775416946794768,8.850487449816773
-0.09203233848730008,9.176485739611213
0.5691126540284599,11.090234771620759
-1.8465537808481014,11.025822611438102
0.48585769062713835,9.93984766200505
1.1115108221475087,11.184208194761794
0.0014334415375607534,10.094432143789813
-0.5699466862910523,10.966724428381804
-0.8902930607960835,10.561574813725311
0.5712082006483299,8.13874119819203
0.771204794519635,7.858668985887479
1.4838703994501703,9.230070684087396
-0.6306636701560371,10.38577697992335
1.0790892295423422,10.466924738593164
0.24542329675735175,10.188436430262348
1.5313459627123165,8.033266062115047
0.11124843318248301,10.746346122026232
0.07051931359186892,9.689524122740501
0.3115083257636364,10.250760678793153
0.9972614205697377,7.699169002568928
1.8587619153138437,11.149323061723923
-1.7057465831369374,9.85463727656735
-1.7862615904359314,11.917551760022697
1.750201349629354,8.154271844799087
0.11950250207282442,9.174451636905065
0.4596120582677443,9.595813829781576
-0.07030559362108457,9.907171132024871
-1.625370189570102,11.683077472263474
1.0723575136746661,9.07414138828912
0.9888985803543475,8.49696407741343
-0.753186714028752,8.557434724379629
-0.7750430190863984,10.57941468508759
1.351365523622074,10.532201364355643
-1.7105709690346935,10.181368308704617
1.5244205934262633,10.505789422793969
-0.9733532404163423,9.686049051669526
0.3719389910219757,9.824093582400781
1.743976716007111,7.968712154855703
0.7124900061465858,10.563254513885493
-0.34228075013185366,9.505600764891627
0.7581368356216607,10.346828105692593
-0.6240814547345193,10.849351482738978
-0.8909663346032555,9.956858039587157
1.9867331117387188,10.08060538404066
1.0031609247191509,8.578950274295865
0.5788799095272705,11.718858889093914
-0.5788414271227249,11.271887331862358
-1.8033566833798074,10.283203729050749
-1.8757724958593776,10.947320764408639
0.21672502179519526,8.88562099839808
1.0481308841562043,9.312623231346464
0.14951676177542028,11.425180031501853
1.3631402877564582,12.314182531002965
-1.8662938676271135,11.222301144344222
-0.5329916942962396,10.294420981170541
-1.0517184353032878,7.32379204543031
-0.21090812737151188,10.263774963403261
-1.71049442722351,8.791536534290739
1.8165265662842902,10.412173288820906
-1.1069783957225563,11.967391323336683
1.6892311019343391,9.453324194791003
-0.29642737985327283,10.201526620914695
1.9420965330208722,10.349985813885326
0.21623353384084298,10.013903424013847
1.7233314567032298,9.056167630581525
-1.9786040452231086,12.114766675962064
0.9929552247236004,8.75370070830246
1.6122026124100617,11.478628473714302
-1.4411177320841837,10.660303100001034
-1.615496593071394,10.988055805528123
-0.3017095712561777,9.752153531061532
1.7347156245317406,7.976926945390292
0.16954624076175495,9.150257465948348
0.10982585488692864,8.490629647759256
-1.4354955268027125,10.822423515618667
-1.9968419556271249,12.645237270819441
1.240560362981845,8.480642897009982
-1.649701748055047,8.873529996301656
0.5353992749412959,10.033858968154844
1.6584658180607659,10.617502697895663
-1.165392347366276,9.945014201102655
0.6610913449476432,9.46591087165032
-1.6852056931699622,10.006114841657428
0.4150205753504519,11.167521051761401
-1.344273116187189,8.68956446833478
0.9438142420607121,9.066771088771295
-0.7950748208243672,7.097992969475479
-0.14643596478141507,11.501619298878316
0.3977221681104868,10.60120585672449
-1.3149063573350417,10.579280082271122
0.9665512744704836,10.360737121140778
-0.7894386374527418,7.728913752033622
0.649487439651014,8.413918143979512
-1.3668677972025054,8.734999467153305
0.752470636825401,10.986951968760177
-1.487247708758153,10.025172419195306
-0.2985740149200655,10.273910522247947
-1.0111757050444927,9.968833489865483
0.9935009977127303,9.13046830046898
-0.9518599819725018,9.096924765350561
1.526869225581585,10.89685022299027
1.5672808456264513,9.43026693642217
-1.2142347391088566,11.537426009607914
0.4553837800308971,11.043529910002208
-1.6491294331201427,11.236757458564876
-0.43385160159348324,10.993391583364991
0.853286918005089,10.36134380504141
0.6376929873996651,10.775278686480643
0.4988026776264318,9.933406669941194
-0.8698365453502257,9.808983872450018
-0.48790020226239195,10.265449434485419
-1.5882154211988553,10.46792660861661
0.876091281734404,10.114056622675815
0.015555187165094075,10.438570606151982
0.8350625293826184,10.673475886833726
-1.004225900812509,11.412195777682262
-0.7022470854597351,10.90064741024777
-0.6631386509595414,10.810442933305026
-1.8970303610111352,10.22425621830019
-0.6358085086775058,9.32347386887349
1.213218294072134,7.90167936063315
1.589193982998954,10.145056607891462
0.07287326254370985,9.679920151516345
-0.17799321912311905,10.571335245543635
-1.876701525202519,11.251002971028667
1.5168173503415305,8.265510595199665
-1.9479591462965091,11.051469807486377
1.7790003208408471,8.377570345302122
-0.04313500524763736,8.928806870784417
-0.6322620257010936,10.349730655733268
1.6968737393706403,10.616035198375421
-1.902436027559613,11.097170558922237
0.3256995794763484,9.508293637459527
0.19573009799735042,8.778765393665182
-1.1227183951544717,9.296341135084168
-0.2844502745991577,10.748711166850397
0.6090560237750808,11.605807185825192
0.90852478752771,7.954103534670023
-1.9971325651736809,12.352672829579845
1.7474137203640612,10.003105565804553
-1.3418985104287504,8.746551166618646
-1.0656782631105632,9.9201880646231
-0.9461062172246071,10.302151756083775
-1.8487194537918588,11.9538306943221
-1.5077915056387003,10.305186751538306
1.945399691776648,10.69071039589457
-0.7391330504908558,10.007716211689454
-1.5387956386438026,11.617918141402626
-1.5720349553015067,9.305534075095753
0.8778398706798876,9.819177365353804
1.4182746561305635,9.779907406633042
-0.9721908019661205,11.453599790880363
-1.9163619506590601,9.95997646399568
-1.1076399262185768,10.674432942322083
-1.7739372368129707,9.047948932136402
-1.586420253479834,9.653438307000519
-0.2739675206094305,11.000549866974035
-1.0803265165534697,9.652909533945904
0.06378351410169358,11.311781922123279
-0.9860249869712385,10.299689862486064
1.7621492044117906,11.224206063930431
1.623775871705058,9.948499089185855
0.2672244200418641,8.867026448737812
-0.5823040320504553,10.112243337186017
-0.47541247186105773,9.483769267201291
-0.3525908674220122,8.294610690011007
0.9103172885397761,9.821812514307387
-0.19344401792464838,9.41459676672645
1.4269197860235896,9.632963223818642
1.7763791437214582,9.06785130822082
-0.6562153864842646,9.67736186865696
0.24277792550272048,8.32827052890238
-1.6197738526697423,10.679966566222303
-1.198123808934564,11.28645994015843
-0.34613693315935956,8.833377162054893
-1.1751891363928846,10.333727552671608
1.5062419631548702,8.75534354865248
-1.3668549757636077,10.5805394806347
-0.17735671378763218,11.348402700928098
0.42279696183950266,11.081463945746057
0.7674556326433777,10.472395791836723
-0.46772252109397305,10.005442496568797
1.4763962748989141,8.4911965552027
0.2732766043117021,9.189081346957233
-0.24196887820979285,10.168110541738189
-1.7310374637918535,10.458831854940286
-0.14124212621933996,10.674940473122264
1.282943363262921,11.420852944680592
0.45816407288526184,10.037251203790559
1.3286498149164734,10.171204164774277
-0.023953317602777524,8.011672024301253
-1.5261531796220726,9.665671164927058
-1.9454406166564757,11.785475048342736
-0.7871218131256352,9.08726070630913
0.7919618859911699,8.888665197069294
1.161039615766775,10.836260950096273
-0.8169886615186823,9.666043861142553
-0.01738431646701155,10.43026891591621
-0.3155243822636735,9.77800785841343
-0.35790886259428856,8.771773492112509
-1.074605147199398,10.190712343800522
-1.4545155798821665,10.102301106100837
-1.2132457670751475,9.59553644138031
-1.7786704513466156,10.686758015504736
-1.2074770327056918,9.920455688444921
-1.9631964094984822,11.872225799631124
0.509033602543913,7.245995912400414
-0.7344983704492685,9.360790218716662
1.8925788457076345,8.492664290283553
-1.2251317968948086,10.721406847449211
-0.6166857187616244,8.510580703277466
-0.5686353654338672,9.18993078442142
-1.9661940157501578,10.15420287114835
1.3568318121578358,7.882635303734769
-1.8720221594227011,10.6883499681498
1.7607193389169655,9.301540727264506
1.5682974043744826,10.476686440457604
0.14208766434385423,12.361377394659455
0.17438229964516827,8.284947481282913
0.6151116918246253,10.423783361525583
-0.4517999522604521,9.012681668164912
0.5888891335914219,8.516152170079287
-1.8209264452460525,11.89984059728252
-1.7838094906010937,10.934231591209654
-0.17107832152182256,10.730362779721759
0.19848920442413975,8.577161704373044
1.551270561343276,9.580252935059262
-1.581357464368415,13.45067709263326
1.2905917087755574,10.097197266207493
-1.1598106508317216,9.57974248350152
-0.42366540595987257,11.916384676931543
-0.7335902606903484,11.57623292279673
-0.3993789085384041,8.808048633428845
-1.3980180077096578,7.997337416338638
0.014280297614219783,8.921363196678053
1.206570359325469,11.429561664125961
-0.23386395848441222,10.103454192652222
-0.03754569640720362,10.747812443805898
1.395070341125257,10.2865594295049
0.8242324585521232,11.514117311355996
-0.038182365920861105,9.431050954527931
-0.9692174072432813,10.034286621723691
1.5397069873798666,10.172575495223878
0.3080816067622334,10.310942650605075
-1.1154095595572264,8.210255264192432
-0.9235209894479586,9.9057312040018
1.2125323557449836,9.36516463840763
-1.8234177516501782,11.503352109093033
1.9683687481152803,11.705598850647565
-1.4785932811408329,7.950050607243427
1.1842741015877496,9.611561147119502
-0.4208987329132685,10.329892255163749
-0.03113526685013257,9.532317342069248
1.5226023098583115,11.907579638278795
-0.348355241643147,9.106999829531029
0.14997501469293795,9.460866660667865
-1.8028013503633202,9.451946683584156
-1.9906101045301874,11.342672316915944
-1.0208005079930964,10.483026699799098
0.7223323716750691,11.621260183815876
-1.5149404265634532,9.686638279588776
-1.5449521647818023,11.406701544173156
-0.35615756785638686,10.842119563562575
0.591348154432906,10.25529939276252
0.848287968991722,11.171236435406751
-1.2861973036065009,9.093230600783809
-1.6816474105118302,7.809739817259818
1.7615881357821768,8.854564740598903
-0.9573344697515931,9.539637534791728
1.4133859904348953,8.875122450731022
1.453965801851273,9.193756609921149
1.0900903670501778,11.47928942764495
-1.3246655733897197,10.657891886423187
1.2872058370168014,11.652382060232384
1.0770022369663468,10.094935241114573
0.3868919604248684,11.868018379899656
-0.651191859324189,10.203654025084997
-0.9499655829338236,11.457491006991583
-1.5124431516785641,11.477412251154465
0.039028267603485656,9.881279289327955
0.34104350203938605,11.899703897496977
-0.5626440379368511,10.595540730142437
-0.09856372927652579,9.492119167042842
-0.5459421705229333,9.810267987444897
0.564024229282805,8.795964458950575
1.6050368311862533,9.01076350003797
-1.3443189518122205,10.256003346425832
-0.4743647603875063,9.78019256226692
-1.4365255841965547,11.521360368918877
0.499775081631328,10.224897629779221
0.9154820379543831,9.73643068937861
1.7276509303898235,10.328626159072138
-0.8845122949561404,9.067869605630076
1.8008448234617207,11.005638039989115
-1.7469493127173008,11.167358611379973
0.4120554534583527,9.497059207594157
-1.77146912262668,11.082280412387217
1.5750967510477794,9.361602836316482
0.1192362282802164,8.851165937212388
0.6773934030511843,9.557042866261229
1.3262957036418102,9.090698521384391
-1.398757510064125,8.466803973812997
-1.8456337522474646,11.79565724382891
1.5155245836514086,8.597109950804429
-0.7402670901642701,9.14077095692013
-1.484084368291339,9.638151509964699
-0.12615505165165386,9.317404903246087
0.39322430278407516,11.662429689582813
-1.8761175863099595,10.209151344723185
-0.9004173669716491,8.535232886530878
-1.868800502892416,10.234531096736832
-0.3186584432180042,8.832611434336142
1.5804001162649772,9.595396068858998
1.9306096459742768,11.649435480460074
0.5481902140145101,11.050976126528074
-1.3534492248616328,9.351815375526941
1.623397559997223,8.872729300520621
0.06499129280024185,9.127287247904064
-1.3850027515883276,8.801297781967644
1.6869066778066455,8.664772471974763
1.029876202892412,9.238952470745955
0.9268210908926062,11.381431123632114
0.8367228151776187,10.63318465416269
-1.1986407156142307,12.765691346904918
-1.1559732331698958,8.967018421681813
0.75317199370902,12.110941270242956
-1.1211089995584125,8.384447697640296
-0.2453132127878046,9.907002543934773
1.1280073023757655,8.91991093629782
1.1358100723913638,9.175654740976714
-0.18695290989656144,9.184479057861193
1.1687597531009803,12.475401969014346
1.354487184792227,11.809151290928241
0.619103005137041,12.060261849634825
-1.0862965907663193,10.204716978669161
-0.9039528784578099,11.231886324069034
-0.7406353783650585,9.51020485217563
-1.532783569064192,11.8577400023873
-0.9073615185202195,10.92181985991064
-1.1619231027498715,11.720243236540748
-0.17868500076559135,10.790104302657289
1.6337501914890598,9.079797861652553
-1.5820787329841677,10.806363193386575
0.8810716957895823,10.196570688278381
0.7491320176525109,8.673778189095067
-1.6169832053465694,8.395899684149445
1.6902896196232002,10.284961156605663
0.2738888086272784,10.02002369796654
-0.545097915457263,8.983313573895028
1.0261543339812267,10.865229167621731
-0.9705381663934638,8.842304350691641
0.7740393481852816,7.407705276477213
-1.8411551697110111,9.616590173009264
1.3576321504370878,10.262770048912996
-0.20731661191472606,9.413194768905049
0.5467716574317669,8.95769589980649
-1.1150487207732653,9.38306996758563
0.7082948506337918,7.94793735171742
1.0889611035731064,10.421926642742104
-0.10714725246240508,11.159947847696532
0.4709076962471772,9.293575701253777
-0.17469630471040576,10.413856372137632
1.576365477031382,8.038989319611643
-0.00852327794272334,8.971142742576536
1.3672348361152755,8.165241065691927
1.2054082330809943,9.879951031214933
-0.3579807146065739,8.567557658454152
-1.0796620325700998,7.913695030697558
-0.37567146976091603,9.087995271636446
1.3048695031008806,7.822487730043754
-1.0894698567224306,9.367757921577663
0.09774538343099737,10.438706613795095
1.22438699184299,10.68584207682594
-0.5860900994864848,9.706027300704124
0.5688385480107896,8.532432636230876
-1.017473703804742,10.096802407540611
-1.5628822185273603,9.651204773893548
1.1775369003714253,10.178981427593367
-1.6041255063651727,10.705991605319932
-0.9144744196816617,8.949909485299028
1.4204376879897604,8.028994644148085
-0.6141228516853312,9.359228420828535
1.8921813980566444,9.470644104172944
1.918937339095439,11.027038651679185
-0.9268959181857732,8.872918301826436
-1.8360871110004382,11.207899083265017
0.8202531368215165,10.040660411893153
-0.1960539894066251,8.190874518782053
-1.5969886241616948,10.331262135072224
0.8300912759121712,9.531192994801236
-1.875300363552315,12.349827810932927
1.4807867619689685,8.489208946476277
-1.445389883546785,9.352994505577282
-1.4907524850131,10.350511956393069
-1.297310808125662,10.560219655698317
1.8410654339682662,11.605532577483785
0.772677441015384,7.369083536407951
1.2054861418545468,12.012271784189403
-0.4094600570689879,9.308893051659084
-0.6547490899801778,9.817213895153223
-1.0620639728673202,9.417195364131294
-0.07740788675036425,10.836722270228236
0.207314934136674,9.489800115169068
0.5270993746110215,11.434324446480307
-0.9715259840052219,8.834946042319153
1.7946163236119625,9.487902161855914
-1.3209660071714566,11.397633526155918
1.8626126990656493,9.286765205739378
-1.9405755099699848,11.58553742735649
-0.07549723273261755,10.899290095931999
-0.6665286475337489,10.78603044389603
-0.20350634427899683,10.30285782706406
0.28265831592315616,9.389773466785112
-0.25764336794916387,13.075461408589064
-0.34061259879362016,10.483186944862386
0.9308936616532262,10.099788227662902
0.7435051003458586,11.388655293235864
1.3330851281433915,9.894386577851598
-1.0001640750420178,8.961878225815274
0.43811403901625434,10.644743079056735
0.3407791415714154,11.284910115534071
-0.521048756509245,9.098210257353282
-0.05576983238927635,10.615518092577334
-0.7448714267770851,8.561001186156481
-1.4326224095320592,9.032712218721235
-1.1447951573490687,7.247498316540678
-1.5779454143951956,11.01330616820805
0.7322783007604965,11.405766043459968
0.6429095724366061,11.50508969123675
1.8024254863194913,9.807264421335177
0.9187136545889651,11.992410053337798
-1.7918166449754742,10.717709871040526
1.5369806957158167,9.702836468851391
1.450700651782903,9.360288010458168
-0.2267187169092053,11.442463533590411
0.34345220211168614,10.8982397673165
1.9043133298900754,10.710181309851048
0.12921745539266505,9.405930622078673
1.621287313504359,11.315472990821318
-1.6678449687592543,10.340618733859106
-1.2357925251652686,11.776299393755407
-0.2369802262347287,8.544409838494607
0.3390272333492188,8.802289505629401
1.264911407451201,9.857659147207022
1.9530484605727474,10.037280409418315
-0.4445940141035343,10.402166245398474
-1.8103374554396603,11.931050888044123
1.2046860131812993,9.571125125440645
0.4175228763312324,8.578553375857037
-1.2058285645271933,10.13658181467455
-0.02068617351431934,8.857997635226516
0.9692409821348975,9.179513741504403
1.081647148274575,10.864378530036541
-0.0015263520049519919,10.354374172899679
-0.7791418794845635,9.46464385012532
1.894970328153974,9.81198501895436
0.6534504438259714,10.340712442961053
-0.3670499226148052,10.264469787612668
-0.8781471031813903,11.801988665383261
0.9244119320142485,11.245073384266304
-1.0312662176249292,10.792020361149891
-1.3131600441052473,12.261348866441498
0.11933555584828115,11.024810738272901
-0.8400504294234326,10.585302034929807
0.5156205796944602,8.847480135067247
-1.528245300503066,9.723664655827802
0.6197644182692863,10.534567989007588
-0.8668138880091911,6.516951134836269
-1.999028262261949,8.595428618181657
-1.4922557693032945,8.995704261814486
1.7344615113403763,8.533745136856414
1.4694185564614313,10.868065796645622
-1.0655638718550526,11.954405477117763
1.1134876181819648,11.480705036285322
0.434286372695897,13.69188808971708
1.8836188457994778,9.674475514120676
-0.5055773618637636,8.034180457377836
0.7258424500686851,10.455178650395169
-1.7458571103043257,11.740749287568558
-0.4150106127343762,10.355491772277027
1.8552706447527219,10.230445170496228
0.1559234978004822,10.601363703269158
-0.8484819866606217,10.738842415963456
-1.5189161474855726,9.623167840950089
0.8141133607261217,11.17023433739482
0.5794241737189072,9.188043321409932
-0.5042451455849015,7.8621156722354275
1.8037654074633371,9.608071719208219
-1.9111887480485987,11.622524646016249
-0.7851045934726968,8.478755161394101
1.6842779451983256,11.12369928363723
-0.7162582467222385,9.025313719659362
-0.9909886645793184,10.509236410149205
0.13688163972498923,12.640156610644777
1.2952069996821516,10.253871967058053
-1.5874129564865558,10.266639988976701
1.7720828385829446,9.360162831247074
1.1802915247246561,11.843946940641429
-1.2749989777937922,8.314607309615113
0.8480318447926507,10.081728133378274
-0.4601651094497714,7.096303243088767
-0.39082128769472524,10.506724525542111
1.1331603697554655,10.137244288380801
1.8511392319229287,10.50224501279689
-1.4933765086112243,11.208333821873765
-0.3174790524847224,10.225502508620403
-0.07623356766278588,10.47127398971605
-0.4947527321800096,11.380351552659588
-0.5472435051350999,12.004856124099534
-1.7909253297536138,10.890651682156117
0.7421544822504931,10.193351684716273
-0.25514233151981847,12.061703402712883
-1.220824789424293,9.834036456616092
1.2641340092082736,10.17476785311205
1.2102429926065117,9.529414868622306
-0.054433487644424794,12.02833748223161
-0.8061973554089579,9.967908864215401
0.5523709031858095,9.488005654873918
-0.8473914568903878,9.657536289616402
-1.0559682787051519,10.816584059541032
0.9220586161053066,10.446040905685988
-1.8386990411161972,12.084136442455584
-1.6209261158616242,10.766696719228706
-1.972847303905641,12.463267057213717
-1.3882272540982954,10.143000815502631
-1.7240399651581622,10.154583926959315
1.9832094711196744,9.986347348667262
-0.8447601201836417,9.169759354199055
-1.402927949323011,8.084320474219114
-1.0360149680163282,10.892659211687763
1.7445022861605386,10.269461353729326
0.08064089209758274,10.646890740649926
-0.5407276147685725,11.919256519088462
1.4935658316368774,9.220556261791831
-0.42003891780387015,8.407733388101935
-0.6599657201692168,10.662764782620307
-1.1708699098010578,11.56924772338691
-0.488812704362354,11.339319379664117
-0.7332625759322959,11.155757016708899
0.7092158371925641,8.830914127889105
-0.8416691813170916,10.290091143495822
0.3087989856902458,11.103362879862615
-1.7364313398721092,10.185174258165494
-1.2348433732139426,11.429620264141551
-0.37037891355460495,9.687399765929436
1.7477970156347817,10.341060483620861
-0.4909920571372184,10.38424488899548
0.6562964847993364,8.837824968791496
-0.9796511103144074,11.21163709978876
-1.491865696107073,10.809037883069117
-1.7658535996797995,11.057212511294196
-0.7783460058289946,10.234145409562059
-1.3693558928123681,8.67844052212651
-1.3039582079355032,10.907661765025008
1.0430372335478002,9.826408181393726
-1.9366477162205031,10.688695998939053
0.2312405029417377,8.915535523525925
-0.48215447762614083,8.031235670042648
0.026199999634188842,9.316492536198773
0.2513209488584116,11.387324519649294
-0.7465292221708872,10.393140846254934
-0.8195645592628589,10.61670059183487
0.9336073973396228,9.298162344530182
1.4851079524846287,11.14555734380486
-1.2296734701658885,10.265172900233724
-1.6095249578594042,8.837779448607122
1.5911832255681038,9.737957457283382
-0.6004181454104054,11.50911465622567
0.20526956265125662,7.462242969166947
-0.5618274219199861,10.524767267826396
-1.4967906546157947,13.075685242295158
0.3573265797909122,10.667635939594508
0.10056340707851863,10.985883534282552
-1.1880257632352111,8.986504863066871
-0.19252382139088864,10.392598288954238
1.1877900160625834,10.252165318642476
0.36170441243156537,10.937707667153242
-1.6123306917320206,12.699874741469301
0.19208598891654027,10.147505435452087
0.8109531971583475,11.503134313551007
1.1708136231230055,10.073337099992038
0.516470314537067,10.36360298522809
-1.389367341836865,8.322964054106826
0.8406930663606427,9.365966237542718
0.7093673843260655,11.237690445503699
-1.9022924682374671,10.311351606251257
-0.3530093296390273,9.391908934719964
-0.6681990121505068,10.564680226100162
0.6776482570145737,8.461831511034347
-1.1354567507563171,10.143899746423394
0.363487691897034,10.327371151987014
1.6528238472566894,9.783319636709887
1.191209488834431,11.715567801629918
1.6858309448661215,8.843415434921798
1.91402386773076,10.39896969479237
-1.957319491975349,11.770577447364724
0.49096510550991024,10.004210697599582
-0.34864240896437426,9.203689766055227
1.439417961340487,7.984452702732398
-0.9927411919634732,8.606726403305899
1.9241179564603046,10.641468290569872
0.45483187817498916,9.272465775986321
1.1741496089153238,10.168389226569179
-1.6576017887089267,8.37522339788671
-1.2661684609645398,9.845990929164419
1.0336146921368128,8.533152350310129
-1.9120539118427056,11.920957731684721
1.2675119435751312,11.156008925423405
-1.9442039252323542,10.45858231203152
0.6284753562450933,10.160433203004782
-0.5396243190727765,10.61743224110534
0.4459794108767965,10.445717925702901
0.7841256279564548,9.653449402941025
-0.6300991232547832,9.448679824209135
-1.5681502075566578,8.903105530639902
-1.7214165290069374,9.650262909386448
0.3557440902501914,9.554817143838335
0.08262141493644615,9.739066838123517
0.9688040364845301,10.22529108088298
0.038942040015748525,9.536855883793129
-0.3102168398764835,10.063086124026828
-0.4076512870550766,11.378684149508873
-1.8942123896093301,10.21882212416062
-0.6577711932133714,9.777383789428013
1.904080630097977,8.494063202545831
1.4942223049083552,9.288644436370289
-0.6824877318631293,10.465643019684512
0.3511816202654887,7.37810369143931
1.3891869821419758,10.845662916334971
-0.23490265299972535,11.091645878699683
-1.9281685449993962,11.221021662402872
-1.7019581527254397,9.340525116107411
0.04157088539482645,10.252496024271316
1.8777575027035134,9.50596398392613
0.7728381688754711,8.301266845333247
-1.7163352342457219,11.394461413765587
-1.2425564968325489,9.16007769938535
1.0852925728674,11.019693082707306
1.365759039824979,10.00426697570869
0.4707783447543634,8.02620818509635
0.5776926785192664,9.815159340556386
-1.8866501984664614,11.956701433100962
1.314121038326034,10.12049401884614
1.1531008326833185,9.005737860155504
-0.9638594235866114,9.714031926079528
0.8347068798620279,9.790120394255315
-1.1405815743000076,11.625904994056341
-1.838679355793948,9.194234837152054
-1.195453829638491,10.001824264828686
-1.285484492982802,10.824182331994669
-0.6490080130606111,8.910797120369295
-0.3262020112981676,10.030640762228623
0.03415556599083169,10.780667999995234
-0.0929844979666874,10.685637283002455
-0.9173015761388426,9.010881114534921
-1.8833173257037021,12.95341484996767
0.4204064889486028,9.232392024714077
-0.4170206806105825,9.081244390478307
-0.8053113704498012,11.71326948383615
1.4677641713220493,9.046876915282779
0.9869732311926391,6.931817455469842
1.431062193489769,9.21399838083437
-0.02006882115015607,9.361998525172933
-1.47627499149289,9.951310959784148
0.7848857444850896,9.364173996343743
-1.175704880251299,12.5525843027868
-0.23508132363313283,11.86756036606603
-1.739996844204446,8.978995304837966
1.3012336096919297,10.825993133135476
-1.4962374358099977,10.492271431916908
1.6123900281972388,9.680343081641093
1.4569224090462285,8.335229460602605
-0.14166894224301574,7.759596521181991
0.9774728172159626,9.253351286621124
0.4777802952726131,9.607933250603798
1.2123025693509795,8.354999675386521
-0.2727795968563518,10.053378397100365
1.1432339369774,12.045367958159082
-0.15017273173940815,11.498141609867497
1.7638631513711753,10.323228853876472
-0.05451159669940964,12.182857020262391
-0.14952291226508185,11.4687508243606
1.1402874462540509,10.782193763553604
1.2863107670433518,11.30594148684575
0.21795645728468305,9.605745127214169
-1.2808087460196984,9.854434908377247
-0.12896707616968195,7.945501101331727
1.8722900116387136,9.162352967319286
1.0119447721567405,8.349277153914453
1.2446504155165288,9.873215656077647
-1.8686980047230395,9.693831810809058
-0.12856214946336042,9.659262852935687
0.5864845346302214,9.84036843716208
1.3201307345122988,9.684203648583852
-1.8029053856689141,8.878074373364505
1.4097555425674924,12.395990172353828
0.19360374696764682,11.022630110304537
-1.2107441176957603,12.055830640755522
-0.7309791342012,12.219041444780268
-0.872281792993757,10.010616793645609
0.12343613715390322,8.919673834346565
-1.7932572803554727,10.07708526191207
-1.3658553660003059,9.868592071793925
1.2507721735031296,8.856562190792918
-1.4695840370127558,9.383221450304289
-1.0664149221674921,8.408422379680257
-0.18651757758337073,9.020160676323638
0.06848355245332183,9.095119552428102
1.0544419184566345,12.259465854268793
-0.2106702933352489,9.62950266033534
1.1594584841421551,11.025197993448058
0.4733852281818298,10.369087754826088
-1.5476010423047102,10.849948252619221
-1.3746742464286457,7.847691319637451
-0.25186509820091674,10.954378820308293
-0.41244242764384165,10.556180095244589
0.9741770785491783,8.75079379255623
0.32294855918940746,9.563409695382678
-0.4474676759910028,9.19434412122342
-1.3169588661984575,10.293014909845681
-1.0926515906980194,11.584492558941182
0.30200407387623596,9.341338006049329
-0.30624478040083014,11.147376836314011
0.05971003544268827,12.538304319543313
-1.3172902587910653,9.269183872676033
0.6516250093782632,8.662233299210142
1.4101549634238681,8.585006307185994
-0.9682419728523977,10.348767481427142
-0.033943096672693684,10.907203917784754
1.9021093160836071,9.321681624047969
-0.6670330377970894,11.725706159216644
0.38018537969504473,9.82119334424473
-1.6392171991990225,10.76966587243829
0.4240600099177727,9.158794442871471
-1.6414729067815284,10.652744066050403
1.8369417412952882,10.376018044035233
0.8626506082892456,8.597359973823563
1.1526391525428257,10.644242957181248
0.8164174430865474,9.714964714718365
0.35891614430586305,11.940824246938572
-0.20034887565797854,11.980595956139394
1.4334935190442497,9.204834207826618
1.8273426701722522,11.24260457472408
-0.0038553083836747604,8.503452505299563
1.726140196621048,9.067395389607643
0.33333163995407,8.28074363748033
0.15353674758573277,9.92594266321424
-0.18206906817857327,9.685936362837083
-1.1628489538795206,10.760843049542304
-1.9851213567277632,10.978227441479783
-1.033975092575755,10.902115604472257
0.03889268641426069,9.488723966183986
-0.48016019096098983,11.051339104778016
-0.20605908798946482,10.235929740614086
1.9225928782561983,11.138513563399535
-0.5989105173226896,10.962946559388923
-0.19126824255956842,8.45211399562256
-1.4659377945887218,10.684126128970204
-1.8081690702520494,9.414557689232698
1.1016380583699785,10.240392966593749
0.28273270028791453,9.827037039945248
1.04281922417558,9.65177848440693
-1.4005488044537935,8.715014654853213
0.2873150847307637,9.778491512233137
-0.9854301026344978,10.276291399157207
-1.0877527323999203,9.030467100875157
-1.953895943788059,12.46148991355551
-1.4786371057237124,10.223755594859593
-0.7629275540012186,10.985630972736603
-1.5324849576362438,9.977737105165591
1.94343376164375,10.15722176108056
-0.7654694059041973,10.578057200909468
-1.4787042131906873,8.985170178572561
-1.203670748688169,9.65085911482502
0.3508129133659059,10.406981946836654
-1.743825904540846,8.507726981099689
1.4497365205646275,10.34247929580186
1.8459987169485892,9.083989857116798
-1.0130103173304765,12.734483017495204
-0.19961892563656258,10.602453546187837
-1.9114621958820117,9.750710661029135
0.562840898908886,10.005472959969556
-0.34429576778964455,7.830638563016279
-0.9197661355937772,9.470131445270427
-1.172651557533566,10.56131566067707
0.6160923106350418,10.365833406246395
-0.3351318758707422,9.09845935824197
-1.281362843880352,9.70693147235091
0.7564363259472962,11.584868566617326
0.2602891321467746,10.80928851313654
1.4346882197179847,10.91479856179042
-1.5300964044940284,9.848144730868032
1.1426664077778246,10.45359612064018
0.6940671472690361,9.677671694757082
-1.5399562526876087,9.887740111291052
0.7792829194868829,9.213376299854348
-0.23381084448067835,11.44969592083426
1.7799391422233724,9.187209387056637
-1.4335545975284028,8.861148055554988
0.5713335632629519,8.973839645303864
-0.4720798181482162,9.318685509853784
1.827258682363511,9.794660138353668
-0.6801004188388942,10.692806364399944
1.8487436379672006,9.645589088432953
1.6059434044029963,9.040210486762161
-0.9184670587573747,9.561979648941563
1.2141671073057108,8.628708759482809
1.9824168072140238,10.446695825602674
-0.9893479913148706,9.123402556389124
-0.2528913227067213,9.429889347123293
0.08072294626703869,11.066952993700285
-0.8202754567845427,9.121156283307403
-1.938940641415881,10.880670721309183
-1.1194830232098933,10.908351028620153
-0.8722524626329662,10.475458382755274
-0.22560119472725138,12.044159558921901
-1.3155900863463925,12.276880929165063
1.4930174267666905,11.234189719576905
0.8196445309253444,9.296832202878148
-1.659198089761352,9.339112924338068
0.6003698045597257,9.73956781786149
0.6146259056224816,10.425434960137714
1.8248846945745107,10.229234426230935
-1.987916514575355,13.540858320447779
-1.0082702007767712,9.090680205950475
1.711165917501262,9.67248345093719
1.7285356615931322,9.18230570958408
0.8823456774825496,9.205840490839968
1.0630532841901599,8.95222458103683
-1.6340681682814115,9.969366880883012
0.05550333911293448,10.655242116321334
-1.0736680348440024,9.506739873497665
-1.275127825545531,10.673039325426915
1.2412131964933302,9.092711540207013
-1.4598474532778103,9.856904182634088
-0.12539345201445906,9.369862979866
1.7543129583441321,7.708546034099197
-1.2566717777386298,9.974361472163906
1.9119736949529385,9.609176676113798
1.9771519430442361,10.862101854935137
0.22246861872961166,9.128029242783544
-1.3194290392913683,11.843232645580017
-0.7355804482364174,8.770846389540958
-0.3020286692938594,8.937895634303517
-0.7627031025671083,9.917622838359872
-0.8774576804939369,9.681172642576392
1.8889188368654302,10.832132868347948
-1.3865406903370174,9.231041748338194
0.9333116348674491,8.941704721427637
-1.9983588422433005,11.219593261445088
0.3847306776095074,8.810782657046897
1.6637720158162095,10.310259081797428
-0.8482636236271239,10.58438907563698
-1.2578960989691232,9.609629762395151
0.6067191795137079,10.137676731840612
0.8504056291935727,11.095769684351275
0.7521220758079252,11.2983433384862
-0.7227324799145038,10.663810809119909
-0.9911903913626765,8.628348314733898
1.8236751998481768,12.092453878820116
1.6931980330797178,10.367022626379612
-0.1707335604287188,9.440801478269929
1.3847754646174937,10.341650822238774
-0.19070608946281586,9.360169718411841
-0.3024439277099584,10.46200178556552
-1.3729482096028214,9.584487149198804
-0.2943757740321087,11.197146567304094
0.14966775439922797,10.312177183153253
-1.9099826902852541,10.28972346275247
-0.22354797929837433,11.431553142165608
1.1254248735808012,9.450476022148708
0.7201842254970794,10.250924379240784
0.54062795545574,10.160814825465648
1.63822171374881,10.109133894380136
-1.92787196069908,10.70889370186659
0.22819034476893663,9.497702096919987
1.1493953936388284,11.600508766340702
0.16534153080506897,10.834697590389883
-0.7044177896784833,8.051312669769572
-1.4549977396320886,10.228029199296254
1.5502522872647653,9.100894549177232
-0.11695043044958808,10.78957808206465
1.5124607879428056,10.762464612645964
0.34340848973267324,9.988020966390302
0.6967684664600031,9.91212491559844
1.2170446175138,11.645514262905149
0.6366221784005375,8.943916588267347
-0.4077806372842492,10.093368614853908
0.05453353571460395,10.734395534185278
1.2121820987035195,9.432026498975622
-0.5053988145080632,9.577909526977145
-0.4475141729260117,10.120278793845092
-1.6172395357679954,10.920771360981114
1.6583377408869908,10.190327603236295
-1.635854740218233,9.245836164796964
0.5928367097942235,8.866925854768791
-0.3472220847888092,10.786859335083783
-0.37752243897823057,8.582928916044372
0.7182073462907357,11.086876146921576
-1.7316250694804851,11.648364542880952
0.37482313180573845,11.284716474545256
1.0881271438894191,10.526010634925239
1.3128510315463768,10.72039693803211
-1.3178784424248988,11.4845418112036
1.5896762003126947,8.051757510649558
0.6245843673897689,9.819042786091751
1.5274192032827312,9.371708342100153
-0.05887713155920693,9.777591240693999
0.1681333803888081,9.931463738407164
1.6761531081146845,11.461759271994422
1.599638173418687,7.779973755799405
-0.20735650652399196,10.294783800176418
-0.902349473457273,10.860982106186782
-0.4273182617429434,10.568095672814845
-0.44894268588100106,8.746825107191668
-0.8525325000688242,9.390751776285882
-0.9256815826681337,11.040631102244923
1.4442517459188777,9.759406684624471
-1.7205523172613533,11.865240464840703
0.7104447283983766,8.798794553018347
-1.3087197941741908,9.490089118551618
-0.6219764264237471,8.32334278380957
-1.7538278634606526,9.662762331666205
-0.9201054525781518,10.244712713504533
1.0736842844689685,9.349729566804625
1.5400612981890345,9.292593360073436
-1.1138913923905318,10.987677404961229
-0.14580864296431262,9.906139019433422
-0.11870380825117444,8.405759933875897
1.4943012230389368,9.021433801940763
1.0511962115032216,10.951794261716325
0.05230887347219948,9.820905843681548
0.6829888018870935,8.121115882474621
1.3894202156374673,11.989648141697108
-1.9618441838978202,11.523120485093436
-0.38843987579980555,9.549168822256377
1.6289726691083146,11.046478254628818
0.9612521233758056,9.91225093170094
0.17136549733629858,8.480988275862735
0.11857810814053371,11.095581792639493
-0.6089196095822489,8.908585759696216
0.08208213456605806,8.981196887819262
0.621532797853813,8.954429120886902
-0.3265478462848277,9.585977766972556
0.8566125855686959,10.709054342430527
1.4449289090415434,9.333088617140275
-1.3812606072605553,9.638351356851569
-0.1938119087303023,8.468847924733877
-0.3679196348596756,9.14443443071444
0.7498592161989124,8.842124269351894
-1.0005301389682826,9.667604240054668
0.561003659809105,9.788448654066663
1.509956966925952,8.527843671965098
-0.32747360082550925,11.777391347595273
1.6440627999168802,7.7587437575044955
1.9726549557339137,10.544240067872593
-1.5756318002081917,10.224405635658549
-1.0677872480605655,12.016324509185505
1.8015190059283728,11.077512260895723
1.833310745925547,9.084580055694127
-1.609170898452966,10.037418287728372
-1.9400059984914533,10.851589014429845
-1.355599906974311,10.57770235286933
1.9840511335289932,9.484803008963944
-1.2800015335572525,8.90799730384122
0.010190426888092574,9.51369649708402
1.3936709057220442,8.377290456786854
-1.9183935572471746,11.474255828114815
0.41795592903383794,9.449462383592596
-0.8918982045215027,10.1538502859337
1.4493396657589264,7.3626015830407
-0.8661554029436833,8.743013900092391
0.7470228811276356,8.667007020514609
0.6968785297895876,9.888063511786388
-1.11402580456144,9.45686026217681
-1.8608032005265995,10.525747277984799
-0.3630017048584109,11.63606676887462
-0.8432273921365212,12.369782471881551
1.2359109984548344,8.650147571791608
1.2014567538213812,9.707822465754935
-0.17190419122949807,9.281077875846904
0.42604890129287565,10.2962797567118
0.4170380639477007,6.759338248056535
1.3086325937104935,9.76697562858283
-0.29999034350721,8.445652665715603
-0.8982132808379637,11.767142246778375
-0.9398603274378101,9.743121295273937
0.14476911712881657,12.39144783984209
-0.20340718907114974,10.605395291955046
-0.23951691606025527,9.242169117688919
-1.635450643641171,10.664739400372227
0.8744149627607825,9.9611227893043
-1.1450532480723572,10.911223675831238
-1.2121854791651145,9.404768878216084
-0.3489667188904262,10.42231200950191
-1.0888866335287943,9.413242404439874
0.3354330692320615,8.961435269592402
-0.514146642662114,8.36139922708106
-0.20435310962883957,8.79747830672791
0.14867728641611544,8.008911849824788
-1.1858579100727806,8.237011303076027
-1.3769935085378808,9.828030429655096
1.5216876114944191,8.731870061671088
-0.2651051886743159,11.922023169048588
-0.35162556146984336,10.272664976994493
-1.857551398908634,10.075663490789099
-0.008094789650427092,9.170660514017598
0.21667888644400035,9.306981933308174
0.235363483818666,11.204102668471906
0.8281246772915374,7.986214567793902
-1.290072660035953,9.793148630405906
-0.9911074630775247,9.219686736325642
1.2429218609216508,9.596531387498302
1.788682467373576,9.715519404968397
-1.4562690105307174,9.984786561545398
-0.009401781979127222,9.852633977054266
-1.1432949890416526,8.718559849852367
-1.7597073265800702,11.140984004833179
-0.6979866474954584,6.60323107510443
-1.425249499263149,10.50858873280389
0.8397322937369851,9.842071690719104
0.13490165468577775,8.778059782466881
-1.4246621160387565,11.530994749432066
-1.9630336463779425,9.37692135505728
1.2326281960968508,9.864606011237399
-1.2952223753430099,11.119407357712097
0.42486656888306396,8.787269558822054
-0.6523123476930177,11.072860150823253
0.34194375326014237,9.735799405444066
-0.7373854920707039,9.511174708628332
-1.6522417572309833,9.503241373444203
-1.1081999657689856,10.564111714713391
-1.2477657340836976,10.608165754038279
-0.28792259024142464,11.4671143233695
0.6331351337046294,12.90329846909596
-0.9447757002145698,7.696794445670978
-1.9517202587975282,11.605450623730613
0.07574945705902758,8.98082485557281
0.42303795743588823,10.47260373401746
1.8514819760072387,11.43459588476706
0.35788321237298737,10.057477938088985
-0.11530976248743263,11.499626435623053
0.2936065035908153,9.174556473045921
1.7116025194481082,10.017814122352828
1.313512582406585,8.866274935106679
-0.708085066544768,8.930862231809197
-1.050982545371451,7.432497544865461
-0.9494655505357055,9.20266503136675
0.01768415886085206,10.645662778685319
0.9761978049143112,10.070990704695753
0.012876828731848367,9.13351137006517
-1.7288144166875496,10.246996866203887
0.8943228017599236,9.722827008695429
1.2238805146838154,9.960521869845289
-0.8420085395211214,9.492894749656948
0.6565029571334016,8.915515060469513
-0.2936323957824265,11.116505709098833
1.5564774229097713,9.105156749164413
1.3809022326429594,9.58874423018189
0.10172799323856907,10.391967962566167
0.7660221832543779,8.14150994235783
1.533398804088416,9.215129947951162
-0.017131959686897957,10.05951674818574
-0.7469970380447122,10.304184379916085
1.014664551638325,9.572278011862647
-1.119734980861233,9.777524476467091
-0.4458754079758318,9.437055217156225
1.4629089484271747,8.341251457784454
0.8976893610772603,10.068534064359048
-0.384755979010003,9.249077744097596
-1.1410219903665704,9.238216110753019
-0.5761264366710539,10.676916711810755
-0.863583403090268,11.15456808348499
-1.2956428482245843,8.691723864890413
0.9733316542626267,10.287008675549309
-0.991720452599314,9.68200881400971
-0.18333011932894472,8.003656605629935
-0.45656221265556374,9.554377718332388
1.9283095145425233,12.780462622031887
-0.4356310234071179,11.25903931688771
-1.6800700688129808,10.191922320219376
-1.640696989711664,11.48779105586928
0.36301488541225924,10.286993204651656
0.39745420695306244,10.93618944427122
-0.3249640380693801,10.015471350345056
-0.2726252307518813,10.171092980167609
-1.7842696686365151,10.944256148076468
0.06618604155704899,9.41216556585955
0.01895790152140675,10.56261068600741
-1.4018027257722219,7.817344450598698
-1.5846424555562897,11.368221403508347
-1.505710037602038,10.220579896035806
-1.595887014034966,10.987179622602653
0.43883278214703925,8.621630501885987
-1.2140693903883255,11.14482436574954
-0.9942793912501462,10.00484468326793
-1.305711423394241,10.454246152847631
1.8313412177940123,8.714966505383746
1.4184698526073416,8.840024817648512
-1.0780206505939165,10.885553519685756
-0.689734824311496,10.787274962505457
-1.1604286307800113,9.71639992533239
-0.03249616215670503,8.262599247150552
-1.9215578701029856,11.1151464224093
0.6854720355871828,8.539566902519029
0.09263259927056655,10.85675405575762
1.594555713204413,9.885692909002412
-1.3424292626863434,10.375832585160346
1.2164369842445266,10.436545854938917
1.167844057866863,10.885063406549701
-1.4912752431324523,8.961697958149616
-0.40576310342348965,10.498726559384773
-1.3193894354219324,9.635643972919624
-0.9811179981698044,10.02569348108336
-0.9470153006778226,7.299916494820868
0.22494557610309096,9.692862477683345
-0.354356272958138,11.753978148323478
1.7909312160252213,9.77984678495006
-1.4945194322119795,9.630567589332342
1.8947685394007951,11.681804226904795
-1.0774454391429442,8.22550801850867
1.0914957455274124,8.807496535531364
-0.6441202953087144,9.164523857896356
-1.4276744183307444,9.245367897471032
1.4315567409849597,7.818337003902304
-0.7645564030541472,10.430475583445785
0.6354216169073688,10.002913330691332
0.2657747403465063,10.395015501856664
-0.11297476243650273,10.999409117304355
-0.01672210940584362,9.213344718484926
0.9289516563691502,9.154221841811715
-1.6489083435062377,11.529205332461757
0.6727226478316206,11.609984541335757
1.5832484055943148,10.459411613987989
-1.7688472119205434,11.070473854834443
-1.437386643065333,10.858672990185664
0.8665277468081256,8.411370284240567
-0.2508734070215297,11.225823767478877
-0.38580551674524655,10.84896684939114
-1.4521334618230566,10.040735936543328
0.027080162871152336,8.367098587925733
-1.493818755214491,9.851556691454672
-0.09351817475783841,10.84641119495954
1.0544611958466268,9.471995088818439
-0.966942568451346,9.616783242997956
-0.07685532728109079,10.929145687479465
1.9680638775873427,10.629976845068917
0.746601693416149,10.280159740480277
1.3654270852207944,9.113653469944703
-0.340609573757817,9.950174473726472
1.0714436925034212,9.349370937800124
-1.8379633082347127,9.606578844989839
-1.50835526983102,10.411582357030726
-1.1877176283197515,10.528830383928886
-0.39219230153912177,10.509664886551782
1.3829795133030527,12.432370210380174
-0.614935796848278,11.675400322308352
0.6184847740618515,11.0385856106041
0.8372571792139336,9.947589627642026
0.3447294163533656,10.564117922501971
-0.5710321273194552,10.061382932161687
0.3082133668541771,10.193602384484866
-0.6309376288410151,10.655337835322507
-1.6645050457919517,10.693029197346437
1.9712159127440576,10.616669774010447
-1.4912701854699564,10.0335459536058
-1.7106064646557706,11.040188115570968
1.5141229968286236,10.093729174191553
-0.7926613564284195,9.120081216964108
0.6011878962940305,9.032496989826429
-0.6839770813510686,11.083994931807059
-0.4341829168221154,9.14362191692092
-0.951548111932814,9.524216324407908
-0.6278239768279592,10.129223561437266
-0.35719839765382755,8.724293913456993
0.8816642763693716,9.313622049410165
0.04614477693916719,9.185087930735298
1.7742608686279078,10.279702940965795
-1.832478424644898,11.760878962489672
0.012273290528112657,8.442727002641561
0.33689915532687253,10.646731025767485
1.6807879442970957,6.791103182376739
-1.8033659055142897,10.069665722740046
0.2939983397408641,10.384266792562444
1.4145197141118282,10.158329189651399
-1.0322890875230537,8.42556811805241
1.5051693940957498,11.060758843419146
-1.9238263629028327,11.536376850984299
0.9298185165349189,11.254904309609286
1.7324528846746121,9.332239923716148
0.6287906465602489,9.371784894864915
-0.24388302407820817,9.073537988783151
-1.820475934109128,10.98841676184254
1.680455253290515,10.116019127141612
-0.11881510923370087,8.980093945107077
-1.884013022656208,10.309218608201292
0.7592842853150477,9.398730416770452
-0.07265098569496731,9.170485444594426
-1.502618730230357,9.853908408189492
-1.1429127627589617,8.505579370183058
-1.742037278176615,9.017272024476856
0.2971741588342942,9.261134179690984
0.488117917008037,10.64880228806262
0.0229691934217775,8.882615853615524
1.2684085320104597,9.182319892431336
1.4440352852320544,9.555046759435914
0.4624975867325065,10.939549217070418
-1.9489740811702778,10.720098996230812
0.7809186229909426,9.881748008574982
-0.3280031323185937,7.118619965098654
0.26222993290554797,11.29811741240712
0.5963224080755376,10.66816890268701
-0.599053542691693,11.011649658045918
1.668394020687177,10.436601228062344
-1.4641005330008752,10.352843544818853
0.6860472291241497,10.671419019395504
-1.9825616801736783,12.69243457531727
1.6986044216207232,9.475726051912458
-1.549983467047634,9.88892300584319
-1.6204630794097015,9.517078285034103
-0.6679694677910231,12.004298308994091
-0.5057348558436776,9.637878323583172
-1.1427997107084855,11.083991664566266
0.3404866437084988,9.113506421439707
-0.2283436078321457,11.41502822270749
-1.8632976438356503,10.399583531173892
-0.7213917509787975,9.253592050741426
1.241731654292682,9.970101285909784
0.7588061394474743,10.195720327952307
0.8994834143195218,10.980798934057423
0.7924676963340942,8.729781462676664
-0.7561079144678668,12.063692017073068
-1.6013443116928965,9.0631430285517
-0.910131263867616,10.429647603417703
1.3271412007406371,8.946692662292238
1.9218831911322845,10.75525224566254
-0.024611941033754636,8.354870419194798
-1.9611985803078311,12.158168803882138
-1.4398207514630839,12.137247053785607
-0.7116776987349369,9.38005635468188
0.314341394371799,11.463648591136128
-1.6996254167787441,10.611726013558041
1.7734291948395264,8.827212773576004
-0.5396653068623971,8.541433188897317
1.650336871699292,10.2891767256783
1.122087211028087,11.64546095079439
1.0217490900623245,10.017998426232088
0.42687831912892804,10.134149701270385
0.5071352682073784,10.934692736346364
0.5520129408649925,9.481549607133244
0.5148855481023284,9.564587688509578
0.214912925593445,7.554252566312375
1.9456560739315556,12.072293230570814
0.9291622697027844,10.53568764075682
1.1077855535700847,10.140603525952729
1.4898512603346967,10.409545582624292
-1.1374409490966033,10.386956031626239
-1.6647833636197569,10.450525464052339
-0.06842225360560539,10.33666842209217
0.05632278247709266,10.85845829686531
1.3167271197996708,10.430007291914684
-0.22486568287065722,10.731925552789741
0.2834121021772509,9.150008683632517
0.10828375405383328,10.526498758735416
-1.8471888649704358,9.577401430201824
0.4608595863876559,10.130431656976507
1.312173143097009,10.029305811802466
-1.3699978076967847,9.774489319734808
0.3773269357063831,9.957436617615151
0.37444217778565747,10.639441503401285
-1.343260143774565,9.626657305041281
-1.506145705077056,9.533194578185933
1.9202077719059392,10.624477728514798
-0.4251233213878498,11.115807317714156
-1.0903130851058829,9.546635010774693
-1.3147018221825002,10.412528654564763
0.6704068543329402,9.715617523387222
0.43778118930911525,9.936467819130247
0.5742084919496699,8.03198864143714
-1.647975889954191,12.174213285402168
1.5741383339937478,10.700099200012662
-0.44293441276380685,10.0168592300329
-0.7465223742785683,8.841222346087266
-0.1505542110090432,9.535202873896095
-0.439735737009487,8.560614974115053
1.4543080125565835,9.727266917596147
1.7170439007915683,9.45590699670834
-0.7861871342015752,9.550875752841154
1.4557432298398192,7.61739622895648
1.1260925181322685,9.645742322774044
1.7232306893790472,11.149710698273406
-1.0169987512564487,9.967817676370514
0.30783660048391637,10.982481144798816
-0.9018216610382215,10.753113377361624
1.2963779619374969,9.852820144858718
-1.978703237715743,10.171467390484628
0.25927665154558444,10.905643707217136
-0.643186274912328,10.602982167866294
-0.709265171688719,9.405110463968287
0.5796252954596679,9.707042567983528
1.4059377972559757,11.186786693881267
0.43678156557330494,10.513606334580238
1.41269191458689,9.838463911631028
-0.9416115524758801,8.192684486982465
0.07800741905992448,9.236921658984434
-0.1978538437316959,10.59859422865721
-1.9534204019876151,9.196487316513256
0.2272485725629605,11.017190979046116
0.6460972965846996,9.090929057123338
0.36765761767628025,10.59512857698504
0.9451195951336859,9.831610872716519
0.28535811381230847,8.094004162338445
-1.7329989805969723,12.291139775947858
-1.5342179036611543,10.553727551018167
0.38589831017580956,8.002944461128035
-0.9000832321054393,8.853280401467442
-1.6814194838609366,8.700356448759083
-0.28158902620581294,11.27051270682256
0.21729039233462144,10.228622872114832
-0.6850160466015738,8.791802330471887
0.8817348089031118,7.669946989681906
0.5750824324049786,10.297967016034107
-0.6687265556333122,11.644893036313949
1.0194901156342424,9.029913360935785
0.5947801701321418,11.342615419999827
0.5497815148716083,10.559659824830383
0.21371080314827218,9.283685583846756
-1.9544413276457888,10.615535950495232
0.7860287339075565,10.539749969971213
-0.4958328355633741,9.906354603012504
1.7704388406346223,9.758524396103464
1.2719390843088214,12.284669754433494
0.35077787812524885,10.184358781997489
-0.9912720727229223,9.991495108921546
-1.1851304268893337,10.275999786304412
-0.6384606492898035,9.803916512264799
-0.09372822567992589,8.81284344964766
-0.8157379598442116,9.238934286888158
0.05971798156993113,10.507506922716312
-1.3385182979472563,11.279786330292042
1.9108512513019997,12.115377117017434
-1.5683017801400245,10.37046976524853
1.7277765586174882,7.978657821948049
1.6543120456107796,11.540294998217709
0.10144192727799206,11.10882672569439
0.8996410873443375,11.388093274275688
-0.25580680810964873,9.338684031894289
0.5201383101697528,11.953845422158352
-0.6376962503155252,10.659574235269979
-0.7953639208582186,10.41387882441433
0.3129191446780548,9.420051793847048
-0.007481303264078587,9.73249786229502
0.3181454765999243,10.01927813376814
-0.853357674851908,9.754698459672248
-0.532168672732019,11.3008081327004
-1.6644081574843628,10.772024953214178
-1.7908945109111771,10.860466171962962
-0.986171481307935,8.557685736418984
-1.703012562677817,10.628563605931292
-1.5849011654610372,9.450478801564078
1.2517136215757483,9.023479868293192
-1.8445052119332428,14.040728491982563
0.635771175738971,10.154703436271074
-0.909769004738398,10.64824269955017
1.4861827228325057,8.608279087458465
-0.060030861690001824,10.367444752546218
-0.7776941626886971,10.829516299631674
0.07055574275773813,9.04875361280507
-0.4721679238189247,10.239624198417937
0.25720425867932084,12.172781284152883
-1.541868526694607,12.679184290258714
1.9879620112502043,8.370671869471764
-0.2977764892131298,7.14086131642415
-0.6070774411705253,9.476395092950447
0.8408393932650595,11.501177505589634
-0.5444023740186701,10.476842403545374
1.3330972201150306,9.723323532770767
-0.18291710255829896,9.828188675380641
0.8782336530617396,9.766991514684864
-1.5701871342324538,11.646777047055282
1.3844767422204471,10.608113445426664
0.9428719471124394,10.625144383677041
-1.1531328861521373,11.626131961040171
-1.4188559610168534,8.024237928231546
-0.7348306050975024,8.887605303853984
1.9042823441276173,8.002838239744474
-0.9726737017317655,10.56011729100832
-0.1754911642134669,9.845535928448546
-1.8799190971306547,10.18420827235801
-0.4110898817350699,11.892704838154986
0.28528006173241094,9.952480799964714
1.8124984500318604,12.13792388641107
0.06694417976025768,9.291964731413808
1.2764293047107511,9.981747333014743
0.18851057027560225,10.002266227535909
-1.8368599462579276,10.492185710883682
-0.7399668992409039,9.405869546416
0.30219803132441303,11.909894603212301
1.8023758637244973,10.004926812366335
1.4365214390049332,8.269620804445887
-1.0865775432846094,10.749198018962458
-1.119560679923346,8.308843616711668
-1.195308131544397,9.722061049552634
1.6899955852100126,8.271339619955603
1.4106646124068827,8.145803616218561
1.099533729011795,10.39296666667699
-0.4290595431030897,9.91094981412076
0.01752281719506721,10.404724949521572
-0.1426730208193887,8.174197491289457
-0.9864075697625094,10.827502410670201
0.020112184595067806,8.09575457887639
-1.8780138085889821,10.518990594998916
-1.4727585060101633,9.323236321081572
1.5463583846757856,10.840524896015749
1.006719068125693,8.759699241251163
-0.3085263637636517,10.669428305937563
0.06860144913550892,9.228915787514659
-0.5200044561600903,9.565643503798215
0.9631194686426898,11.282756926871025
1.1367487169283184,12.296861125385602
1.0531407608126364,10.472551227438528
0.8904468993377983,10.574099531157655
-1.1819826452288167,8.49276189112539
-0.6481200830380849,9.636700024554399
-0.1206182600653003,9.293981408179212
-0.6768280342893775,9.219705246881453
1.0197608006333159,10.558010584863537
-0.6825859030001813,9.779008112429588
-1.4470716528586514,11.165484707704362
-0.4038381918067837,9.948156493050433
1.9196577311295213,10.538008752308023
-1.0964743482656965,10.561067323946087
0.4486346357729163,9.92834747393481
-0.2681078006411748,9.41108257131426
-1.7159017294026935,10.98316260913233
-0.04849357600776205,10.319903204603465
0.8086573145932499,9.396900740384075
0.05287990331127501,10.534025768432032
1.4884242549863242,10.211188537100258
-0.8442519333696694,9.179792619425367
-1.6550033147841403,7.7965041405407
1.7462624466320245,9.092415639650945
-0.48721460188712395,8.718514353507494
0.3056222058145335,9.270660634909273
1.1680125045207839,10.278660081566178
-0.7027453444976777,9.200185231365175
0.8646581527104447,10.547595124086504
-1.4583246007286879,10.67049039804705
-0.8348250111779789,11.057965161648232
-1.4211574554539204,9.738317447382133
1.2449222336054313,9.504554647472762
-1.1094030590928585,8.79399013246329
0.8696142216208411,9.458333839768342
1.7731935889826103,9.030030499356634
0.11108883627550803,9.693828967002279
0.16011676904275074,10.490081485219847
-0.15586572760875184,9.713422223520734
-0.696439426425429,7.531711115316496
-0.09737987630033151,9.971748484777498
0.4112301290670377,10.115813187429106
1.9439662886826374,8.398251980246126
1.751058237272897,9.209548272491954
1.448611833172487,8.036230599725195
1.5565221428194334,8.529087901722665
-0.1286032668318282,11.045486960676756
0.6297773087098593,10.84977895363677
1.5802668917448566,9.457906594197352
-0.42819694003458775,10.836503676226323
1.8470499133818752,9.39341237743695
-0.336855751723268,9.98717122377833
0.40433066157286257,10.20341626877399
0.8392188530894877,9.937619625954826
1.8023680523037533,9.647291746875695
-1.0215349037909358,10.372828459287007
0.9845239129545691,8.888685368711236
0.08326234457632875,10.503733005013816
-0.9257714375174357,8.528506263849646
1.1064273591855622,10.786224548399924
0.20888912069538623,10.423015511583047
0.6438952825987032,11.545160070147887
-0.7083957256883959,9.55402064060114
-0.07490419268957993,10.231774527297505
0.46941700395226826,9.936618076630845
-0.38035674292062405,9.068832879117137
-1.2065098406091948,11.317149866993734
1.846561969261216,7.932060150248468
0.04587016017046963,10.2780732584314
0.9356814811508021,10.987351145601966
-0.3558112257757675,11.163448238053945
-0.5794729438971347,9.191839975048152
-0.37134280613150006,7.652004300925215
-0.3632134248574008,9.676631626513245
0.17672046376781436,8.400896643798239
0.1738794799254526,9.351850410814897
-0.011384736468513346,9.235802723732233
-1.4608568603302476,10.030510244917231
-0.015698085997875477,8.311821400873606
-1.323584398317394,12.054329350407219
-1.4954568548169394,9.080452340101232
1.730582869364671,8.931433813820213
0.419800052590817,10.183686669579712
0.6379602324983371,9.763493039429425
-0.3928253186665449,8.26895516056254
1.6359235676594568,9.57220687755844
0.5517219583186619,8.302995275041589
1.0766794780943498,10.448682136894504
-0.5257501238891447,8.665671340064119
1.840047523276502,11.047408336272076
1.2818451606332602,10.304930880391273
1.4157938520581745,10.057545430456347
-1.311222930296983,11.06539033785614
-0.9161471685151219,9.42672889116613
-0.8574936012656917,9.285319955497526
-0.9163631070125153,7.075860422077607
1.4216326484171518,8.262492656191197
-1.8724608191656316,10.778825228764784
-1.6956000440769028,9.856151581526357
-0.9043405174803851,10.404391430780983
-1.2005081014022254,10.297535475262439
-1.0725615444686065,9.008171019565241
1.1917727570132,10.899516544305406
0.25250637556818756,12.59945595854268
-1.976917354828128,9.444288210818943
-0.282708937183219,11.725481024724473
-0.3684602925985643,11.222526665783464
-1.5442189222218259,12.122496880237037
0.7045671544058285,11.663950398323433
0.8083887535179644,10.447076600464781
0.8835728762083908,9.617177063934403
0.9138837822343682,7.127448144107359
-1.9997886922708128,10.798070570394781
1.8156832153868887,10.231776665231239
1.2568350682186522,10.689063398745418
1.6159267863571412,10.481489070295687
-1.9374268187702635,10.986577200654425
1.7354351831429575,9.232621867767826
1.2391541147524188,9.166765163963504
1.3488765718347944,9.432965007597133
-1.626850461112126,9.33698566327713
0.9551121156743907,9.462013912691877
1.839666758568364,8.014116013278262
0.7141893656726426,10.362622908836357
0.2822456184984259,9.196295022928151
1.782518710995988,9.359005387108603
-0.228251513062256,10.854363411349107
0.3971742652419148,11.70940003135505
-0.09464682602253527,7.277373501808707
1.7313848854411966,9.689183542077789
-1.695661092937971,9.016716714689816
0.00447880330139272,8.003526343013494
0.7478097655417533,10.026361681977926
1.1676261536889476,11.705487375628005
0.33207458977654536,9.867518059246905
1.635670976485816,10.503446882469675
1.7679657875354868,9.783469898658868
-1.742723107225666,10.510805624372193
-0.39051784183450255,10.889378041086209
-1.9061639131153822,9.192454137108077
-0.6823333705022283,10.40750985859537
0.14747287188240854,10.51189502576537
1.6431797220397955,8.64194269870326
1.3862172898616114,11.148112490554485
-1.490001093312057,10.53647632222628
-1.6278785010364172,9.38911220013077
0.35706935502666814,11.815250870609987
0.1284718898351307,10.763973653377828
-0.9344894342799046,8.38016745148395
1.5978123382153409,8.767944022072536
1.7094656378462139,8.808801088623614
-0.38955424663934934,9.550140839778068
1.561210228454081,9.482461746001853
-0.4642044229481095,7.793110742779129
0.9472673273188006,11.653535785080976
-0.09623112980910342,8.554582471821204
-1.509667373971268,9.843386146400304
1.711736804948086,8.850069378229653
-0.18361362648985358,11.06401388805369
0.9379481612896146,9.84208287482687
-0.5313047422748314,11.752402339069297
-1.9244764856950614,9.748687861792412
-1.5978785652326564,7.101423300863921
-0.01512208204030241,9.689395255890956
0.7598574285054496,9.531239583305485
-0.6610586936828837,11.19987405553587
0.7819538367106014,8.867206139921572
0.7945423577278241,9.124854150049904
0.8157436293113234,8.935214229969652
-0.029912583917966362,5.845802505944336
1.659544600486016,8.976743198543788
-0.043213928077537656,8.376759283417924
-0.19893922601344727,8.84490144055075
-1.202476723957492,9.94038347386916
-0.769379650574654,9.6574978574925
-1.8306620299267866,10.67078798750926
0.5341411744646809,9.067864950670582
-1.0058570242916285,9.04634655945632
-0.7833789820581396,9.175984025671344
1.0832580866572847,10.935963652657113
-0.6911152673541845,10.11735923060843
-1.0312164319474313,10.478563444883488
-1.323769003465177,11.324822867741126
1.0994336087278236,10.887635583326269
-1.4811749680398925,9.927695694899139
-0.1849849589985859,9.174284788397841
0.027720464308777615,8.493487817058485
0.7495596507428584,9.844947937150343
0.5331339293319819,9.046129634015387
1.2428826917806992,9.247997833487995
-1.8209942642950474,9.994943335177739
-0.8142371008824112,10.540481657522362
-0.879463524898481,7.827661868181622
-1.415932377631567,8.817753200687877
-0.8432869845742275,10.937690645192605
-0.7609387434283863,10.299429367731593
0.08753784770991313,8.776870753204
0.6548179157050242,10.866101376061515
-0.4755979455527437,9.044870962716542
0.8778809252535247,10.500074316558914
-0.6553386456816801,10.842167470624883
-0.8388652907409586,9.722216957037354
0.16475222342809737,10.753117237819168
-1.9051345587768376,11.653554084834974
-1.6808435054639985,9.832621755542025
-0.3281218256538918,10.309529761938157
1.771650845567026,8.818045587104546
0.8860471193736945,9.632531116023035
-1.647493721997769,9.135322900589975
1.3852720511234948,11.885252513003003
0.929203082432724,10.852281896266135
0.4437861028106127,10.121623085485924
1.2811718424367093,9.768121808042782
-0.3835606090281716,8.676615424027231
-1.113995796584589,11.69904294301378
0.04809355643503732,8.694593678657867
0.19536702237389525,10.81578214925105
0.15330548803964827,10.110623718572219
0.2602951659204211,8.24430313991462
1.7948196729567232,9.683831233586599
1.6089824923849254,8.74719452383518
1.5028681462357576,10.060180522814795
1.2056672436345086,9.572454337864055
1.7737124290611415,10.066783161231005
-1.606021433282387,9.736528868997297
-0.939506954217042,8.6319795313131
-0.019776217381660466,10.418894015630178
1.386137972493621,10.214396625481024
0.020662846090929943,11.34959264601957
0.9921389573663548,9.338787870984115
-1.4441603790043351,8.8377404041012
-0.9903447480937593,11.323936033539926
0.9271043801506895,10.253397991358261
-1.3410639644491038,9.227556045252305
-0.594576261380293,9.822154230631638
-0.9405349687457143,7.87252538474254
-0.6005532231100861,9.142196075945037
0.8332961963118812,9.737253108666462
-0.5286112754287959,9.966351116047164
0.2210532904317608,9.642197840811933
-1.6002724917823614,9.634680031364605
1.2200707729385112,8.517777910155344
-0.5204454974075006,11.291694403455429
0.5941366361333698,8.374927376417881
0.9015584066473306,9.936811955689015
-1.1613563115531984,8.812949935609424
1.5386999398133998,7.69610086080865
0.46489700642781173,9.863492652199092
-0.28509943299407414,9.900268375238262
-1.2706592656871218,10.435238138604452
1.769203751604827,10.855671841166341
1.0202728165265005,9.055454736834887
-1.1679017490670045,12.38058704431741
-0.649156901103102,9.979851234622064
1.238697032352293,9.154432667079138
0.7827106528613559,7.7331246943343475
1.0631371708628974,9.834776622087306
-0.23519559114827038,11.81202359101087
0.8659050505686676,9.367729321171646
-0.4540251085443452,10.499244519663081
-1.1549483322472143,10.770248937212047
0.5307081393654398,10.166325762067718
1.9040557023951767,9.821922059765722
-0.7575961144186816,10.08049758198506
-0.15612163114984146,8.858736932823758
0.6960054842794143,10.287715331547979
0.16602512848995143,9.936233986854791
1.373711182836197,9.535819086758828
1.0469708258780637,8.535799148402285
-1.7668111845505718,10.20128377568081
1.993684935695096,9.652187040586718
1.009609814877869,10.20883610547407
1.4556132651764528,9.229144000929685
0.6047908483813855,10.541992185329013
1.425140512187049,8.287986585663264
-1.5504681002851624,11.6970804822688
-0.6090486577627376,7.659984780684393
1.505683774417971,9.411529071196275
-1.193379154932431,9.488546541350132
-1.687031605679909,11.396300983569024
1.152475759780876,10.262710499165602
1.3419446225731848,11.1596184707426
-1.3493911272403976,10.987811938034696
1.4173839311308618,8.183188168873475
0.7470711823886784,9.702238313046829
0.08033073286633563,10.491047051770316
1.32100077112554,10.30092878313009
-0.32300300272413685,9.323302150659272
-1.2240241751064111,10.84535967437043
-0.8605892935575454,10.330211343194748
0.020656073173259237,9.562469322246024
0.12532317069270293,10.07699723793972
1.2223233057649345,9.497882698122215
1.1654108946093378,10.931491879243625
0.32546622881829945,10.49869841279692
1.1231419334619055,9.440323369200843
-1.232906166825316,10.731380593695917
-1.7997418916268226,10.639826200465592
1.4945352905388005,11.274084646827843
-1.6977820249489217,9.697498198410146
-1.0132462810240108,9.234262319091712
0.7812757984975383,9.44838274287258
-0.36220824949076347,10.042809849847792
1.5052558796620352,10.3538581117392
-0.8080808213509219,8.712228652716082
-1.9525146133225628,10.023111447658742
-0.7973774377570235,10.739413531374828
0.31230019673932663,11.084849208471445
-0.49624649838682666,7.909859764689194
0.13949102303502103,11.059192329564727
1.5063924753400748,8.668941946785358
1.649940216921474,9.63568674780598
-0.9361037413835516,9.249552337951352
-0.15143810692039716,10.052669150199051
0.1965760609658047,10.99974989566359
1.7964498275529883,11.201180442286265
1.9944692766575387,9.758820068946765
-1.0583710046338934,10.034733072934461
0.9079194853832617,9.201665534799114
-0.48787575106721937,11.416490141658794
-1.967567212455147,12.886337423872517
-1.9629899102563906,11.74261050258835
-0.15773596975097703,8.555817157098863
-0.0466603479826615,9.64185383974957
-1.9097212137062294,13.184071855439917
0.7477096670972099,10.889718015898229
-0.8239864456201875,10.125379631314825
0.2395724061437976,9.688075793247258
-0.7963237073383249,10.04430201464879
-1.3314627405227712,9.9347906892712
-0.37130504560449884,6.891592473231528
-1.070906540837997,9.394191029374584
0.13920390767667223,11.186217586707148
-1.2046858788540802,11.623074216396795
0.03362390657850822,10.581206129474849
-1.3704859405245298,8.401776120123598
0.6838988379431399,9.314433505070031
1.0157507377656962,9.357525402993357
-1.558423063000265,10.03106900729952
-0.12879035185064325,9.483856729440092
-1.7165131973805057,9.244489420980049
0.3927297821680096,10.384950601848539
-0.9423828082814185,11.518579458229272
0.11049782735483138,9.3124984299863
0.06984403753716473,9.843133826187406
1.6974173847752017,10.400968427063582
0.19633289027489154,10.637769072731055
0.3319939188732626,8.589896714313094
-0.3933874969424789,9.816487262382509
1.7963184127312672,9.194133275721803
1.1087436377584385,9.893038906856924
-0.8583788387886337,10.647342341876692
1.3768383431049283,10.317976026397877
-0.2704145592596401,6.756053714603114
1.3146685741343758,11.834472872932277
1.2915522731740081,9.34865762746261
-1.2445192529485825,10.024451559705456
0.8045645255343077,10.219000472329418
-0.8374281227738756,10.35976825546538
-0.8100293200293271,9.29944173208253
-0.8146076924776771,10.847443211380035
0.9022729902397928,10.124471871124536
-1.0806958328298557,8.742598992038982
-1.996376659015639,12.741233016679345
0.8609474139305324,10.435612153233707
-1.315261024659499,12.14037149013008
-1.5820704187686614,11.461227442779537
-1.0499355176237595,8.524231186201899
-0.48039791070918403,9.45728827839543
-0.09637469010719713,8.102873497495198
-1.8217198371494767,11.449671195455394
1.8822933305094418,9.156611610680265
0.8642522136782325,8.972974983260848
-0.7072237387026554,10.712334560766125
-0.7252109708584107,10.923077928386872
-0.20582980252616245,9.296980331461146
0.5049792910521318,9.867678327608598
-1.414507733644129,9.640745244821971
-1.2442807449401907,10.494032503625753
1.4377383313342036,8.534958897822984
-0.9749803044437098,10.903184602578822
-0.4792200080992899,10.156612144497558
1.4850874038004682,10.143949457154728
0.6525913175992901,9.20210232876398
-0.6331524826332466,9.77570672130872
0.7347981828984831,11.111134630581427
-1.9212671384743452,10.588417001336612
0.942570640045461,9.04368109236363
-0.051935837935042084,10.375835961624045
1.252728589137845,11.371191883710459
1.8185506080258733,9.247477026624303
1.7031541979782734,8.150545261049068
1.637060173821363,9.167240225326484
0.04867982373554858,9.090931686316322
-0.5594315434442478,9.427492548547391
-0.1398587010773089,9.872466731743613
0.759584013253443,8.134809593857778
1.535991107484747,11.152617766440233
-1.1720547879995218,10.08294025248974
1.672772633846812,11.745327349434755
1.2607209278795564,9.96100117235065
1.9154240607129385,11.478451860289205
1.5210070931267485,8.556683576164387
-0.8802506812323734,11.04111148599642
-1.5761763546238092,12.762626165564038
-1.5510357120336455,10.188282431238223
-0.8351067256868956,11.430564136093999
0.45673489593815697,10.65775240430488
1.21728130438869,9.182751011127946
1.5970012279262589,11.491488668375414
0.4950135374769311,8.146244774262446
-1.977474749007785,13.698637120801806
-1.254732893925866,9.576221131682873
-1.6010951845865282,10.515994954032216
-0.5467020977239598,9.653391411265023
0.0054039745349836465,8.360273093048622
-1.8264112856857566,9.309161053452634
-0.6060880968173787,10.399637700218436
-1.2832813014987097,11.952616148599816
0.5882806650354957,10.841938318023814
-0.14291052270263993,8.955348064705001
-0.018729412264364864,8.944720535686823
-0.28923284786615566,9.940435026955758
1.824078841946268,10.64355577054784
-1.141059499513747,9.28788680809253
0.06665703937549727,9.957961016938793
0.9440694734613437,10.801954168786104
0.22737765253825026,9.844080146142225
1.7160835428672043,10.781302551393916
-0.4881265774348633,8.533012332679613
-0.14529677690728793,10.216868214958769
-1.6459107391410863,10.238026141178535
0.435996444207714,9.603263822977285
-0.8471521262075759,10.739950294290832
-1.3587638419377246,7.987658923321213
0.17812517161803232,9.971554539216038
0.12924105351964243,9.550609106279584
-1.6965134351038098,11.129805889079861
0.7928618139778911,8.443176489099475
0.4950887626034115,10.436063764940107
-1.2439308690140112,8.366210508016687
-0.12226055138382463,10.334515887913211
0.8812916659142398,9.51971691693156
0.11774296216510605,10.360169712142692
-0.41804369526571916,10.088922432335476
-0.7106461676762255,12.036691596066854
0.4415754665762144,10.451045112718605
1.7564347932409623,8.202446152311708
0.6869793619099336,9.38881524925025
-1.701016385454738,10.48606587832621
-0.1572601060714649,9.500670835125467
1.5632965260425102,9.517016879426336
-1.6221502967956525,9.634665554404856
1.9555028485501733,10.422107564496098
1.7962775745816852,11.137835417765874
-1.6869020770804966,8.449826766982667
1.7336532817982198,10.96015924898106
-0.5474696389621512,10.310295848731672
1.37883666830345,10.329016237737209
-0.3264666491469139,9.618103436676519
-0.2365795491899365,10.450696773992975
0.5369723639101704,10.46432512936391
1.0979096771039334,7.769763629307854
-1.8648433962070055,10.640922030862907
0.3726239821085371,12.67639772608079
-1.253068023610516,10.18257377844321
-0.6162019285471882,9.848940342299253
-0.608125335379134,10.175264763962998
-0.12375863911538554,9.022885787478927
-0.6634543524953065,9.149096689742999
-1.570555526197329,10.410974960732174
-1.4174850458981942,10.239277670161892
-1.8662480577556093,10.880382297395379
-0.11900365868498275,9.60150552254791
1.817790779411954,8.948031894769906
-1.5372991054075338,9.893600658847133
1.785057972012328,9.730463392137253
0.9334460589283742,9.62947364341698
0.5499952117366527,10.855469356040514
0.5811110212942516,8.51366518456221
1.3069105935851284,10.618751621476719
-1.5723205424807145,10.541442992595794
0.019017294262166917,9.947532999459142
0.7883645530430341,10.368981533229325
0.3472817802942547,10.777679019868977
1.3311162840931785,9.555690634778784
-1.710913163954594,8.922075870019325
0.7628041579966638,11.037234579600513
0.13611092153887094,12.941259132531643
-0.4833565440802263,11.496503399391058
-0.6389000710638766,8.902166103754732
0.4833305310967715,11.542870386828342
1.5639814985770593,9.473543194870823
-0.015296295595538911,9.775984272412977
1.2988926563076806,8.577922552382763
-0.39137447262412994,8.41268928622939
-1.5904221488272938,10.252915578067917
-1.7539770541654458,10.594916695407424
-1.7946625147052897,8.51833015536905
-0.47939943216932024,10.793027340640215
-0.6510489966566317,8.941918595661212
0.871748094490278,9.597743815909404
0.9712860063394633,9.435734462836507
-1.7965841246650407,10.426519886162694
-1.1155069484439402,9.289582403596054
-0.9029525993644012,9.423413220965124
0.1904479365712377,11.057515803494038
-1.421939104372199,9.774294374074774
-1.4642351223999985,11.439274451138257
1.775155556831832,9.284265265083945
1.216811629191124,10.048214260587855
-1.2773803916353188,10.670234721735318
-0.37372876837803615,12.741811389695195
-0.5775120029697378,12.01972018193313
1.1640162962616292,10.28584126430275
0.04085166591248823,9.404588015523617
-1.488601052026132,11.280065685854375
0.9559682526249755,11.02472802211772
-0.4124480871003242,9.242276426968399
-0.9483030094714118,8.93957895004472
-0.4980055119171194,9.353434999171197
-0.008973745572414593,10.279653314492583
-0.6275379343319623,11.165146302545118
-1.0323769096329687,11.85876993224333
-0.40599188478407866,9.639012244122574
-1.923308357000407,12.725693876648519
1.0899913843852556,9.778324463587586
-1.3162204257296568,9.245476254283515
-1.824381545477451,10.57036112963631
0.6147947716203168,8.607531951247973
1.095744515294689,10.984141713645746
1.2553165263713728,10.65726602436598
-0.025963269357600183,10.374775784874071
-1.1785272612400588,11.289443029711354
0.948910708999307,12.986582938120042
0.7988523086173487,10.195234980926195
-1.014917063587307,9.998211802328596
1.613631023451172,9.963032270448807
-1.582514167668684,10.969771228822777
1.9307529583653027,9.824921641864506
1.4409912439098584,10.756006690195978
0.7515945819163008,8.77198351384157
1.7549995531193314,9.945143977140098
0.8892446732948311,10.642437125815592
-1.2381720118798163,10.266105938381857
-0.23137544754875305,9.559252809863215
-1.7139879026734586,9.144403513913172
-0.4413703108475384,9.310582311016251
0.9664120789488346,8.11742910597317
-0.45422659627673045,10.827803552501312
-0.6788232981274636,10.77519808330175
0.3814228900412475,9.90554375560611
1.48881811599558,8.1809848074799
-1.8096672298155503,11.178258349873952
-0.45811826120105836,9.910219588873206
-1.3670370327389492,8.974137603575285
0.7814170029274785,9.085718591945517
-1.5771017582754605,8.44295761539678
0.6592310343209782,9.662642944131647
-0.8552765168083707,9.442329437969917
-1.2043327450511012,10.404059099701193
1.7454102312999416,10.48592084815408
-1.9259016930161765,13.201229882398573
-0.24889091244172423,10.466576822189058
-1.9134920301528249,11.667141026890986
-0.06562780758268394,9.385371811126504
0.0041895111776728555,8.693165625762303
-0.7133501144210119,8.956600885640192
-1.4713528898999053,10.392801020708573
-0.49444984906209877,9.88541120915355
0.6890517597302641,11.853663221608679
1.1295832345778365,10.737771652186657
0.12300240955256925,12.05154098935999
0.3593375777590224,11.350220815954167
-1.1975345155013892,9.851205333884675
-0.8506786670894022,9.094752059427579
-1.3524175597905663,8.607970823251327
-1.0028185999815546,10.813551686104825
-1.100452879097873,9.099822983431253
0.07779514556495037,9.653720111933275
0.25075502316291765,11.497856945091629
1.779789683286018,11.19676987233741
-1.2177174115939078,10.41979105725608
0.5667028406459838,10.072445871339164
1.2690370759500915,11.568550232316555
0.24096585513221003,9.383893526602245
-0.9799853899956972,7.740243923986133
-0.9497990799199991,8.574498000561698
-1.8429877877160004,11.419481322629549
-0.7782230938060732,9.86240197989268
0.9784147160135204,10.700912773083543
-1.8099289711715585,8.748575525510553
-1.1228188699806774,8.567874386126906
0.8249299941271278,10.315229867736097
1.1306062512915065,11.678952308238568
-0.17872635975228635,10.373441818516756
0.7922973539145954,8.781908014600852
-0.44819132538043194,8.753855873650476
-1.36034701990349,9.503980709399436
-0.40740202590837393,7.734325456248999
0.31987128081257143,10.176877735121275
1.7922131274115611,10.418182525094092
-1.7249961916452907,10.783328546560902
0.029576375379842368,11.217618189266195
-0.6843208871571025,9.923104560944509
0.03324677710677815,10.292150077173527
-1.9040982104938733,11.19452755576637
-0.7478985811936747,10.549707708146677
1.27947259010802,9.976096916158774
0.21576693541855008,8.375929361071721
-0.1976700287355304,8.863437215464671
-0.8578997131386417,8.62691197801048
-0.8078299088345764,10.478079095096765
-0.46759426563766215,9.080052389695547
1.3422828398582416,7.6241570199073285
1.8688528272330736,10.140448351448885
-0.24537847459850193,10.903437238127026
-0.42658864500895266,10.87186918434249
1.3862031032794513,9.425392512639922
-0.2923787174547856,9.360442394968155
0.2080726891826048,10.525105461883623
-1.0762333416050223,9.134482648004418
0.9740101431163009,11.099863370217427
0.12795327308312743,11.526637085961775
1.2361382009613666,9.732902460854556
1.1229309201146789,9.167533810806203
-1.1399809269198857,9.672823388272318
0.8625422022310496,9.311123480926943
1.2002176318054856,11.218538108505816
-0.6155710368704197,7.271864134661002
-1.3095635483909018,12.353609386429465
-1.9894713776816473,12.390246675026024
-0.19638538762740732,10.676953626710201
-0.5902690738446337,10.624796455707703
0.2196393353016357,11.159897288781137
-1.247835629644857,9.57045071964679
1.4386621906659007,9.106678854351948
-0.9689791374875614,9.705553480462294
-1.0942815796494,10.30069040357999
-0.07714377406257622,10.84151690621236
-0.0045959050229029685,8.866735486672695
-1.1396590848596286,8.623091208427677
-0.9125570930963369,7.854949540706296
-1.3211790433790203,10.628284244910127
0.8738407132926671,10.18477369700283
1.0803561250163276,11.10488656729509
-0.15068601016286953,10.049892374509083
0.8563480907400698,10.2671207571378
0.943741567749782,9.829467585085299
-1.4468978892887656,8.831307990796958
1.864712099338147,11.12763112210763
1.284127788385724,8.701901266867042
-1.182066155216706,11.715756815812703
-1.255339857015719,9.40641230873651
-1.497355417681669,10.577081368121247
-1.4464857498323265,11.787847626707228
0.9926471961147847,9.30347281177141
-0.1213829721935058,11.178697105024002
1.1317366909594688,9.670070271457115
0.9850195774008217,9.418018164810249
0.41845085402088644,9.825126010362387
0.7454664263147182,8.805342394483977
-1.9265771024834328,10.102645443327123
-0.7528894127799122,11.395170348200335
0.5512887170376408,9.839321399407842
-1.9626201860550232,12.60286554093822
-1.8680922252696264,11.986049879748775
1.4075519298815329,11.93524284513912
0.7360994467682871,8.89514749102909
-0.9385210675186242,10.533132138209126
0.751851360474836,10.012985915001762
1.169826676557053,9.389877649424724
-0.772822867559595,8.985660744925752
-1.8558504900032502,10.255480833055902
1.731116498750938,8.646224485461243
-0.6192806468174781,8.356619455685996
-1.5740729468611745,12.353082972639504
-0.03257251442741049,8.904979196669046
1.0738711826565353,8.325632065436825
-1.1134107415297634,10.52359765426402
-0.9220397994665466,9.922281894447769
-1.0291400528056673,9.027206984302559
1.9666922113267127,9.95405718264891
-1.2103850650778298,10.48705795766373
0.30208086786449595,9.475543944720066
1.7010585666278573,8.744422164498815
-1.412413724488883,8.153564291193218
1.8834167914708009,10.301085153949781
1.7899089375824984,9.670837167520084
1.5382879482330503,10.447672636661537
-1.141773914679991,9.631917732208324
0.5362202240439333,9.30570476243122
1.0435658918449606,10.408217074612796
1.9441117127857188,9.953719326926116
-1.2783047116745183,11.90645093570255
1.0641035980771858,10.522672538148626
-0.6447953202915482,10.338798592086318
-1.2974941377279907,10.5418991290757
-0.31449223514458025,11.054496513833953
1.1753436485944655,9.539538426492511
-0.14060078518379138,8.530273220584572
0.150092400812194,10.082598204146953
1.9806376408004849,7.142905827838438
-0.4035628017702959,8.994578704097819
0.4616030188369593,11.030279272843837
-0.5390231935385126,11.235208938773276
-0.42885741468518024,12.418539078348498
0.7825630137816324,12.024701247383828
1.751547904379534,9.243482264529991
0.16943580196928565,9.14489242525323
1.0735997157951194,9.808374430403719
-1.6431737647321447,8.614171728567538
-1.1553678502722922,11.089705011506249
0.008526563678129762,9.490221742777493
-1.9199531054849008,10.261552574036466
-0.9885800849497648,8.891974574761353
0.06960515929986455,9.869136130246197
-1.9401552069747972,9.78815865070246
-0.9418148550958332,9.16188195603763
0.05612327790347793,10.909941411409712
0.2925969919249827,10.141147997811128
1.7030067722212219,9.67463266992007
0.5813824930024314,9.224393582339363
-0.34105678988002497,11.122830039123087
1.7214047085322712,12.588161667587693
1.139531933551177,10.316283598433946
-1.1999643155490096,9.65649060351927
-1.476630554604721,8.427225497556826
0.7032465429709318,8.892190175762678
0.23953266230793524,11.192919870070693
1.1586944551710228,10.776957066043815
0.9552202003147459,12.094683060770675
0.5008461354300602,9.607729756224591
1.9455286865155688,9.581611361264407
0.13435892044163467,10.782380417297999
-1.5475769739931207,11.059024676233204
1.3130942592639534,9.514676364204607
-0.992586550617164,7.842128969255489
1.1092085925756732,10.381160599288725
1.8284283840002056,9.02237781838582
0.787182055857365,9.23488785792445
0.3841206437992044,10.693204027559004
-0.15845529729983765,9.049906729510246
-0.542360536018387,10.90443398837548
-0.587980996112655,11.942735748884209
0.5454908228383624,10.484352681503013
1.0050924677509836,9.258621137581645
0.7140682779376575,10.021312831684018
-1.206359595225749,9.119842018349233
-0.024051279426035244,8.35143259217098
1.166560288732252,10.666314454763185
-0.09718368724377502,9.639628059799643
0.14649311894197536,12.539002801310877
1.0845441926832886,9.133150213558467
0.645061225060366,9.854186996825206
-0.3626203164704296,10.726946123757434
1.5816508447768758,9.81830323669703
-1.3497317253460857,8.763234766574481
1.982065794361299,9.20865559307719
-1.5245896860950512,11.182566929704786
-1.9402001155830444,10.73307890408928
1.5600756045950588,8.793149636711131
-1.0201859665361757,10.697459464580223
0.9187985097868836,10.325901156413167
1.2440614997282773,9.149403608954696
1.4359455641284673,9.529724563920755
1.9663769426566668,11.066067439854457
-0.8238411598400037,10.663125755862756
0.8409733677090365,11.402160979110919
-1.5384005668766871,9.812022065801541
-0.3727628345726024,9.213808584894428
1.3918867732503615,10.747731780242043
-0.5293678157635666,7.84420972686733
0.3643815221424562,9.146313046362135
0.01509377489853625,10.059454792708548
0.5838061244481803,8.414226389134235
1.8915775575507796,10.433771159973883
-1.7770578939943915,8.152233317119343
0.29584607000651886,9.776382874835658
1.452115117001139,9.048167126029325
-0.07446915300628998,9.427166731122757
-1.6858912562337087,9.234828412054759
0.24215740966708355,9.674270459519027
-0.6717044367047182,8.260226702300482
-1.3802328586482564,8.540754514598524
1.396138053133892,12.318634227037471
0.08639805196448647,11.029030819474638
1.7331056495162667,8.724020524307882
1.2240660184122762,11.61221967491007
0.7718871750946694,7.264605908832998
-1.9798979865387523,11.077000190100492
-0.2887061734470002,11.566323061764248
-1.2100548733918708,12.121020758324391
1.643191644195471,8.726436228576222
-1.301664061294559,11.310682383072198
-0.855759793362858,11.479577463021073
0.06734707093799663,7.166359335113922
-0.946545524007683,9.281289359162152
-1.1605412908835153,12.06612959917633
0.39639730041100973,9.973194653738016
-1.6442819089799046,8.583930139445666
-1.767328965116301,8.569754256947665
-0.5110188192557144,9.097074897813009
0.8826578180314493,8.08729125484248
0.21922703309579195,8.697336950676686
-0.3084941261328846,10.106244525724223
0.26300625689832957,10.483406770985884
-0.5381940613869056,9.651250650500055
1.7445853417284516,11.160810180616924
-1.7803804363569027,11.499096627107193
0.6935659161193408,11.12975990025463
1.5651306593110021,8.2963756866162
1.2155388349410137,9.443652825527405
-1.263835860714213,10.204015337004613
-0.8162946040788466,10.68715275288921
0.8681917548284188,10.359674864983088
-1.6629177632769379,9.498428203740609
1.2474467993303362,10.08108839554985
0.8756277784191613,10.26623093698093
0.9184265969413703,10.238297813276809
-1.5990345189296344,9.864386572859395
0.8710421792649234,9.5412188784533
0.7192725008798799,9.25237168245646
1.3236899632874022,10.09831067881986
-1.833616174974122,11.285888432460098
-1.9075573261288312,10.587747723591285
-0.5079716004857571,9.119622839567587
-1.4048468646033885,9.254243806740803
0.23353791028088766,11.306344693475431
1.6693956060269954,8.335895346933265
-0.4340810786639371,11.725012732346547
1.3798015090904165,8.625008020603188
-1.999036501928534,10.072327548931888
-1.3259414261632632,10.399659632966168
-1.8783058413836575,11.541549391010609
-0.6874112779397255,8.836517430152659
1.6327583827860113,8.991198600179777
-1.612191505604049,10.656615065010472
0.42563910697520146,10.102049510949366
-0.19401624352222324,8.03249264594914
1.7538728494632498,9.600926261376316
-1.5099234298516246,10.127658418921765
-1.1518885979910842,9.340013282859976
-1.881832125554027,11.363739811660736
-0.264259001474505,9.449099676603398
-0.8886684017413828,10.476333446521263
1.4796237355612836,10.094836019728485
0.4197632527910202,8.56236326581036
0.45636295190280673,10.587834646461362
0.12764278752520974,9.30223434102779
-1.632598651083196,11.294063834021077
-0.21992526509857901,10.707049496501556
1.9980207588340662,10.094332160569657
1.3409171633840593,10.359770543761293
1.5738362166684636,10.882800246829783
1.2929054369859978,9.806125503434385
-1.5878332262760693,11.204116315175973
-1.0902069837408015,9.715289094287153
-1.9875133945743615,11.83826913936214
-0.7859595004875541,9.829824753199231
-1.5655703906140297,9.182262873980264
-0.10882661879366795,9.608914328601893
0.7085099542956077,11.768845435843858
1.4980211801523082,9.409585141116748
0.9968686603635928,7.633238614063857
1.7543423831140208,9.382938742048953
-1.7844068384248448,12.025919805025765
-1.9512806583338342,11.561360395892587
0.6453524553448506,9.55686673313783
-0.8425903591110151,8.822871883085087
-0.9859959355769075,8.092362505486747
-0.6764516492248229,10.982504059823613
-0.9208157684305434,8.208789836102099
0.04574562520634906,9.59885923824333
-0.23940621110347005,8.733470494383845
0.04971420550662531,8.861264709432092
0.6908544460017447,9.771076372488356
-0.45147796411540675,10.782744858020106
-0.9947692514313728,10.767093687358159
-1.3351978527650181,9.678600413253957
-0.6021035218694979,10.72149916163527
0.9672259009846882,9.405936385267246
1.0268196404458783,9.384640349217348
0.6676215467368412,10.214246040204822
-1.0638872987725017,9.187363476975902
0.35234498341879084,9.45065478931458
0.2827586463073919,8.652762918512119
-0.06293520756109805,7.564393251898312
0.19991594553545688,9.456109386709684
-0.03283746950532773,9.970829655942195
0.26182546429643283,9.290256728388659
0.862023818484515,9.26246318931134
-1.561487222386241,9.563285125680927
0.9985030085960949,9.038831166466547
-1.4564553994896232,8.696211222607356
-1.7334880063585012,8.74050988067248
1.9043187448858703,10.168249157077593
1.8279670754817658,10.557806676501215
-1.7582538202377438,10.274704558673097
-0.2269862341001514,10.70535094893026
-1.255020246800901,11.296969875318087
-0.05862041146232766,10.35883565344017
1.3207089719983496,8.153451221155091
1.802447098971561,9.620422872437416
0.5370106138061495,9.382596827432918
-0.5843773311527318,9.516017072138279
0.41330226257839353,10.200445749207356
-0.7519947755661986,9.433223431100576
1.6392945633282414,9.076610249973273
1.4816018524233479,8.556375979965631
0.23292700111864395,11.121155235994266
-0.7008043384785578,11.133780368445478
-0.8264412976680866,12.262177098035046
-1.8663280211797622,10.050164147773687
1.263283404101181,10.218216016874857
-0.19846714784396813,9.866735643509452
-0.6994682863989423,9.354309619146113
-0.11555858000898445,12.28354075677832
1.274951961818608,10.258307744506991
-1.5015431691699153,10.125521828952632
1.4306239529673093,11.257701587982263
1.590035340433416,9.379551705722298
1.7868316601355527,11.408781122410232
-0.4100480303094889,12.594327913576116
-1.1314383838493125,10.343361059785487
