X,A,Y
1.1902364025487526,1,11.251571114301347
0.591348154432906,1,9.713741875037385
1.4838703994501703,1,11.381349333389856
1.8848796475419776,1,13.923713970496712
0.9013055629435125,1,10.073335220285939
-1.0437344636998813,0,1.0664166808883293
1.4346882197179847,1,13.14310187697574
1.6431797220397955,1,11.227639704033935
0.030441514737820086,1,10.116510800552707
-1.198123808934564,0,-1.7344748736953484
-1.8966441111199552,0,-3.0821228006237145
1.0430372335478002,1,10.75218120877123
1.4157938520581745,1,12.23103505456437
0.019645805000557015,1,10.227956529235755
0.5255039105735064,0,-0.7725352171350615
-0.87866098979435,0,0.8768642546923623
1.5483456970604692,1,10.892093977070397
1.0581111786188706,1,10.347890301531411
1.2987238637005967,0,1.3150810221262823
0.02203504155945568,1,11.381043673183205
1.1741496089153238,1,10.46817815215047
1.302843806242668,1,11.135832654286661
-0.2844502745991577,1,10.518808730486024
-0.21324511302134042,0,-0.05516434409778274
-1.0806958328298557,0,0.5254098414540737
1.2061484475319584,1,9.97950538822506
0.11031848970140157,0,0.2623841300262458
1.4785987392486852,1,12.328488153340894
1.3871400074789815,1,9.727636841574522
0.03362390657850822,1,10.164538039103299
0.3699319756063857,1,10.211572991156967
1.7635206782368171,1,13.667067433595232
1.959840929559781,1,12.431690263647393
-0.6679923477672083,0,-0.9369846507463409
0.9554667085321307,1,11.407900193244974
-0.06784120976444008,1,9.876145216539914
0.9883130685161157,1,10.467183659082439
1.4725690175100214,1,9.601589661383358
0.12375071364837531,1,11.012790674053232
0.3131205639846959,1,10.484804112462463
1.4622495326888139,1,10.933061957644282
0.9234813831046416,1,11.11534356439732
-0.3799956056498064,0,-0.6531888033454706
-1.1116965172267177,0,1.1081032545890497
0.26008797143606444,1,9.709544667438776
0.4283583148750161,1,11.032400735388817
1.660006150990109,1,12.941391730625497
1.6397206326388742,1,9.797316516518826
1.6949255835071044,1,12.468308404851486
0.9521344657054818,1,11.802854926334252
1.0531407608126364,1,11.398324254816032
1.212047526105282,1,11.04728277884681
1.3852720511234948,1,12.22423001249202
1.7615881357821768,1,12.024570481981531
1.7084951274577973,1,12.48485466333659
1.422785872425143,1,10.818768316415833
-1.750423725606891,0,-1.756111149943657
0.44002966831794277,1,12.290875385081051
1.8447622552956568,1,14.918171082823415
1.9214749637687403,1,14.192972895084447
-0.8618344572922649,0,0.04008781345974838
-1.1182159830183243,0,-1.3536663210232562
-1.2076094689610395,0,-0.4083013228535544
-1.2005081014022254,0,-0.7757233451527554
0.5270993746110215,1,12.223066396696378
-0.15856691519229482,1,9.184449084838255
-1.1412164501465782,0,-0.42561995887500725
0.633807338633702,1,9.971936951852294
-0.3243055008283253,0,-0.3869198455408228
1.3149500366077174,1,10.071089532907852
-0.7575961144186816,0,-0.16314028723695467
1.345768769879479,1,10.57534679103976
-1.1028260668598198,0,-1.0349293804391109
0.5443841856381688,1,9.218051073173505
-1.3450841684833161,1,9.513028713416924
0.5975152809464896,1,9.574621193196316
0.8724923049059776,1,10.5934406894874
0.40316859735847643,1,9.896882357211247
1.5447270885173805,1,12.106711776963124
0.771204794519635,1,8.96225110581525
1.2514038861470311,1,11.049183459871697
-0.12492813814197667,0,0.14955416686583048
0.666835421585827,1,11.20532229412813
-1.3670370327389492,0,-1.1031816440308362
1.4097555425674924,1,13.646303671140172
1.7132742503509015,1,11.59059721609939
1.7336525080938192,1,11.035991192761653
1.7316994502786884,1,11.228330609806399
1.1295419362330938,1,11.36261362652695
-0.2704145592596401,0,3.122547793164132
1.2509316172187175,1,9.931810014412099
1.1757405338074052,1,11.277794570771917
1.4349798741183206,1,9.73503860577566
-0.7373260753437361,1,9.365968446391415
-0.394022736554847,0,-0.07697026537456698
0.32068947690932914,0,0.1181552495696507
1.7031541979782734,1,10.8845746941057
1.2551800788277947,1,11.713358669976328
0.2701633930462326,1,9.54697824631284
0.07623916363308147,0,0.045351406629583334
0.9195564708143911,1,10.898776707754836
-0.5650299578284455,0,0.4169694755248511
-0.6090486577627376,0,1.5659127864790445
1.2174976565508024,1,9.122536290329244
-0.6005532231100861,0,1.2255399081309977
0.20762735509794217,1,10.066727775571405
0.0922616990764773,1,9.52354401683366
-1.344273116187189,0,0.42383115765245427
-0.7483704231454071,1,8.271092396681578
-0.7850598150996024,0,-0.12271028829574768
-1.0028310834045002,0,-0.41786002225311547
-1.7889389685615895,0,-2.267626385646092
-0.3579807146065739,1,9.129504472623413
0.7581368356216607,1,10.395657842415567
0.1954346603094237,1,10.146665567769269
0.7187888673333811,1,10.899994136139684
-1.549678438352252,0,-1.6347830296391055
1.6892311019343391,1,12.039021200121677
-0.6300991232547832,1,9.020226085739848
1.3798015090904165,1,9.128489541230437
1.6166347779749937,1,9.810780110957932
-1.4549977396320886,0,-1.606557099182568
1.2734425655808668,1,11.950481230755285
0.6525913175992901,1,9.70491613570768
-1.3806344214101802,0,-0.5788862972984536
-1.2952223753430099,0,-1.616609633331846
-0.17244771305093254,0,-0.17582826757888692
0.6673895652226323,1,9.28910549154972
0.8646581527104447,1,11.425349504174356
1.127563651987559,1,11.05019653135851
0.9379481612896146,1,10.073316586574542
1.9034083178501384,1,13.481734158832413
1.4315567409849597,1,10.055811843090439
1.0986917487271932,1,9.665535735033826
0.9172392019088247,1,9.946234576031411
1.7750964813792645,1,12.488291644578863
-0.5951224506048765,1,9.036815544120788
1.0886081104633525,1,10.114111413132727
1.9726549557339137,1,13.892366645048275
1.7281124220400699,1,12.140505424630508
0.9138837822343682,1,8.395470430259937
-0.8237301512928887,0,1.5320913484523457
-0.6278239768279592,1,9.800335983546203
-0.8265863142359606,0,0.4218167499204221
1.2951615368851788,1,13.21804404952289
-0.3369007960413941,1,10.317492039069764
0.9968686603635928,1,9.08289054867548
0.026199999634188842,1,9.258581384846382
0.2879835131343711,1,9.917116276073246
0.5133884701977776,1,8.691221230832198
0.15664510670101794,1,9.329692380530338
1.5982982930982739,1,13.576128081655899
-0.7933510334754046,0,-0.7736528575223907
0.4726229372724764,0,0.558700857547392
0.6766166221394032,1,8.9637657913872
1.8505936587117002,1,13.699170447252461
1.3617710021840805,1,12.506024008544875
0.746601693416149,1,10.98893615903247
1.6723062087966025,1,11.017834268393976
0.4000821924772149,1,9.428796627619478
1.3260733324488942,1,10.762732688330397
-0.5504244035334676,0,-0.10198492739141517
1.7217944021801244,1,14.351875422134619
-0.7952976520105648,1,8.19735287019362
0.5963224080755376,1,10.115421992382094
-0.7349194010827729,1,10.9974798183195
-1.2103850650778298,0,-0.9652458275540464
-1.232906166825316,0,-1.6285193846413657
0.04510184880300461,1,10.489739826760207
1.5036196999995783,1,11.983218498480445
1.8464457690177873,1,12.634882555022683
0.18678965085628008,1,11.39382873793353
-0.992586550617164,0,1.5394672617711882
0.3977221681104868,1,9.569501378671962
0.09030639734698065,1,9.285320437619038
0.18670905958924688,1,9.752009758283624
-0.15640664717367248,1,8.978191257525488
0.7660221832543779,1,8.208043167583247
1.331718862296912,1,11.651024828701836
1.55965350545145,1,10.740642005041181
-1.7770578939943915,0,-0.550760151238523
0.6091665943677587,1,10.621140837061489
0.9994397251530751,1,9.009299216276037
-1.3844003812249053,0,-1.7612698299554819
1.4389912227402677,1,12.543680483958237
0.8157466681380616,1,10.65339007285578
1.7799391422233724,1,12.357215128439265
0.1501605745613852,1,11.746050160909727
-1.2076094689610395,0,-0.4083013228535544
1.7316994502786884,1,11.228330609806399
-0.9705381663934638,0,0.4247144698899668
1.4798766385907398,1,11.18894491414613
0.5252302123679549,1,9.148815080029728
0.5291286145505594,1,10.464092901157937
0.36170441243156537,1,10.568789746555549
0.7354804996361279,1,9.974869141011363
1.6329139548012916,1,11.04315566599736
0.9187136545889651,1,12.226974178391426
0.3407791415714154,1,11.317961751640388
1.3001976407202482,1,10.209262345026685
-0.6763409368792193,0,-0.3092164357748287
0.9985030085960949,0,1.1379110787367135
1.2225952214533677,1,10.630498596248469
-1.463190294694599,0,-1.2620899687171363
0.4170380639477007,1,7.313479740258224
1.0439630401123754,1,9.390434299220628
1.0687531557245076,1,10.354212050908867
1.7477970156347817,1,13.51106622500349
-1.7458571103043257,0,-4.139276121687737
-0.10490682994230838,1,9.25593020798103
1.698634438328987,1,11.870106863571372
0.11482927953621047,1,10.196611061375734
-0.7344983704492685,0,0.3997475045901669
-0.617519324396842,0,-1.5052109037018506
-1.0143918670435728,0,1.0961105931702653
-0.01496498847055383,1,9.17264142613415
-1.5231582286377066,0,-1.4847562472898561
1.0710584708573507,1,10.35828571516157
0.562840898908886,1,10.699801814699061
-1.549678438352252,0,-1.6347830296391055
0.43925104619246813,1,11.657300399146589
-1.549987477893473,0,-2.367942595766563
0.3115083257636364,1,10.25657328337136
1.5605645495840585,1,11.23802008832007
0.4459794108767965,1,10.854035645986237
0.2080726891826048,0,-0.15905413988855852
1.7261776284260808,1,12.741490722513216
1.544783121860298,1,10.019903714786222
1.7596974915428354,1,13.059832693227943
1.0663837788482065,1,12.734349079540653
-0.4420724203903186,0,1.5290626653683852
0.48093939584448187,1,11.464929293367954
1.4972293365483225,1,10.02533605172717
1.345768769879479,1,10.57534679103976
-0.7249899882717203,0,-0.4984882371268245
-1.3370072921391172,1,10.112278492727434
1.155655851863468,1,13.052769990673951
1.468608604004488,1,11.90232628845612
1.3419446225731848,1,12.510658135946938
-0.25186509820091674,0,-0.4119960864862783
0.7422611489158855,1,10.210820298502346
-0.8661554029436833,1,9.645785581320917
-1.1785272612400588,0,-1.7198655857840697
-0.6268980437422069,0,0.2907192959018554
1.711165917501262,1,12.406512883993821
1.9867331117387188,0,3.724625791053502
0.08744918132871504,0,0.27934326481617905
1.3365783880027031,1,11.18582180781429
0.7054442714908964,0,-0.6501078897503009
1.1493953936388284,1,11.82012936198919
1.9159244606992356,1,15.598207313381074
0.8141133607261217,1,11.41470084356287
0.7477096670972099,1,11.598494434450421
1.7897119922391727,1,13.628501457725177
-0.44810898240845454,0,2.3026588737980904
-0.7081741082350161,0,0.40831303188857326
1.4157715285674115,1,14.413428909954131
-0.651150038374857,1,10.48111349531303
0.9959960696198276,1,10.756595979420496
1.4048276561950748,1,10.1600372329722
-0.9245538200839736,0,1.2363795327048022
0.6991452086696421,1,11.059619216807137
-0.5875884442464421,0,-2.3286766535137904
0.12541852627259198,0,-0.14645604699772752
1.570232909945898,1,12.18890697354614
-0.6278931496399025,1,11.29724866609563
-0.19893922601344727,1,8.828070099551129
1.2697742469537636,1,12.500667825439304
-0.34593387884016336,1,10.367823188321358
0.024567451360976378,1,10.530215020832722
0.898231636635273,1,11.668789703263
-0.2584147064009943,0,0.6714989456941082
-0.5099642737861365,0,0.813545175553368
-0.8187940897126689,0,-1.1157474692541487
0.9127550248144134,1,10.593526184968523
1.9822756019627512,1,15.354603190196237
0.5148855481023284,1,10.31544593227632
0.7814170029274785,1,9.361439238067675
1.4024642313645512,1,10.849100246757608
1.6839780843863035,1,13.68332131151888
1.8777575027035134,1,12.854090561101811
0.2732344133418865,0,1.280585465025224
-0.2232663724865338,1,9.727426958062827
0.3225809036385363,0,0.62327574083655
0.41397238417351456,0,0.8699252846230094
-0.5372770069545147,0,-0.6883709142509293
1.1810692474395608,1,11.803834039894815
-0.4714421006697229,1,8.238053546963277
-0.3094832119455635,0,-0.34341158351415346
0.8823456774825496,0,0.811474478988442
-1.5384005668766871,0,-1.0950255719086235
-1.412312305664917,0,0.007794532781405961
-0.87866098979435,0,0.8768642546923623
1.2478709695632069,1,11.34561991712274
0.0634476108493125,1,10.44591555616131
1.4075519298815329,1,12.380309543951803
-1.0903130851058829,0,-0.2786261772816378
0.027720464308777615,1,8.435576665706094
-1.5189161474855726,0,-0.8970690290700452
0.15032455220605723,1,10.766430498364981
1.3563987951984462,1,12.435352723977132
0.6160923106350418,1,10.023983390757342
1.4336510073720472,1,11.087325811753809
0.8281246772915374,1,8.314086226676926
-0.19893922601344727,1,8.828070099551129
-0.2365795491899365,1,11.118701507590256
0.16653685864346768,1,9.95123230624076
0.32068947690932914,0,0.1181552495696507
0.44536662499090474,1,9.167142599756009
1.9130618541178963,1,13.700858621576769
0.6270242538982282,1,11.622305725461063
1.9306096459742768,1,14.997562057635754
-1.3704859405245298,0,-0.5137329038239721
0.6492716541583294,1,8.853589254181122
0.9777686713502147,0,0.5113566572696547
0.5808743033786556,1,10.53095375346888
0.3977221681104868,1,9.569501378671962
1.4131391942688079,1,11.33081133457963
0.5940192804747526,1,11.57174760334407
0.7166502732782511,1,11.720548216312421
1.9229573743337176,1,15.772455673273095
0.6380430745630807,1,10.06562460145327
-0.1607983049227193,0,0.036451469543256176
0.3263553513990214,1,10.648792359740643
0.7495596507428584,1,10.549844316388489
1.5565221428194334,1,10.96927565910497
0.5949884555800726,1,10.405908720964355
0.8908278307929138,1,11.804235642344235
-0.04839921888279264,0,0.21910313331370573
0.2635544204070359,1,11.463523520165941
-0.4286436940743905,0,-0.20134156416378943
0.5049372856842553,1,10.416278891530338
-0.7851045934726968,0,1.114945022371622
-0.1629392113071444,1,8.878675281265243
-1.2092387875420498,0,-0.31446550253844885
0.5327146995830891,1,8.479973678468193
0.9402841752155431,1,9.946548051593421
0.02208316689396117,1,9.648460123274404
0.3793895180076383,1,11.411507075306723
0.36170441243156537,1,10.568789746555549
0.4382573359195874,1,8.807286545677679
1.2141506378504134,1,10.747510503801182
1.3829795133030527,1,12.813794312834204
0.2314947026402927,1,11.102093658309341
0.4624975867325065,1,10.95381232086347
1.3698564273423006,1,9.983812455383568
1.0858933794384256,1,11.513180290648755
0.5852397346295253,1,10.225078098709464
-0.2318663162755059,1,9.829527070795987
-0.6176816565167478,0,-1.2406471981422786
1.8902729425989473,1,11.999320386200262
1.4730851220530345,1,10.957632467741345
1.2170446175138,1,12.862314906996026
0.6637886643218569,1,11.248670392513892
1.659457560881794,1,12.939000063578378
1.1526391525428257,1,10.863863552829736
-0.7933510334754046,0,-0.7736528575223907
0.24593835183809487,1,10.078403688946562
1.2509316172187175,1,9.931810014412099
1.3197583728497735,1,11.121677005533831
1.5700931598193844,1,10.194431275402087
0.4624975867325065,1,10.95381232086347
1.621287313504359,1,13.893370213813089
0.14951676177542028,0,-1.3408803152844386
0.6412108788053525,1,10.735206215668915
0.9959960696198276,1,10.756595979420496
-0.7598639039501998,1,9.08534620365888
0.9172392019088247,1,9.946234576031411
1.9166062204024623,1,13.535214440026383
0.11031848970140157,0,0.2623841300262458
1.2226806118002127,0,1.1514775105191595
0.2475078249660525,1,8.665817265400593
1.3366564328337653,1,10.440294832772873
-1.08768091220427,0,-0.6070513844760986
-0.20672377852231127,0,0.28910969118636204
-0.48721460188712395,0,1.14227979344186
1.1231419334619055,1,10.881700198529266
0.0720417255043917,1,11.29732140344876
1.6593836042724002,1,11.604589655802283
1.7165788688467494,1,12.98561723182921
-1.1081999657689856,1,9.585522023951752
-1.1837424458135977,0,0.5796162498644587
-0.6825859030001813,1,9.626455664127036
0.5403746034705752,1,9.163656536612034
-0.06794354862419816,1,9.311502683893794
-0.20582980252616245,1,9.407702434925
-1.5115603439598928,0,-2.0669652179977396
0.7093673843260655,1,10.955783695350917
0.9777686713502147,0,0.5113566572696547
0.07230999216137901,1,10.381402919277035
1.0330527837160903,1,10.419632321945477
0.5684409401020845,1,9.665066487606246
0.9578986155364535,1,10.636134726344029
-0.2844502745991577,1,10.518808730486024
1.501954601583586,1,10.220406042502216
1.795542149013333,1,12.312086324056294
0.45175832997810206,1,9.07040933965768
1.8722632482030357,1,11.776885590105126
0.6540943756538091,0,1.2202603379584556
1.9650239748087532,1,14.946265906317677
0.019645805000557015,1,10.227956529235755
1.878894531191908,1,11.91262125472022
0.9138837822343682,1,8.395470430259937
0.4170380639477007,1,7.313479740258224
-1.0722116155360983,0,0.4124858502429094
0.6991452086696421,1,11.059619216807137
-1.2568921812051688,0,-0.4801335138877919
-1.2974941377279907,0,-1.0252733159702512
-0.12535743202349492,1,9.49512134577804
1.866363080893267,1,14.25053449519489
0.3321662438787687,0,0.3076015945045046
0.7166502732782511,1,11.720548216312421
0.5035655057480364,1,9.999073289881707
-1.8465445545771955,0,-1.8707598779722898
1.0592392036119818,1,7.513083850080586
-0.13760792747015937,1,10.468634212565956
-0.7488880431585838,0,-2.414236981588672
-0.011300943966290777,1,9.150438924695942
-1.4297737798675376,0,-0.27053868348300236
0.5497815148716083,1,11.011819088596848
1.2061484475319584,1,9.97950538822506
-0.1398546631163602,0,1.100121420541792
-1.8340106979603745,0,-2.26961645210654
-0.6031617015493564,0,0.7232795871037039
1.7869349156935823,1,12.312945378412147
1.080632847028384,1,11.525658939437712
1.4493396657589264,1,9.523353183001188
1.2240660184122762,1,12.829020319000948
-0.3415035050919051,1,11.835670174047987
-0.17868500076559135,1,10.520752029129728
-0.004417341856232326,1,9.254029847245862
1.0614534554321629,1,10.198439924069337
-1.0684834153927398,1,10.700936179782099
1.7376431782848591,1,13.224733615589425
-0.3243055008283253,0,-0.3869198455408228
1.314611624473157,1,10.064653621019346
0.294115805822293,1,9.989088664602598
1.4656927341588006,1,11.974199896629699
0.30761553850543644,1,9.118134033980635
0.38432782095322393,1,9.898083497671383
0.538329670201215,1,9.739383786993187
1.1652428572506675,1,10.044680073708001
-1.3655795788277052,0,-1.5481679578203762
-0.4275128071716834,0,-1.0958713673157954
1.8714582638054211,1,13.865674680044812
1.1708136231230055,1,10.37312602557333
0.6366221784005375,1,8.784528994872334
-1.620138899086494,0,-1.352169520682726
0.26053273435683577,0,2.5338125268303253
-0.6309376288410151,1,10.352963722178403
0.1779293312010517,1,10.466986019072289
1.7830988680338438,1,13.451657831931193
-0.05547805914030368,0,-0.3882740232606529
1.1891814631182145,1,11.743863800952688
1.904080630097977,1,11.842189779721513
-0.23266518079218157,0,-0.7152155586442854
0.1764344957578743,1,9.082221993975505
0.4860292445523364,1,10.264252573357384
-0.02806915816764377,1,10.652157782778819
1.7518609257355768,1,12.322969831728205
0.8131089109298064,1,10.56926608755635
0.05612327790347793,1,10.113788572559306
1.4175980533027208,1,12.381640066029558
-0.35478411173507496,0,1.8648847788291203
0.6937297332996692,1,9.262428926327079
1.7324528846746121,1,12.502245665098778
0.5512887170376408,1,10.291480663174307
1.2558810780240752,1,12.849267227300235
0.7565734279213507,1,8.757101392478852
1.888213898493953,1,12.41813805194825
1.014664551638325,1,10.215967289021648
0.1018812294235727,1,8.391680078176938
1.3100252794928848,1,10.42951616747107
-1.530767244150422,0,-0.9318088694636589
1.497592126833323,1,12.967039343651082
-0.7087608262085987,0,-0.05065139437549418
-0.8834781169029213,0,0.5021725880505314
-1.160377627617657,0,-0.3872082896072707
-1.203121256651694,0,-1.509400248375171
-0.2419532454683595,0,0.46848465613186907
1.0994336087278236,1,11.18437754461215
0.0054039745349836465,1,8.656253457002046
0.06734707093799663,1,7.8257852851820076
1.9154240607129385,1,14.826578437464887
-0.04948876133115654,0,1.2267248231681225
0.6681474285014155,1,10.865811572791532
-0.2304250370072256,1,9.439115616607182
0.8488808207086347,1,11.08302759152465
-1.2319349961282047,0,-1.575048061387796
1.8459692982964486,1,13.26306052844085
1.339788822777615,1,11.694765678572017
0.3319939188732626,1,8.727845613762724
-1.4132195439392738,0,-0.06976777735876372
1.4101549634238681,1,9.86408284369248
0.20212672238490237,1,9.24929208094652
0.4044600469728352,1,8.764158548378678
0.0014334415375607534,0,0.1577863733884319
-0.9461062172246071,0,-1.5333985850567777
0.6852176942571191,1,10.081923705577893
-0.41230689519361574,0,-0.8197749300082475
0.6313812184121441,1,9.701933616227796
0.25494840578159783,1,8.956518108634576
-0.4100480303094889,0,-2.1414847139696
-0.6837048821570884,0,0.7329630110672596
-0.23173514752769986,0,0.5896172500082033
1.6000745673924204,1,11.08597065934159
0.771204794519635,1,8.96225110581525
-0.20672377852231127,0,0.28910969118636204
1.9229573743337176,1,15.772455673273095
-0.4011217961022897,1,11.346948737710333
1.6987744731142511,1,13.300681774962321
-1.395768432876399,0,-0.5817595937018732
-1.050982545371451,0,1.2578165558816787
-0.4548491794178191,1,9.883046626347506
-1.1623731442002656,0,0.7054638962782696
-0.1505542110090432,1,9.130728059259168
1.4024642313645512,1,10.849100246757608
1.1183378942670132,0,3.3137112320182176
-1.3025342839800342,0,-0.6272209619841964
-1.4912752431324523,0,-0.23559914626957057
-0.7689163788274036,0,1.0126152607367194
-1.1358472699616016,0,-1.697649747515683
-0.3222080241707457,1,11.270520873230131
0.477961384038458,1,8.746420332413193
-1.4773906247061483,0,-2.2245916049819567
0.1318311462053412,1,10.701098933499313
-0.7177471025563018,0,-0.36178950255891107
0.1338443679052861,1,11.322569970738343
-0.736907395002016,0,-1.2456157191033548
1.2492693308564755,1,12.182518999946803
0.4596120582677443,1,9.646729223788961
0.9500049924389935,1,10.73489168331571
0.10437605300616815,1,9.050935436315763
1.2949778476491987,1,10.585813633988568
1.7956648727548603,1,13.670037055587105
1.7639692902977484,1,14.409891507680271
-1.902436027559613,0,-3.402963759832722
-0.004128223116827812,1,11.178637910864538
-0.8628468436181627,0,1.0070979527679176
1.484817929052208,1,11.576076057748907
-0.23694901224708742,0,-0.16311474119943853
1.990513189608626,1,13.180656083466785
1.4921725880608134,1,11.299064265914474
-0.39868052635696705,0,-1.1517184272525423
-0.030698079995272298,1,9.694722788661476
1.266620972806494,1,10.434261020216514
-0.011330877129257289,0,1.853597166804836
-0.2837505227893362,0,-0.734412214388957
0.9944348343273295,1,10.127825484147417
0.4901879618491267,1,8.415826793515901
0.45175832997810206,1,9.07040933965768
-0.20636863593626842,1,8.539561754215791
-0.7322295129308745,0,0.5063119748975912
-1.5625763875620846,0,-1.5814102177999798
0.022536613687835327,1,9.957635192745741
-0.23951691606025527,0,0.23469393568261065
-0.05897758341103554,0,0.26497047823603526
-0.28130654657940823,1,10.784719783823348
0.9777686713502147,0,0.5113566572696547
1.7621492044117906,1,14.394211805313061
0.2640736995512838,1,9.895562371383004
0.3812130637099562,1,10.689353355976257
0.7360994467682871,1,9.099500107242807
1.0030785968442228,1,10.45838632560287
1.7962775745816852,1,14.307841159148504
1.1821775677065922,1,11.698807666756888
1.8445419416303719,1,14.61418930006423
1.7276509303898235,1,13.224330111535828
-0.7349194010827729,1,10.9974798183195
1.3409762406354626,0,2.3766510894697803
0.8045583776698946,1,10.561325461497846
0.21667888644400035,1,9.400853416993366
0.5008461354300602,1,9.153606724121572
-1.1858579100727806,0,1.3567175603274426
-0.736907395002016,0,-1.2456157191033548
1.82179276575227,1,13.626846679162306
1.5560024432586634,1,13.432547289478276
0.09894255064572866,1,8.062605640421555
1.553614689234725,1,9.695501336070844
0.6900290506945965,1,9.14800739069921
-0.08327248948107613,1,8.506234121855888
-0.20104063019784002,0,-1.1137848332336109
1.347453688906369,1,12.419586531449625
-1.0756765885020152,1,9.461763202251841
0.45455161195753524,1,10.7476172379637
0.7926468560789806,1,11.570648466768949
1.5216876114944191,1,10.877627813447525
-0.12879035185064325,1,9.010874311581235
1.8461748915244383,1,12.434318096210392
0.9263580870213275,1,10.224301271904311
-0.7609387434283863,0,-0.3285878347765969
0.39123205360605606,1,9.877212490046016
1.1861491639047053,1,10.91509344639795
1.8241885744477324,1,11.927575079824855
-0.3222080241707457,1,11.270520873230131
0.30941360487867087,1,10.891371827628298
0.5789809943072743,1,9.643277362298356
0.8561305778674257,1,11.292581208545984
0.874797063891184,1,9.15381225978584
1.3005395026456763,1,12.097620957345955
-0.702682490593928,1,9.273561371078047
-0.12577202163546142,1,8.807597684382456
0.7564363259472962,1,11.848784555507327
-1.8028013503633202,0,-1.747803205027109
0.5794241737189072,1,9.943075658421625
0.9935009977127303,1,10.557867973884873
-0.2794290716126948,1,8.453264520349
-0.28720154029754097,0,-1.2249391335569169
-0.9268511982889094,0,-0.9176934803449818
-1.299507439478587,0,-0.8304402367922624
1.0354725376717986,1,10.959931929159582
-0.19961892563656258,1,10.102883319142194
0.4010056403983322,1,8.962378964839507
1.4941370569808585,1,11.21933971730084
0.6281219929364292,0,0.554904893810553
-0.9375998296451757,0,-1.2105370336524406
-0.9651534313782362,0,0.8389006442568573
0.1018812294235727,1,8.391680078176938
1.0205344697807837,1,11.376683996610014
0.5003662107461144,1,10.709557354992574
0.633807338633702,1,9.971936951852294
1.9980207588340662,1,13.442458737745337
-0.4631731480567991,1,11.180420062385672
-0.8668623860296907,0,0.49983688140196925
1.494314496427109,1,11.28285568998429
-1.0940168992082482,0,-1.143641052999614
1.7938132278486267,1,12.78850156077668
1.4063256000689495,1,12.381834550457672
-0.7587660715818099,0,0.5833043424771566
0.7747289031259545,1,11.477507080397984
1.2141671073057108,1,9.836654666757491
0.3959140327088422,1,9.356968447165096
-0.9907410554593881,0,-0.5066838770821802
0.013669083419427519,1,11.028869591707878
1.7789280891656412,1,12.8786915535994
-1.7949461632960073,0,-2.3990463198231002
1.9493446343181837,1,14.442037574182944
1.3967826062612771,1,12.141332867188773
1.0311062415006318,1,8.7041131871556
1.5141229968286236,1,12.23948692596799
0.4907581637991898,1,8.850886185497986
1.3686615066015242,1,10.21271385951491
1.2200707729385112,1,9.734578554246221
0.9151122178025899,1,9.507357977341625
1.405699830980383,1,11.421405695418304
0.07346185334128252,1,10.521224181272574
1.8202420459399558,1,14.632381500753711
0.6033118019573123,1,10.61723199222543
-1.5625763875620846,0,-1.5814102177999798
1.5052777325692461,1,10.508571937483257
1.8241885744477324,1,11.927575079824855
0.2068494880798677,0,2.6029699335807477
0.5617890959730114,1,8.008862946174492
-0.28340203216671256,1,9.267567443252657
0.5564313879788254,1,12.742868349039352
-0.0929844979666874,0,-1.144784564435239
0.37263287615787277,1,11.56523732040933
-0.6090486577627376,0,1.5659127864790445
1.2387001450635573,1,12.19436454829375
0.28125003130601556,1,11.51402008419533
-0.017131959686897957,0,-0.2859599545951331
-1.6816474105118302,0,-0.22606901947068447
-0.01302628797606209,1,11.43445792134086
-1.0215349037909358,1,9.741977544950092
0.6109844314074988,1,8.02424165888673
-1.0322890875230537,0,1.335414025747006
1.7789280891656412,1,12.8786915535994
-0.1442700532466552,0,-1.346600022961185
-0.1841646678085609,0,0.21717227329615427
-0.7249899882717203,0,-0.4984882371268245
1.5028681462357576,1,12.211459172117255
-1.281362843880352,0,-0.2844861101293914
0.48834680091149396,1,10.600268976754407
1.2361382009613666,1,10.893063561494717
-0.8613010446141454,0,-0.9446141218380004
1.5297647653903268,1,11.594465002852147
0.8641998929685779,1,10.944719520594425
-0.8267655568777412,0,0.21789986135872963
0.950329206355566,1,9.04245535051246
0.6473383404559927,1,9.33726393826277
1.249654630495602,1,12.133347520490002
-1.4837150122764742,0,-1.7440257061325488
0.5270993746110215,1,12.223066396696378
0.5985315961888587,1,9.648730539963537
-0.9011798687714254,1,10.589937003723584
-0.7483218078847096,0,1.0678223897842702
1.162054430134591,1,11.782381772117864
-0.34343572713733517,1,8.957272074695622
-0.5618274219199861,1,10.393498754865965
1.9098262527353702,1,13.261853483203456
1.4457827440852968,1,11.69740955728303
0.46087775292404354,1,8.211683223358586
0.5416574274476393,1,10.485890574990126
1.9511420808595492,1,14.332503951253162
0.874958471414121,1,10.316454436488733
-0.5313214972199094,0,-1.0936329910237246
1.7790003208408471,1,11.547576086684751
-0.04142369587186945,1,9.853598283574694
0.9664120789488346,1,8.3740831252559
0.5711802820252365,1,10.48730614119042
-0.7177471025563018,0,-0.36178950255891107
-1.7688777560145335,0,-4.411821126442462
-1.198123808934564,0,-1.7344748736953484
1.9646745045479062,1,14.101708384622476
-0.13709768933000976,1,9.638403122809809
-1.0534674741199646,0,0.5363232346995399
1.3236899632874022,1,11.301932221070075
1.3766817958767885,1,12.111662884838731
0.1867827282885206,1,8.69236677810255
0.9517110759952012,1,9.911640332638981
-0.6282813489632164,0,0.4909055574700208
-0.11002657997394572,1,10.189496511114074
-0.43385160159348324,1,11.008600951268326
1.6637720158162095,1,12.895956087128102
-0.42209488571985876,0,-0.3497031678631408
1.2811718424367093,1,10.575894498107905
1.9530484605727474,1,13.385406986593996
0.7101832207351033,1,9.800548678918412
-0.6501828841430841,0,0.23197163090852263
0.6454824442816576,1,9.638589627328269
-0.982433676632612,0,-0.32550957531642744
-1.0964743482656965,0,-1.2345645034632409
1.2754770820818861,1,11.253469417418023
-0.7162582467222385,1,9.196161692069207
-0.6294194139099138,1,10.310691336984277
-0.2146945600537551,1,9.002215543698215
0.6284753562450933,1,10.48698343456221
-0.6791397405140098,0,1.2055671482940153
0.5236871609166536,1,9.118745812543951
-0.1442700532466552,0,-1.346600022961185
0.9904375207050045,1,9.851465445076448
0.30911611693252494,1,9.817913360798396
1.176100757081184,1,11.203384784479802
-0.15715131460689813,0,-0.2991554230595803
0.3510774434487929,1,9.287068432222883
1.9794652686790686,1,12.281180487933511
1.5942424186993573,1,11.334977538916313
1.434025818206218,1,11.319908507549936
-0.37433385370392536,1,9.379427370262773
0.7101690698358127,1,8.436347550826623
1.2361382009613666,1,10.893063561494717
-1.7817383668692042,1,8.6988529748411
1.213218294072134,1,9.109625267907832
-0.5098669049617968,1,8.2516284719634
1.7847475759650449,1,12.452718289398447
1.9363338767971805,1,13.865811509013675
0.746601693416149,1,10.98893615903247
-0.6567345414338619,0,-0.7640958453290662
-0.21078897498959748,0,0.989521379081455
0.9541842135878538,1,11.414386207808704
-0.5417342899205422,0,-1.019328190134248
0.7092027453426377,1,10.237245662894484
1.8360967038918639,1,11.733975733120563
0.45175832997810206,1,9.07040933965768
1.1109116402711723,1,9.938678742702761
0.1318311462053412,1,10.701098933499313
1.8236751998481768,1,15.269865881954253
1.169826676557053,1,9.689666575006015
1.8778817331014754,1,13.908464825990517
1.7508184615174707,1,12.53890608160433
0.10561064374445284,0,-0.8612250376550012
0.05001059508132677,1,9.84760348286436
1.393701516362099,0,-0.1592583508819545
-1.9445514563485595,0,-3.1781235341894596
0.7988523086173487,1,9.962265083455945
0.2482911776102843,1,10.60472908238131
1.0979096771039334,1,8.066505590593735
-0.22938060695826756,0,1.7535930544424085
0.17421144445595438,1,11.08046638737439
-0.5869943659917434,0,1.1622467260256557
0.8105350923420653,1,12.076625074226758
-0.28340203216671256,1,9.267567443252657
-1.3455047152333233,0,-0.662516537466608
0.5262408803700822,1,8.669638471979765
-1.6852092992184038,1,7.022030879062346
0.11950250207282442,0,1.1628976360417798
-1.353485143621545,0,-0.7014379362022689
0.9715259746717559,0,0.29911944585584344
0.1501605745613852,1,11.746050160909727
0.4860292445523364,1,10.264252573357384
0.15330548803964827,1,9.911509967784971
-0.8379819773143184,0,-2.0493109933541014
-1.2943523582884553,0,0.5173334191438259
0.16954624076175495,0,0.4343851051332159
-0.35800514521048266,0,1.2925920782285691
0.2187480991534687,1,10.667806769510886
1.6705891116177338,1,13.442552142584612
0.8941382933243545,1,11.073417208737176
1.9822756019627512,1,15.354603190196237
-0.7871218131256352,0,0.3606325348326702
1.5502522872647653,1,11.541082306559536
1.6757061345582178,1,12.463611691147268
-0.9911903913626765,0,0.6290327625369555
-1.739996844204446,0,-1.377522138957146
1.7415779586711948,1,12.291818682369579
0.16011676904275074,1,10.232378290382805
1.1057897859988985,1,10.809239955299352
1.9016414707389804,1,13.808963573300337
0.4204064889486028,1,9.799504491917054
1.7233314567032298,1,11.951871583045214
-0.37433385370392536,1,9.379427370262773
1.5645603671740376,1,13.161172385561272
1.0880499052399615,1,9.842493852025871
1.4132687466663443,1,10.303448881528789
-0.3049195202763064,1,8.888004756230687
0.6895353731668146,0,0.40007931711867967
-0.07543959258073007,1,9.585437310918142
-1.661404985661484,0,-4.132196153411341
1.6257498133776438,1,12.446019687564924
0.5348463990621162,1,11.781293417413686
0.3422549151732075,1,8.45557959674832
-1.158511673880657,1,10.910405970219301
-0.9063717122771751,0,0.24571879699539778
1.7970924249824676,1,12.425034297902853
-0.5561044122398928,0,-1.2382606813662316
0.8520571674469632,1,10.889450799418638
0.9144606271711075,1,10.940759761162559
1.8632886446128798,1,13.165829714812686
1.22438699184299,1,11.902642720916818
0.5003662107461144,1,10.709557354992574
-0.2146945600537551,1,9.002215543698215
1.074325323652808,1,9.592865064448368
1.6899975247091827,1,11.532142951326229
1.7836985761283461,1,11.311384180573658
-0.2792963662227472,0,1.0008138474442168
-0.9670927469600681,0,1.0803938336787258
1.0604263665325235,1,10.763317733156988
1.9024076766266096,1,14.014964833527642
0.314341394371799,1,11.58922028871603
0.4616030188369593,1,11.081194666851221
1.4182746561305635,1,11.953397030741064
0.3165192161401964,0,0.8580128836750583
1.9879620112502043,1,11.718798446647444
-0.2288074538250502,0,0.054765294454082604
1.7836985761283461,1,11.311384180573658
-0.8926888110597937,0,-0.7257764550386652
1.35658643228301,1,11.012551679538879
1.7669028464757002,1,11.265539328201214
0.9517110759952012,1,9.911640332638981
1.5268358785543388,1,11.759661340372766
1.1016380583699785,0,0.9006466783056026
-0.8718617097147741,0,0.8110157227139518
-0.20546963352906333,1,10.365709612088772
1.770897276376449,1,11.142883162012597
0.618602747463818,1,10.581565840350684
-1.9894713776816473,0,-4.861345226911131
0.4474115788895179,1,11.09446779987437
1.2548933748889097,1,12.274948224587785
0.1599415188634219,0,-1.052789855105195
1.7937006221659715,1,12.415772135365676
-1.7744725845870737,1,7.231781448028552
-0.08327248948107613,1,8.506234121855888
0.585834966551722,1,11.6377928185024
-0.5348544551739112,0,0.045834147911003334
0.6492549549228799,1,10.61123647413756
-0.6654864166525374,0,1.1299243623886175
-0.10611291687773727,0,-0.7734508377301715
0.14208766434385423,1,11.477794218693603
1.5028681462357576,1,12.211459172117255
-0.9447757002145698,0,1.0729710602028801
1.657361770665934,1,12.004837753528717
0.17929870269372694,0,1.2276660340785315
-1.1751891363928846,0,-0.7378908499666084
-0.49871461690794483,0,0.5210330993999839
-0.4927574889031501,1,9.994836762270053
-0.48215447762614083,0,1.8299973625698833
0.874797063891184,1,9.15381225978584
1.3068294389659498,1,10.691256970928793
-1.3585383755210274,1,7.347401348365063
1.176100757081184,1,11.203384784479802
0.48123820541385864,1,9.92808495913117
0.5634989792128584,1,9.076111608742261
1.9968291957737634,1,14.261562314141818
0.981590956566158,1,10.988950938642782
1.144822609044232,1,11.2996118542433
-0.9656336354608639,0,0.43197991245485845
1.7761683753015913,1,14.282014592192272
0.6011878962940305,1,9.309677729902631
-1.721435407350377,0,-2.1849448940846123
1.9098262527353702,1,13.261853483203456
1.2930928507201207,1,10.496764023970899
1.7305924021699144,1,12.892948489772946
1.2073035995020605,1,11.95373240988609
1.6122026124100617,1,14.056525696706073
0.8738407132926671,1,10.147095631964076
0.2939983397408641,1,10.952686871695535
-0.8501533404109995,1,8.573188033525723
1.497592126833323,1,12.967039343651082
0.4860292445523364,1,10.264252573357384
-0.3145719908917193,1,9.03637368529852
-1.0360149680163282,1,10.248760851637574
-0.6131249550563553,0,0.11861276627107968
1.9130618541178963,1,13.700858621576769
1.2949778476491987,1,10.585813633988568
-0.8007978897390564,1,10.775237005446911
1.6581946553942357,1,11.615793155264239
1.220697589441507,1,11.118178632975297
-0.3684602925985643,1,10.93313099071082
-1.795458474231597,0,-4.820179552320587
1.2428826917806992,1,10.081378902466342
-0.8725809009064003,0,-1.5362217983879982
0.6351334668428694,1,10.7576029043009
0.7428510752987236,1,11.226101310431012
-1.1217843070807922,0,-0.4868105655926166
-0.6087631683912278,0,0.8342561804432999
1.1855628904788356,1,11.142748997865018
1.5543971217486097,1,11.767047571404888
0.8573065429399902,1,10.513005714243784
1.2014260312894463,1,12.793359126464084
-0.44732029517391236,0,0.3902860774219711
0.35967074741853233,1,9.562528534891694
0.7798124773721908,1,10.062383246911489
1.6323347482394177,1,14.336771803815935
0.5438188286549139,1,9.79414450660709
1.48881811599558,1,10.33226345678236
0.46139136251429713,1,12.028405743454854
-0.7770241702108356,0,0.23138951464949625
0.9250023573895003,1,9.35942227033188
1.054063374672849,1,9.920310567788551
1.0201677149851132,1,11.128581094470746
-0.2292251921302566,0,1.5866677566327232
-0.6919729260155916,0,0.9307696530740972
1.7084425154337093,1,12.353807543198139
-0.9293262512228098,0,-0.21563683755452964
1.4350571173978888,1,11.77310316213619
1.2174976565508024,1,9.122536290329244
1.762716980461362,1,12.12347401098983
0.8835728762083908,0,0.7291806823110449
-1.790968482855905,0,-2.769577081444119
-1.0522667003734054,1,7.508311195080464
0.28913525816800467,1,10.32175889585183
1.4856561367634171,1,12.335272962275733
1.4909210019384074,1,12.266011373096031
0.12020935684952327,1,9.176716538220038
1.9256856996881009,1,12.555831052483391
-1.790968482855905,0,-2.769577081444119
0.4267572927915433,0,0.5597308664586974
0.1072686642016536,0,0.7204793215852052
-0.33634538280996207,0,0.7991210089762388
0.17702934806100323,1,10.317066065704376
1.2565027423646473,1,10.641077514056295
-1.1827344664041188,0,-1.8595140849032639
-0.9503356732151422,0,0.3357387717804725
0.767580790770773,1,11.26231107401156
0.9271043801506895,1,10.467265628335829
0.18562829684852833,1,10.507577850018711
1.0261543339812267,1,11.707431067187837
0.16549768362975303,1,9.772246069873102
-0.11349453921895325,0,2.623649938293491
0.027080162871152336,1,8.309187436573342
-0.11304064992624374,1,11.402398587735807
0.6882380106469417,1,9.551605455320217
0.4511833421460416,1,10.336268201416734
1.448611833172487,1,10.196982199685683
1.4935658316368774,1,11.371834911094291
0.5908802176824479,1,11.75824887279656
0.35706935502666814,1,11.442511076584056
1.0265861974095953,1,7.113293402554808
1.0380805948677763,0,2.3194511651438074
0.2910811067477832,1,10.921427775770763
1.301759582994515,1,9.55822551785183
1.0440316939815681,1,9.3809795767408
-0.09464682602253527,1,7.017034163437075
0.20342948243655723,1,11.038403988316464
-0.3684602925985643,1,10.93313099071082
0.36765761767628025,1,10.893001141726474
-1.5231582286377066,0,-1.4847562472898561
0.7588061394474743,1,10.24455006467528
1.9034610232765252,1,12.958641021768713
0.21848196484457993,0,0.5806765839197102
0.0936054836880329,1,7.686002993696876
1.790752103857883,1,12.746368275293008
1.1663161749033941,1,11.876635405448289
-1.329733842781974,1,10.221700542185676
0.08583855488588776,1,11.05329369721334
-1.329733842781974,1,10.221700542185676
0.778785883417707,0,1.7832027848600187
-1.2506128346928445,0,-0.1478022451376766
0.9288995456382447,1,8.914304876311759
-1.6861767347315042,0,-2.470219908085168
-0.4949626826783122,0,1.4810841116279254
1.9043187448858703,1,13.516375734253275
1.4289237494791642,1,10.480251406572467
-1.7744725845870737,1,7.231781448028552
1.5911832255681038,1,12.30478807811788
0.0399403172539885,1,10.46310726331109
0.6681474285014155,1,10.865811572791532
0.27798903407430364,0,-0.6247000848583624
-0.024051279426035244,0,0.5745709444500557
1.7344615113403763,1,11.703750878239044
0.23292700111864395,1,10.82498764393747
-1.6977820249489217,0,-2.113827400621014
-0.41085083775853093,0,0.12156026467479161
0.4959939421159296,1,9.877932210118889
-0.49329423828215013,1,10.969795274490092
0.4511833421460416,1,10.336268201416734
0.6440570169892812,1,10.645477135404768
0.05373798850328049,1,9.396702901344009
-0.8953217687164021,0,-0.6950207988919017
-0.3249640380693801,0,-0.47519028583036155
-0.3552339280216561,1,10.679848684099117
0.16011676904275074,1,10.232378290382805
0.9888985803543475,0,1.6249448691571193
-0.7019527992986316,0,0.5828225349271091
1.379485391020916,1,9.917336967214416
1.57904794804998,1,12.402387168231538
-0.6634543524953065,1,9.20669699884038
1.8804675456737288,1,12.943934317377575
-0.39415288364382706,0,0.30488833585165853
0.9679815645046892,1,9.401409437506413
-0.5161051496313238,0,-0.22816369827115812
1.2305034782519004,1,10.667193176274736
-0.9896559732611032,0,0.22104912646477654
1.5397069873798666,1,12.307467754527096
0.4945951131610644,1,8.583298787989545
-0.3522138055509454,1,10.683537704845874
-0.6309376288410151,1,10.352963722178403
1.200283874796638,1,11.454376014835432
1.3128510315463768,1,11.878472369992231
0.30752480524483383,1,9.997602959052163
-1.5247283349277123,0,-2.544986734816548
0.4020674417346135,1,8.924685279074378
1.0431401944675898,1,11.943581445266078
1.7732404474965988,1,14.08338846354489
0.8890102735722651,1,10.966787868326588
1.2354341561342612,1,11.598909992233853
-1.0466511574880122,0,-0.32326103063115874
0.6206948580973521,1,10.385776010765456
1.233072844865113,1,9.755488426297793
1.779062919529712,1,12.866035622697575
-0.8509692204917294,0,-0.670498631029088
0.8367228151776187,1,10.959730907755883
0.5575456858163919,1,9.931644652325234
0.2413946974012937,1,9.24052311066015
-0.8590226307729338,0,-0.12753403238120634
-0.6108918438779698,0,-0.031166119629066028
-0.24553832324163816,1,11.200551837697178
0.84854818352242,1,10.615128394880925
1.5639814985770593,0,2.917946300010921
0.8744149627607825,1,9.91633997668831
0.8105350923420653,1,12.076625074226758
0.9665091498075555,0,0.7898090967365916
1.0440316939815681,1,9.3809795767408
-1.8031163418369536,0,-4.234408531791843
-0.2844502745991577,1,10.518808730486024
-0.22560119472725138,0,-1.8831268557025131
-1.6058125943482304,0,-2.336250960583559
0.6898419921001153,1,9.028559174878701
1.9363338767971805,1,13.865811509013675
1.9511420808595492,1,14.332503951253162
-0.8137603511762772,0,0.5145374844264048
0.352809067793562,0,0.265241967388872
-0.01738431646701155,1,10.799529534171496
1.840047523276502,1,14.303256523813163
1.6016722286533218,1,11.867023536910771
-0.7859843634081911,0,1.539523745000649
-1.202476723957492,0,-0.41857134375947563
1.5732179751524908,1,12.252410825235303
1.7522565582725251,1,14.258226335091237
-0.6768280342893775,0,0.4232563389067959
-0.2143219343936713,0,-2.4984957461646053
1.0222045541721947,1,9.57776295582432
0.3431023250938532,1,11.292515571466055
0.874958471414121,1,10.316454436488733
0.10816585564660652,1,9.051452228915354
0.05973339965303781,0,-1.7375134505056649
1.1654108946093378,1,11.193760102383726
0.78972646894877,1,9.289076257821073
-0.8739152063402802,0,-0.49977104621218915
1.4884242549863242,1,12.362467186402718
1.6433369079590152,1,12.902554998846998
0.5261775147046412,1,8.752604068030346
1.6327583827860113,1,11.576895605510451
1.3567215799211945,1,9.584002801432408
1.339788822777615,1,11.694765678572017
1.1531008326833185,1,9.225358455803992
0.7059349980824177,0,-0.4827640336801001
-0.09856372927652579,0,-0.16966719278824513
-0.7466083296594275,0,1.2518001318798841
1.7653375711476067,1,13.057743799166797
0.40621551719929627,1,11.415754087403862
1.389551722285495,1,12.221463223946746
-0.41230689519361574,0,-0.8197749300082475
1.41269191458689,1,11.97487197680548
1.2820300169284367,1,11.993492413509662
-0.24840045142835088,1,9.192432815275193
-0.26392253530449894,1,11.051643859387145
-1.721435407350377,0,-2.1849448940846123
0.68508330091653,1,10.99058597777271
1.2176562387098935,1,10.625129891386164
1.9159244606992356,1,15.598207313381074
1.430249350645135,1,11.64503389543527
0.038942040015748525,1,9.650112034113702
1.0268196404458783,1,10.226842248783454
1.2749609179362031,1,10.457279049690769
-0.2550158945713705,0,-0.37662186782701423
-0.6713099117530699,0,1.3607735594431392
-0.7741461278287187,0,-1.0393525220672237
-0.19961892563656258,1,10.102883319142194
0.016531367673753294,1,9.320909691483353
0.5929338752313842,1,11.483478479488433
-0.7868994097296178,0,-0.4505464279477718
-0.33634538280996207,0,0.7991210089762388
1.621402567824255,1,12.130851141504117
1.8846036294731432,1,12.65261534689456
-1.4542409897730675,0,-1.2387991961316303
1.6830833985443014,1,12.630784371761997
0.647110929886554,1,9.079196864441652
0.901030641660546,1,11.610204273468362
0.2732766043117021,1,9.428710115719117
1.8796394086479773,1,12.970643323631018
0.4424801697665304,1,11.828576117576876
0.010190426888092574,1,9.934168886665423
-1.3949428621492963,0,-0.22724740357872109
1.4647045830997407,1,11.171994086545514
1.5832484055943148,1,12.91841320521261
-1.3348665249756824,0,-1.324638440018769
0.7637509524098638,1,10.349075163906118
-0.22969061626873843,1,11.237558584428859
1.8459987169485892,1,12.339838044657885
1.2039228016134595,0,1.050373600270171
0.8996410873443375,1,11.965406617716733
1.5801354354137476,1,9.988431786596614
-0.5110188192557144,0,0.4462051283239753
0.5523709031858095,1,9.9419321031082
-0.22749061870834186,1,10.092442470265997
1.3791329124675507,1,11.239886475825205
0.6552978994109004,1,9.634556392374682
1.621287313504359,1,13.893370213813089
-0.4947527321800096,0,-1.60467843269541
0.15330548803964827,1,9.911509967784971
1.9119736949529385,1,12.957303253289478
-1.3587638419377246,0,-0.109774363985222
0.7258424500686851,1,10.576404032031984
-1.4145040313510036,0,-1.8674814740451264
0.7101690698358127,1,8.436347550826623
0.7185891307722794,1,11.75140360407282
-0.40598106241050624,0,0.5817223026052905
1.498988293955899,1,13.251683120696317
1.130982697005547,1,11.065995176118692
0.8157436293113234,0,1.4801812103458287
1.8630817755371485,1,12.055463254838116
-0.8501533404109995,1,8.573188033525723
-0.9163631070125153,1,6.719989150273429
0.8105183057516632,1,11.244788212611455
0.3699739167056202,1,11.89764566879944
0.5456054807336281,1,10.447627166375327
1.1327936531945038,1,9.79192103675304
0.023831630939726622,1,7.620228545872144
1.3725794601189816,1,10.744523140686484
0.6960796762351706,1,9.946373506594174
0.3927297821680096,1,9.594723231670416
0.5756318282710589,1,10.393116683745095
0.6348311020035045,0,-1.0893168410623846
0.13421773421431782,1,9.168278710592368
1.003759193453273,1,9.910592526593096
0.4474115788895179,1,11.09446779987437
-0.6367858389879286,1,9.011673603170578
1.9218831911322845,1,14.103378822838222
0.3549260885252794,1,11.466985303105165
0.835062620916617,0,-1.9909634404612366
0.8265194795148383,1,9.36181262271764
0.9935009977127303,1,10.557867973884873
0.7489373738427316,1,10.174964108180996
1.9521438646223674,1,13.795708703170446
0.5102323203362538,0,-1.1285537141859132
1.8264584843338318,1,12.238041204043151
0.7564363259472962,1,11.848784555507327
1.8710458610782479,1,13.11636360730572
0.16549768362975303,1,9.772246069873102
-0.8618344572922649,0,0.04008781345974838
0.8046794463610389,1,12.953767583145208
-1.715377284488361,0,-1.257347415722092
-0.024611941033754636,1,8.032346340605717
0.5291286145505594,1,10.464092901157937
0.49402124498934885,0,-1.1492560585518392
-0.03592094932435996,1,9.195649246213474
0.4023773334424692,1,10.15774125771652
1.2896894946731137,1,10.15125086348794
-0.28923284786615566,1,9.975953898055723
0.4579978410207701,0,0.23017147068922847
-0.44732029517391236,0,0.3902860774219711
-1.6861767347315042,0,-2.470219908085168
-0.10218728062190685,0,-0.5879763337718766
1.0170598933880908,1,11.086878635365517
0.6862927823711984,1,10.857194702954825
1.9064705492600367,1,12.328606885619948
-1.71049442722351,0,-1.2078657365016061
-0.6991552148951548,1,10.071284379990315
1.2951615368851788,1,13.21804404952289
0.12916750380581776,1,9.215302378771316
1.3262957036418102,1,10.294320063634606
0.14139107224662695,1,9.83329953101947
0.582288725709712,1,9.79012393279213
0.44536662499090474,1,9.167142599756009
-1.3193894354219324,0,-0.14728727183194312
0.5688385480107896,0,1.5646271163456642
1.4034110292883817,1,11.919893953366184
-0.6941547670240324,0,0.49876001802903636
1.0201677149851132,1,11.128581094470746
-0.2704145592596401,0,3.122547793164132
1.2164369842445266,1,11.63663448277197
0.39290117625495524,1,10.601645913540771
1.6432968813215845,1,12.481648899846263
-0.7399668992409039,0,0.052299062640545846
1.3137546837559633,1,11.711822856528496
1.2297606206562501,0,2.2469797744245112
0.7097522849131779,1,10.379934648146676
-0.5331123656248038,1,10.321241212659695
1.422785872425143,1,10.818768316415833
-0.20340718907114974,1,10.865821708096904
-0.3827249275828315,0,0.7414875181450749
-0.7688166732770174,1,8.87103274973478
-1.0013241890390794,0,0.9454187181951692
1.8436805877152986,1,14.662621860232887
1.2278619635359744,1,12.741331900768804
0.5702607981407661,1,11.053045877201866
-0.9499588380673374,1,10.130417666893852
0.14216989239119293,1,12.020808399768871
0.8414060028493289,1,12.408966006769628
1.2690370759500915,1,12.055517095104387
0.3447294163533656,0,-0.1631286813314837
-1.3326811801989487,0,-3.1055580992672214
1.7259615476757042,1,12.998367223845406
1.344470812828995,1,12.772210673737401
1.9976549030826662,1,14.847361751587448
1.9091197302657892,1,13.915286917348688
1.3733046711515327,1,11.062417355676976
1.4454799854537441,1,12.261550843343024
1.5862986338760408,1,11.345997731572606
1.7750964813792645,1,12.488291644578863
0.9304507969615949,1,9.975804788544535
1.7883626684340763,1,10.838645674828944
-0.523929070355309,0,-0.8718847708671627
0.4292976671722637,1,9.65783772937391
-0.24315759500113066,1,11.08878590364459
-0.8583837261463101,0,0.11781510332575501
1.1335488799833535,1,11.203068834724942
0.17798783641546034,1,10.568668980707406
0.12541852627259198,0,-0.14645604699772752
1.9771519430442361,1,14.210228432110817
0.16118612716122893,1,9.911379562927687
1.4409912439098584,1,12.984310005381298
0.5488059072331217,1,8.956314821800213
0.3643815221424562,1,9.362733072982115
0.08064089209758274,1,10.130526106449201
1.827258682363511,1,12.972072141487805
0.54062795545574,0,-0.22230877485544873
1.7276509303898235,1,13.224330111535828
1.7777943307772137,1,12.249321164813608
1.0409114395587462,1,10.127859209973101
1.3679942115602461,1,11.445349163458358
1.602807456045034,1,11.654489753121139
1.2248051191722453,1,11.705124325835365
0.16704385707025304,1,10.418412937918193
0.20265351776340612,1,9.190165387741652
1.6775678928576694,1,12.283408452720796
-1.1440212852067457,0,0.7013254130103963
0.9456080602625621,1,11.947099597241651
-0.17931203306537435,1,11.000123250328041
1.395070341125257,1,10.565687944604523
-1.3740931359855977,0,-1.376127653218903
1.9613292151745934,1,13.984319578655075
1.8317364842270818,1,13.410441134957457
0.2892607425203062,0,0.6687974432461345
0.6003698045597257,1,9.997008710293446
-1.3370008807193763,0,-2.178303970296379
1.743748992994238,1,11.69737595330706
0.4596120582677443,1,9.646729223788961
0.7026516088282921,1,9.020416214046014
-1.8632976438356503,0,-2.695440052616845
-1.2943523582884553,0,0.5173334191438259
1.1654108946093378,1,11.193760102383726
1.6807879442970957,1,9.376800187707413
-1.5504681002851624,0,-3.0048230568971768
-1.8780138085889821,0,-2.8148471164418702
1.0182774448229464,1,11.766414369993422
-0.2146945600537551,1,9.002215543698215
1.0182774448229464,1,11.766414369993422
0.16011676904275074,1,10.232378290382805
-1.0825368918493106,0,0.2569228911200202
1.6320741816866495,1,13.502192215747593
-1.8027640515607013,0,-2.4615567330374635
-0.5065873558726732,1,9.970424396262889
1.849789179768445,1,13.120831219003131
1.3294541586439799,1,11.225008811309612
-1.1028260668598198,0,-1.0349293804391109
1.924744712109694,1,13.693571332951192
-0.06369172115919364,1,8.050260421412691
0.5209888778246317,0,0.8362923366789372
1.8236751998481768,1,15.269865881954253
0.801391555466278,1,11.460398727752471
0.38971697029368,1,11.162971545941561
0.2657747403465063,1,10.832506686478716
-0.87866098979435,0,0.8768642546923623
0.20265351776340612,1,9.190165387741652
-1.5185456951600558,0,0.6117894802222636
1.135887402022358,1,11.872740084528239
-1.1819826452288167,0,1.1009669722780806
0.9986073269716988,1,9.624577844599846
1.730913933416053,1,12.862927428921413
-0.30665942338721,0,0.4860606399421928
0.22172682241050978,1,9.470187649403444
1.1837055485740096,1,12.408613990605957
0.3812130637099562,1,10.689353355976257
0.8937746494196479,1,11.067776289238058
0.9234813831046416,1,11.11534356439732
1.100938155596224,1,10.786327313717718
1.7237947820279111,1,14.185588091941367
0.16563042939034078,1,9.664066180932807
0.7219972082988524,1,10.323055499384369
1.9678509889545732,1,12.543302627713642
1.2073606738112237,1,8.745635349483575
1.9942432263425145,1,12.507407841047007
1.6337501914890598,1,11.665494866983227
0.5258351703320825,1,8.723209698533894
1.5832629262407787,1,13.301965760949404
1.4315567409849597,1,10.055811843090439
0.5324058290930718,1,9.8561835192078
0.17702934806100323,1,10.317066065704376
1.5626338218473697,1,13.305860036400773
0.6723405462825847,1,10.12504713800871
1.3759738877680991,1,12.764765122902983
1.6986044216207232,1,12.20975548496909
0.6750130177992548,1,11.713242701255314
1.497592126833323,1,12.967039343651082
1.478134687259919,1,12.34645860878177
-1.0305852194529508,0,-0.34016728555873643
0.6532428380160078,1,9.86471778778542
-0.9274270815523167,0,-0.5866939733515074
1.1134876181819648,1,12.087027832964091
0.7112528012401769,1,9.729208298350871
0.023726617278233775,1,10.12791584059548
0.7564363259472962,1,11.848784555507327
0.23687252707383255,1,9.900662348321346
0.11462641595710243,0,0.4996076102698011
0.23083530500017568,1,10.875464772095613
-1.2177174115939078,0,-1.0247036845330397
0.5466787286688293,0,0.11877165957194766
-1.3541686637430397,0,-2.2831081974416447
1.7620158115176103,1,12.952131759652682
-1.9445514563485595,0,-3.1781235341894596
0.8308854010701099,1,8.976641472298631
1.8633466752303343,1,13.725474547578314
1.6164546419180206,1,11.81747269361121
-1.421939104372199,1,7.8558953729815
-0.3888578638140201,0,1.2000277855301555
1.241731654292682,1,10.803482354888132
-0.5581019794337845,0,-0.76759319100077
1.076244532638897,1,11.287073727532112
1.3677342671672346,1,10.672613297471877
0.06520139320478124,0,0.5006296864304242
1.540955514830261,1,12.465346288349703
-0.5467020977239598,0,0.5651865240744474
1.3687749234924582,1,10.75274500693948
0.3552410806248929,1,10.6728083714801
-1.160377627617657,0,-0.3872082896072707
0.9079194853832617,1,10.483332545489946
1.7284731299344496,1,11.940342347651548
-0.4631731480567991,1,11.180420062385672
1.7084425154337093,1,12.353807543198139
0.8163190723968943,1,9.67858848845107
1.100938155596224,1,10.786327313717718
1.959840929559781,1,12.431690263647393
1.494314496427109,1,11.28285568998429
0.5369723639101704,1,11.142778564866738
1.549698141481441,1,12.975254105601932
-0.5843773311527318,0,0.6781477384052483
0.2446008497406975,1,10.790608570337533
1.2226806118002127,0,1.1514775105191595
0.17952674411757386,0,-1.044423567179966
1.6323347482394177,1,14.336771803815935
-0.48790020226239195,1,9.611818196427775
0.5466787286688293,0,0.11877165957194766
-1.2042808808198466,0,-0.46760297661990374
-0.6668005605178999,1,11.183244397813123
1.228283615466812,1,11.386088797457292
0.876091281734404,1,10.224423513345233
0.15076851436388594,0,1.5293751225176377
0.2307547647418109,0,-1.1528671093431668
-0.07685532728109079,1,10.795514026530496
-1.3149063573350417,0,-1.0626542691656728
1.5028681462357576,1,12.211459172117255
-0.9268511982889094,0,-0.9176934803449818
0.17929870269372694,0,1.2276660340785315
-0.014708914862484601,1,8.883268276180658
0.6418788854577246,1,10.50467495473311
1.1752724156321586,1,10.881878702660234
-0.44238024408449883,1,9.67233718976194
-0.5618274219199861,1,10.393498754865965
1.501954601583586,1,10.220406042502216
-0.1810405774645636,0,0.22603209969461058
0.6741867804559414,1,9.750168533237105
-0.045580296488060945,1,10.2746721469816
0.21125950287339634,1,9.34256816489409
1.4481706039572537,1,12.460522450811744
0.42686480788001546,1,10.256180788763734
-1.1301882711310562,0,-0.5572111155483098
1.7991996531676961,1,12.81711274722656
1.169826676557053,1,9.689666575006015
-0.7192753302862456,0,1.5334101027407485
0.0024970722816712865,1,9.851838867103295
-1.297310808125662,0,-1.0435938425928672
-1.6858912562337087,1,6.291296605535278
-0.8042953996066671,0,-1.4484371144931019
0.7112528012401769,1,9.729208298350871
-0.9184268544618979,0,0.030554364303545634
0.4853224966228291,1,11.371172934212973
0.6049319081659683,1,8.647613108963942
-1.236293659713426,0,-1.5404529237211382
-1.0522667003734054,1,7.508311195080464
0.6552181104872203,1,9.173238047660316
-0.4626934113612733,0,-0.9695835378583535
-0.27861387051119824,1,9.723090660157665
-1.6294980677945312,0,-1.6606588681025811
-0.12927515006049184,0,0.6389304031968794
0.5945558270752622,1,9.512806045021863
1.9016414707389804,1,13.808963573300337
0.34947947430230775,0,-0.4222359124607291
-0.12492813814197667,0,0.14955416686583048
1.046042526869889,1,11.603139545324536
-1.263820911799146,1,8.621665477607076
1.7869349156935823,1,12.312945378412147
0.3696311386380704,0,0.7221389718591905
0.23353791028088766,1,10.990842280687378
-0.07549723273261755,0,-1.0951007494511515
0.3877808936526903,1,9.786990721660871
-0.22749061870834186,1,10.092442470265997
0.4616030188369593,1,11.081194666851221
1.3464808414706324,1,10.311078064591838
0.3115083257636364,1,10.25657328337136
1.563422139932587,1,10.61201161154471
-1.4709251396060732,0,-2.368580127520791
1.5124607879428056,1,12.9082223644224
1.3155334635304379,1,9.80029844036926
1.7843024722753253,1,13.179116053079529
0.7809186229909426,1,10.15746865469714
-0.5934005106323785,1,11.294105465957408
-1.4934514979265026,0,-0.25304692488397396
-0.4866096732694123,0,0.8159340737523499
0.6762140612677916,1,11.227248208182633
-0.4783978041183614,1,8.672013000167983
0.9154457690797875,1,10.258680918761414
0.6548179157050242,1,11.371236720519196
-0.3131495298963345,0,0.4934071631873346
1.841467098488521,1,12.465624371744054
1.2818451606332602,1,11.146617576961233
0.85297914889198,1,9.591632102536646
-0.8007978897390564,1,10.775237005446911
-0.8698365453502257,1,9.763818593367548
0.8034627889755197,1,11.135363025285578
0.6521088148925895,0,0.5234885976578694
1.7744636806703955,1,12.419146502453097
0.6317996448183694,1,9.931680339742298
-1.620138899086494,0,-1.352169520682726
1.7909312160252213,1,12.94985252633269
0.21371080314827218,1,9.39517190715934
0.5497815148716083,1,11.011819088596848
1.100976207339797,1,10.685031346696277
-1.1432949890416526,0,-0.05707077693940754
0.48053039120614693,1,11.901044931201403
1.704238239273062,1,13.17059547848488
1.534735870751959,1,10.42734544648207
1.7445853417284516,1,14.330815921999552
-0.4548491794178191,1,9.883046626347506
1.5862986338760408,1,11.345997731572606
1.1842741015877496,1,9.911350072700793
1.5052777325692461,1,10.508571937483257
0.669404652201584,1,8.121765559206924
-1.4101898931748642,0,-0.004222523644471066
0.5949884555800726,1,10.405908720964355
-0.2646243085790232,0,0.36966227150013914
-1.0679241424126609,0,-2.030708888199098
1.0271568916095881,1,8.524474211788084
0.3557440902501914,1,9.237719481752883
1.8544799083570114,1,13.957603619154375
-0.19113959959312776,1,10.341252998007134
0.7454664263147182,1,9.51824137340551
1.7761651131237097,1,12.658158519920397
-0.2952747910561082,1,9.38259018282827
1.8792841803141789,1,12.069047568705908
-0.6850160466015738,0,0.9912432323810858
1.8023758637244973,1,13.174932553748963
-0.5126528617343222,0,2.4736262256007207
1.1897040864277124,1,11.475589256483257
1.530239507089389,1,12.084688452599792
0.4172519289612793,1,10.422157322107996
1.0277073805080552,1,10.572004894483964
-0.6087106102678161,0,-0.9203536707934171
-1.840309869744995,0,-1.6280447170015022
-0.5158449480615892,1,10.0598432569017
-0.12896707616968195,0,1.143062759855045
1.1544598586896258,1,12.089490176172635
0.5496099248368864,1,11.116614138160164
1.5755703322038306,1,10.930285575780617
1.467081418024001,1,11.21411353931582
-1.6013443116928965,0,-1.3426546148198222
1.1340060103516354,1,10.84908474781178
1.6928949879409143,1,12.485968312749549
0.538329670201215,1,9.739383786993187
1.3444744621801705,1,12.02016936980341
0.963532826887942,1,10.589439174576903
1.281013275779559,1,11.38469708784175
1.162054430134591,1,11.782381772117864
1.7270148777312655,1,12.383809264998575
0.06984403753716473,0,-0.05695439162961541
1.7281124220400699,1,12.140505424630508
-1.6852092992184038,1,7.022030879062346
0.46394180104071614,0,0.17812496112875392
0.41795592903383794,1,10.003603875794285
-1.1390247179961852,0,-3.1779190010587692
0.08744918132871504,0,0.27934326481617905
-0.6309376288410151,1,10.352963722178403
0.3557440902501914,1,9.237719481752883
-1.4837150122764742,0,-1.7440257061325488
1.314611624473157,1,10.064653621019346
-1.1945448714561024,0,-0.5887048814466759
0.34104350203938605,1,11.941331320460476
1.4237007583651913,1,13.015440657859626
-0.8162718822535355,0,-1.3975670477111968
-1.6185563149079858,0,-3.1679444773139864
0.9516695734161016,1,10.37801177427769
-1.386348470443648,0,-1.8976832696981965
0.29590070012696756,1,9.776358827848602
0.0011141408310413325,0,0.5726986427883869
1.3717819298247886,1,11.124896957285225
0.6525849959008352,0,0.5509470055089986
-0.4735340035634601,0,0.17254055559123518
0.3105270173776904,1,10.993438275631657
1.6230271625457915,1,9.840134906086115
1.2586840188399568,1,9.821613647088915
0.9304507969615949,1,9.975804788544535
0.5731528737694127,1,8.85726533009234
1.219955998723079,1,11.782459877753846
-0.10092397582539503,0,0.41278140452536066
-1.1858579100727806,0,1.3567175603274426
0.24264037766468372,1,8.328035111711923
0.9320004288904928,1,10.594470338059551
0.41454880223750035,1,9.717979788033865
0.98175789673732,1,10.82692947934328
1.908027817755774,1,14.90740103079276
0.0821753492194337,1,9.124646295231074
0.40979776786635114,1,10.705984096829223
-0.7373260753437361,1,9.365968446391415
1.7281124220400699,1,12.140505424630508
-1.2537197644558566,0,-1.1075505989807048
0.4225515572936458,1,11.314012825690012
0.8842186435914874,1,11.284671418356998
-1.6344340546728944,0,-2.569190658950379
0.8202531368215165,1,10.319852894665035
1.9475477464020692,1,10.739077441713759
1.6581946553942357,1,11.615793155264239
-0.11695043044958808,0,-0.2092658418935267
-0.521048756509245,1,8.984726618534765
0.3122884080496502,0,1.2339380862719407
-1.889853120522138,0,-2.0137725831487288
1.7991996531676961,1,12.81711274722656
1.0873441409204396,1,11.343629330742868
1.3592064266577069,1,11.236752443901967
-1.3348665249756824,0,-1.324638440018769
0.4038287799899889,1,9.986103265584196
0.5528976601624458,1,10.199514452663852
-0.9623062662748301,0,-0.9059819886058242
-0.8583788387886337,0,-1.3144649674470579
-0.20340718907114974,1,10.865821708096904
-0.5444023740186701,0,-0.25826446820590443
-1.5518443913277906,0,-1.0817498886739418
-0.40882623628360726,0,1.7606552031165896
0.9619045278140765,1,10.063523544487188
0.18562829684852833,1,10.507577850018711
0.07424675466293573,1,10.128832715420343
0.37512252777380883,1,9.111911949164288
-0.4660755096998299,0,-0.22281456367076602
-0.6501828841430841,0,0.23197163090852263
0.7716356440990708,1,10.460538754685968
0.4240600099177727,1,9.290219216545687
-0.5065873558726732,1,9.970424396262889
0.07230999216137901,1,10.381402919277035
-0.03249616215670503,1,8.60799750592491
1.1451127975361324,1,11.648135357259326
1.28735729101161,1,10.491566486582334
-0.5810857730791494,1,10.269169873613084
1.4625801454909277,1,12.900822334775437
0.8291156476226687,1,11.03044107221354
-0.07549723273261755,0,-1.0951007494511515
0.797251684621215,1,9.8463706880555
1.1758203388623625,1,10.410504903189448
-1.0240414264836657,1,9.711475990693629
1.4034110292883817,1,11.919893953366184
1.3262957036418102,1,10.294320063634606
-0.99642781723559,0,0.5150539237473339
1.4480579290904902,1,11.940858037001526
0.8078675090308134,1,9.611584915210694
1.0250151656897373,1,10.28944946936992
1.6757061345582178,1,12.463611691147268
-1.2555943286148907,0,-0.453197674867467
1.9462779631173062,1,11.225358852835505
-1.4934514979265026,0,-0.25304692488397396
0.9672259009846882,0,1.0106135375359977
1.9536839758539242,1,13.79596258887407
1.525943278355642,1,11.030412893968105
0.3855743987698461,1,8.791344826430615
-0.07490419268957993,1,9.838617225771317
1.7276509303898235,1,13.224330111535828
-0.3339822723844841,1,8.870486390312642
0.3717597393668126,1,9.735486206782
1.567488579242939,1,13.485467200046687
0.9497257657084885,1,11.904352871877565
0.4278924650970617,1,10.327913022010213
0.3181454765999243,1,10.139051974923232
1.3224776311509165,1,9.426159092515883
0.7827106528613559,1,8.008845340456507
0.010548372420768448,1,11.182442217941947
-0.2616161565651529,0,0.7610589167080354
1.2989729493880304,1,10.757019030512142
1.8436805877152986,1,14.662621860232887
1.1561624168081885,1,8.852263648753183
1.0630532841901599,1,9.8795500453613
1.712334561304199,1,13.979649499950934
-1.874283257253063,0,-0.9502352571044583
0.3718034057397097,1,7.665157146601864
0.16563042939034078,1,9.664066180932807
1.2449222336054313,1,10.33793571645111
-0.6668005605178999,1,11.183244397813123
1.5763981444246369,1,13.595549726410566
0.828913313341693,1,11.683268474708763
1.5109976194504995,1,13.008490830476333
1.0201677149851132,1,11.128581094470746
1.2107896213440865,1,11.197632599957975
-1.6112940249169259,0,-2.7860516736493963
-0.6995839382732041,0,2.2286231234292493
0.8043903494570799,1,12.209335983681218
0.04775452272771119,0,0.18982071176097456
1.3130942592639534,1,10.672751796164729
1.924471631471743,1,12.403690595235354
-0.4420724203903186,0,1.5290626653683852
1.3844968421209263,1,12.120767428602477
1.4131391942688079,1,11.33081133457963
1.1966318844191282,1,10.54404097886283
1.1561624168081885,1,8.852263648753183
-0.14520638024007138,1,10.92256370005092
0.7798805324859033,0,1.2744837979345711
0.7084970539302557,1,11.192318221626724
0.4459794108767965,1,10.854035645986237
1.0354725376717986,1,10.959931929159582
0.44090059791056513,1,8.297248533794845
1.4682407295157893,1,13.073842774046955
0.21741621004560274,1,9.686893696538096
0.7389246902155171,1,8.493288657520054
-1.1081999657689856,1,9.585522023951752
0.30316988448923876,0,0.03440764233576576
-0.5581019794337845,0,-0.76759319100077
1.345768769879479,1,10.57534679103976
-1.7826718607083847,0,-2.814584932070757
1.6858309448661215,1,11.429112440252473
-0.6870675772866424,1,10.004889470994573
1.0687531557245076,1,10.354212050908867
0.8778398706798876,1,9.989513134535372
1.1317366909594688,1,9.977542606194483
0.49325773503622994,1,9.792300847000107
-1.8028013503633202,0,-1.747803205027109
1.0071926543477319,1,9.95407279047245
1.961140682339765,1,12.12338754520953
-0.5650299578284455,0,0.4169694755248511
1.1810692474395608,1,11.803834039894815
1.2123025693509795,1,9.562945582661204
1.452413703502374,1,11.543518511303345
0.8605000792675517,1,11.419027834864254
0.6762140612677916,1,11.227248208182633
0.8051733683535365,1,11.65271893198199
0.6544988830691985,1,9.52367139269899
-0.029527624028521604,0,1.4041147035737835
0.6770731670033396,1,10.861863220666798
1.3809022326429594,1,9.97016833263592
-0.15640664717367248,1,8.978191257525488
-1.8886357949496548,1,7.513927102197603
-0.25010031190508375,1,7.970832940801792
-1.3339858118019396,0,-0.812433676249083
-1.960123061061926,0,-1.5721622146996315
-0.9107706939225242,0,-1.4943296575646328
0.21639712158330449,1,9.795663622790721
1.305363243800747,1,12.019760747026616
0.2870894081932889,1,9.881271772726043
-1.1169215488449584,0,1.1625566549916795
0.08092195641236,1,9.911192517719435
-0.12492813814197667,0,0.14955416686583048
-0.6874112779397255,1,8.365950939741255
0.5711802820252365,1,10.48730614119042
0.4566754012755707,1,9.344556578018661
1.4391786992465825,1,10.515298416206582
-0.03088857420786084,1,9.737441054502401
-0.3236021083316589,1,8.238798784013738
-1.5299926391505068,0,-0.6346195273938535
-1.1494224945156155,0,-0.2023698135073112
-0.17244771305093254,0,-0.17582826757888692
-0.25549388345873325,1,8.419171522834844
-1.6816474105118302,0,-0.22606901947068447
-1.951516901424427,0,-4.200072136229271
1.464142700183026,1,10.880105484013194
0.35340888393261327,1,9.656904921570693
-0.6005532231100861,0,1.2255399081309977
1.0132517275170283,1,11.026489427826556
1.5483456970604692,1,10.892093977070397
1.5672808456264513,1,11.870454693804474
-0.3382279976316416,0,-0.027597302803886906
-0.44226127968930706,0,-0.3129623672625328
1.553088786046024,1,12.524046580451653
1.2087879230161587,1,10.025954720583696
0.13919786512476984,0,-1.0054407957344706
-1.2974941377279907,0,-1.0252733159702512
0.8818269658510247,1,9.333264369891568
0.5688385480107896,0,1.5646271163456642
-0.0533242343011886,1,11.641958207950058
-1.7224236563832664,0,-3.670495167268643
0.054071466967080095,1,10.207938746286324
0.0922616990764773,1,9.52354401683366
1.7720828385829446,1,12.530168572629702
0.7798043556098468,1,11.596524417396477
-1.180790363775162,0,-0.42718211693346947
1.8795153068305561,1,12.776747877885471
-1.293887871977967,1,8.252486258808737
-0.3304208706834082,0,-0.8343295030230289
1.7022740516271053,1,10.750068083653716
-0.2800591435157611,0,0.4859071966145774
-1.0133742126208887,0,-0.6313857970005295
-0.33634538280996207,0,0.7991210089762388
-0.48362380531225524,1,10.156933965772419
0.4853224966228291,1,11.371172934212973
1.7615881357821768,1,12.024570481981531
0.562840898908886,1,10.699801814699061
1.508481870649152,1,10.902371149485942
0.2971741588342942,1,9.744370963187226
1.875511421142766,1,16.437710117894614
1.1758203388623625,1,10.410504903189448
-0.05897758341103554,0,0.26497047823603526
-0.26893248160294947,0,0.053109191486384294
-0.4841763607499696,0,0.8835484294868171
1.698634438328987,1,11.870106863571372
-1.5968879944902934,0,0.09513663124593341
0.3699319756063857,1,10.211572991156967
1.8383685904369358,1,11.907358258251675
1.6215279056770546,1,13.13657527031554
1.3182633257134744,1,11.688874606507826
0.6655416543128259,1,10.046874912457934
0.02341077180731599,0,-0.2978547768936002
-1.2980334904745705,0,-2.6006243043537465
-1.1859555666724542,0,0.5344833981271079
-0.0533242343011886,1,11.641958207950058
-0.10092397582539503,0,0.41278140452536066
1.418061743642998,1,12.481662687723645
0.27568562337886515,1,10.961154791889374
1.2978860704181963,1,11.936590756830148
0.4415042391267683,1,11.532047985862178
1.8741493267995688,1,13.725891151672245
-1.163610541641543,1,8.443725209578366
1.9867874154119072,1,14.568128610890547
0.6862927823711984,1,10.857194702954825
0.7417755328876061,1,10.738621725895703
-0.4881265774348633,0,1.3529349482930189
0.6304515692013735,1,10.252673168936782
1.7232306893790472,1,14.045414650737095
0.11813446008982975,1,8.396770255860979
-0.4908633475815094,1,11.287750021228998
0.11574853610884794,1,9.082575730807015
-0.9000832321054393,0,1.1567869599251848
-0.06391770996238355,0,0.36325638875870697
-0.46392370414016737,0,-0.03953763148896324
1.8604747857441821,1,14.182975264297
0.9690127487963487,1,12.427338023298175
1.9214749637687403,1,14.192972895084447
1.1327936531945038,1,9.79192103675304
-0.5155482462794887,1,9.8428583070974
1.2906298739217092,1,10.113762492346144
0.3718034057397097,1,7.665157146601864
0.15076851436388594,0,1.5293751225176377
0.7515428892032534,1,11.840972233958494
0.5715276402348306,1,9.456992265156487
-0.3186584432180042,0,1.6910242852186197
0.4098766818290658,0,0.027369701804147363
-0.8314214058591274,0,-0.5341107021660177
1.616139945818237,1,12.807668042993262
1.9247701166564632,1,14.55316453374992
0.12532317069270293,1,10.464004954413076
0.08639805196448647,1,11.013668869551474
1.7804897949795477,1,13.9669909828426
-1.3172902587910653,0,0.22784104441667763
1.726140196621048,1,11.963099342071333
1.029876202892412,1,10.092435653493894
0.16518534120428185,1,9.595103802083157
1.8668245600738422,1,13.577597348413482
1.0270060227545401,1,10.450287882060222
0.11035189308866267,1,10.264006296468008
0.38503430093080837,0,-1.097836904132259
1.1792381949997175,1,11.371286222972639
0.3812130637099562,1,10.689353355976257
-0.21877897998933804,0,-1.3373856653201197
1.404602941703927,1,10.381654039979937
-0.14407320733245044,1,9.375889737895433
0.3927297821680096,1,9.594723231670416
-0.07265098569496731,1,8.955679727491706
0.4731400840548794,1,10.709879966075196
0.9543898325293227,1,9.723552875641422
-0.11114029935220282,1,11.01183422308908
-0.32967689686028656,0,1.2365880870796093
0.6953555930800186,1,8.905511161187654
-1.285484492982802,0,-1.3213846076144176
0.7166502732782511,1,11.720548216312421
-1.232507262381994,0,2.0737272336777717
0.25629611533407104,1,12.544703310044985
-0.3489667188904262,0,-0.8205989863283599
0.916693950197792,1,10.847959799717568
-0.5656861539005074,1,8.775554364974978
-0.6383537755429614,0,-0.8792216847059893
1.3875488977158112,1,12.228149337076799
1.6833913912627474,1,12.23925944740812
1.6830664338534294,1,13.458647011393728
-1.5504681002851624,0,-3.0048230568971768
0.3946339367881464,1,11.289347773415379
-1.5180727102461282,0,-2.2315080477432168
0.16806119391890428,1,9.322561054572983
1.7343725748050063,1,11.232821697900539
1.2691910798499748,1,11.009689740394267
0.9307962023611216,1,11.077946320839853
0.8375552872975449,1,10.731728148302858
1.8710458610782479,1,13.11636360730572
-0.8992391529060972,0,0.13087070454220134
-0.009840591415591238,1,10.312066572620722
-0.1508177559975712,1,11.059893282953155
-0.3555463320206056,0,-0.11111916159991089
0.8882837528109482,1,12.114075470823852
0.16681924964001604,1,10.273028773706592
1.882672111175482,1,15.18851311410188
1.4827538218297573,1,11.457194112282163
0.6355418809306288,0,0.015836811160927583
0.6412108788053525,1,10.735206215668915
1.7830988680338438,1,13.451657831931193
0.6551587447023564,1,11.575798582730075
0.19764732824385822,1,10.175842988265305
1.6230271625457915,1,9.840134906086115
0.2513209488584116,1,10.524493244153497
1.8620716729390656,1,13.403586129720404
1.4968900987407032,1,10.631190226847401
1.6245730190630656,1,13.932276389177204
1.2226806118002127,0,1.1514775105191595
0.28243898655531874,1,9.345785594383095
-0.2249991227817154,0,-0.8221765528505351
-0.5737643152924452,1,9.843104591071251
0.12924105351964243,1,10.041077946060986
1.206570359325469,1,12.611015848346732
-1.3499557388101748,0,-2.377630183816901
0.6376929873996651,1,10.61589109308563
1.94343376164375,1,13.505348338256242
0.9708260847999242,1,11.425272175963126
1.230809476176228,1,10.807301057083764
-0.876261961250477,1,9.414993279936583
1.3901905322189454,1,11.621467111135575
0.6341620626802196,1,9.601109752347803
1.518405986847048,1,11.461319514152857
-0.9607856757433608,0,1.4750127592472708
-0.8748617457878636,1,9.398022120166084
-1.463190294694599,0,-1.2620899687171363
1.4237007583651913,1,13.015440657859626
0.9972614205697377,0,2.6980585899799574
1.6370107777479697,1,11.282228050975268
0.3510774434487929,1,9.287068432222883
1.32100077112554,1,11.504550325380304
0.5175945525410501,0,0.17687476093000626
-0.16166377114550778,1,9.602348523940208
0.43101073238261023,0,1.277394201797489
1.074325323652808,1,9.592865064448368
-0.17868500076559135,1,10.520752029129728
-0.819837169383375,0,-0.8909134302201833
1.6370107777479697,1,11.282228050975268
0.3082133668541771,1,9.958784434144642
1.1680125045207839,1,10.55937832518737
0.3841743819105887,0,-1.2805826101406117
0.2482911776102843,1,10.60472908238131
-0.20340718907114974,1,10.865821708096904
-0.26392253530449894,1,11.051643859387145
1.8322939204775208,1,13.542114411265077
0.9790029265196889,1,9.468289924448483
-1.1579722413386282,1,12.503937267399078
-1.065730555725556,0,1.020327100148458
-0.6930298318798367,0,0.176095628863738
0.5499952117366527,0,-0.26722252312755196
-0.946545524007683,0,-0.5125361881351553
0.7072851954295825,0,-0.7442750912064218
0.22172682241050978,1,9.470187649403444
-0.4189627382753689,1,10.22027876931635
-0.36982787587027666,0,-0.8687164387582742
1.526869225581585,1,13.042607974766707
1.9942432263425145,1,12.507407841047007
-0.058933030629513716,0,-0.08338814946131826
1.7109829323016292,1,12.14799709937272
0.00510257850291751,1,10.310637565365946
-0.026633647790478054,0,0.009622476544182204
1.8023758637244973,1,13.174932553748963
-0.09623112980910342,0,0.6191352353666758
0.1495824117516915,1,9.596095260638581
0.7747289031259545,1,11.477507080397984
1.9493446343181837,1,14.442037574182944
0.6478793578025366,1,9.819796150803834
1.166560288732252,1,10.928582677903286
0.09868922674248903,0,-0.4810294427855673
-0.6788613299916624,0,0.36117105542478656
1.5639814985770593,0,2.917946300010921
0.15345240840409113,1,8.906157672236954
1.103509017878772,1,10.815867830724821
-1.795458474231597,0,-4.820179552320587
1.203272399439001,1,9.33756543346657
-0.7607724987101241,0,0.1547435693871332
0.6688493487767242,0,0.17903309027975048
1.6768321242149007,1,12.437221111684316
-1.8984545773586206,0,-4.336144792283781
1.4505618845967159,1,11.158274271944558
-0.07183576755166987,1,8.918548720614835
1.7889943095354348,1,12.632596044437285
-0.15313542474752362,1,9.89841663862591
-0.14124212621933996,0,-1.6598076774318034
-0.0929844979666874,0,-1.144784564435239
-0.49329423828215013,1,10.969795274490092
1.387875416828242,1,11.344855978478442
1.4480579290904902,1,11.940858037001526
0.509033602543913,1,7.786452468747733
1.464382534446766,1,11.615102547527417
0.21848196484457993,0,0.5806765839197102
-0.026633647790478054,0,0.009622476544182204
-0.23258516763574422,0,0.11629983096301147
1.2988926563076806,1,9.73253867635528
1.3701380334072066,1,12.056907614944983
-0.41530923356297844,0,-1.96785358375333
0.7491320176525109,0,1.8527268252592781
-1.3488360431750825,0,-1.9204375183177689
-1.1975345155013892,0,-0.2992202674215916
-0.7820383025838784,0,0.31366545038200866
0.12944093944525958,1,10.177829144709065
0.509033602543913,1,7.786452468747733
1.263787755874469,1,12.320850427162723
1.4831886893524526,1,10.681244609258858
1.9664973718449126,1,14.579097176485718
0.2390227345535303,1,9.391465188849848
0.008780041324970345,1,7.895804538491102
0.6959768325829216,1,10.5127457701542
1.547699600837078,1,12.802052546937572
0.893791271400004,1,10.069013767417575
0.6031532833876074,1,8.759105994228223
-0.2062179120867209,0,-0.2791242830134431
-0.9461062172246071,0,-1.5333985850567777
0.08583855488588776,1,11.05329369721334
1.6130944889556567,1,10.929494454486134
0.03344218766511986,1,10.559001530760039
0.4038287799899889,1,9.986103265584196
1.2200707729385112,1,9.734578554246221
0.20090616862504707,1,10.815822457865298
1.3130942592639534,1,10.672751796164729
0.31470163428957365,1,9.143058778065708
1.48881811599558,1,10.33226345678236
0.8362420778036657,1,9.239406275932138
0.936605036166585,1,10.961062352621397
-0.01929235955491926,0,0.7660110650957472
1.2354341561342612,1,11.598909992233853
0.5949884555800726,1,10.405908720964355
-1.7668111845505718,0,-2.599810609799989
-1.155072674108276,0,0.18418481807194076
-0.8628468436181627,0,1.0070979527679176
1.884232980661471,1,13.24649247705259
1.550816731033199,1,13.80599382112959
-1.179251428380772,0,-1.5092207379437435
0.585629500912356,1,11.971633758270984
-0.5092459319507441,0,1.5898795237147731
1.3286498149164734,1,11.374825707024492
0.7440968957435641,1,10.206118910272737
0.21064907110699282,1,9.909260819784032
-1.6842423882137778,0,-2.42567587427133
0.2413946974012937,1,9.24052311066015
1.1005312934444582,1,10.79539580746506
1.8991726485871325,1,12.606134355260025
0.9172392019088247,1,9.946234576031411
1.730582869364671,1,12.101439555202843
-0.1954797208086343,1,10.430699877879421
0.1877155039419076,0,0.3656748513615309
-0.6401125448270073,0,-1.3861116285735084
1.6589973149106414,1,13.454922386864613
0.5497815148716083,1,11.011819088596848
-1.4287427821085306,0,-1.4044885969117353
0.6453707157788977,1,9.019314758706633
1.3657902123390397,1,10.384561007211941
0.22683702621141544,1,9.970617548159922
0.9944348343273295,1,10.127825484147417
-0.7531117288178071,1,8.507128572741916
0.21729039233462144,1,10.322494355800023
-0.4413703108475384,1,9.819659349260155
1.2087879230161587,1,10.025954720583696
1.1757405338074052,1,11.277794570771917
1.4838764949843424,1,12.131598767062783
-0.13527363548977211,0,-0.1256942060255064
0.16704385707025304,1,10.418412937918193
0.6596468979488721,1,10.589538954764118
-0.8007978897390564,1,10.775237005446911
-1.121460285621724,0,-0.529573987909281
0.5928367097942235,1,8.325368337043656
0.5790269063603715,1,8.851345785307803
0.04445455395800213,1,10.193971681582813
1.032161684044866,1,11.32414493617039
1.9064705492600367,1,12.328606885619948
-0.2727795968563518,1,9.811644702908735
0.5893685374923647,1,7.768024315255168
1.0205344697807837,1,11.376683996610014
0.28362821500857915,1,9.339816124304768
1.3182633257134744,1,11.688874606507826
-0.4245423773833661,1,10.164867368821898
-0.11238995774190785,0,-1.1008860316054414
1.672772633846812,1,14.331024354765429
-0.2792963662227472,0,1.0008138474442168
0.6936789156457306,1,11.513571757465476
-0.13450162198180582,1,9.75111130576613
1.9229573743337176,1,15.772455673273095
1.4543080125565835,1,11.888018517556635
1.5369806957158167,1,11.837728728154609
1.4942223049083552,1,11.43992308567275
1.6589973149106414,1,13.454922386864613
0.3816592064804336,1,8.06049063307564
1.4175403734783165,1,11.764661668960002
-0.09206642952938493,0,-0.39393970374580983
0.8254879872399843,1,9.877486411659905
0.03556222236422357,1,10.032842000197189
-1.751187095341189,0,-3.521077820301563
1.5626338218473697,1,13.305860036400773
0.4677076735029688,1,9.569873413816934
-0.8518474673003489,0,-1.3136803617941115
1.8539969635503533,1,11.35125793406309
0.591348154432906,1,9.713741875037385
-1.141773914679991,0,-0.9862988957452743
0.6380430745630807,1,10.06562460145327
0.3193183041909,1,9.795302140516059
-0.27605911794681504,1,8.58251194432284
0.6720778100502396,1,9.42635645514399
1.7922131274115611,1,13.588188266476722
1.7237947820279111,1,14.185588091941367
0.7521220758079252,1,11.559913652837277
-0.5861072317571177,0,-0.6160006816689344
1.2629815225044836,1,11.25105493564383
1.0498347429627621,1,11.132045236039525
0.6356957676406054,1,8.487479824108577
1.1221020609754473,1,9.088465607879778
1.6583377408869908,1,12.776024608566969
0.15288040747390097,1,9.455361544928296
0.07055574275773813,1,9.012825685713612
1.0202728165265005,1,9.64262699561425
0.7988523086173487,1,9.962265083455945
0.9086512389605539,1,8.403959599222805
-1.5115603439598928,0,-2.0669652179977396
1.3167271197996708,1,11.588082723874805
0.38507951392821216,1,9.62418118563909
0.9774728172159626,1,9.747815198529887
1.5638955387628153,1,12.340418736357329
-0.7059015450518484,0,0.8076303091290176
1.0547690774012821,1,11.255536073307129
0.8801461461842974,1,11.113379803629783
1.1121852259327967,1,11.592951690624517
-0.4688049422544487,0,-0.8261987106681097
-1.1396590848596286,0,-0.14880970343322864
0.4928414922720279,1,11.119764214666139
-0.3562297905995604,1,10.063305298101238
1.3568318121578358,1,9.229236682659117
0.846891222984195,1,9.924728124242069
-0.2647303216938819,0,-0.13545243562407774
1.5070625470469978,1,11.290016253066087
1.5124607879428056,1,12.9082223644224
0.32068947690932914,0,0.1181552495696507
0.6750130177992548,1,11.713242701255314
1.9806376408004849,1,10.491032405014119
-1.3025342839800342,0,-0.6272209619841964
1.302843806242668,1,11.135832654286661
-0.3579807146065739,1,9.129504472623413
1.4471424840540692,1,11.062493726730327
1.1346120509645723,1,10.537176018427322
0.6810159041774368,1,10.811403562467762
0.5643444143286378,1,9.401965088659608
0.0011141408310413325,0,0.5726986427883869
1.209094788589911,1,9.934916722181265
1.6471404495270856,1,12.556618370839201
1.8002478682032197,1,16.25247299516775
1.2000139270547256,1,10.816826562035802
1.354487184792227,1,13.155752669852589
1.0858933794384256,1,11.513180290648755
1.0270060227545401,1,10.450287882060222
1.4518384932520738,1,12.022145099103948
1.7200215111642905,1,13.093317956802043
1.4120378218694403,1,12.545663366719047
1.6304440102262197,1,12.776338881069908
1.099533729011795,1,10.689708627962872
-0.9004173669716491,0,1.534131454053108
1.7789280891656412,1,12.8786915535994
-1.2825412719511582,0,0.39412940838894706
0.04775452272771119,0,0.18982071176097456
1.0258043519556472,1,10.269732902001092
1.621287313504359,1,13.893370213813089
0.8334519068601391,1,8.772035018910481
1.8194611226527764,1,13.488846188547123
0.8414060028493289,1,12.408966006769628
0.669404652201584,1,8.121765559206924
0.415181811797551,1,11.158264952859827
1.4962870932207406,1,10.604619384296907
1.3236899632874022,1,11.301932221070075
1.1376218928511892,1,11.83531334405046
-0.49329423828215013,1,10.969795274490092
1.1493953936388284,1,11.82012936198919
0.6875709743949137,1,9.771019176170876
1.029876202892412,1,10.092435653493894
-0.6976754699239542,1,8.78860512331826
-1.2005081014022254,0,-0.7757233451527554
1.402298112060464,1,9.403973964374623
1.9363338767971805,1,13.865811509013675
1.4829996050900456,1,11.531922329615933
1.0217490900623245,1,10.694141056407702
1.742092091035429,1,14.07943980107728
1.3844767422204471,1,10.947090944915681
0.9279757672456204,1,12.060305091685587
-0.32300300272413685,0,1.0922860989616774
1.645356760314523,1,12.039704021317831
0.4170380639477007,1,7.313479740258224
0.46516299341657863,1,7.201639665096041
1.0621870020634434,1,10.996487606167728
-0.5079716004857571,0,0.006445417121654917
0.33207458977654536,1,10.013925977235322
0.31470163428957365,1,9.143058778065708
1.1020211868759975,1,10.72078153039339
1.5565116957600398,1,13.272022478870907
-0.7071882719169791,0,-1.4532234320771003
1.0137116890278763,1,11.749981425741382
0.1636200153523233,1,9.791759571476284
1.5758922298500186,1,11.364301404057661
0.4404316881449386,1,9.501474935024405
0.9128653944474383,1,11.819384156515026
1.4838764949843424,1,12.131598767062783
0.12845394106126262,1,8.309043213597654
0.5481902140145101,1,11.503135390294538
-0.004417341856232326,1,9.254029847245862
0.36765761767628025,1,10.893001141726474
0.09239137668059527,0,1.3369423783007928
0.5796252954596679,1,10.499138218670632
1.3189672148288065,1,11.596621876771213
1.0351050150293006,1,9.909914390666888
0.5940192804747526,1,11.57174760334407
0.9679109180559435,1,10.230699811230934
1.0434053237231269,1,9.13446801809106
-1.2503522236096711,0,-0.5376831226678704
-0.6592110334163963,0,1.1326642793183868
-0.32893287133066496,1,9.103865502119906
1.1842741015877496,1,9.911350072700793
-0.468666420926259,1,9.143840090292061
1.3836857587109286,1,12.749107364795387
-0.340609573757817,0,0.35893634762817656
-0.27861387051119824,1,9.723090660157665
1.0210816819872317,1,10.871778910819643
1.1358100723913638,1,9.483127075714082
0.78972646894877,1,9.289076257821073
0.7869486614566026,1,10.14995533139878
0.6466690385167562,1,8.464635007462402
0.39617834860152623,0,0.6427835862662901
-1.3164496504397367,0,-1.4821105189271317
-0.045580296488060945,1,10.2746721469816
1.3439204820488233,1,11.512130457404483
1.9034610232765252,1,12.958641021768713
0.40316859735847643,1,9.896882357211247
1.4785987392486852,1,12.328488153340894
-0.01929235955491926,0,0.7660110650957472
-1.230843924765317,0,-1.4069951723774778
0.10561064374445284,0,-0.8612250376550012
1.154388844898123,1,9.517706577854339
1.6888932726194406,1,12.993763111611134
0.4901975848524551,1,9.869679465048405
1.2585002241036687,1,11.197214262300914
-1.0898644922541467,0,-0.3893895651071046
1.3142223916243254,1,10.392534132732278
1.047559577509936,1,9.179236829507287
1.35658643228301,1,11.012551679538879
1.4968900987407032,1,10.631190226847401
-0.9004173669716491,0,1.534131454053108
-0.8098061947247177,1,9.067116599652628
0.1636200153523233,1,9.791759571476284
-0.0066678868230511945,1,10.095118373672731
0.1478976915736543,0,0.28613142276395576
1.6905805584142883,1,11.622728420311896
0.4860292445523364,1,10.264252573357384
-0.5877984335987905,1,9.424377560807711
-0.16278524714770493,1,10.813690948345767
-0.5332844811880744,0,0.012074797199745108
0.949704343082709,1,10.935631719640163
0.20276217877917846,1,12.779790487730395
0.8205565822822534,0,0.4655294915856485
1.8486901938981677,1,13.376569556685478
1.8669369101404323,1,14.626789688745221
1.446763615149381,1,12.715124849310955
0.7536095857109442,1,10.165437654386519
-0.7341248637540057,0,-1.5468152436987064
1.5645724547922844,1,13.703163899937891
-0.2405774411446604,0,-0.3888693716414232
-0.6679923477672083,0,-0.9369846507463409
-0.5674411338834222,0,0.7250019571384362
1.6289726691083146,1,13.632175259959492
-1.4819403148687833,0,-0.3368167351503808
-0.7716490265590052,0,1.649111413121264
-1.4600860557134316,0,-1.551106021616558
-1.0725615444686065,0,0.5907365453994341
-1.0169987512564487,0,-0.21065473726256578
-0.5823040320504553,0,0.06076252505946951
1.8796575912584128,1,13.750780644005358
-0.007217134187444074,1,10.724950165587128
0.7740393481852816,1,8.652537341413629
0.573715798069323,1,10.026344484925442
1.509956966925952,1,10.673601423741534
1.7618343374116572,1,11.926983180049168
0.8576966562849688,1,9.152412354056459
1.4730851220530345,1,10.957632467741345
0.7204475417878906,1,10.952807938604268
-1.3923892259508226,0,-0.8451814686895834
1.347453688906369,1,12.419586531449625
1.7836985761283461,1,11.311384180573658
-1.1945448714561024,0,-0.5887048814466759
0.28362821500857915,1,9.339816124304768
0.7140682779376575,0,-0.464080832377301
0.3414174575870086,0,-0.22886749216656013
0.7495596507428584,1,10.549844316388489
1.0644637311823448,1,10.47376880744028
-0.03304822792404227,0,0.8137549331877639
-1.2177174115939078,0,-1.0247036845330397
0.9058468604520193,1,9.10936336845484
0.7728381688754711,1,9.49919846150259
1.6444820055678302,1,13.081988363115292
1.331718862296912,1,11.651024828701836
0.6959768325829216,1,10.5127457701542
1.2762540554466244,1,11.333904545000342
0.6817373351876701,0,0.11675136159428354
-0.7374906249466,0,1.8010294847561745
0.8913568156008491,1,13.064591503654444
0.49181617673352696,1,8.720787785962463
0.45360738608868445,1,11.384760698946739
-1.0448151544738429,0,0.18735755736607473
1.5250027267275592,1,13.530979384923516
1.4932916634432307,1,12.57332689434501
-0.7309633025725297,0,0.9706745047371939
-1.8028013503633202,0,-1.747803205027109
-0.7486632099031199,0,-0.17212924386216583
-0.6172160259843222,0,-0.6451196559090878
1.2427342813503675,1,11.19794946989378
1.0531407608126364,1,11.398324254816032
-1.715377284488361,0,-1.257347415722092
1.2387001450635573,1,12.19436454829375
0.797251684621215,1,9.8463706880555
-1.4622662905218,0,-1.469332384520729
1.4352670846726188,1,11.245880723420123
-0.7889295695302998,0,-1.7144481103173386
-1.4786371057237124,1,9.705702227204553
1.3563987951984462,1,12.435352723977132
-0.43567385339295717,1,8.720130528077995
0.8890102735722651,1,10.966787868326588
-0.41804369526571916,1,10.300836230033228
0.9279757672456204,1,12.060305091685587
-1.545769631201484,0,-2.1024775931230177
0.43878970061046374,1,11.389332388095063
1.8090560581334891,1,12.589449055347492
-0.37053790314867063,0,-0.46028068791907484
1.7300158123895302,1,13.565948823642584
1.9013725339162821,1,12.63531586606181
1.0955186229206255,1,11.519621556524426
1.2164369842445266,1,11.63663448277197
0.7880520557370518,1,11.50257888509534
-0.6108918438779698,0,-0.031166119629066028
0.36965827544816987,1,9.508642533669047
-1.047500626984005,0,-0.6756650977994804
0.6673895652226323,1,9.28910549154972
0.7860287339075565,1,10.805752391449408
0.04445455395800213,1,10.193971681582813
1.5884410398103084,1,11.333019932431913
1.3749151708410299,0,1.06177519803709
-0.2304250370072256,1,9.439115616607182
-1.7846779003661637,0,-2.6831230626865494
-0.34343572713733517,1,8.957272074695622
0.609124451273785,0,-0.2267879320080349
-0.8947235661365855,0,1.7362483279937262
1.8783385110582342,1,13.655010498626192
0.6658521901073429,1,8.559392075243572
1.0201677149851132,1,11.128581094470746
-0.6818783449040131,0,-0.1764727167682915
0.8182177121097811,1,11.02336981226104
-0.5407276147685725,1,11.225745339211237
1.2952069996821516,1,10.983732524776487
0.11031848970140157,0,0.2623841300262458
0.5921212722208566,1,9.929592963040202
1.3643846824644057,1,11.534966174116876
0.9250023573895003,1,9.35942227033188
1.4377383313342036,1,10.763262213008304
-0.8723265776109934,0,-2.00580876464887
1.7269616132660328,1,12.622138097672389
0.5893685374923647,1,7.768024315255168
1.657195226241996,1,10.935452323410772
-0.719801595877553,1,9.902233819643927
0.913483417358584,1,8.798393108701749
1.4261488949917074,1,11.284759855960832
1.4497365205646275,1,12.503230895762348
0.6331351337046294,1,12.800702413211035
1.6320741816866495,1,13.502192215747593
0.6798139634368723,1,9.156613751135495
0.21125950287339634,1,9.34256816489409
1.1351671379415889,0,-1.5298277616837472
-0.09623112980910342,0,0.6191352353666758
-1.1081999657689856,1,9.585522023951752
0.05453353571460395,1,9.938625341305942
0.2925969919249827,1,10.709568076944219
0.4905221343946322,1,11.935152954834102
1.592217157762855,1,12.141638040752902
0.5750824324049786,1,11.084883493585783
1.1395879084458702,1,10.246290800961546
-0.16788553366452552,0,2.4988028546774994
1.9031152741957307,1,15.070071167735787
0.214912925593445,1,7.5836644153833905
1.4622495326888139,1,10.933061957644282
0.10144192727799206,1,11.126709607935874
-0.715351389456186,0,1.3350090384277586
0.6361816405289296,1,9.513356435775552
0.1988690206532442,1,10.378310623754228
0.4826419192983362,1,8.930632342714603
-0.32420883925009836,0,0.6181280192339929
0.6854720355871828,0,1.8591153941211844
-0.44238024408449883,1,9.67233718976194
0.07754343801574937,0,-0.9350232313691536
1.290139177536787,1,11.28922228743592
1.0351050150293006,1,9.909914390666888
1.5782089075763657,1,12.399003654124204
1.9672398053974538,1,12.912361112410977
1.4730851220530345,1,10.957632467741345
1.2435143240316737,1,11.028322584950779
1.3717819298247886,1,11.124896957285225
-0.5787210061044492,0,-1.282530006170313
0.6674570301844174,1,10.648723923527054
-0.9418148550958332,0,-0.18422372773762524
1.9933900455717986,1,14.890573465443284
1.2767554377071608,1,9.868334788674463
1.1584725711782156,1,11.164537721998661
-0.13527363548977211,0,-0.1256942060255064
-0.39051784183450255,1,10.791237738451207
0.567886001773064,1,9.035714418877864
1.2351977780046028,1,10.128127278383628
-0.2801695208807131,0,0.9206115472471438
-1.8935665356892635,0,-3.9231428966039936
1.9896917562142167,1,14.60953979920301
-1.3149063573350417,0,-1.0626542691656728
0.7818688267594487,0,-0.96382677774205
1.8739551103775351,1,12.286366734038237
-1.5724923076210247,1,8.065839270402
-0.33957129258026963,1,9.206486825281315
0.29375155249314444,1,8.7432106700315
0.3769673092343888,1,9.322958331113044
1.9955704481331624,1,15.193824485332371
-0.6469299760220064,0,-0.7016883171188483
1.206570359325469,1,12.611015848346732
1.6016722286533218,1,11.867023536910771
0.26743373317637875,1,10.947127551249492
-0.15715131460689813,0,-0.2991554230595803
-0.20811337447124023,0,1.2735966863955022
0.04888768325069792,1,9.231536960639138
0.2732766043117021,1,9.428710115719117
1.9441117127857188,1,13.301845904101796
0.7922973539145954,1,9.258694323125635
-1.2394849347251773,0,-1.061199927524295
-0.24553832324163816,1,11.200551837697178
0.1192362282802164,1,9.377577491320581
0.5327146995830891,1,8.479973678468193
0.027720464308777615,1,8.435576665706094
-0.025963269357600183,1,9.978708084056002
1.711165917501262,1,12.406512883993821
1.7951619907676726,1,14.147479245525908
-1.1150487207732653,0,-0.11115650892231133
-1.6861767347315042,0,-2.470219908085168
-0.3918911324470371,0,-0.7931085616176345
0.19036950461494495,0,0.13317603911041032
1.0197301591402015,1,9.010012895190226
0.7417755328876061,1,10.738621725895703
0.2613210182864396,1,10.208946038658317
0.9038227154809575,1,8.454582389513696
1.453334598287301,1,10.169249489562489
0.8528275331304709,1,11.044967290035228
1.4807867619689685,1,10.640487595778737
0.2892607425203062,0,0.6687974432461345
0.6768010517523138,1,8.371248954875462
1.5037320887448198,1,12.620032522619864
-0.2495875037784323,1,8.268246078232899
0.25837632516128606,1,8.425543970731365
1.5970012279262589,1,14.058319289209912
-0.07030559362108457,1,9.831411386204863
0.43327800003108674,0,0.8328607869411891
0.6460972965846996,1,9.31976632904815
1.0653888524186095,1,10.56580889604861
0.7478097655417533,1,10.735138100530119
1.2437407706904424,1,10.338268506740729
-0.2146945600537551,1,9.002215543698215
-1.5247283349277123,0,-2.544986734816548
-0.01302628797606209,1,11.43445792134086
0.3122884080496502,0,1.2339380862719407
0.706053543108986,1,9.920866982745773
1.2278619635359744,1,12.741331900768804
1.1963285830878179,1,10.858137487697785
0.019731216357600445,1,9.393619517844614
1.4059377972559757,0,0.6168059636117513
-1.9445514563485595,0,-3.1781235341894596
0.499775081631328,1,9.412245653693194
-0.28158902620581294,1,10.81884717455956
-1.2578960989691232,0,-0.42989508643735663
-1.4132195439392738,0,-0.06976777735876372
-0.9077167601087504,0,-0.4523760117049896
-0.20636863593626842,1,8.539561754215791
1.3604323137567995,1,11.2176167294856
0.7510768254629392,1,12.640667586678232
0.38586830165417485,1,8.937763294184997
0.9304507969615949,1,9.975804788544535
-0.4108348282163772,1,10.46280825120027
1.4988066907367976,1,11.036654009040838
-1.160377627617657,0,-0.3872082896072707
0.33333163995407,0,1.4278066706248669
-1.6105324248351156,1,7.580877855024648
0.49325773503622994,1,9.792300847000107
-0.5974292341714125,1,9.796404466821894
-0.06391770996238355,0,0.36325638875870697
-1.8935665356892635,0,-3.9231428966039936
-0.5079716004857571,0,0.006445417121654917
1.968542557914331,1,12.319252541703584
1.1810692474395608,1,11.803834039894815
1.0375930496718548,1,9.526112658870257
-0.3555463320206056,0,-0.11111916159991089
-0.806910183063509,0,0.2988140459006952
1.3103248699228085,1,11.363032475499468
1.5083623240727557,1,12.867640844926457
-0.45795238105231073,0,1.2290221920541333
1.392812514211582,1,11.063873572198654
0.6453707157788977,1,9.019314758706633
-0.4413703108475384,1,9.819659349260155
1.2313837677650343,1,10.868941741178945
0.46660125808295216,1,7.669601915231003
-0.6791397405140098,0,1.2055671482940153
-0.9705381663934638,0,0.4247144698899668
-0.561297755107729,0,0.7588806007773492
0.43410909078586624,1,11.894868767653998
1.9884980006308446,1,14.144986835776301
-1.5518443913277906,0,-1.0817498886739418
1.8560696284708094,1,13.66569362440337
0.8588753340081441,1,9.441278619576975
1.0071926543477319,1,9.95407279047245
1.4921725880608134,1,11.299064265914474
-0.3280636579723457,0,-0.5735268264031191
0.6544988830691985,1,9.52367139269899
1.344470812828995,1,12.772210673737401
1.4681259844897943,1,11.911464225758197
0.5121218582781482,1,9.944123400680748
-0.09033524207858523,1,9.670427952442665
1.9980207588340662,1,13.442458737745337
0.36170441243156537,1,10.568789746555549
1.4327082126286559,1,9.796430290897586
1.6266131878079957,1,11.68004634566972
0.4309471795154365,1,9.873542357166887
0.1988690206532442,1,10.378310623754228
0.7347981828984831,1,11.315487246795144
1.3167271197996708,1,11.588082723874805
1.2568350682186522,1,11.609993214134427
-0.4958328355633741,0,-0.37159757054459264
1.0486983487265786,1,10.006850359950473
1.9861052351944766,1,13.023687138347688
0.16111557274968424,1,9.906223870033504
-1.4066271961516446,0,-1.7365920539254485
-0.73854502693553,0,-0.5885555914123194
1.3378330114243866,1,12.039048033559684
1.7377441072220572,1,12.730967408785284
1.0766794780943498,1,11.094140683425628
0.3747384796349329,1,10.20982652226415
0.12924105351964243,1,10.041077946060986
0.6324088722259682,1,9.561312660266227
1.4935658316368774,1,11.371834911094291
1.8534412817841517,1,13.307617835124816
-0.8701102945199852,0,0.6376488986949274
0.19991594553545688,1,9.946808564827888
1.0772195745653592,1,9.879527038453386
0.4067464344818603,0,1.1431351686770717
1.1407038455720544,1,11.108596728639347
0.21672502179519526,1,8.979492482083272
-0.71880503001303,0,0.17027805505131519
-0.21309412518943782,1,8.73715080343091
1.966131103309546,1,14.649055782641598
-1.3874219996641752,0,0.3416607670162657
-0.8432273921365212,1,11.890789121381532
-0.08603571957124334,1,9.666590042667664
1.2618457138193366,1,12.877009929453452
1.8792841803141789,1,12.069047568705908
0.32279633821713993,1,9.530941160461051
0.7491320176525109,0,1.8527268252592781
0.26642103562185193,1,10.338404781801302
-0.5141309495024928,1,11.813295318196875
0.10637977035915736,1,8.576925619173892
0.7922973539145954,1,9.258694323125635
1.2713368647000864,0,1.5335904751404943
-0.2393900250415948,1,9.353212715676865
1.5871536396240473,1,11.881608928347521
-0.9208157684305434,0,0.8209758132400091
1.453334598287301,1,10.169249489562489
-1.6609353822946673,0,0.3277123326819815
1.770897276376449,1,11.142883162012597
-0.31123106447728777,0,1.178990152138829
1.5244205934262633,1,12.651547174570405
-0.45422659627673045,1,11.457024920559297
-1.2956428482245843,0,0.8110738594898377
1.0730936554580728,1,9.53594560778717
1.497592126833323,1,12.967039343651082
0.8488808207086347,1,11.08302759152465
-0.03467827235147647,1,8.354511259419894
1.291040972129328,1,10.874747651226132
0.8487168853901434,1,9.488880295334504
0.2475078249660525,1,8.665817265400593
1.560882682218224,1,11.99021928128452
1.4629089484271747,1,10.524651670708776
-0.20731661191472606,1,9.101842437397332
0.0229691934217775,0,0.8558327148646221
1.8604747857441821,1,14.182975264297
0.4725129618315833,1,8.590417020751644
-1.3233524246303192,0,0.7423878076179238
0.9320004288904928,1,10.594470338059551
0.3193183041909,1,9.795302140516059
1.5338590519442428,1,13.026691038194372
0.4150205753504519,1,11.049454577131664
0.7347981828984831,1,11.315487246795144
-0.7355804482364174,0,0.9811208799640379
0.9128653944474383,1,11.819384156515026
-0.7851045934726968,0,1.114945022371622
1.462308582498209,1,11.35505763171528
1.155655851863468,1,13.052769990673951
1.9383035855044524,1,14.67393943038358
1.9134191482274265,1,12.2976055440522
1.4816018524233479,1,10.707654629268092
1.6551537754930372,1,13.418205179920516
-0.04085652804703699,1,9.294440624453358
1.9230446975554063,1,13.342426195828727
1.9064705492600367,1,12.328606885619948
1.5066030473128023,1,11.235353519982
-0.5712306640278206,0,0.28584988966778
1.5763981444246369,1,13.595549726410566
-0.8432869845742275,0,-0.5970652035233666
0.5931901091952061,1,11.005880752495516
1.5894634631637277,1,10.992342932296859
0.28311321867564754,1,10.926664515722313
0.04867982373554858,0,0.18811339111582384
1.882672111175482,1,15.18851311410188
-0.5729866932256429,0,0.4551817732764316
-0.045580296488060945,1,10.2746721469816
1.6287801228233194,1,12.819742396287483
0.5492086261520956,1,10.590120309721017
0.5793304160892552,1,8.741149274875005
1.1252874229892202,1,11.329569087865027
0.31037346352463,1,10.8257406826894
-1.2142347391088566,0,-2.0156138794982312
-1.0001640750420178,0,0.4353399195864961
0.9619045278140765,1,10.063523544487188
0.772677441015384,1,8.558378058430673
1.452115117001139,1,11.208918725989813
-0.34343572713733517,1,8.957272074695622
-0.029912583917966362,0,3.192993903084482
0.24593835183809487,1,10.078403688946562
0.45175832997810206,1,9.07040933965768
1.0494448548286912,1,11.232525930990109
0.5824103082336465,0,0.7492177297823475
1.6230271625457915,1,9.840134906086115
0.35788321237298737,1,9.684738144063054
0.4474115788895179,1,11.09446779987437
0.431051074973698,1,9.703044274433637
0.2709092717242183,1,9.956200081176606
1.4930174267666905,1,13.385468368879366
1.856115388662055,1,12.969614693924841
1.3768493011445724,1,11.439581986395941
0.7495596507428584,1,10.549844316388489
1.7194819291755161,1,13.603017054423999
-0.9033573337607765,0,1.7431879544094104
1.9553621652146522,1,14.934826644688112
0.8814928509288116,1,9.863001556890271
1.9933900455717986,1,14.890573465443284
1.1526391525428257,1,10.863863552829736
1.4101705795020014,1,9.827391896832701
1.0050924677509836,1,10.43008274212726
1.9333630736569063,1,12.814898727185238
-0.9040476021201127,0,-1.1253852677247338
0.6304515692013735,1,10.252673168936782
-0.18019689263200123,0,1.4361174051264844
0.9401007447592935,1,10.199469892029011
1.3481645009717602,1,10.936111681871745
1.7964498275529883,1,14.371186183668893
1.6383467802151093,1,12.767250459846439
0.3746431648341537,1,10.571547334864906
1.8601076426660503,1,13.875379820723241
-0.5712306640278206,0,0.28584988966778
1.3860573547611121,1,9.89863346320333
1.739288161775205,1,13.681652029374174
0.3060659020570142,1,8.416941621994768
0.7536095857109442,1,10.165437654386519
-0.2979773629126288,1,9.411592264169162
-0.6745911250547318,1,7.843161855653971
-0.6383537755429614,0,-0.8792216847059893
0.6355418809306288,0,0.015836811160927583
-0.674611971587797,0,-1.5737216697704768
-0.8452250529172005,0,0.1507409719863631
0.6674570301844174,1,10.648723923527054
1.86298883927899,1,12.914367049603445
1.7087112779178106,1,14.001441597837937
0.008526563678129762,1,9.772630737249987
0.3473644720835165,0,-0.47680922778780854
1.7830988680338438,1,13.451657831931193
1.2987238637005967,0,1.3150810221262823
-1.7241679345743153,0,-2.0466770716267266
0.8976893610772603,1,10.719037066435163
1.4278005194775525,1,10.056054820727116
-0.10226034341130363,1,10.371209232085759
1.9424029358112014,1,14.40232975547145
0.7463596539704271,0,2.1881698762412323
1.3207089719983496,1,9.357072763405306
-0.49671512396823614,0,-0.21407370059591185
0.8563480907400698,0,0.8707322944568938
1.486207425832991,1,10.071841623027067
0.9958526034415942,1,10.392038709846473
-0.026633647790478054,0,0.009622476544182204
-0.30665942338721,0,0.4860606399421928
-0.6567345414338619,0,-0.7640958453290662
1.1526391525428257,1,10.863863552829736
-0.5113319046499467,0,0.13089383471569346
1.2697988339647663,1,11.148138582087055
-0.9786545049470234,1,8.52300565053218
1.4850874038004682,1,12.295228106457188
-0.09592748252493388,1,9.050156271061642
-0.23940621110347005,1,8.56589522461039
1.8456703113862933,1,12.510454482978185
0.1764344957578743,1,9.082221993975505
0.4743405962884615,1,12.83338930345641
1.2359109984548344,1,9.81030867243177
1.1701590704853468,1,10.814613191487302
0.26222993290554797,1,11.93953472760162
1.4858423607508708,1,12.37057833093294
-0.19846714784396813,0,0.040916566842685194
1.8921813980566444,1,12.818770681348624
-0.5656861539005074,1,8.775554364974978
-0.7178553327740178,0,-0.6100721070590284
1.3567215799211945,1,9.584002801432408
0.9384332028421403,1,11.189865136322688
1.9917364421333499,1,13.721498602811948
-0.48362380531225524,1,10.156933965772419
-1.6858912562337087,1,6.291296605535278
0.7489373738427316,1,10.174964108180996
-0.21324511302134042,0,-0.05516434409778274
1.9342688260546521,1,13.712688556748974
-0.8758009993324434,1,9.754806588513093
0.3193183041909,1,9.795302140516059
-1.5180727102461282,0,-2.2315080477432168
-1.323769003465177,0,-1.8750310850288294
0.4766909414633469,0,1.0629418555549006
0.5912697839621135,1,10.904006826763233
0.5443841856381688,1,9.218051073173505
1.0222045541721947,1,9.57776295582432
1.652165867559424,1,12.232308923239074
0.21064907110699282,1,9.909260819784032
-1.6722462438474155,0,-1.0833339013780738
1.7991996531676961,1,12.81711274722656
1.9867331117387188,0,3.724625791053502
0.1018812294235727,1,8.391680078176938
-1.2142347391088566,0,-2.0156138794982312
0.7287667570203951,1,9.42964011504084
1.8987623841942058,1,12.945750982794022
1.9198813174354026,1,13.21385291593114
1.6611597615170957,1,12.444334600355944
0.9000243051964749,1,10.730435871251721
1.4910153582645118,1,11.391984518897742
-0.017131959686897957,0,-0.2859599545951331
-1.3765938537942262,0,-2.2635569733649428
0.7536095857109442,1,10.165437654386519
0.707280174520188,1,9.403804412433967
0.9220586161053066,1,10.505928404985138
1.7788295266899268,1,13.026191506119941
1.4386621906659007,1,11.334982169537268
1.9247701166564632,1,14.55316453374992
-1.282575958843036,0,-1.4579872086767698
0.9250023573895003,1,9.35942227033188
0.32068947690932914,0,0.1181552495696507
1.7361319645225572,1,12.190101317729948
1.3439204820488233,1,11.512130457404483
1.7058551918247393,1,12.706464761241747
1.7328203510372249,1,13.46670218255849
0.21671201006317364,0,1.0156896946308085
1.7308420325310454,1,13.164716843173062
0.2640736995512838,1,9.895562371383004
0.880629843723761,1,8.490364476318863
-0.4011217961022897,1,11.346948737710333
0.6534504438259714,1,10.843526249904754
-0.3222080241707457,1,11.270520873230131
-0.2146945600537551,1,9.002215543698215
1.7532629146052643,1,13.893930113182792
-0.030698079995272298,1,9.694722788661476
0.5731528737694127,1,8.85726533009234
1.3813199027549068,0,0.13192446780247424
0.35234498341879084,1,9.147547469422316
-0.3878449683714713,1,11.706115578116338
-0.982433676632612,0,-0.32550957531642744
0.5750824324049786,1,11.084883493585783
-1.3450841684833161,1,9.513028713416924
-0.7335902606903484,0,-1.8156951994899009
1.075949660722042,1,9.96764780093098
1.7518609257355768,1,12.322969831728205
1.046042526869889,1,11.603139545324536
-1.0240414264836657,1,9.711475990693629
-0.045580296488060945,1,10.2746721469816
-0.3554908869624831,0,1.5564081454160454
-0.8552765168083707,0,0.5682253224792099
1.4349798741183206,1,9.73503860577566
0.748077066012971,1,10.622907471179763
-0.4866096732694123,0,0.8159340737523499
-1.3149063573350417,0,-1.0626542691656728
0.477961384038458,1,8.746420332413193
0.3422549151732075,1,8.45557959674832
-1.6842423882137778,0,-2.42567587427133
-0.7322136488355229,1,10.164705473656948
-1.9350262271621852,0,-5.10254797226318
-1.1412164501465782,0,-0.42561995887500725
1.6603938179601196,1,9.92279504563543
1.719687052582659,1,11.720945811880966
1.3847754646174937,1,10.680628321727792
0.7478097655417533,1,10.735138100530119
0.6918664895777296,1,10.334686334698262
1.3604323137567995,1,11.2176167294856
1.290148971692676,1,11.470522680226177
0.7287667570203951,1,9.42964011504084
1.7704388406346223,1,12.928530137486094
-0.7298011989696462,0,-0.5223292564177175
-0.01672210940584362,1,9.564486762131297
1.437299804281904,1,13.101046950775126
0.876091281734404,1,10.224423513345233
1.1780621779629947,1,10.596152373356547
-0.2434007334650068,0,1.241561612128168
-0.7587660715818099,0,0.5833043424771566
1.7361319645225572,1,12.190101317729948
1.723029302414259,1,11.036996963304823
0.16317501994217753,1,7.334413921872363
-1.2724796624034207,0,0.12023412755470764
1.344470812828995,1,12.772210673737401
-1.7906685707973486,0,-0.9314347346264176
-0.2453132127878046,1,9.409691485811283
-1.2168354608428142,0,0.2899175480426288
-0.33957129258026963,1,9.206486825281315
1.0354725376717986,1,10.959931929159582
-0.19112823644077137,1,9.206976381838075
-1.0261318237329595,0,-0.13913421492434375
0.22476277052004656,1,9.858220828375094
-1.5835656720617046,0,-1.0186356339687013
0.8480318447926507,1,10.374921076162689
1.388243307935598,1,10.000281909095811
0.1535799171478307,1,9.12358581658497
1.233072844865113,1,9.755488426297793
1.0605953994450559,1,10.336718575904099
1.63822171374881,1,12.69483089971081
-1.353485143621545,0,-0.7014379362022689
1.2477849385515336,0,0.5232689180649646
1.4989745986262641,1,12.74297346678193
0.7440968957435641,1,10.206118910272737
1.4858423607508708,1,12.37057833093294
-0.46392370414016737,0,-0.03953763148896324
1.7344615113403763,1,11.703750878239044
-0.5381940613869056,0,0.5800278170109137
-0.5065873558726732,1,9.970424396262889
-1.692967752445048,0,-2.8849106213834026
-0.9494655505357055,1,8.878276065475522
-0.6850160466015738,0,0.9912432323810858
-1.1859555666724542,0,0.5344833981271079
0.4777802952726131,1,10.4918081749936
-0.15313542474752362,1,9.89841663862591
0.4677076735029688,1,9.569873413816934
0.03362390657850822,1,10.164538039103299
1.7276509303898235,1,13.224330111535828
1.370152917594548,1,10.61969335394387
1.849789179768445,1,13.120831219003131
1.8514819760072387,1,14.777103099645974
1.9024408034396596,1,14.182213511568774
1.7564347932409623,1,11.372451893694338
0.07359850653226063,0,-0.38005897085037926
-0.16698843803393348,0,-0.5032932059905183
1.0899913843852556,1,9.876589451312949
1.0547690774012821,1,11.255536073307129
0.764223250957047,1,10.27634534306241
-0.788276377438283,1,8.746156205573737
1.6000924935920446,1,13.79020550031328
1.6637720158162095,1,12.895956087128102
1.636701056214343,1,13.117787548388941
0.16508044376671238,0,0.05957909716198686
1.8604747857441821,1,14.182975264297
1.7284731299344496,1,11.940342347651548
1.1526391525428257,1,10.863863552829736
1.4557432298398192,1,9.800796441880802
-1.386348470443648,0,-1.8976832696981965
-1.2309683261276323,0,-1.8123554017989703
0.31908576704991853,1,9.715199177517814
0.4387276331031096,0,-0.20806016423685555
-0.3034773147904559,1,11.177508457893271
1.083687378576208,1,10.97699090935672
0.46027901605879196,1,9.769597220165679
-0.7227324799145038,0,-1.4849394030617131
0.25557168422160936,0,-0.4573313653658987
1.2164369842445266,1,11.63663448277197
0.44585444490264337,1,10.406548265797333
1.5268358785543388,1,11.759661340372766
-0.6788613299916624,0,0.36117105542478656
1.6315951751184774,1,13.568388857848348
1.0380805948677763,0,2.3194511651438074
0.9705439587267621,0,-0.5288315769197636
-1.121460285621724,0,-0.529573987909281
0.6720778100502396,1,9.42635645514399
1.9703271819510535,1,13.224713558020424
0.9850195774008217,1,10.817658146818736
1.4377383313342036,1,10.763262213008304
1.314121038326034,1,11.27856945080626
0.9173791763519854,1,10.22069835279496
-0.3264666491469139,0,-0.05109500914795519
1.468608604004488,1,11.90232628845612
1.095744515294689,1,11.28254187606256
1.4034110292883817,1,11.919893953366184
1.3781975941402815,1,11.511311756524286
-0.03754569640720362,1,11.048717399794898
0.09004072434235377,1,10.542464854667578
1.57904794804998,1,12.402387168231538
0.2513209488584116,1,10.524493244153497
1.462028503575921,0,2.746367169555403
1.9956187990523069,1,14.242517885597877
-1.000172214409515,0,-0.10261339208810016
1.0494448548286912,1,11.232525930990109
0.8653013739041122,1,11.329153401726208
-1.3328506592653033,0,-1.9311920413059438
-0.545097915457263,0,1.2352643614444407
1.04115929248854,1,9.722185211428158
-0.22938060695826756,0,1.7535930544424085
0.7886650171614016,1,11.217933170998048
1.7448489849747593,1,11.46406069502381
0.19633289027489154,1,10.440835181668577
1.9201303011419082,1,13.486772237067747
1.2697742469537636,1,12.500667825439304
1.2326281960968508,1,11.029870658130418
-0.6384515829819772,0,0.104674358046178
-0.12856214946336042,1,9.18628043507683
0.7077631319873494,1,11.445340016262403
0.6038938686038167,1,9.021583011740235
1.10244740370131,1,10.82510390347329
0.7331815064260208,1,10.952536504701598
1.257535682676326,1,11.006175251046376
0.7331815064260208,1,10.952536504701598
1.2248051191722453,1,11.705124325835365
-0.39095834526583184,0,-1.123168649698242
0.22348325679583736,1,9.773187874499582
0.7354804996361279,1,9.974869141011363
-1.2586792818851422,0,-0.948091112992262
-0.6670330377970894,1,11.428393006042326
-0.0194138919441027,1,9.179994376964169
1.8827061816389765,1,13.088881944704273
-1.0291400528056673,0,0.7364011527621113
0.7032465429709318,1,8.83107742939076
-1.8209942642950474,0,-2.2907998566206924
-0.6930298318798367,0,0.176095628863738
0.302373714560328,1,7.965677525383537
0.44312028430307304,0,0.40212477843388
-1.1396590848596286,0,-0.14880970343322864
1.639772575417568,1,11.867051307881624
0.9428719471124394,1,10.723891881826185
1.9613292151745934,1,13.984319578655075
0.7735101540754097,1,10.382211276741396
1.9713285267279015,1,13.26773934665653
1.589193982998954,1,12.604058199116086
1.6801526564362104,1,11.587907540975106
-0.6670330377970894,1,11.428393006042326
0.6592310343209782,1,10.167778288589329
1.4320930840289168,1,10.70558505047791
0.5924085090442857,1,11.95046509287892
-0.5581019794337845,0,-0.76759319100077
-0.11555858000898445,1,12.009314140559994
-0.07265098569496731,1,8.955679727491706
0.13688163972498923,1,11.765667247264679
1.1587940285699165,1,11.963092663545662
-0.9257714375174357,0,0.38150483664585566
-0.8511151631793967,0,-1.7059741326871443
1.4556132651764528,1,11.412544213854007
1.8681411010245847,1,12.586108580501179
1.8447622552956568,1,14.918171082823415
0.5362202240439333,1,9.867431394631124
-1.412312305664917,0,0.007794532781405961
0.10144192727799206,1,11.126709607935874
-0.5417342899205422,0,-1.019328190134248
0.9288995456382447,1,8.914304876311759
1.8666192761746783,1,12.385155066787261
-0.7052830543830253,0,-0.6532542118024167
-0.3236021083316589,1,8.238798784013738
1.8461748915244383,1,12.434318096210392
-0.026633647790478054,0,0.009622476544182204
1.380483405984139,1,9.283140771659873
0.666835421585827,1,11.20532229412813
-0.910131263867616,0,-0.7679122773937868
1.5443737412528327,1,11.185217051658185
-0.6979866474954584,0,2.527701192997983
-0.44226127968930706,0,-0.3129623672625328
0.46221049277271664,1,9.22999445795214
0.3793895180076383,1,11.411507075306723
1.4943012230389368,1,11.172712451243223
1.7022740516271053,1,10.750068083653716
1.1594584841421551,0,0.6098698414516152
0.46139136251429713,1,12.028405743454854
-0.5900758122265954,0,0.023450069232604967
-1.5835656720617046,0,-1.0186356339687013
0.4743405962884615,1,12.83338930345641
0.4170380639477007,1,7.313479740258224
-0.16278524714770493,1,10.813690948345767
0.7453087867443897,1,10.857184748799689
-0.5396653068623971,0,1.7059680306055278
0.7055934756400242,1,9.693632225289123
-0.9786545049470234,1,8.52300565053218
1.0531407608126364,1,11.398324254816032
0.3643815221424562,1,9.362733072982115
-1.299507439478587,0,-0.8304402367922624
-0.5011121179704943,0,-1.21776864985241
0.3739856632874057,1,9.988628774078034
1.2200707729385112,1,9.734578554246221
1.795542149013333,1,12.312086324056294
0.5949884555800726,1,10.405908720964355
-0.6069781319067986,1,9.947333756287682
0.9898837525350261,1,9.397129502911802
1.7094656378462139,1,11.542830521680246
0.008780041324970345,1,7.895804538491102
1.9816860517018244,1,13.469588027381459
-1.0964743482656965,0,-1.2345645034632409
1.6775678928576694,1,12.283408452720796
1.8447622552956568,1,14.918171082823415
-0.9355945258507656,0,1.6843105279133448
-1.5953375215475871,0,0.8218136746010245
-0.7078906169836245,0,0.03706973027516658
0.9740330251664311,1,8.291135411145138
1.0730936554580728,1,9.53594560778717
-0.33634538280996207,0,0.7991210089762388
-0.736907395002016,0,-1.2456157191033548
0.633807338633702,1,9.971936951852294
0.6936789156457306,1,11.513571757465476
-1.0339974880286662,0,-2.57219789854369
1.584365199693973,1,8.552484738970433
0.5070133941693249,1,10.499129064038078
-0.2787764204021492,1,11.565391549792032
0.9850195774008217,1,10.817658146818736
1.2155388349410137,1,10.643741453360457
0.8141133607261217,1,11.41470084356287
-0.6155710368704197,0,1.931085106931078
1.2818451606332602,1,11.146617576961233
0.7077631319873494,1,11.445340016262403
-0.9095039970658649,0,0.5178573281316667
1.6223285502925289,1,10.930991227968567
0.18818138246231086,0,-0.91053623073462
-0.780387502459746,0,0.5982643406814496
1.1326401161116113,1,11.621250678226284
-1.1094030590928585,0,0.5161696579304326
-1.6020213245081414,0,-1.4984622274289436
1.266620972806494,1,10.434261020216514
0.6702309540841087,1,11.659042596557482
1.9536839758539242,1,13.79596258887407
1.5895428698548595,1,12.250686701015816
1.7761683753015913,1,14.282014592192272
-0.5291367877622659,1,8.837007353642438
-1.0806958328298557,0,0.5254098414540737
1.780068376993976,1,12.872892452090824
-0.9355945258507656,0,1.6843105279133448
0.09004072434235377,1,10.542464854667578
1.3985895627096459,1,10.437254458902235
-0.8568657778965192,1,7.492867589843771
1.5943876422758803,1,14.406850188001314
-0.46392370414016737,0,-0.03953763148896324
-0.19344401792464838,1,9.761058572615987
0.12921745539266505,1,9.896399461860074
0.6281219929364292,0,0.554904893810553
1.5816508447768758,1,12.277304827921654
1.6593836042724002,1,11.604589655802283
-0.09956654027265843,0,0.5606233695655238
0.09894255064572866,1,8.062605640421555
1.2125323557449836,1,10.573110545682313
0.26292785598316426,1,9.542890290011979
-0.6634543524953065,1,9.20669699884038
0.6859165946688277,1,8.698615994987318
-0.24913270026583456,1,9.749376627280775
-0.6099248187449815,0,0.5820335418909117
1.354487184792227,1,13.155752669852589
0.7819538367106014,1,9.14292678604373
0.5456054807336281,1,10.447627166375327
1.8132286703294902,1,12.27256308462624
1.2716167073297577,1,11.719015204675069
0.9712860063394633,1,9.682421089053548
0.38586830165417485,1,8.937763294184997
-0.8563728430433595,0,-0.31291986827240914
-0.2146945600537551,1,9.002215543698215
1.850930335444556,1,14.564146716777886
1.2516040365203103,1,13.585487338000988
1.7830988680338438,1,13.451657831931193
1.8710458610782479,1,13.11636360730572
1.4656927341588006,1,11.974199896629699
-1.4464857498323265,1,9.51545741364727
0.7101832207351033,1,9.800548678918412
1.9465204918353876,1,11.75883009447419
-0.8499552024649639,0,0.7607885446756496
1.5942424186993573,1,11.334977538916313
-0.27788264615116987,0,-0.06258844605819366
0.16681924964001604,1,10.273028773706592
-0.14304592104310032,0,-0.07424359410029266
-0.15715131460689813,0,-0.2991554230595803
0.08065400444797355,1,9.343333135159716
-0.38989457803943184,0,0.14778278488150423
-0.22938060695826756,0,1.7535930544424085
0.4246985378035202,1,9.982865513883903
0.6331351337046294,1,12.800702413211035
-1.266231214386262,0,0.4376856138318619
0.585629500912356,1,11.971633758270984
-0.8115131375072999,0,1.7665700739099501
1.3654270852207944,1,10.104868439103651
-0.34864240896437426,0,0.37110434211182486
1.2987238637005967,0,1.3150810221262823
-0.6870675772866424,1,10.004889470994573
0.7898858466771346,1,9.380369236485535
-0.36982787587027666,0,-0.8687164387582742
-0.7609387434283863,0,-0.3285878347765969
1.817790779411954,1,12.125443897904043
-1.0679241424126609,0,-2.030708888199098
-1.4101898931748642,0,-0.004222523644471066
0.8605000792675517,1,11.419027834864254
0.45816407288526184,0,0.03166245506889425
-1.4900453506720703,0,-2.7179505992320796
1.2850292186880514,1,10.957677417421348
1.0152548519134759,1,10.683165814042693
-1.1534564057205552,0,-0.816524465699652
1.4829996050900456,1,11.531922329615933
1.2120082878313485,1,10.316231594540673
-0.6337184518737282,0,0.8810097484187462
-0.2943757740321087,0,-1.324578780689668
1.2949778476491987,1,10.585813633988568
-1.3424292626863434,0,-1.2258608179904231
0.1277319102111658,1,9.69319458461249
-1.490001093312057,0,-1.8103775103462354
0.17920434110439354,1,10.299694980888596
0.7572416484107611,1,12.576837237150471
1.9157894234186474,1,13.473909284548826
-0.2800591435157611,0,0.4859071966145774
0.5750824324049786,1,11.084883493585783
1.509956966925952,1,10.673601423741534
1.6211959960420619,1,12.020288441170289
0.8605000792675517,1,11.419027834864254
1.6975847815061216,1,11.863531299741304
-1.3370072921391172,1,10.112278492727434
-0.3374888718833793,1,7.771560602389281
1.729067535683889,1,11.703164632568337
1.6431797220397955,1,11.227639704033935
1.6304440102262197,1,12.776338881069908
1.4763962748989141,1,10.64247520450516
1.2087879230161587,1,10.025954720583696
1.2839240691965634,1,10.591170915619045
1.0986917487271932,1,9.665535735033826
1.1057897859988985,1,10.809239955299352
-0.4274114820239392,0,-0.5392950958253364
-1.266231214386262,0,0.4376856138318619
1.6985671645145466,1,12.359097244633189
-0.5581019794337845,0,-0.76759319100077
0.6860472291241497,1,11.432990177663282
-0.12535743202349492,1,9.49512134577804
0.31230019673932663,1,11.16708191557268
0.9521344657054818,1,11.802854926334252
-0.11673432253640748,1,9.696396736691577
1.5052558796620352,1,12.499615863515636
-0.9184268544618979,0,0.030554364303545634
0.8659050505686676,1,10.24152463297718
1.000643331818404,1,12.32294245072324
-1.6022344289626194,0,-2.8768826923665305
0.7536095857109442,1,10.165437654386519
-0.13709768933000976,1,9.638403122809809
-0.6019745116527249,0,0.131822309511741
1.3636348416116286,1,12.507269275449376
-0.20811337447124023,0,1.2735966863955022
-0.6951179720762739,1,8.058033296056676
1.5178507740475693,1,13.421933776891034
1.982065794361299,1,12.55678217025287
-0.13326737667654331,1,9.970281411614112
1.4576119487775907,1,11.444752533650643
-0.8078299088345764,0,-0.5319289755921062
-0.02231878118967412,0,0.7527050423012259
-0.7170656707537151,0,0.8900841174193164
1.4333667071964835,1,12.744570891109651
1.2712882942647625,1,9.963197343387417
1.1134876181819648,1,12.087027832964091
-1.3275276096090995,0,-1.6075532178698857
0.9852552502763072,1,9.759900326783645
1.7175039565103432,1,12.289270084006844
0.8604006451348001,1,10.09053189688829
1.4719983675803596,1,10.81834452620719
0.039416038201830705,1,9.646606077541769
0.0024970722816712865,1,9.851838867103295
-1.336901839346897,0,-2.049204788082336
0.30143669251639427,1,10.908676856150866
1.154388844898123,1,9.517706577854339
1.4803954956037195,1,12.162776558124705
0.49362383263776044,0,1.2669578805679849
1.7789450351323186,1,12.796697512052825
-1.8624459155391264,0,-1.997501560681256
1.0423025698211292,1,10.320538868432825
-0.364291056973312,0,-2.347134042409137
-0.18333011932894472,0,2.118469235061022
1.839666758568364,1,11.269964200819349
1.219955998723079,1,11.782459877753846
1.534735870751959,1,10.42734544648207
0.11124843318248301,1,10.987255241782373
-0.01512208204030241,1,9.658713942590841
1.9865473482956215,1,13.937513858916763
0.2730744650750734,1,9.600397857990027
1.7094656378462139,1,11.542830521680246
0.012273290528112657,1,9.209166302536048
-1.1900777593390504,1,9.88328848213457
1.154388844898123,1,9.517706577854339
-1.3572745069617773,0,-3.680747659593906
0.5963224080755376,1,10.115421992382094
1.6528238472566894,1,12.369016642040561
-0.14124212621933996,0,-1.6598076774318034
-1.751187095341189,0,-3.521077820301563
0.4901975848524551,1,9.869679465048405
-0.09956654027265843,0,0.5606233695655238
0.3115644507763533,1,9.703061699193094
1.7269616132660328,1,12.622138097672389
1.8685064610366817,1,13.742078242271953
0.5200747224753095,0,0.36122325376207176
-1.1720547879995218,0,-0.4451121796637558
-1.232906166825316,0,-1.6285193846413657
1.9840511335289932,1,12.832929586139626
1.602807456045034,1,11.654489753121139
1.0073005838267246,1,10.378626905304804
-1.665782649957241,0,-1.4236195132803289
-1.1016704693843957,0,0.8117599952429726
1.9530484605727474,1,13.385406986593996
1.5935458663361395,1,14.21172543680415
0.6817373351876701,0,0.11675136159428354
1.7538728494632498,1,12.770932002758945
1.5524727557361433,1,11.547261889912516
0.4910136129593643,1,10.09035370774305
1.9718591844772013,1,13.03811279059434
1.5447270885173805,1,12.106711776963124
0.880629843723761,1,8.490364476318863
1.184965802165474,1,13.023764423153763
0.38589831017580956,0,1.589534663751333
1.8517075009503192,1,12.168767815373048
1.4930174267666905,1,13.385468368879366
1.59699567315681,1,13.410118305560308
0.2921688024760627,1,10.423579200674633
-1.0679241424126609,0,-2.030708888199098
-0.5597981363960867,0,0.48024435518088915
1.3315743795489179,1,11.775598033616413
-0.7178553327740178,0,-0.6100721070590284
0.7306846098510373,1,10.478680544911567
-1.5345344084580956,0,-1.658007541744696
1.1628926593558542,1,10.152606343782743
1.5826991104751147,1,11.865544833802808
1.8579066156032464,1,13.924734425963134
0.5788799095272705,1,12.473891226105607
1.2767554377071608,1,9.868334788674463
1.7858260526016219,1,12.834942076272911
-0.09718368724377502,1,9.638829773587597
-0.1460238247977106,1,8.84914756505866
-0.5015495414941151,0,1.377646944630258
1.1327936531945038,1,9.79192103675304
-0.5618274219199861,1,10.393498754865965
0.07359850653226063,0,-0.38005897085037926
1.3313215071530844,1,12.341136352057342
1.0335390863596712,1,10.9028239496491
0.509315740362712,0,0.06986572835205593
1.0631371708628974,0,0.8462977812408425
0.35781595793878873,1,10.251563767039963
1.2326281960968508,1,11.029870658130418
-0.7539508039440559,0,1.1508543849814274
0.6035094761887767,1,9.508948594638106
-0.6983268772695688,0,-1.5595585581166487
-1.1534564057205552,0,-0.816524465699652
1.281013275779559,1,11.38469708784175
1.6602429300688897,1,11.868263065781967
1.2749609179362031,1,10.457279049690769
1.257535682676326,1,11.006175251046376
-0.8509692204917294,0,-0.670498631029088
1.934846332836607,1,14.828298117749318
-1.6609353822946673,0,0.3277123326819815
1.3599928929757716,1,10.319340031433772
0.150092400812194,1,10.340856275580348
0.0936054836880329,1,7.686002993696876
0.13919786512476984,0,-1.0054407957344706
-0.6922359026532989,0,-0.8163409357508544
1.294494442995894,0,-0.26969472509538495
1.7132742503509015,1,11.59059721609939
-1.5835656720617046,0,-1.0186356339687013
-0.7561079144678668,0,-2.1463347223249625
-0.8432869845742275,0,-0.5970652035233666
1.2784994781905796,1,12.545111602855295
1.9059586445915486,1,13.452408878841783
1.8391640816194008,1,14.01283055188119
0.573715798069323,1,10.026344484925442
0.826416515976871,1,10.714320636591765
0.2939983397408641,1,10.952686871695535
1.993684935695096,1,13.0003136177624
0.3855743987698461,1,8.791344826430615
-1.0143918670435728,0,1.0961105931702653
-0.6156010938488579,1,10.963802782827123
-1.371057339623066,0,-1.7930054022603157
0.3051534406672527,0,0.73903329458572
0.75317199370902,1,12.372511584594033
0.6696621221353243,1,9.664818379317364
0.11950250207282442,0,1.1628976360417798
1.7959226681880054,1,12.3091770548928
-0.07797221096868423,1,11.136339681656489
1.7789450351323186,1,12.796697512052825
-0.4908633475815094,1,11.287750021228998
1.0604263665325235,1,10.763317733156988
-1.017473703804742,0,-0.33963946843266385
-0.44226127968930706,0,-0.3129623672625328
0.00447880330139272,1,8.289004822324669
0.45573433904024707,1,10.081742439810924
1.582251392527355,1,11.512456650620233
0.10816585564660652,1,9.051452228915354
-1.395768432876399,0,-0.5817595937018732
1.9753935555987927,0,4.45429748794281
1.4480579290904902,1,11.940858037001526
1.4944741149488614,1,11.203748371724421
-0.7105846201011081,0,-1.705662214264178
1.4944741149488614,1,11.203748371724421
1.3267881747030938,1,10.497639512276598
-1.0898644922541467,0,-0.3893895651071046
1.059533046168513,1,10.392894876918445
0.4596120582677443,1,9.646729223788961
-1.7686222022113576,1,6.819845120169041
1.4061486875917026,1,12.589926428806944
1.4962870932207406,1,10.604619384296907
1.2351977780046028,1,10.128127278383628
0.9829351309249286,1,11.564943995082231
0.9127550248144134,1,10.593526184968523
-1.1450532480723572,0,-2.2497346029182785
1.6665724107756645,1,12.491078532507702
0.019182393218112548,1,8.307136205016116
1.7063505006459776,1,10.971838355292078
1.9159244606992356,1,15.598207313381074
0.12343613715390322,0,0.9075903742380391
0.6206948580973521,1,10.385776010765456
0.8085843847273178,1,10.579238397633059
-1.2537197644558566,0,-1.1075505989807048
0.7598574285054496,1,9.580069320028459
-0.5671238350277088,0,0.22507856664697032
0.441452031272628,1,10.899241507550128
1.5763968147165377,1,12.35171704188002
-0.6577711932133714,0,-0.14845778291727874
0.9904375207050045,1,9.851465445076448
1.9021093160836071,1,12.669808201223649
0.767580790770773,1,11.26231107401156
0.6914866743923191,1,10.324279183830438
0.13490165468577775,0,1.9459167698293343
-1.463190294694599,0,-1.2620899687171363
0.7792829194868829,1,10.371690258770897
0.48093939584448187,1,11.464929293367954
1.7748063712808833,1,12.164384044961315
-1.3704859405245298,0,-0.5137329038239721
-0.532168672732019,0,-1.2649066165169456
0.5255013041930039,1,7.489039661573642
0.9497257657084885,1,11.904352871877565
1.392168358405936,1,11.32672620210906
0.9259454388124633,1,9.402749864581718
0.5121218582781482,1,9.944123400680748
-0.1985960843783494,1,11.107509601871168
-0.19664251438347158,0,-0.023721916229755537
-1.2115758447053913,0,-0.09372993619463954
1.6383467802151093,1,12.767250459846439
0.5688385480107896,0,1.5646271163456642
0.214912925593445,1,7.5836644153833905
0.8147991185162038,1,9.360035213321655
0.42692689886974566,0,-0.2567575344469374
1.4988066907367976,1,11.036654009040838
0.06984403753716473,0,-0.05695439162961541
0.6688493487767242,0,0.17903309027975048
-0.4631731480567991,1,11.180420062385672
-0.6314695995524202,0,0.3157620429358221
1.0652162844756004,1,10.742750971491056
-0.4108348282163772,1,10.46280825120027
-1.692967752445048,0,-2.8849106213834026
1.2478709695632069,1,11.34561991712274
0.45455161195753524,1,10.7476172379637
-0.6399824557604314,0,1.6749956524922174
-1.9051689854219265,0,-2.523872370767496
0.7184813309404312,1,8.952362743772103
-0.3508810886733378,1,9.319123347924254
1.213218294072134,1,9.109625267907832
1.6975847815061216,1,11.863531299741304
1.2164369842445266,1,11.63663448277197
-0.7539508039440559,0,1.1508543849814274
1.9521438646223674,1,13.795708703170446
-0.19070608946281586,1,9.49282528579258
-0.3811765026833194,1,10.334134199449174
-0.6651831696974804,0,0.6125918369674179
0.6716799952145083,1,11.594814622712446
-1.685686011379917,0,-3.41920075035722
1.4059567265861865,0,-0.07568142011115553
-0.2800591435157611,0,0.4859071966145774
-0.1442700532466552,0,-1.346600022961185
0.45175832997810206,1,9.07040933965768
-1.2434452146930397,0,0.6494933513729011
-0.2872634067307427,1,8.54081036135293
-0.9386954497781321,0,-0.11691458597830073
0.38586830165417485,1,8.937763294184997
-0.719801595877553,1,9.902233819643927
-0.903779117251176,0,0.5487623683670682
1.9853356642269677,1,15.863514631860284
0.441452031272628,1,10.899241507550128
1.438581381410426,1,8.731258123995785
0.21082830287418108,1,11.737674057846348
1.04760725041948,1,10.531116554779167
-0.9166709949517031,0,-0.598424295431228
0.23856132523287155,1,10.964136703106124
1.4097555425674924,1,13.646303671140172
1.4574329993585482,1,11.415893169363814
-0.3249640380693801,0,-0.47519028583036155
-0.023953317602777524,0,0.9143315123197818
1.790752103857883,1,12.746368275293008
0.7792829194868829,1,10.371690258770897
-0.399150896601312,1,10.38065628144648
-0.5582926914340556,1,8.981235890114577
-1.6485340034206666,1,7.855521795623952
0.5523709031858095,1,9.9419321031082
1.5386999398133998,1,9.830993120111868
1.3781975941402815,1,11.511311756524286
0.874797063891184,1,9.15381225978584
1.7704388406346223,1,12.928530137486094
1.434025818206218,1,11.319908507549936
0.5370106138061495,0,1.397474428981306
1.5759588400314817,1,13.092472205634621
-0.6850160466015738,0,0.9912432323810858
0.9288995456382447,1,8.914304876311759
1.546416860961867,1,13.184000569853701
1.1877900160625834,1,10.547331665662533
1.0071926543477319,1,9.95407279047245
1.8792841803141789,1,12.069047568705908
1.0202728165265005,1,9.64262699561425
-0.1985960843783494,1,11.107509601871168
-0.1440583302384768,1,8.405767434487169
0.1867827282885206,1,8.69236677810255
0.13919786512476984,0,-1.0054407957344706
-0.22905628917416676,1,8.77407609972964
1.659544600486016,1,11.562440203874463
-1.1559732331698958,1,7.895004380489306
0.0035064235583965875,1,10.548454516780621
1.8935304766592846,1,12.32726809865248
1.0531407608126364,1,11.398324254816032
1.6047104928694225,1,13.072857453884104
-1.0468413177876337,0,-0.09829201322913272
-0.22624358865582384,0,-0.05901524546481505
-0.8953217687164021,0,-0.6950207988919017
0.6361816405289296,1,9.513356435775552
-0.3623517127319267,0,1.2162400958862436
-1.0854287779861491,0,-0.059099784148343826
1.9680638775873427,1,13.978103422244597
1.657361770665934,1,12.004837753528717
1.5250322710520465,1,12.761345394539537
-0.3222080241707457,1,11.270520873230131
1.2361382009613666,1,10.893063561494717
0.9898837525350261,1,9.397129502911802
0.08753784770991313,1,8.828434126150016
0.46221049277271664,1,9.22999445795214
0.10561064374445284,0,-0.8612250376550012
1.7899089375824984,1,12.840842908902713
0.17812517161803232,1,9.896182505955766
-1.6022344289626194,0,-2.8768826923665305
0.2884918548888251,0,0.8045530892039422
-0.17931203306537435,1,11.000123250328041
1.4237007583651913,1,13.015440657859626
1.8241885744477324,1,11.927575079824855
0.38154006928017514,1,10.057388520100158
1.9196577311295213,1,13.886135329483706
1.5098801866179277,1,10.968572826208108
1.2170446175138,1,12.862314906996026
-0.9497990799199991,0,0.6171277964220543
1.86648888358443,1,14.47440851095422
1.0487500447763285,1,9.221340494480494
-0.07239933156009037,1,10.450047488301998
1.3068294389659498,1,10.691256970928793
-0.8551027710400225,0,0.38561840102008127
1.6385072777463696,1,11.710064128673464
1.2351977780046028,1,10.128127278383628
0.40979776786635114,1,10.705984096829223
1.1271193037149052,1,9.247612155917222
1.657361770665934,1,12.004837753528717
-0.872699986818112,0,0.07988734191546376
0.9743756647062392,1,10.070362728916622
0.8904468993377983,1,11.17460159179776
1.9608901384602957,1,14.737484382362066
1.0073005838267246,1,10.378626905304804
-0.8606380224901296,0,-0.0013621312355338033
-1.0690866043377927,0,0.5449459608008911
-1.0322890875230537,0,1.335414025747006
-0.9293262512228098,0,-0.21563683755452964
-0.7309633025725297,0,0.9706745047371939
1.1800461477138815,1,10.514492809709376
-0.15640664717367248,1,8.978191257525488
0.3122884080496502,0,1.2339380862719407
0.45366078374315943,1,11.156347197096025
0.1192362282802164,1,9.377577491320581
1.4557432298398192,1,9.800796441880802
-1.5153781549560583,0,-1.683695426649273
-0.4812303673309324,0,0.2800948141348163
-1.0704627077758087,0,-1.1045310997021343
-0.6934430022963562,0,0.5678940974581199
0.8308854010701099,1,8.976641472298631
-1.074477454492608,0,-1.2247267862945832
0.7603014167551909,1,9.136945644151957
-1.6294980677945312,0,-1.6606588681025811
1.4409912439098584,1,12.984310005381298
1.2176562387098935,1,10.625129891386164
1.498988293955899,1,13.251683120696317
1.0772195745653592,1,9.879527038453386
1.2553165263713728,1,11.578195839754988
-1.2987882305693614,0,0.3590216448408916
0.2939983397408641,1,10.952686871695535
-0.2787342878304364,1,10.31346393023429
0.6047908483813855,1,10.75921979509554
0.6067191795137079,1,9.88842421112903
-1.488601052026132,0,-2.55396687397433
1.673590168326232,1,12.207619425172503
1.4556132651764528,1,11.412544213854007
1.730582869364671,1,12.101439555202843
0.5182307875669463,1,10.770894132362889
1.2225952214533677,1,10.630498596248469
-0.21992526509857901,1,10.108331611224758
0.7205630870412016,1,10.946750449023062
1.7658969500242616,1,13.564464107987236
0.9715259746717559,0,0.29911944585584344
-0.7621496942152706,1,8.417648507162228
1.9130618541178963,1,13.700858621576769
0.28913525816800467,1,10.32175889585183
0.6658521901073429,1,8.559392075243572
-0.2651051886743159,1,12.016818623384916
1.395070341125257,1,10.565687944604523
-1.1539730028729278,0,-1.1863384381356763
-1.2190375881740318,0,-0.5644686165306024
0.8703910626327049,1,10.140763438624605
0.7463596539704271,0,2.1881698762412323
0.672851194220065,1,10.840327253836886
-1.865294384502144,1,8.313292031481849
0.6852176942571191,1,10.081923705577893
1.9040552931168544,1,12.681450012765445
1.4796237355612836,1,12.246114669030945
0.31725786664775146,1,10.084434484339901
-0.8698365453502257,1,9.763818593367548
1.1802915247246561,1,12.14373586622272
0.7443646157739474,1,11.2468057868796
1.7831059889853886,1,14.701740791005165
1.2039228016134595,0,1.050373600270171
-0.8583788387886337,0,-1.3144649674470579
1.453726311157538,1,10.837504977175843
-0.7830310281618491,0,-1.2951644141765428
1.9222729082428942,1,12.708912117104264
-0.7105846201011081,0,-1.705662214264178
1.5155245836514086,1,10.742867702580865
0.2362371397864087,1,9.952982468451589
1.7533618272841514,1,12.297360727118868
0.7718871750946694,1,8.45390043085572
-1.1390247179961852,0,-3.1779190010587692
1.8630817755371485,1,12.055463254838116
0.37444217778565747,1,10.255343632882616
1.3016626564957923,1,11.803229340722629
-0.8902930607960835,1,10.576393097422395
0.9103172885397761,1,11.098581666618086
0.3643815221424562,1,9.362733072982115
0.7081512595280408,1,7.114912498049097
-0.8689381717596056,0,1.3852061462869574
1.2472268734035454,1,10.372971093990502
0.948910708999307,1,13.111272377869884
0.9209967581182847,1,10.393953308557608
-1.8117552084922104,0,-0.14977395049164244
0.7988523086173487,1,9.962265083455945
0.39784455863486645,1,9.155579321928307
1.9620205680026932,1,12.63028970616567
-0.02231878118967412,0,0.7527050423012259
1.2141671073057108,1,9.836654666757491
0.5374547554867486,1,11.49376633074566
1.8620716729390656,1,13.403586129720404
0.30208086786449595,1,9.575609396758978
-0.4714421006697229,1,8.238053546963277
0.6478757791754743,1,11.02773494968076
-1.1830315745262845,0,-1.8334719631673044
1.3315743795489179,1,11.775598033616413
-0.3623533912350383,0,0.8904245044469782
0.488117917008037,1,10.527652125818872
1.7770659564537357,1,14.419112137964675
0.9583247088869706,1,10.996477435542484
-0.3623533912350383,0,0.8904245044469782
0.2535814028505605,1,9.89388695531015
-0.389042061012677,1,9.424636585092912
-0.6510489966566317,0,0.6809095851927768
-0.26908345592118144,1,11.638149025957809
-1.050982545371451,0,1.2578165558816787
0.24875524425810047,1,10.596318320219918
-0.4323577482243639,0,0.407742386543601
0.03415556599083169,1,10.363999909623685
-0.5057348558436776,1,8.981261746189805
-0.5538392489481736,1,10.357185894411394
0.7581368356216607,1,10.395657842415567
-1.160377627617657,0,-0.3872082896072707
1.8037143780101936,1,12.736257262472773
1.4012708326303955,1,10.336050696351297
1.7076302485834565,1,11.96457515973712
1.8009494152832097,1,13.311127916931394
-0.6837048821570884,0,0.7329630110672596
0.9829351309249286,1,11.564943995082231
-0.31311629250617834,1,9.687748174888256
1.2697988339647663,1,11.148138582087055
0.5252302123679549,1,9.148815080029728
1.4493396657589264,1,9.523353183001188
-1.8250437107642106,0,-0.8716895733568388
-1.715245406159084,0,-2.78399914006041
1.379456341642034,1,11.16103479846042
1.4968900987407032,1,10.631190226847401
1.561210228454081,1,11.922649503384157
-0.166274303474248,0,-0.6066916510549607
-1.3740931359855977,0,-1.376127653218903
0.7337176606290821,1,11.060354213135634
1.2435143240316737,1,11.028322584950779
1.6036309210679627,1,12.617969365822859
-0.8668623860296907,0,0.49983688140196925
0.23292700111864395,1,10.82498764393747
-0.5015495414941151,0,1.377646944630258
0.658956819643385,1,11.644662361229498
1.0034842711659895,1,11.832437741763243
1.9399586245635003,1,14.151662606476577
0.8690475034630256,1,10.076143084417684
-0.07623356766278588,0,-0.518716197825502
-1.3348665249756824,0,-1.324638440018769
1.993684935695096,1,13.0003136177624
0.4175228763312324,1,9.132694868058726
1.4935658316368774,1,11.371834911094291
-0.4274114820239392,0,-0.5392950958253364
-0.6547490899801778,1,9.533862719786459
-1.1116965172267177,0,1.1081032545890497
0.4907581637991898,1,8.850886185497986
0.8588753340081441,1,9.441278619576975
0.45816407288526184,0,0.03166245506889425
1.48533436936113,1,11.066694252898685
-0.1607983049227193,0,0.036451469543256176
-0.3650633156076144,1,9.711520908747133
0.981590956566158,1,10.988950938642782
-0.6076176273268477,0,0.8939959335357301
0.7581070041262445,1,10.56336926138018
0.07346185334128252,1,10.521224181272574
-1.7949461632960073,0,-2.3990463198231002
-0.8142371008824112,0,-0.09264190349295226
0.32302399622263644,0,0.9628973593963308
-0.5113319046499467,0,0.13089383471569346
0.3131205639846959,1,10.484804112462463
0.5794241737189072,1,9.943075658421625
-0.011300943966290777,1,9.150438924695942
-0.8024176465132751,0,-0.365067170291248
-0.04948876133115654,0,1.2267248231681225
0.4511833421460416,1,10.336268201416734
-0.9670927469600681,0,1.0803938336787258
-1.5510357120336455,0,-1.4960250058665991
0.5994556868103,0,0.958301445005194
1.0858933794384256,1,11.513180290648755
0.75317199370902,1,12.372511584594033
0.6596468979488721,1,10.589538954764118
0.37263287615787277,1,11.56523732040933
0.5396266366126512,1,9.302405141144835
0.9263580870213275,1,10.224301271904311
-1.2445192529485825,0,-0.8978289031302337
0.04574562520634906,1,9.602305375045265
-0.8568657778965192,1,7.492867589843771
-0.3783086994433802,1,8.428501284815379
1.636130082662564,1,12.929045978516873
1.5265413967016426,1,10.927284590423248
0.7185891307722794,1,11.75140360407282
0.16445529951537896,1,8.779480665597257
1.2915522731740081,1,10.078518185181043
0.5071352682073784,1,11.51004360210882
0.24918726351163922,0,-0.45391119247053924
0.6458648212946074,1,10.767802991103524
1.4829996050900456,1,11.531922329615933
-1.8385966925612012,0,-2.1942388536740944
-1.219028048807822,0,-1.0364608688935524
0.8973552685149646,1,11.387978159184144
1.393701516362099,0,-0.1592583508819545
1.8534412817841517,1,13.307617835124816
0.7827106528613559,1,8.008845340456507
1.8236751998481768,1,15.269865881954253
-0.39095834526583184,0,-1.123168649698242
1.8124984500318604,1,15.315335889545207
-1.158511673880657,1,10.910405970219301
0.5025996517658124,1,9.152417428934319
0.7422611489158855,1,10.210820298502346
0.6601466981850219,1,10.466701832251998
1.0348612846556828,1,11.112012718618592
1.1559406396831733,1,12.063495685158946
1.7214047085322712,1,15.483865620051382
0.98175789673732,1,10.82692947934328
-1.4398207514630839,0,-3.8810908176916836
0.06618604155704899,1,9.889771630546853
-0.991720452599314,1,9.196760788640914
-0.043213928077537656,1,9.097906252915465
1.754877207911452,1,11.008583080089355
1.2223233057649345,1,10.714683342213092
0.9117572278950608,0,2.85917668325545
0.8161258103666276,1,10.645775482078186
0.4685799464161202,0,0.3540968161267352
0.4010056403983322,1,8.962378964839507
1.6543120456107796,1,14.125992003548383
0.674572879697724,1,10.435314196196424
1.1821775677065922,1,11.698807666756888
-0.6069781319067986,1,9.947333756287682
1.861794538402485,1,14.391120868719268
1.4013920044795816,1,11.54005045385065
1.6223285502925289,1,10.930991227968567
0.7694356898442325,1,9.024471695255334
0.42501175100390975,1,10.488463169543042
-0.3147964734665414,0,1.4466413218874061
1.0531796479891264,1,10.633084750304874
1.152475759780876,1,10.48233109481409
-0.5951224506048765,1,9.036815544120788
-1.1494224945156155,0,-0.2023698135073112
-1.7933705715414359,0,-3.0984215415594774
1.7827925880011293,1,13.512621558897518
0.29584607000651886,1,10.2596196583319
0.20265351776340612,1,9.190165387741652
-0.6984012073629291,0,-0.08528152148459159
-1.9051689854219265,0,-2.523872370767496
-0.6216136170921129,0,-0.6835909573576988
0.6066673015035402,1,9.353158682603555
1.8662337575221764,1,13.34733708514264
-0.9911903913626765,0,0.6290327625369555
-0.05451159669940964,0,-1.0808471631763048
-0.4110898817350699,1,11.491391151357536
1.7630034369378444,1,12.690627477566101
1.4942223049083552,1,11.43992308567275
0.6109844314074988,1,8.02424165888673
1.678124098624199,1,12.554086491068938
1.1663161749033941,1,11.876635405448289
-0.14986113546740842,1,11.716097248532556
0.04835430679465569,1,7.527567219818559
-0.39868052635696705,0,-1.1517184272525423
1.7543423831140208,1,12.552944483431581
-1.7826718607083847,0,-2.814584932070757
0.6418788854577246,1,10.50467495473311
1.016993038728323,1,10.894026542070847
0.18499040052340376,1,10.227967809008065
1.2073035995020605,1,11.95373240988609
1.0547690774012821,1,11.255536073307129
-0.1985960843783494,1,11.107509601871168
1.4133859904348953,1,11.011530515905473
0.7885432235672369,1,11.30145675998918
-0.9285056687302369,0,0.8638434533934749
-1.9665452724925716,0,-4.209750127929743
-0.7533883333814044,0,0.23820908317844183
1.4944741149488614,1,11.203748371724421
0.6146259056224816,1,10.133901805768758
1.3330851281433915,1,11.2113421480631
0.5525596100650771,1,10.233914322909012
0.8105350923420653,1,12.076625074226758
1.560882682218224,1,11.99021928128452
-0.4274114820239392,0,-0.5392950958253364
-0.7933510334754046,0,-0.7736528575223907
1.8524604463566954,1,14.221109149153063
1.4175403734783165,1,11.764661668960002
-1.721435407350377,0,-2.1849448940846123
1.167844057866863,1,11.165781650170892
0.7563506149929187,1,10.89301820022992
1.7145222484615763,1,14.826157265037416
1.046042526869889,1,11.603139545324536
1.0034842711659895,1,11.832437741763243
1.410189684983882,0,1.6421729168952295
-1.5281100654877537,1,8.982942558340604
-0.9161471685151219,0,0.20656475285210535
-1.2578960989691232,0,-0.42989508643735663
0.06378351410169358,1,11.656662491964417
-0.523929070355309,0,-0.8718847708671627
1.567488579242939,1,13.485467200046687
1.7658969500242616,1,13.564464107987236
-0.5787210061044492,0,-1.282530006170313
1.1121009725786126,1,12.413663738321285
1.9475477464020692,1,10.739077441713759
1.4943012230389368,1,11.172712451243223
-0.8409941883449279,1,9.195609996241355
0.6355418809306288,0,0.015836811160927583
-1.1081999657689856,1,9.585522023951752
1.7030067722212219,1,12.408662102976702
-0.9854301026344978,0,-1.0538479536537064
-0.49671512396823614,0,-0.21407370059591185
-1.3155900863463925,0,-2.760255116059614
1.6827656031144782,1,13.111962289068869
0.8242324585521232,1,11.769033910704925
0.20276217877917846,1,12.779790487730395
0.6540943756538091,0,1.2202603379584556
0.6473567593975145,1,10.532010513754727
1.0030785968442228,1,10.45838632560287
-0.20672377852231127,0,0.28910969118636204
0.3874075075510377,1,9.774629154398884
0.9420828231743248,1,10.191625718134139
0.8334519068601391,1,8.772035018910481
1.3103248699228085,1,11.363032475499468
0.5443841856381688,1,9.218051073173505
1.3175786594353878,1,11.212093498110882
-1.1432949890416526,0,-0.05707077693940754
-0.01803473517520615,0,0.4476984149512091
-0.20104063019784002,0,-1.1137848332336109
1.9306096459742768,1,14.997562057635754
0.3199351497125251,1,10.423890185835116
1.1804411301068987,1,10.48781798416159
1.6839780843863035,1,13.68332131151888
1.8827061816389765,1,13.088881944704273
1.7527246900988898,1,12.90736400594964
1.6986044216207232,1,12.20975548496909
1.6337501914890598,1,11.665494866983227
0.567886001773064,1,9.035714418877864
0.7705038089046581,0,1.1326689685504732
0.1803336514395606,0,-0.5244719294727334
1.5164732302486588,1,12.54253477225899
1.538347552918455,1,11.984529046088896
0.6492549549228799,1,10.61123647413756
0.9144606271711075,1,10.940759761162559
0.9028780335534399,1,9.421679835670755
1.3129970097488735,1,11.710841265185794
-0.8024665051786068,0,0.35736693054560753
1.8688528272330736,1,13.488574928624567
0.27682585251771075,0,-0.10065396120663221
0.2602951659204211,1,9.286526199062461
1.452115117001139,1,11.208918725989813
0.8801461461842974,1,11.113379803629783
1.704776273727128,1,14.584820373633667
0.5684409401020845,1,9.665066487606246
1.8303240603352693,1,13.761755678872362
1.7892275969478484,1,11.44542126460577
1.9980207588340662,1,13.442458737745337
-1.2724796624034207,0,0.12023412755470764
1.4945352905388005,1,13.425363296130303
-1.206359595225749,0,0.4019701117604496
0.5456054807336281,1,10.447627166375327
-0.9494655505357055,1,8.878276065475522
1.7537905616416305,1,12.415492522194437
0.8304823429621413,1,11.591107298423545
1.4708926112203695,1,11.51927667424276
-0.5331123656248038,1,10.321241212659695
0.3131935976814426,0,0.8099066335411367
-0.15856691519229482,1,9.184449084838255
-1.6709107028917525,0,-1.6711913220843564
1.5816508447768758,1,12.277304827921654
0.7120646102362542,1,8.523313260544619
1.4694185564614313,1,13.019344445948082
-0.37134280613150006,1,8.327940918153242
-0.18684466100788955,1,9.732130243444539
1.314611624473157,1,10.064653621019346
1.1741496089153238,1,10.46817815215047
1.290402242638633,1,13.609733882758317
1.2685125680623406,1,12.027346730218852
1.8383065772841336,1,12.77806946944211
-0.04866272582395004,1,8.31291934413249
1.9700584806478854,1,13.761735324782048
1.8410654339682662,1,14.861380765024872
0.7112528012401769,1,9.729208298350871
0.8349787909719057,1,8.436492082300107
1.8090560581334891,1,12.589449055347492
-0.7019527992986316,0,0.5828225349271091
-0.7087608262085987,0,-0.05065139437549418
-0.5788641030523096,0,-1.0812000243710251
1.4201208064797406,1,12.156427953030118
-1.767328965116301,0,-0.9682810910668431
1.0986917487271932,1,9.665535735033826
-0.23758754376330105,1,11.291565914968658
-0.1303939550005211,0,1.258847464435184
1.790260505296172,1,11.944644206196653
-0.6004181454104054,1,11.743881062293545
-0.3131495298963345,0,0.4934071631873346
1.7047719456585066,1,13.685502142926017
-0.717520373799093,1,8.970981343553156
-0.5823002048277806,0,0.5908298906664878
1.8656695434656294,1,13.604276537934243
1.404602941703927,1,10.381654039979937
1.8556640482927538,1,13.359869385356832
1.2952069996821516,1,10.983732524776487
-0.6984012073629291,0,-0.08528152148459159
1.8008448234617207,1,14.175643781371743
0.5365685531829474,1,10.332635403429391
0.027080162871152336,1,8.309187436573342
0.6854720355871828,0,1.8591153941211844
0.7182073462907357,1,10.817492693687935
1.4306239529673093,1,13.522076252602506
1.937287915256165,1,12.99497854426272
0.6696621221353243,1,9.664818379317364
0.42692689886974566,0,-0.2567575344469374
-0.6619548450322714,1,10.544573296025156
1.9130618541178963,1,13.700858621576769
0.9500334378360278,1,10.18461899271559
-1.0432795831362975,0,1.2822020021453238
0.8391402008958901,0,0.3825909276934912
0.3263553513990214,1,10.648792359740643
-0.7868758957382189,0,-0.16701961286833644
-0.5671238350277088,0,0.22507856664697032
-0.18333011932894472,0,2.118469235061022
1.290148971692676,1,11.470522680226177
-1.8935665356892635,0,-3.9231428966039936
0.6440570169892812,1,10.645477135404768
1.4988066907367976,1,11.036654009040838
1.698634438328987,1,11.870106863571372
-0.6764516492248229,1,9.93063009890191
1.2054861418545468,1,13.193725968410174
-0.5113069790124114,0,-0.4851074619481392
-1.6977820249489217,0,-2.113827400621014
1.5608600105446975,1,11.255352534262922
-0.3579807146065739,1,9.129504472623413
1.8722900116387136,1,12.510479544494968
0.16704127976406147,1,11.0396925762873
1.7300158123895302,1,13.565948823642584
-0.2787764204021492,1,11.565391549792032
1.0916859275044604,1,11.837193302192254
-0.5810857730791494,1,10.269169873613084
1.961140682339765,1,12.12338754520953
1.6529622102258852,1,11.723559061066405
-0.5190712572616931,0,-0.12998283264530858
1.2446504155165288,0,0.6085625022859388
-0.1841646678085609,0,0.21717227329615427
-1.3087197941741908,0,0.02653669455383123
1.6385072777463696,1,11.710064128673464
1.7687418179585541,1,12.823844824734634
1.8535777368542017,1,15.684476718010988
0.1300162656639272,1,10.672605985443877
0.7716356440990708,1,10.460538754685968
-0.20022530292456153,1,12.31419215696275
0.4925514149913015,1,11.405402321341802
-1.065730555725556,0,1.020327100148458
1.3664880301710962,1,9.48201851218868
1.2335893924658445,1,10.31390551511614
0.904339405935402,1,10.413643312919344
1.6360223553428122,1,12.540184765444412
1.4349798741183206,1,9.73503860577566
1.1966318844191282,1,10.54404097886283
1.9879620112502043,1,11.718798446647444
-0.6156010938488579,1,10.963802782827123
1.2472268734035454,1,10.372971093990502
1.2361382009613666,1,10.893063561494717
-1.3532217869040526,0,-0.029761362139704595
0.42687831912892804,1,10.265531165289321
0.9124657493446655,1,10.072144153514838
0.4197632527910202,1,9.124052641625207
1.6159267863571412,1,13.059386293287458
0.6355418809306288,0,0.015836811160927583
1.0392946337135536,1,11.416665470752248
1.1713601810941086,1,10.774910287975727
0.8814928509288116,1,9.863001556890271
1.960215400417053,1,14.15522352676949
1.2054082330809943,1,11.045022052521592
1.103509017878772,1,10.815867830724821
-0.37053790314867063,0,-0.46028068791907484
0.029576375379842368,1,11.264613358976078
-0.32967689686028656,0,1.2365880870796093
0.4415042391267683,1,11.532047985862178
0.5928367097942235,1,8.325368337043656
0.846891222984195,1,9.924728124242069
-0.7227324799145038,0,-1.4849394030617131
0.9304507969615949,1,9.975804788544535
1.6337501914890598,1,11.665494866983227
0.6049319081659683,1,8.647613108963942
0.5756318282710589,1,10.393116683745095
-0.23157186128111995,1,10.57331644370846
1.2248051191722453,1,11.705124325835365
-1.5835656720617046,0,-1.0186356339687013
-1.2103850650778298,0,-0.9652458275540464
0.8101620061392278,1,9.61004011967172
-0.1348023482407248,1,10.846597206671213
1.4829996050900456,1,11.531922329615933
-0.045580296488060945,1,10.2746721469816
0.3115083257636364,1,10.25657328337136
-0.3147964734665414,0,1.4466413218874061
0.3346244474034883,1,10.31137442535059
1.3759738877680991,1,12.764765122902983
-1.0378736592794051,1,8.672617778952485
0.8646581527104447,1,11.425349504174356
0.1322211603788448,0,1.4972584152774309
0.8397322937369851,1,10.165374537716596
0.8564765636996636,0,1.4670610472250045
-0.20811337447124023,0,1.2735966863955022
0.3739856632874057,1,9.988628774078034
0.06520139320478124,0,0.5006296864304242
1.3924369400625203,1,11.874615401384832
1.8510734010128242,1,13.241512270172844
-0.2178334450324364,1,9.66057058319403
0.2482911776102843,1,10.60472908238131
1.5226023098583115,1,14.053337390055232
0.7209129697251653,1,8.761138804058476
-0.5623046926767317,1,10.192054653551049
-0.3799956056498064,0,-0.6531888033454706
1.1402556841857248,1,11.65761216581911
1.1432339369774,1,11.995531409411342
-0.6087631683912278,0,0.8342561804432999
0.04445455395800213,1,10.193971681582813
1.8534412817841517,1,13.307617835124816
0.6376918483279903,1,11.02114782359169
0.46221049277271664,1,9.22999445795214
-0.15857850746069246,0,2.0993874753968655
-0.8430209121093819,0,-0.1931976809248981
1.5124607879428056,1,12.9082223644224
-1.9418213373284723,0,-3.89049802112345
0.7588061394474743,1,10.24455006467528
-0.2550158945713705,0,-0.37662186782701423
1.7031541979782734,1,10.8845746941057
-0.12879035185064325,1,9.010874311581235
-0.2382617173758157,1,8.916797815731728
-0.49671512396823614,0,-0.21407370059591185
1.499064250215974,1,12.066603430779777
1.5543971217486097,1,11.767047571404888
-0.6383537755429614,0,-0.8792216847059893
-0.6988375265530089,1,8.960130185942582
0.5236871609166536,1,9.118745812543951
-0.01496498847055383,1,9.17264142613415
0.8300912759121712,1,9.885095755407347
1.2470791523605502,1,11.419085564709999
0.3960441768542702,1,9.108047527480249
-1.7908835869249615,0,-1.7115504261761008
-1.1358472699616016,0,-1.697649747515683
-0.3291657321080965,0,1.4127869876564638
0.6716799952145083,1,11.594814622712446
-0.6577711932133714,0,-0.14845778291727874
-0.8267655568777412,0,0.21789986135872963
1.2176562387098935,1,10.625129891386164
1.2641340092082736,1,11.191486785075774
-0.3880792849393542,0,-0.7875754277284539
-0.7227324799145038,0,-1.4849394030617131
-1.2177174115939078,0,-1.0247036845330397
-1.0647486676277436,0,0.5852994067840521
-1.163610541641543,1,8.443725209578366
-1.545769631201484,0,-2.1024775931230177
1.2989729493880304,1,10.757019030512142
-1.562070535724024,0,-2.374739542997532
0.49949639842799565,1,9.981027288319686
1.2005503310083037,1,11.424340693895104
-0.364291056973312,0,-2.347134042409137
1.2784994781905796,1,12.545111602855295
1.8898455601116089,1,11.28368235516066
1.0292408285377554,1,9.876815704504702
-0.8007978897390564,1,10.775237005446911
-0.958852569735988,0,-0.33563670352165814
0.5295652973135496,1,9.246684463609933
0.4150205753504519,1,11.049454577131664
1.6211959960420619,1,12.020288441170289
1.282566241417915,1,10.75970503626477
1.4456721843820697,1,11.827782759037573
0.8045583776698946,1,10.561325461497846
1.2516040365203103,1,13.585487338000988
-0.07446915300628998,0,0.1884650825674181
1.9214749637687403,1,14.192972895084447
-1.4145040313510036,0,-1.8674814740451264
1.8445419416303719,1,14.61418930006423
-0.7448714267770851,0,0.6337255921388001
0.874797063891184,1,9.15381225978584
1.0844912634075463,1,10.58731265282152
-1.0402043851054747,0,-0.2895784454743731
-0.09959863723311813,1,7.372916271796068
1.3862031032794513,1,9.76437001212894
0.5672780672057414,1,11.50580223002319
1.329770563201687,1,11.789390857001074
-0.7587660715818099,0,0.5833043424771566
0.5667028406459838,1,10.966795872634247
-0.819837169383375,0,-0.8909134302201833
1.5803406910652584,1,12.613619849359903
-1.3604809465342345,0,0.10749205334254963
1.517320862713896,1,11.300757322330682
-0.2232663724865338,1,9.727426958062827
-1.050982545371451,0,1.2578165558816787
-0.9040476021201127,0,-1.1253852677247338
0.9708260847999242,1,11.425272175963126
0.8738157892902003,1,9.678088146126019
0.16317501994217753,1,7.334413921872363
1.1802915247246561,1,12.14373586622272
1.5862986338760408,1,11.345997731572606
-1.389367341836865,0,-0.4349208378072008
0.39123205360605606,1,9.877212490046016
1.0913603337060134,1,10.26598188634135
-1.2381720118798163,0,-1.1632447293273063
0.16704127976406147,1,11.0396925762873
-0.22969061626873843,1,11.237558584428859
1.1215044942839216,1,9.022829764731782
1.592217157762855,1,12.141638040752902
0.435996444207714,0,1.409474216713671
1.621287313504359,1,13.893370213813089
0.9324520896611239,1,9.997947187209322
1.7719311362845427,1,11.661640868160102
-0.3554226540800518,1,9.758840110142486
0.5715276402348306,1,9.456992265156487
1.814530431318758,1,12.799296566524479
1.5803406910652584,1,12.613619849359903
-0.19292928505108353,1,8.966996826420734
1.6059434044029963,1,11.613090298042739
1.392168358405936,1,11.32672620210906
0.704710248301736,1,11.879309896275242
0.1548071918108569,0,-1.3995641218005261
0.4098766818290658,0,0.027369701804147363
-0.5476708144054596,1,10.537395757933243
0.3059556125594636,1,10.49171000516499
-0.5794729438971347,0,0.9757824779305314
0.0812945047655429,0,1.1451248722246457
-0.0746233934587055,1,8.742054240790717
-0.2977764892131298,0,2.447887086488755
0.6772616654540067,1,9.105602143431877
1.2002176318054856,1,11.966647252139284
0.1801076755877533,1,8.54993988135305
0.13329419143842003,1,10.32456837996226
0.1779293312010517,1,10.466986019072289
1.4577329874734564,1,10.467721536802328
-1.3424292626863434,0,-1.2258608179904231
-1.6278785010364172,0,-0.99847764031407
-0.14950817304273478,1,10.52014646681224
1.310441045396613,1,12.54994559125734
0.1072686642016536,0,0.7204793215852052
0.49181617673352696,1,8.720787785962463
-1.2103850650778298,0,-0.9652458275540464
0.1636200153523233,1,9.791759571476284
1.4821078650775368,1,12.413946674158105
1.8722900116387136,1,12.510479544494968
1.2811718424367093,1,10.575894498107905
0.11860231342402594,1,10.958265620694268
1.3148359352720256,1,11.941946046664675
-0.7008043384785578,0,-1.7071257856386022
1.4943012230389368,1,11.172712451243223
1.5234830367957137,1,10.658666161148687
1.3844767422204471,1,10.947090944915681
0.7827106528613559,1,8.008845340456507
-0.06727654674532602,1,10.40980598829008
0.5360228123984454,1,9.460752365058022
-0.4961151122834435,1,8.53544706572222
1.7750655288480575,1,12.60765547541947
0.029576375379842368,1,11.264613358976078
1.802447098971561,1,12.790428613820044
0.3557440902501914,1,9.237719481752883
1.4201208064797406,1,12.156427953030118
0.874958471414121,1,10.316454436488733
-1.0213797815811478,1,8.459454603736283
0.24264037766468372,1,8.328035111711923
-0.9398108503628668,0,1.5727795599530503
-0.7483218078847096,0,1.0678223897842702
1.2754770820818861,1,11.253469417418023
0.6361816405289296,1,9.513356435775552
1.1214620120275267,1,11.145488161207473
-1.1938864879747486,0,-1.6728836789773984
1.779062919529712,1,12.866035622697575
-0.523929070355309,0,-0.8718847708671627
-0.05576983238927635,0,0.5049024713832099
0.32279633821713993,1,9.530941160461051
1.3155334635304379,1,9.80029844036926
1.3201307345122988,1,10.887825190834066
1.7827925880011293,1,13.512621558897518
-1.2503522236096711,0,-0.5376831226678704
0.0821753492194337,1,9.124646295231074
0.06847172342767793,1,10.274505285512216
1.290148971692676,1,11.470522680226177
-0.73854502693553,0,-0.5885555914123194
-0.38606853515041184,0,1.2006102458884762
0.7146403753075883,1,9.457632618922931
-0.4119398350512333,0,0.24763735161124056
1.625417540378944,1,12.825508974153824
0.6078450380104021,1,12.533634068766576
1.4588895050202129,1,11.247035027296285
1.7897119922391727,1,13.628501457725177
-0.27829035871603924,1,10.074248418989761
-1.6020213245081414,0,-1.4984622274289436
1.0248544558007073,1,13.557869118843968
-1.0169987512564487,0,-0.21065473726256578
0.7058717489054489,0,0.2577629513714127
-1.0291400528056673,0,0.7364011527621113
0.6169431197812716,1,9.669809861583076
0.5638883093813281,0,0.6407916918972743
0.7545265172315023,1,9.51362554153023
-0.4069990605463487,1,10.282672660908057
-0.1976700287355304,1,8.450751936533056
0.008526563678129762,1,9.772630737249987
-1.2445192529485825,0,-0.8978289031302337
0.7166502732782511,1,11.720548216312421
-0.5900758122265954,0,0.023450069232604967
-0.24315759500113066,1,11.08878590364459
0.6259144293260106,1,9.657574555715062
-0.008094789650427092,1,9.379318452519264
0.016531367673753294,1,9.320909691483353
0.17737955053728438,1,8.372797804543513
0.0035064235583965875,1,10.548454516780621
-0.3834387133958681,1,10.357487431078496
-0.6099248187449815,0,0.5820335418909117
1.1395879084458702,1,10.246290800961546
1.139531933551177,1,10.266447049686207
0.3803117228010193,1,9.476033066516967
1.339788822777615,1,11.694765678572017
0.2362371397864087,1,9.952982468451589
1.6737057285816346,1,12.353969576460791
1.5560024432586634,1,13.432547289478276
0.8182177121097811,1,11.02336981226104
0.08326234457632875,0,-0.4333710805407582
0.6840519221316392,1,9.106727666803346
0.010264305853769695,0,0.16498768047715665
0.3082133668541771,1,9.958784434144642
-1.5875045246562696,0,-1.0150750541092863
1.1252874229892202,1,11.329569087865027
0.9619045278140765,1,10.063523544487188
0.9326415125471983,1,11.804206808934557
-0.5007003026000092,0,-0.3975124199853843
1.4320930840289168,1,10.70558505047791
-1.7953379742180964,0,-1.717975124797632
0.9409140724063842,1,10.338422592328543
-1.2381720118798163,0,-1.1632447293273063
1.178313114800761,1,10.638324762135921
-0.7105846201011081,0,-1.705662214264178
0.7705038089046581,0,1.1326689685504732
0.9497350748859423,1,9.936528946251011
-1.232507262381994,0,2.0737272336777717
-0.788276377438283,1,8.746156205573737
1.679422465651042,1,13.201290194140988
1.7855146134334836,1,11.328856689352136
1.4334935190442497,1,11.425138202668583
1.7448489849747593,1,11.46406069502381
1.16623281036548,1,10.290622132700728
0.18645975865468412,0,0.27782319505123804
0.35340888393261327,1,9.656904921570693
-0.9398603274378101,1,9.805397607785153
-0.4550544188036416,0,0.4907924533973887
0.5355578473297675,0,-0.2552356370612064
0.20276217877917846,1,12.779790487730395
-0.023953317602777524,0,0.9143315123197818
0.4042966672009318,1,8.593287981251368
0.5947318134294579,1,10.90774075641139
-0.34613693315935956,1,9.012381864299263
-0.5951224506048765,1,9.036815544120788
-0.46392370414016737,0,-0.03953763148896324
0.1563782109440348,1,10.081996194237586
0.9180856879057537,1,10.233983143054983
-0.8628468436181627,0,1.0070979527679176
1.9493446343181837,1,14.442037574182944
-0.14060078518379138,1,8.09988853466768
-0.6930444377254656,1,10.238173706403458
-1.1249131663564813,0,-0.7280091493287196
1.0881271438894191,1,10.630211127442042
0.5742084919496699,1,8.818905118988816
1.5633285931585341,1,12.534359623473957
0.5496099248368864,1,11.116614138160164
0.0399403172539885,1,10.46310726331109
0.17798783641546034,1,10.568668980707406
0.5928367097942235,1,8.325368337043656
-0.4110898817350699,1,11.491391151357536
1.3613927103540324,1,9.752355920746325
0.8024459855778066,1,10.913940939644858
-0.007217134187444074,1,10.724950165587128
1.779062919529712,1,12.866035622697575
1.8990403253447812,1,14.130106647452124
1.2353052939667362,1,10.761841180970565
0.9554667085321307,1,11.407900193244974
1.2278619635359744,1,12.741331900768804
0.5806911616377994,1,7.740968480033882
1.2360945611667056,1,11.558404194637532
1.9130618541178963,1,13.700858621576769
1.2787080111218363,1,12.030483563959493
0.45268144297246815,1,9.87918845325967
1.0832580866572847,1,11.356437382065298
-0.17868500076559135,1,10.520752029129728
1.100976207339797,1,10.685031346696277
-1.1016704693843957,0,0.8117599952429726
1.0938925027464026,1,8.145291065114812
0.0024970722816712865,1,9.851838867103295
-1.282575958843036,0,-1.4579872086767698
0.25567826702249485,1,9.812426353227364
1.6910287620535773,1,11.605923024032936
1.538347552918455,1,11.984529046088896
1.3871400074789815,1,9.727636841574522
-1.2568921812051688,0,-0.4801335138877919
-0.32747360082550925,1,11.844717691313456
1.64630754905221,1,11.61342137244694
1.9424029358112014,1,14.40232975547145
1.4132687466663443,1,10.303448881528789
-0.40882623628360726,0,1.7606552031165896
-1.640696989711664,0,-3.578304377419954
1.410189684983882,0,1.6421729168952295
1.0913603337060134,1,10.26598188634135
0.5273488486791971,1,9.070771975232963
-0.4779291605204219,0,0.46418464356470807
1.098535122551152,1,9.714455231549596
0.5941366361333698,1,7.8333698586927465
0.11275704702542466,0,1.5689485378352768
0.016531367673753294,1,9.320909691483353
0.8990670861150458,1,9.817862826470426
0.06907622576643746,0,0.8657987141494408
-0.02787949936479084,1,9.567058691684274
-0.6176816565167478,0,-1.2406471981422786
1.392812514211582,1,11.063873572198654
0.3238015195527173,1,10.953039269203629
1.2396976812115974,1,11.338190938041455
1.130982697005547,1,11.065995176118692
1.19121872536429,1,8.823568404174718
1.8124804575765512,1,13.348104430632528
0.3051534406672527,0,0.73903329458572
-0.3661776743660696,1,10.811023622355417
0.5118349413716312,1,12.00821457273926
-0.1391775508651274,0,0.6419329096122397
0.8291156476226687,1,11.03044107221354
0.6500891374159279,0,-0.5551949672850572
1.2847931302009061,1,11.526823996272105
1.8124984500318604,1,15.315335889545207
-1.715377284488361,0,-1.257347415722092
1.8722900116387136,1,12.510479544494968
0.6028975373352012,1,9.615605137644174
-0.024743838172285315,0,0.2704292971483145
1.010908551303904,1,10.190437491253856
1.561638068877314,1,11.09601930348064
1.9034083178501384,1,13.481734158832413
1.6827656031144782,1,13.111962289068869
-1.2902418248811087,0,0.19268409964005628
0.585629500912356,1,11.971633758270984
0.9578986155364535,1,10.636134726344029
1.5565116957600398,1,13.272022478870907
-0.4275128071716834,0,-1.0958713673157954
-0.18870077886269288,0,0.05935418183099225
1.6381938920485535,1,11.793041584915743
-0.09577319139575291,0,0.3288750385521222
1.9034834511341465,1,12.97269043042483
0.7615793145174612,1,9.917073562432279
0.21082830287418108,1,11.737674057846348
-0.35293783366196596,1,10.493702183251312
0.6596468979488721,1,10.589538954764118
1.7314707605065323,1,11.812740380575685
1.8678740584732614,1,13.177727544321401
0.7209129697251653,1,8.761138804058476
1.1831706777444042,1,8.561749514406674
0.46516299341657863,1,7.201639665096041
-1.8027640515607013,0,-2.4615567330374635
1.4611830356356497,1,9.742261865085284
-0.8845122949561404,0,0.9902292963376504
-1.0064949585207992,0,-0.2739477704271179
-0.5161051496313238,0,-0.22816369827115812
-1.000172214409515,0,-0.10261339208810016
1.351365523622074,1,11.87880274327999
-0.9063717122771751,0,0.24571879699539778
0.9869732311926391,1,8.356781880151505
-0.6541985927299594,0,0.023312208520504224
0.7521220758079252,1,11.559913652837277
1.0497878346994738,1,10.664183389157802
-1.3735487404294004,0,-2.0425768540077733
0.22737765253825026,1,9.979886232957634
0.9858085154284559,1,11.151005452805455
0.16279390657964132,1,8.85806193749677
-1.1016704693843957,0,0.8117599952429726
0.9271043801506895,1,10.467265628335829
0.05973339965303781,0,-1.7375134505056649
1.122087211028087,1,13.086837780122814
1.9222729082428942,1,12.708912117104264
-0.8845122949561404,0,0.9902292963376504
1.211243739298002,1,10.644283114727264
-1.1908242033671854,0,0.8158061960809548
-1.4876170145352,0,-2.0916612021756986
0.6904084729005051,1,11.987685515670773
0.7922821856136064,1,10.16393290172713
-0.3562297905995604,1,10.063305298101238
0.9741770785491783,1,9.019812822170419
1.1221020609754473,1,9.088465607879778
-1.1301882711310562,0,-0.5572111155483098
-0.8167036100138558,0,-0.23762052176606605
0.8958922218643752,1,12.556789802164143
0.6262508095986092,1,9.289514046002727
1.7518609257355768,1,12.322969831728205
1.63822171374881,1,12.69483089971081
1.1566849544293532,1,10.737017600537326
-1.4978008404060916,1,8.81346637109123
-0.4119398350512333,0,0.24763735161124056
0.08744918132871504,0,0.27934326481617905
1.0359073274161226,1,10.516238553407334
1.219955998723079,1,11.782459877753846
-0.2681078006411748,1,9.108470507744086
1.2360945611667056,1,11.558404194637532
1.6529622102258852,1,11.723559061066405
1.5600756045950588,1,11.233337394093436
-1.0360149680163282,1,10.248760851637574
1.7477970156347817,1,13.51106622500349
1.6098132291433669,1,12.817668602144183
1.4947943738653802,1,13.034293239878082
0.9127550248144134,1,10.593526184968523
1.8157143080103495,1,14.534835541414182
1.3717819298247886,1,11.124896957285225
1.1295832345778365,1,11.045243986924024
0.672851194220065,1,10.840327253836886
1.5488509703053062,1,11.78231739994411
1.7454102312999416,1,13.65592658953671
1.9568667336823444,1,15.168415217818499
-0.364291056973312,0,-2.347134042409137
0.2535814028505605,1,9.89388695531015
0.5756170141645227,0,1.5681075739502153
-0.19252382139088864,1,10.73505656527977
1.5911832255681038,1,12.30478807811788
-1.5724923076210247,1,8.065839270402
-0.5332844811880744,0,0.012074797199745108
1.122087211028087,1,13.086837780122814
0.4901879618491267,1,8.415826793515901
1.4510831098369024,1,11.841489701774284
-1.2523708141995273,0,0.4994451491864128
0.26345229423847805,0,0.2904957548589291
0.17136549733629858,0,1.3455324078745128
0.5523709031858095,1,9.9419321031082
-0.6634279104645513,0,1.4475655614567735
0.9312061790650024,1,11.56455167668851
1.6315951751184774,1,13.568388857848348
1.8539969635503533,1,11.35125793406309
-0.3688878623753493,1,9.058956676602621
-0.9274270815523167,0,-0.5866939733515074
1.3526198999545702,1,11.6629983179765
1.0469708258780637,1,9.46157217577979
0.6667426075700522,1,11.414804158462417
0.669404652201584,1,8.121765559206924
-0.045427238381337,1,10.226821446914798
-1.1081999657689856,1,9.585522023951752
1.4898512603346967,1,12.560824231926752
0.28504187974838935,1,8.877105748216168
0.435996444207714,0,1.409474216713671
1.2069123322791673,0,1.6052252291733136
-1.3193894354219324,0,-0.14728727183194312
-1.344273116187189,0,0.42383115765245427
-0.5561044122398928,0,-1.2382606813662316
0.5525596100650771,1,10.233914322909012
1.2978860704181963,1,11.936590756830148
0.7792829194868829,1,10.371690258770897
0.21639712158330449,1,9.795663622790721
0.314341394371799,1,11.58922028871603
-0.7044177896784833,0,1.3987075063719838
1.6274663093593436,1,10.513950208235391
-0.7332625759322959,0,-1.41799475229531
1.4980211801523082,1,11.560863790419209
1.0816296712311728,0,0.5323128074441633
0.8937746494196479,1,11.067776289238058
0.49434275201103883,1,8.970732008830005
1.2179785697272894,1,8.903795543554983
0.12541852627259198,0,-0.14645604699772752
1.6169731656302604,1,13.562392173991073
0.9451195951336859,1,9.956300312466361
1.0416002691499306,1,11.216879672579939
1.4962870932207406,1,10.604619384296907
-0.07543959258073007,1,9.585437310918142
1.505683774417971,1,11.557286822972712
-0.29908725824922433,0,-0.624691492529394
0.3165192161401964,0,0.8580128836750583
1.5638955387628153,1,12.340418736357329
0.019182393218112548,1,8.307136205016116
0.6220398873844504,1,10.248756968280604
0.862023818484515,1,9.358990485725187
1.4464998003359137,1,13.143379802751706
1.7948196729567232,1,12.853836974969227
1.3277661667522085,1,11.204400007390252
0.8612892421165426,1,11.63347317322217
-0.3374888718833793,1,7.771560602389281
0.3018967115035158,0,-1.7576817435465122
-0.09203233848730008,0,0.37620166370273167
0.5262408803700822,1,8.669638471979765
-0.8852227362858969,0,-0.421084270037922
-1.4900453506720703,0,-2.7179505992320796
1.313512582406585,1,10.0243503670668
-1.7448217749856085,0,-2.859442144800463
1.0254242189745373,1,9.716005082985962
0.5168767720331684,1,9.406491215456409
1.6003327320659229,1,11.647011422669403
-0.38843987579980555,0,1.2419437764636023
1.754877207911452,1,11.008583080089355
0.7498592161989124,1,9.54344903694543
0.9333116348674491,1,9.197983878113366
1.9933900455717986,1,14.890573465443284
1.738919661953204,1,11.316844965820774
0.05030486369684661,1,8.829563049995029
-1.5345344084580956,0,-1.658007541744696
0.9688040364845301,1,10.481945100165712
1.9306096459742768,1,14.997562057635754
1.73499769200588,1,13.57313358636378
0.589898856618412,1,11.212946824974187
0.5864845346302214,1,11.11581455394462
1.3999014859226477,1,10.620703011928242
0.9250023573895003,1,9.35942227033188
1.3171471972670221,1,12.56807969451835
-0.7227324799145038,0,-1.4849394030617131
0.38589831017580956,0,1.589534663751333
-0.5015495414941151,0,1.377646944630258
1.3568318121578358,1,9.229236682659117
0.28125003130601556,1,11.51402008419533
0.19036950461494495,0,0.13317603911041032
0.3087989856902458,1,10.868544929522391
0.012881659434537784,1,9.258204440612479
-1.1016704693843957,0,0.8117599952429726
0.7694356898442325,1,9.024471695255334
0.6602239560265244,1,11.112581226332594
1.4494548349869807,1,10.850575453127886
0.6775416946794768,1,9.274332536111842
-0.2656688294695426,1,10.899180038913258
-0.10490682994230838,1,9.25593020798103
1.8640858365208341,1,11.70677451795186
1.3100947758152683,1,10.523398769190734
1.0430372335478002,1,10.75218120877123
0.1491026946721523,1,9.805587909792905
1.882672111175482,1,15.18851311410188
-0.24935468740718614,0,0.821986186121183
-1.3709071672811386,0,0.9397392795924713
0.5255039105735064,0,-0.7725352171350615
1.895201653428598,1,10.223712277206987
-0.9618328672956387,1,9.231949925009738
-0.7383724170079491,1,10.257902513238712
1.8641900205147088,1,12.042192866119535
1.7132742503509015,1,11.59059721609939
1.0494448548286912,1,11.232525930990109
0.9945809365048,1,11.978586954578443
0.633807338633702,1,9.971936951852294
-1.2956428482245843,0,0.8110738594898377
0.8045645255343077,1,9.946421390496582
0.8157466681380616,1,10.65339007285578
-1.3587638419377246,0,-0.109774363985222
-0.43567385339295717,1,8.720130528077995
0.7023470942697552,1,10.520254982321935
1.6899975247091827,1,11.532142951326229
-1.412413724488883,1,7.5608778370153855
0.07359850653226063,0,-0.38005897085037926
1.4229490356231453,1,13.349885343908001
0.499181594874901,1,8.721869337755042
-0.12522736082011887,1,8.534648573893831
1.7076302485834565,1,11.96457515973712
1.808249786556011,1,13.45110402335121
0.3018967115035158,0,-1.7576817435465122
1.2223233057649345,1,10.714683342213092
-1.2156091490464283,0,-1.7223345052516197
0.42692689886974566,0,-0.2567575344469374
0.8131202161690019,1,11.125446579480334
1.29193522016707,1,12.881804409200061
0.3549260885252794,1,11.466985303105165
1.7331056495162667,1,11.89402626569051
0.9852552502763072,1,9.759900326783645
1.2203612739826508,1,11.45422533621909
1.453726311157538,1,10.837504977175843
1.9009781411358344,1,14.223281597627466
1.5732179751524908,1,12.252410825235303
0.11482927953621047,1,10.196611061375734
-0.806910183063509,0,0.2988140459006952
-1.4977991409493865,0,-0.480224127685285
-1.2635947065561721,0,1.3282294312061316
-0.24935468740718614,0,0.821986186121183
-0.7933510334754046,0,-0.7736528575223907
0.7691062580714099,1,11.00560302219802
-1.9418213373284723,0,-3.89049802112345
0.05973339965303781,0,-1.7375134505056649
1.8987623841942058,1,12.945750982794022
1.464382534446766,1,11.615102547527417
0.5617890959730114,1,8.008862946174492
1.438581381410426,1,8.731258123995785
-0.2787342878304364,1,10.31346393023429
1.8464457690177873,1,12.634882555022683
0.363465069580458,1,10.642404769833668
-0.06562780758268394,1,9.469973171182389
-1.254246951422982,0,-0.17078871289099606
1.288412642400902,1,10.180960791881901
1.2784994781905796,1,12.545111602855295
-1.8440827173554784,0,-2.1532056478294486
0.6971742948000985,1,12.103064181759752
0.5327146995830891,1,8.479973678468193
-0.38989457803943184,0,0.14778278488150423
1.94758378155319,1,15.237501893978697
0.3422549151732075,1,8.45557959674832
-0.9598078389902645,0,2.6610988663242736
1.7145222484615763,1,14.826157265037416
-0.24315759500113066,1,11.08878590364459
-0.4548491794178191,1,9.883046626347506
1.074325323652808,1,9.592865064448368
0.9451195951336859,1,9.956300312466361
1.019309833449325,1,10.993522785908391
0.9436816254957954,1,11.702134785730204
0.6366221784005375,1,8.784528994872334
1.599638173418687,1,10.346804376633903
0.646737153599426,1,10.522152342489674
0.5991521870571983,1,10.156034632981644
0.7701297261484319,1,10.012062184350768
1.6842779451983256,1,13.709396288967904
0.8034627889755197,1,11.135363025285578
0.5806003332036136,1,10.125357995523519
-0.8661554029436833,1,9.645785581320917
-0.2616161565651529,0,0.7610589167080354
0.4067464344818603,0,1.1431351686770717
1.6874969400924673,1,11.616878489289205
0.6297773087098593,0,-0.7676133586257089
1.1072854689611242,1,10.246963554492343
-0.27506452083376853,0,1.0790350732808915
0.05784531095957668,1,10.730414577648585
0.5149360602399717,1,8.697136592337564
1.1109116402711723,1,9.938678742702761
-0.4290595431030897,0,0.5769951404482699
0.9869732311926391,1,8.356781880151505
-0.8147675181760397,0,-0.9739069156682858
0.5838061244481803,1,9.689672505916775
1.216811629191124,1,11.248302888420907
1.6130944889556567,1,10.929494454486134
1.8796481844290818,1,13.050737979884003
1.246508057779414,1,10.129025359675236
0.9672259009846882,0,1.0106135375359977
0.7443646157739474,1,11.2468057868796
0.5351331389891505,1,10.164807082445167
-1.7035783097005317,0,-2.570470545800128
-1.8966441111199552,0,-3.0821228006237145
1.9200218527872677,1,13.58177465846227
-1.3541686637430397,0,-2.2831081974416447
1.431431134069956,1,14.095735885953914
1.7477970156347817,1,13.51106622500349
1.8251675260534452,1,15.168863163749986
1.5498757608515294,1,12.367227150950932
1.9896917562142167,1,14.60953979920301
-0.4674458870020102,1,8.682827880958918
-0.9499588380673374,1,10.130417666893852
-0.5592374343549484,0,0.8480049238704266
0.2634071496426875,1,9.783131862857886
1.1810692474395608,1,11.803834039894815
0.16704385707025304,1,10.418412937918193
0.40979776786635114,1,10.705984096829223
0.45816407288526184,0,0.03166245506889425
1.1295832345778365,1,11.045243986924024
-1.8275995642067038,1,8.466727932177244
1.9699340086335009,1,12.815001869506357
1.5244205934262633,1,12.651547174570405
0.5512887170376408,1,10.291480663174307
-0.5113319046499467,0,0.13089383471569346
-0.7531117288178071,1,8.507128572741916
1.94343376164375,1,13.505348338256242
-0.8902930607960835,1,10.576393097422395
-0.6069781319067986,1,9.947333756287682
0.3060659020570142,1,8.416941621994768
0.7735101540754097,1,10.382211276741396
1.2444950797338836,1,10.152695319432242
-0.4275843697623958,0,1.1749520830015001
0.7329921131585833,1,11.482195274677062
1.5789902833252043,1,12.316702389595168
-0.9643829008274416,1,10.249711642087032
-0.8310041730424484,1,10.001069675741006
1.5816508447768758,1,12.277304827921654
-0.2062179120867209,0,-0.2791242830134431
0.3431023250938532,1,11.292515571466055
0.28819457347720334,1,11.483265848133755
-1.3172902587910653,0,0.22784104441667763
-0.1999030418887897,1,8.827631358895031
0.582137425642089,1,10.446427961277632
1.9578045238602257,1,13.592159928405573
1.7415779586711948,1,12.291818682369579
-0.7531556956423562,1,10.853420019663035
1.2046860131812993,1,10.649018381293516
1.0735997157951194,1,10.754993927288966
1.1087436377584385,1,10.321274912344245
1.7175039565103432,1,12.289270084006844
0.9436816254957954,1,11.702134785730204
-0.9125570930963369,1,7.423487984461795
1.6821435404102187,1,10.969403702430023
-1.0188827801025306,0,-0.8456506374306398
0.3971100712943674,0,1.1798006861038546
-1.4955387104983577,0,-1.122640049839249
0.8046794463610389,1,12.953767583145208
1.2582988809255284,1,11.270187025713051
-0.9033573337607765,0,1.7431879544094104
0.08639805196448647,1,11.013668869551474
-0.806910183063509,0,0.2988140459006952
0.21741621004560274,1,9.686893696538096
-0.8017372881845044,0,-0.3370151685817803
-0.05599802480958793,0,0.04766550986253506
1.517320862713896,1,11.300757322330682
1.7618343374116572,1,11.926983180049168
1.8834167914708009,1,13.649211731125462
1.32498322035977,1,9.708634791831294
0.9662644338673183,1,10.563531350479831
1.2396976812115974,1,11.338190938041455
1.1272954533797424,1,10.038534236671962
1.8056928833822639,1,14.195134911982734
1.4184698526073416,1,11.013514441756534
0.13611092153887094,1,12.112499826718338
0.8563480907400698,0,0.8707322944568938
-1.8385966925612012,0,-2.1942388536740944
-0.25186509820091674,0,-0.4119960864862783
0.8908278307929138,1,11.804235642344235
0.7101832207351033,1,9.800548678918412
0.00510257850291751,1,10.310637565365946
0.1563782109440348,1,10.081996194237586
1.3553573470610814,1,12.222071822854637
-1.8780138085889821,0,-2.8148471164418702
0.5348463990621162,1,11.781293417413686
-0.5161051496313238,0,-0.22816369827115812
-0.7750430190863984,0,-0.6809307663901288
-1.0806958328298557,0,0.5254098414540737
-0.7309791342012,0,-2.5985208130516515
0.9562679037574902,1,8.993158606470136
1.0886081104633525,1,10.114111413132727
1.9613292151745934,1,13.984319578655075
1.1229309201146789,1,10.608910640134626
-1.7668111845505718,0,-2.599810609799989
-0.30665942338721,0,0.4860606399421928
1.1214620120275267,1,11.145488161207473
0.5711802820252365,1,10.48730614119042
-0.7349194010827729,1,10.9974798183195
1.2764293047107511,1,10.815697213993712
0.4566754012755707,1,9.344556578018661
1.1531008326833185,1,9.225358455803992
-0.7779027573679058,1,10.004109343097394
-0.6099248187449815,0,0.5820335418909117
1.9386179103633583,1,13.318375788105731
0.0922616990764773,1,9.52354401683366
-0.45277103179248,1,7.991226123334145
1.5782089075763657,1,12.399003654124204
-1.6105324248351156,1,7.580877855024648
0.2910811067477832,1,10.921427775770763
-0.12226055138382463,1,10.10479876603103
-0.9741477559329361,0,1.2782363187565122
0.4112301290670377,0,-0.1363143486675406
-0.674611971587797,0,-1.5737216697704768
1.2235646767874169,1,10.901089481247821
0.7201842254970794,1,10.335217898005256
-0.45579625739265683,0,1.9524827072794935
1.430249350645135,1,11.64503389543527
0.11275704702542466,0,1.5689485378352768
1.2915522731740081,1,10.078518185181043
-0.8992391529060972,0,0.13087070454220134
0.8733247014880159,1,11.798225786581753
-0.394022736554847,0,-0.07697026537456698
-0.07446915300628998,0,0.1884650825674181
0.30143669251639427,1,10.908676856150866
-1.3193894354219324,0,-0.14728727183194312
1.7328203510372249,1,13.46670218255849
0.7740393481852816,1,8.652537341413629
1.6892311019343391,1,12.039021200121677
-0.3407219906493393,0,1.7128168068115561
-1.5324849576362438,0,-1.2516382932855459
0.8045645255343077,1,9.946421390496582
0.5497815148716083,1,11.011819088596848
1.5970012279262589,1,14.058319289209912
-0.004447386194575742,1,9.708021396431532
0.8362420778036657,1,9.239406275932138
0.9377757283023658,1,9.68722556618432
1.2428826917806992,1,10.081378902466342
1.9043133298900754,1,14.058307887026729
0.9829351309249286,1,11.564943995082231
1.5782089075763657,1,12.399003654124204
1.7448489849747593,1,11.46406069502381
0.5360228123984454,1,9.460752365058022
1.961140682339765,1,12.12338754520953
-1.6278785010364172,0,-0.99847764031407
0.23268473556176295,0,-0.6864043701334063
0.352809067793562,0,0.265241967388872
-0.06773501922678937,0,0.31032899428209565
0.36301488541225924,0,-0.09820426436318933
-1.5968879944902934,0,0.09513663124593341
1.7582743561006628,1,13.75435876855577
-1.9894713776816473,0,-4.861345226911131
0.9324520896611239,1,9.997947187209322
1.2905917087755574,1,10.827057823925927
1.0498347429627621,1,11.132045236039525
0.4853224966228291,1,11.371172934212973
1.9578045238602257,1,13.592159928405573
-0.7830310281618491,0,-1.2951644141765428
-0.35521004446981674,0,1.502945916378907
-0.24913270026583456,1,9.749376627280775
1.1867255887654893,1,12.47882955047909
-0.2893236567033237,1,8.692582231734466
1.8459987169485892,1,12.339838044657885
1.5763981444246369,1,13.595549726410566
1.3798015090904165,1,9.128489541230437
0.898231636635273,1,11.668789703263
-0.6077921780907181,0,-0.7235535355525148
-0.7160118174364087,0,1.2047565892310097
1.8305265850903516,1,13.868314758000109
1.0544611958466268,1,10.40165271847014
-1.0725615444686065,0,0.5907365453994341
-1.111568758117079,0,0.27261205641298225
1.3844968421209263,1,12.120767428602477
0.21639712158330449,1,9.795663622790721
0.039416038201830705,1,9.646606077541769
-0.3558112257757675,0,-1.0234815791997722
1.7788295266899268,1,13.026191506119941
-0.4420724203903186,0,1.5290626653683852
1.9524963038185414,1,14.80865353314836
0.49181617673352696,1,8.720787785962463
1.52358064217901,1,12.89660802654462
0.6269179388864319,1,9.991270667319355
1.9726549557339137,1,13.892366645048275
0.8909510089552186,1,12.160007329349948
0.8281246772915374,1,8.314086226676926
0.4240553277443251,1,11.130494478264922
-0.45760962994666654,0,1.0127325858637326
-0.0066678868230511945,1,10.095118373672731
0.8249846502210487,1,9.994578711406682
1.8792841803141789,1,12.069047568705908
-1.203670748688169,0,-0.12904698471533527
0.7572416484107611,1,12.576837237150471
1.339788822777615,1,11.694765678572017
1.1376218928511892,1,11.83531334405046
0.9086512389605539,1,8.403959599222805
1.9255333369651204,1,13.43843236442949
1.0471927655107889,1,10.336318769907036
-0.7383724170079491,1,10.257902513238712
-1.3565588260596084,0,-0.9843781664654423
-0.7058783500580339,0,0.6815920577296912
1.4229490356231453,1,13.349885343908001
-1.335082551793365,0,-0.9063733568923806
0.778785883417707,0,1.7832027848600187
1.2440614997282773,1,9.982784677933044
-0.6300991232547832,1,9.020226085739848
-0.6511736977369917,0,-0.8985205620419536
1.0710584708573507,1,10.35828571516157
1.422785872425143,1,10.818768316415833
-0.3312263257416941,1,7.943498532814589
-0.8042953996066671,0,-1.4484371144931019
1.2779827415442093,1,12.482938371108965
1.9424029358112014,1,14.40232975547145
0.7329921131585833,1,11.482195274677062
1.1703792528365389,1,10.41558155671906
-0.9107706939225242,0,-1.4943296575646328
1.6003327320659229,1,11.647011422669403
0.48093939584448187,1,11.464929293367954
-0.10092397582539503,0,0.41278140452536066
-1.7933705715414359,0,-3.0984215415594774
-0.37921142969868127,1,9.239571214159648
1.5615372834210643,1,12.14613948865046
-0.41578209025813306,0,1.2428170151253959
0.4860292445523364,1,10.264252573357384
0.5806911616377994,1,7.740968480033882
-1.2383460159003592,0,-1.0395858651356644
0.8147991185162038,1,9.360035213321655
0.38507951392821216,1,9.62418118563909
0.6840519221316392,1,9.106727666803346
0.08383190908816873,1,9.912725866199542
-0.4881265774348633,0,1.3529349482930189
1.2166622599355366,1,11.674982626898064
1.563422139932587,1,10.61201161154471
-1.425249499263149,1,8.346825547272251
0.010548372420768448,1,11.182442217941947
1.6807879442970957,1,9.376800187707413
-0.8668138880091911,0,3.2108842758346836
-0.3554226540800518,1,9.758840110142486
1.5226023098583115,1,14.053337390055232
0.5900791822806526,1,10.087052891195894
-0.12390024112846598,1,10.73583936143173
0.7805782161903752,1,11.336127149081136
0.3739856632874057,1,9.988628774078034
-0.599053542691693,0,-0.29721651285061457
0.25629611533407104,1,12.544703310044985
1.0986141247247274,1,10.782360130781413
0.11933555584828115,1,11.551222292381095
0.9000243051964749,1,10.730435871251721
1.8641900205147088,1,12.042192866119535
-0.788276377438283,1,8.746156205573737
-0.8167036100138558,0,-0.23762052176606605
1.1526391525428257,1,10.863863552829736
-0.20546963352906333,1,10.365709612088772
1.2775929238659711,1,10.12500019134875
1.2548933748889097,1,12.274948224587785
1.5801354354137476,1,9.988431786596614
-0.01803473517520615,0,0.4476984149512091
0.9138837822343682,1,8.395470430259937
-0.6991552148951548,1,10.071284379990315
1.7667679466321222,1,11.564518938015954
-0.21645352056076872,0,0.4896021116962897
1.4826761365020706,1,11.39540370765682
-0.6156010938488579,1,10.963802782827123
0.5035655057480364,1,9.999073289881707
1.0202728165265005,1,9.64262699561425
0.5291286145505594,1,10.464092901157937
0.17812517161803232,1,9.896182505955766
1.2428826917806992,1,10.081378902466342
-1.4764754457856961,0,-2.5759570635826186
0.13392083497913143,1,10.950759675811033
-1.0672497823135347,0,0.4376816795813303
1.5826991104751147,1,11.865544833802808
-0.7689163788274036,0,1.0126152607367194
0.07084657353884571,1,10.103446302251065
0.042989210310262926,0,2.0864795056101997
1.5759588400314817,1,13.092472205634621
1.2225952214533677,1,10.630498596248469
0.0821753492194337,1,9.124646295231074
0.603886980874178,0,1.296800074021767
1.4551584918600131,1,11.103717715111117
1.3918867732503615,1,11.026860295341667
1.5113203126081634,1,12.471465109111989
1.209607137805297,1,10.028447969952634
0.5712263643446946,1,10.015605977518273
-0.25549388345873325,1,8.419171522834844
-0.7309791342012,0,-2.5985208130516515
-0.5674411338834222,0,0.7250019571384362
0.7886650171614016,1,11.217933170998048
-0.780387502459746,0,0.5982643406814496
0.2848516710060687,1,10.202159202703125
-1.742037278176615,0,-1.415798858596035
1.582092913984802,1,13.866912797488375
1.729067535683889,1,11.703164632568337
0.039416038201830705,1,9.646606077541769
0.7809186229909426,1,10.15746865469714
0.07754343801574937,0,-0.9350232313691536
-1.1837424458135977,0,0.5796162498644587
1.8620716729390656,1,13.403586129720404
-1.0169987512564487,0,-0.21065473726256578
0.8332961963118812,1,10.10660062242115
1.4831886893524526,1,10.681244609258858
0.35077787812524885,1,9.740012724963181
-0.8852227362858969,0,-0.421084270037922
1.294494442995894,0,-0.26969472509538495
1.0605953994450559,1,10.336718575904099
1.1946231214265461,1,10.154482413042047
1.9424029358112014,1,14.40232975547145
0.8249689086259848,1,10.198693571801154
-1.4980548128033973,1,9.063586421007285
0.5512887170376408,1,10.291480663174307
-1.01215533203243,0,-0.5082122012555177
0.2827586463073919,1,8.871131141757342
-0.8271569132077419,0,1.2358093572065458
0.39784455863486645,1,9.155579321928307
-0.23694901224708742,0,-0.16311474119943853
1.2235646767874169,1,10.901089481247821
0.9402841752155431,1,9.946548051593421
1.866363080893267,1,14.25053449519489
0.3189484597590879,1,11.195907507242186
1.1792381949997175,1,11.371286222972639
0.9667365159672925,1,10.237988483659965
0.5035655057480364,1,9.999073289881707
1.2240660184122762,1,12.829020319000948
0.7491320176525109,0,1.8527268252592781
-0.1508177559975712,1,11.059893282953155
0.5149360602399717,1,8.697136592337564
0.3549260885252794,1,11.466985303105165
-1.9351984106421312,0,-2.2997284687342625
1.4409912439098584,1,12.984310005381298
1.4346882197179847,1,13.14310187697574
1.9456560739315556,1,15.420419807746496
0.4172519289612793,1,10.422157322107996
-1.272729388650645,0,0.8409388112251819
-0.36520175091626417,1,10.017877535069264
0.4707783447543634,1,8.027904418666779
1.020549022694476,1,9.551432688869356
1.0881271438894191,1,10.630211127442042
1.7991996531676961,1,12.81711274722656
0.06618604155704899,1,9.889771630546853
0.7783817090131415,1,11.325404676945224
1.4005309387401472,1,11.93063001824743
1.2777114146814603,1,10.636187272089762
0.9808589707633382,0,1.3111568739237418
1.2712882942647625,1,9.963197343387417
1.8777575027035134,1,12.854090561101811
1.2313258073064892,1,12.06876068029671
-0.982074673526959,0,0.3972976471213937
0.2221982795424795,1,8.249086483274615
0.9159242466232658,1,9.64844676026867
-1.8632976438356503,0,-2.695440052616845
0.6667426075700522,1,11.414804158462417
0.6965211821442518,1,9.87046002909633
0.3334750603886385,0,-1.0641273982255515
1.9951717432626181,1,13.040588272979267
-1.4761050280233037,0,0.052806488980484456
-0.2792963662227472,0,1.0008138474442168
0.14649311894197536,1,11.734600511777135
1.2899222545374438,1,12.321492608175609
-1.7458571103043257,0,-4.139276121687737
-0.24411431717745558,1,10.478790173624684
-0.6505636865708815,0,-1.1986410399001972
-0.9503664940427923,0,-0.3779627405901389
1.680455253290515,1,12.701716132472287
1.6444820055678302,1,13.081988363115292
1.6383815644437774,1,13.254021562860464
-0.4431655255062448,0,0.2266637201791437
1.2039228016134595,0,1.050373600270171
1.9568667336823444,1,15.168415217818499
-0.13326737667654331,1,9.970281411614112
1.8528901577624453,1,12.68840224506805
-0.5581019794337845,0,-0.76759319100077
-1.2190375881740318,0,-0.5644686165306024
1.6215279056770546,1,13.13657527031554
1.961140682339765,1,12.12338754520953
1.0139024217859225,1,10.465685306856793
-1.9945854971381274,0,-3.729202021331331
-0.9040476021201127,0,-1.1253852677247338
0.8086573145932499,1,8.935963037799356
-0.3281259679444517,0,0.7975184967767548
0.6548179157050242,1,11.371236720519196
0.9705439587267621,0,-0.5288315769197636
1.5070625470469978,1,11.290016253066087
0.7705038089046581,0,1.1326689685504732
1.9494738892488002,1,12.929863940155725
0.018549151909739603,1,10.641595460710441
-1.3565588260596084,0,-0.9843781664654423
-0.8265863142359606,0,0.4218167499204221
0.30742952453080097,1,10.008869578021425
0.16549768362975303,1,9.772246069873102
0.7467144468965179,1,9.396577826194102
1.2507721735031296,1,9.492387707780681
-0.8078299088345764,0,-0.5319289755921062
0.11124843318248301,1,10.987255241782373
1.1792452141665937,1,10.453700547042736
0.6003698045597257,1,9.997008710293446
0.16508044376671238,0,0.05957909716198686
1.9300850890241548,1,13.543678449270487
1.404602941703927,1,10.381654039979937
-0.9811179981698044,0,-0.7979342799940989
0.19573009799735042,1,8.808006639494494
0.044516556948919206,1,9.541067329512668
0.9259454388124633,1,9.402749864581718
-0.937257740534946,0,-0.44410779424913943
1.368133177505685,1,10.6858260531565
-0.02872166186870162,0,0.12762074974711637
0.6196284925914362,1,11.384292545823074
0.669404652201584,1,8.121765559206924
-1.2092387875420498,0,-0.31446550253844885
0.8488808207086347,1,11.08302759152465
-0.7961347214735133,0,1.1797299963635892
-0.5656861539005074,1,8.775554364974978
-1.9445514563485595,0,-3.1781235341894596
-0.5341538605144085,0,-0.4965969068958413
1.5871536396240473,1,11.881608928347521
-0.521048756509245,1,8.984726618534765
-0.45960908559229896,1,8.083144659682016
0.5108322122856714,1,12.135430150707439
1.637818443748968,1,12.713428864158901
-0.5467020977239598,0,0.5651865240744474
-1.024018790590111,0,-0.3464185985018977
1.59699567315681,1,13.410118305560308
1.6323347482394177,1,14.336771803815935
0.8223006900627539,1,9.915079886465216
0.6540943756538091,0,1.2202603379584556
1.2989729493880304,1,10.757019030512142
1.9420965330208722,1,13.698112391061006
0.5355578473297675,0,-0.2552356370612064
-0.23758754376330105,1,11.291565914968658
-1.2076094689610395,0,-0.4083013228535544
1.4909210019384074,1,12.266011373096031
1.2266602121072658,1,11.22682457976312
0.025064237980811033,1,10.261607829498047
1.879275458535139,1,11.824550149436062
-0.19112823644077137,1,9.206976381838075
1.1817998431589167,1,9.732884163441069
-0.4086534979913723,0,-0.11516096370518586
-1.4396639390539039,0,0.07930777589389115
0.874958471414121,1,10.316454436488733
1.2120082878313485,1,10.316231594540673
1.1116376269941473,1,11.61912949688221
0.8095948843223946,1,10.812589021089249
0.9497257657084885,1,11.904352871877565
0.16279390657964132,1,8.85806193749677
0.8488808207086347,1,11.08302759152465
0.5255039105735064,0,-0.7725352171350615
1.6304440102262197,1,12.776338881069908
0.47835181959131834,1,10.44900266056971
0.7924676963340942,1,9.206567771201447
1.8162041090348895,1,13.978050426106783
1.249654630495602,1,12.133347520490002
1.2618457138193366,1,12.877009929453452
-0.5131037343906271,1,10.390699815385268
0.49402124498934885,0,-1.1492560585518392
0.9397033895795768,1,11.226523856148344
1.0252403879211762,1,11.28248134760204
0.5950615446375438,1,10.213488565678603
0.585834966551722,1,11.6377928185024
0.7824725859872275,1,8.183993379340471
1.3398271002084674,1,11.0720397411446
1.937287915256165,1,12.99497854426272
-0.33634538280996207,0,0.7991210089762388
0.5963224080755376,1,10.115421992382094
1.107193748834523,1,12.61273419809463
1.9580213335372898,1,13.007187878136696
1.6488329471261025,1,11.626658433769913
0.9526030193667587,1,11.111705535666228
1.9976549030826662,1,14.847361751587448
0.9935009977127303,1,10.557867973884873
-0.6294194139099138,1,10.310691336984277
0.6165309481114947,1,9.187349343061019
0.6829292476233362,1,10.818555477603454
-0.7072237387026554,1,10.37322228613208
-0.481050380713405,0,0.028914415729716085
-0.4310238196010707,0,-0.05031519691286276
0.6703735422543389,1,11.303186433593975
0.5444225385744743,1,11.3364365793296
-1.751187095341189,0,-3.521077820301563
1.6528238472566894,1,12.369016642040561
-1.699448873056765,0,-0.7389198282353733
1.8612108945215993,1,14.124252640779645
1.4682407295157893,1,13.073842774046955
0.10637977035915736,1,8.576925619173892
-0.4783978041183614,1,8.672013000167983
0.5268896733063362,0,0.8269103510942505
0.09804555828101869,0,1.4350046293787682
-0.8758009993324434,1,9.754806588513093
1.4457827440852968,1,11.69740955728303
0.9743756647062392,1,10.070362728916622
1.032161684044866,1,11.32414493617039
1.7448489849747593,1,11.46406069502381
0.6317996448183694,1,9.931680339742298
1.2906298739217092,1,10.113762492346144
0.45268144297246815,1,9.87918845325967
-0.27506452083376853,0,1.0790350732808915
1.7911187918769191,1,13.330893850669767
-1.545769631201484,0,-2.1024775931230177
1.5740398855732716,1,13.90857663315326
0.17920434110439354,1,10.299694980888596
0.2884918548888251,0,0.8045530892039422
-1.2286415642310176,0,0.3216895150840452
1.2850006182388172,1,10.85865406528489
0.9103172885397761,1,11.098581666618086
1.7338204209994088,1,13.188246535064323
-0.7625257516799486,1,10.57940824730774
0.7102574473691297,1,11.202576606040164
-1.661404985661484,0,-4.132196153411341
-0.25895088137378464,1,10.669933197502974
-0.6949843278354129,1,10.742237333338448
0.06679354090507106,0,1.7891717364961424
-1.1029227621577609,0,-1.1142683586397542
0.4611921002792081,1,10.483797883909618
0.6660879067721397,1,8.330006045631528
1.5455214478405668,1,11.792265315967953
-1.006043440742137,1,11.05282047995134
0.5416574274476393,1,10.485890574990126
1.7734291948395264,1,11.997218514958634
1.7679657875354868,1,12.953475640041496
0.8563477285297112,1,10.888845932489303
0.9172392019088247,1,9.946234576031411
1.1358100723913638,1,9.483127075714082
-0.6992667118930118,0,0.23796574325694472
1.7150536848219695,1,12.59551600812974
1.457465065823893,1,11.932105264390115
1.2335893924658445,1,10.31390551511614
1.7732404474965988,1,14.08338846354489
0.46489700642781173,1,9.86607603774631
0.659939613903981,1,10.615981761681299
0.15032455220605723,1,10.766430498364981
1.517320862713896,1,11.300757322330682
0.09804555828101869,0,1.4350046293787682
0.6525913175992901,1,9.70491613570768
1.9420965330208722,1,13.698112391061006
-0.045580296488060945,1,10.2746721469816
-0.8996044737635023,1,9.635823582565658
-1.4279955093370944,0,-1.7410357375158916
-1.0275018783093253,0,-0.5909499666891804
0.44312028430307304,0,0.40212477843388
1.425140512187049,1,10.461476209771286
-0.6268980437422069,0,0.2907192959018554
-0.6031617015493564,0,0.7232795871037039
-0.03249616215670503,1,8.60799750592491
0.881333476663972,1,11.509481180978913
-1.5771017582754605,0,0.021511495510547762
0.6565029571334016,1,9.420650404927194
-0.1572601060714649,1,9.357396844389239
-0.8162718822535355,0,-1.3975670477111968
1.6065249179454404,1,14.725400337266077
1.8720886881829548,1,13.104393261849324
1.1730454017530176,1,11.661631609473229
1.505683774417971,1,11.557286822972712
-0.6670330377970894,1,11.428393006042326
0.54062795545574,0,-0.22230877485544873
0.06520139320478124,0,0.5006296864304242
1.006719068125693,1,9.88414026491801
-0.45760962994666654,0,1.0127325858637326
0.9757851702907079,0,0.23384692344049055
0.8810716957895823,1,10.85290086707832
1.8552706447527219,1,13.578571747671909
0.44090059791056513,1,8.297248533794845
0.3189484597590879,1,11.195907507242186
0.9159242466232658,1,9.64844676026867
1.53737371188515,1,11.491413811562289
0.20526956265125662,1,8.224225277129296
-1.4464096561275017,0,-3.1070169990001384
1.9202077719059392,1,13.972604305690478
1.5633285931585341,1,12.534359623473957
0.7182073462907357,1,10.817492693687935
1.814530431318758,1,12.799296566524479
0.5931901091952061,1,11.005880752495516
-0.8571697293564386,1,9.973188955443732
0.6762140612677916,1,11.227248208182633
0.8835728762083908,0,0.7291806823110449
0.8976893610772603,1,10.719037066435163
1.3439204820488233,1,11.512130457404483
1.365759039824979,1,10.995481944867638
0.6146259056224816,1,10.133901805768758
0.05638177020503887,1,10.250861625847586
0.8860471193736945,1,10.297673415298485
1.3871400074789815,1,9.727636841574522
0.010548372420768448,1,11.182442217941947
0.05632278247709266,1,10.044115496548947
1.9091352927077172,1,12.444799010442837
-1.0101480750674146,0,0.5917023504387846
1.3116998181812498,1,9.937420694684622
0.6768010517523138,1,8.371248954875462
1.1231419334619055,1,10.881700198529266
1.1367487169283184,1,12.60433346012297
0.44732408041288574,1,9.419068089463806
0.7624612495465453,1,9.244403224788847
-0.19482354788298029,0,1.151330070227918
1.6830258042189348,1,11.180746701480448
-0.9376496067705604,0,1.5546862153726242
1.9161273631666695,1,13.743762690542669
0.966565807344169,1,10.915770783311523
-0.8484819866606217,0,-0.7127003453204683
-0.736907395002016,0,-1.2456157191033548
1.0481308841562043,1,10.238396258723968
1.290139177536787,1,11.28922228743592
1.3001976407202482,1,10.209262345026685
0.9900825469860193,1,11.725132067518278
1.1468920589341631,1,11.888084289410532
1.719687052582659,1,11.720945811880966
1.2444182652212725,1,10.761180392758463
-1.656822860402042,0,-0.9876506525853352
-1.3882272540982954,0,-2.2549575992030064
0.5033647799295031,0,-1.115682904909211
1.9896917562142167,1,14.60953979920301
1.9222729082428942,1,12.708912117104264
1.3484785113226088,1,11.726231437208321
-1.0087502283723726,0,-2.4053268145232316
-0.1391775508651274,0,0.6419329096122397
1.787024978768963,1,13.973156731367055
1.0772195745653592,1,9.879527038453386
0.7860287339075565,1,10.805752391449408
1.7963184127312672,1,12.364139017104431
-0.523929070355309,0,-0.8718847708671627
0.6418788854577246,1,10.50467495473311
0.1877155039419076,0,0.3656748513615309
0.9500049924389935,1,10.73489168331571
0.16508044376671238,0,0.05957909716198686
1.044486148172632,1,10.535059508711996
0.0851841906165558,1,9.819540963116557
1.8021312838176358,1,12.49501217172324
-0.9623062662748301,0,-0.9059819886058242
-0.2800591435157611,0,0.4859071966145774
-0.6668005605178999,1,11.183244397813123
-0.532168672732019,0,-1.2649066165169456
0.19811552929494214,1,9.448174449233067
-0.5407276147685725,1,11.225745339211237
-0.22969061626873843,1,11.237558584428859
1.3643846824644057,1,11.534966174116876
-1.2987882305693614,0,0.3590216448408916
0.2413946974012937,1,9.24052311066015
-0.705559123401835,1,10.073072986872925
1.4429223330253738,1,8.72762284094676
1.467081418024001,1,11.21411353931582
1.6353059908674492,1,12.76846870413749
0.9679109180559435,1,10.230699811230934
-1.1423740680273418,1,8.753777482437
1.4059567265861865,0,-0.07568142011115553
1.6974173847752017,1,12.997815220975772
1.5094922877118218,1,13.258516922673394
-0.2985740149200655,0,-0.6887235101152199
1.304258738193142,1,12.237820195188261
0.6476063058877144,1,9.867606529276816
0.4246985378035202,1,9.982865513883903
-0.9376686681655757,0,-1.7481875154672282
1.29193522016707,1,12.881804409200061
0.13421773421431782,1,9.168278710592368
0.49402124498934885,0,-1.1492560585518392
1.8271992619371447,1,11.015556695602289
0.2613210182864396,1,10.208946038658317
1.8836188457994778,1,13.022602091296358
1.869312445413879,1,13.368927009879293
1.1757405338074052,1,11.277794570771917
-1.8121423103693308,0,-1.948994423899831
-0.5861072317571177,0,-0.6160006816689344
0.31725786664775146,1,10.084434484339901
1.4858423607508708,1,12.37057833093294
1.8391640816194008,1,14.01283055188119
-0.7335902606903484,0,-1.8156951994899009
-0.9240263822596093,0,-0.22794912667234088
1.6593397999875124,1,11.308053880658557
1.0380805948677763,0,2.3194511651438074
-1.2980334904745705,0,-2.6006243043537465
0.7805782161903752,1,11.336127149081136
0.8909510089552186,1,12.160007329349948
0.6656292187796757,1,11.827519116765556
1.7562739178011664,1,12.904144996582534
-1.2661684609645398,0,-0.5990986683536633
1.5085102475940069,1,11.056380812491529
0.45316673954951625,1,11.731446361746219
1.8162041090348895,1,13.978050426106783
-0.4800836841384215,0,-0.23057441269060835
1.5681862207084531,1,10.736047514255166
0.5638883093813281,0,0.6407916918972743
0.8406930663606427,1,9.686572480156848
0.7421544822504931,1,10.621998544943162
1.6665724107756645,1,12.491078532507702
-1.9097256671904916,0,-3.47285162964531
0.38018537969504473,1,9.874832381802664
0.37384553081889527,1,10.806667898924234
-0.5444023740186701,0,-0.25826446820590443
0.207314934136674,1,10.323688353673878
0.6882380106469417,1,9.551605455320217
-1.3852358286231818,0,-1.1409873091652156
1.2410365220691477,1,11.062983746318631
-0.09577319139575291,0,0.3288750385521222
1.7031541979782734,1,10.8845746941057
-1.2483184767387079,0,-0.9993830650689142
-1.874283257253063,0,-0.9502352571044583
-0.8871312517247114,0,0.1148910582222824
-1.761530698621364,0,-1.6737615914930606
1.3295641668076317,1,8.80812977679025
-0.014155390578800997,1,10.156998022483412
1.2061484475319584,1,9.97950538822506
-1.8966441111199552,0,-3.0821228006237145
1.2103427183192514,1,8.436186688960731
1.0858933794384256,1,11.513180290648755
1.6003327320659229,1,11.647011422669403
-0.9077167601087504,0,-0.4523760117049896
0.4076937240605263,1,11.084558542829129
0.3549260885252794,1,11.466985303105165
-0.9738797502230088,0,-0.7654060511289948
0.5456054807336281,1,10.447627166375327
-0.23157186128111995,1,10.57331644370846
-0.3008232746743529,0,0.8006193625138043
0.649487439651014,0,1.148894987454038
1.2678956290873469,1,11.852111917111715
-0.5079716004857571,0,0.006445417121654917
0.7825630137816324,1,12.300421893505986
-1.457354131358489,0,-0.6075975263107993
-0.8571697293564386,1,9.973188955443732
1.4261488949917074,1,11.284759855960832
-0.004447386194575742,1,9.708021396431532
1.453334598287301,1,10.169249489562489
-0.5715153627979888,0,-0.7682340490516616
-0.4112658815261807,0,0.04205209645506848
0.3511937974867392,1,12.17095485852215
-1.1081999657689856,1,9.585522023951752
-0.7235981070269775,0,0.3285335341497312
1.508802163252433,1,11.593385519751283
-1.345376228537182,1,8.695559345404765
-1.1412164501465782,0,-0.42561995887500725
1.5268358785543388,1,11.759661340372766
1.7889943095354348,1,12.632596044437285
1.7946163236119625,1,12.657907903238543
0.4579978410207701,0,0.23017147068922847
0.5638621123950309,1,10.217509791251201
1.743748992994238,1,11.69737595330706
-0.37157404349748946,0,-0.5017804548607284
-0.5813351800596687,0,0.7244082510208681
-0.10490682994230838,1,9.25593020798103
1.805719241447329,1,13.920324528325175
0.476485600186785,1,10.824744011013221
1.6368085448259482,1,12.6546819773092
0.7287667570203951,1,9.42964011504084
0.28311321867564754,1,10.926664515722313
0.06066811354635515,1,11.259291677417876
0.6772616654540067,1,9.105602143431877
1.3862172898616114,1,11.487089990043502
1.6968737393706403,1,13.212881992287613
1.8764105205632453,1,16.16448161981384
1.9214749637687403,1,14.192972895084447
-1.8422927545259764,0,-3.8549939289220596
1.642422868857687,1,13.386603681661462
0.17920434110439354,1,10.299694980888596
0.7792829194868829,1,10.371690258770897
1.8722900116387136,1,12.510479544494968
-1.790968482855905,0,-2.769577081444119
-1.2005081014022254,0,-0.7757233451527554
0.03428276465881108,0,-0.2756109532649204
0.6348705549080886,1,9.490213697063265
1.6892311019343391,1,12.039021200121677
-0.8834781169029213,0,0.5021725880505314
1.623775871705058,1,12.526396312177626
1.000643331818404,1,12.32294245072324
1.594216754108317,1,11.432866158386192
-0.5161051496313238,0,-0.22816369827115812
-1.1687046341646568,0,0.7926909650929996
0.07359850653226063,0,-0.38005897085037926
1.1571713932787424,1,9.963227294373485
1.054063374672849,1,9.920310567788551
-0.2952747910561082,1,9.38259018282827
0.6755061241627414,1,10.65259401157544
0.5790269063603715,1,8.851345785307803
-0.35684476000155296,1,8.77346157156221
-1.0888866335287943,0,-0.14523357094681866
1.509357413523924,1,12.708408849789137
-0.45795238105231073,0,1.2290221920541333
-0.00852327794272334,0,1.0524797342237115
1.2299117426076358,1,10.567473564405264
-0.8926888110597937,0,-0.7257764550386652
0.07567082113135015,0,0.39518800990574193
-0.26893248160294947,0,0.053109191486384294
-0.8162718822535355,0,-1.3975670477111968
1.5319752993190923,1,11.77547123615055
1.8447622552956568,1,14.918171082823415
-1.1396590848596286,0,-0.14880970343322864
1.895201653428598,1,10.223712277206987
1.672772633846812,1,14.331024354765429
1.04281922417558,1,10.577551511784435
-0.6325113358452557,0,1.0941969307960784
0.6549374427757537,0,0.7870311432443147
0.6882380106469417,1,9.551605455320217
0.7581368356216607,1,10.395657842415567
1.0799742123944434,1,10.931820268672823
-1.9600848933662025,0,-3.5682275688798684
0.7064689342100259,1,9.410382720842811
0.7635359062032911,1,9.751983079530925
1.5894634631637277,1,10.992342932296859
1.6928949879409143,1,12.485968312749549
-0.18870077886269288,0,0.05935418183099225
-0.2943757740321087,0,-1.324578780689668
0.5273488486791971,1,9.070771975232963
-1.874283257253063,0,-0.9502352571044583
0.826416515976871,1,10.714320636591765
0.25629611533407104,1,12.544703310044985
1.751058237272897,1,12.379554013874584
1.292014297787739,1,12.09566911281327
0.5331339293319819,1,9.76709995727553
-0.20340718907114974,1,10.865821708096904
0.9268210908926062,1,11.595298760609682
-0.2726252307518813,1,10.043757237599738
0.24875524425810047,1,10.596318320219918
0.6541494880668424,1,9.00320798252009
1.2787080111218363,1,12.030483563959493
1.8202420459399558,1,14.632381500753711
-1.1977413616477204,1,9.475553925156197
-0.007481303264078587,1,9.479153584190456
1.607047968541694,1,12.216183466492327
1.295585526498657,1,12.061770006599886
1.0250151656897373,1,10.28944946936992
1.7582743561006628,1,13.75435876855577
0.8083887535179644,1,9.986138897880062
1.2470791523605502,1,11.419085564709999
0.6540070764322232,0,-0.26751665095876714
0.44133513324367346,1,8.325821260024062
0.874958471414121,1,10.316454436488733
1.7539286328566184,1,12.45856898931846
0.7536095857109442,1,10.165437654386519
1.3567215799211945,1,9.584002801432408
1.269221248852947,1,9.238075710514394
0.49845619245812633,1,9.406763911465816
-1.5205385306652688,0,-0.2533861556295929
1.7145222484615763,1,14.826157265037416
-0.37134280613150006,1,8.327940918153242
0.5512887170376408,1,10.291480663174307
-1.1975345155013892,0,-0.2992202674215916
-1.118049442341003,0,-2.56769818974114
-0.8265863142359606,0,0.4218167499204221
0.4907581637991898,1,8.850886185497986
1.6050368311862533,1,11.583643311318548
1.704238239273062,1,13.17059547848488
1.21774883071802,1,12.032302193026597
-0.22624358865582384,0,-0.05901524546481505
1.582759777066466,1,11.198814934087327
0.7716356440990708,1,10.460538754685968
-0.2893236567033237,1,8.692582231734466
0.32187040397478395,0,0.5832687110495385
1.9218831911322845,1,14.103378822838222
-1.3256038062638527,0,-1.4645586072288541
0.11933555584828115,1,11.551222292381095
-1.335082551793365,0,-0.9063733568923806
0.4292976671722637,1,9.65783772937391
-1.047268875813094,0,0.3880717657326972
0.9858085154284559,1,11.151005452805455
1.7533618272841514,1,12.297360727118868
-1.3348665249756824,0,-1.324638440018769
0.04574562520634906,1,9.602305375045265
1.436447030587666,1,11.382492054903324
1.8459987169485892,1,12.339838044657885
0.6418788854577246,1,10.50467495473311
1.525943278355642,1,11.030412893968105
1.5265413967016426,1,10.927284590423248
1.9508895589441262,1,13.242499770708584
1.0652162844756004,1,10.742750971491056
0.7812757984975383,1,9.724103388994738
-1.100452879097873,0,0.22368223941116805
-0.7944885033434317,0,0.18232135506605346
-0.7177471025563018,0,-0.36178950255891107
0.3549260885252794,1,11.466985303105165
1.2517136215757483,1,9.659305385280955
0.07230999216137901,1,10.381402919277035
-1.0940168992082482,0,-1.143641052999614
0.6817373351876701,0,0.11675136159428354
1.3398271002084674,1,11.0720397411446
1.5546363210615946,1,11.529553051699132
-0.7344983704492685,0,0.3997475045901669
-0.8697989299254445,0,-1.090580604313675
-0.4688049422544487,0,-0.8261987106681097
1.990513189608626,1,13.180656083466785
0.9326415125471983,1,11.804206808934557
0.2732344133418865,0,1.280585465025224
1.7679657875354868,1,12.953475640041496
0.928876825248889,1,8.718285839039137
0.28362821500857915,1,9.339816124304768
1.0563823463155173,1,12.688030373441606
-0.19070608946281586,1,9.49282528579258
1.5580772441750526,1,11.776952858468437
1.3891869821419758,1,11.184640415823988
0.6540070764322232,0,-0.26751665095876714
1.8285393301591846,1,12.879437810796887
0.9234813831046416,1,11.11534356439732
0.7668804565387553,1,9.872062585696384
1.2335893924658445,1,10.31390551511614
0.5295652973135496,1,9.246684463609933
0.4950887626034115,1,11.038805774735533
1.1077855535700847,1,10.572354930511814
1.7948196729567232,1,12.853836974969227
-0.24213850256623148,1,8.95556522184021
-1.3572745069617773,0,-3.680747659593906
-0.29908725824922433,0,-0.624691492529394
0.07909579422407065,1,9.539436210648352
1.918937339095439,1,14.375165228854867
-0.6300991232547832,1,9.020226085739848
0.6028975373352012,1,9.615605137644174
1.467081418024001,1,11.21411353931582
0.2189272131294171,1,8.789279499791714
-1.2506128346928445,0,-0.1478022451376766
0.06908867901724225,1,8.978537299694905
0.18246715726373974,1,10.0662104159078
-0.9166709949517031,0,-0.598424295431228
0.22816205310014048,1,10.004996955742001
-0.3174790524847224,1,10.644212494513514
1.310441045396613,1,12.54994559125734
-1.4737387734425815,0,-1.6474155719559413
-1.272729388650645,0,0.8409388112251819
1.9580213335372898,1,13.007187878136696
0.8913568156008491,1,13.064591503654444
-0.6623952840450054,0,0.07648597372956573
-0.717348981054271,1,9.621590678269753
1.006719068125693,1,9.88414026491801
1.9978427242386925,1,14.876328905752553
0.7223323716750691,1,11.707375848364784
-0.20104063019784002,0,-1.1137848332336109
1.6266131878079957,1,11.68004634566972
0.2413946974012937,1,9.24052311066015
0.75317199370902,1,12.372511584594033
-0.705559123401835,1,10.073072986872925
0.0014334415375607534,0,0.1577863733884319
-0.21638917449300665,1,10.088330267365857
0.363333042276043,0,-1.6622917449565076
1.1272954533797424,1,10.038534236671962
1.0886081104633525,1,10.114111413132727
-0.07239933156009037,1,10.450047488301998
-0.3835606090281716,0,1.092658105882641
0.7869486614566026,1,10.14995533139878
0.6294139286805143,1,9.636813151637527
1.982065794361299,1,12.55678217025287
0.8161258103666276,1,10.645775482078186
0.3181454765999243,1,10.139051974923232
1.9982308130017543,1,14.25834781968639
-0.7448714267770851,0,0.6337255921388001
0.46087775292404354,1,8.211683223358586
-0.6768280342893775,0,0.4232563389067959
0.1491026946721523,1,9.805587909792905
1.0246533155809843,1,11.506601665000707
-1.6185563149079858,0,-3.1679444773139864
1.2444950797338836,1,10.152695319432242
0.6971742948000985,1,12.103064181759752
0.17421144445595438,1,11.08046638737439
-0.0576412013624088,1,11.965301428153653
1.7564347932409623,1,11.372451893694338
1.3567215799211945,1,9.584002801432408
0.6281219929364292,0,0.554904893810553
-1.1945448714561024,0,-0.5887048814466759
0.1877155039419076,0,0.3656748513615309
-0.03283746950532773,1,10.327730131741326
-0.6304195068165614,1,9.691764041205426
-1.5720349553015067,0,-0.8410649641884236
0.950329206355566,1,9.04245535051246
0.3268861098939069,1,11.768648143640911
1.660555281619584,1,13.212610140213814
-1.699448873056765,0,-0.7389198282353733
-0.12329001562891317,1,9.228189280741935
-0.49671512396823614,0,-0.21407370059591185
0.34947947430230775,0,-0.4222359124607291
0.1283472957520453,1,10.544493889240018
1.3725794601189816,1,10.744523140686484
0.9436816254957954,1,11.702134785730204
-0.73854502693553,0,-0.5885555914123194
0.1072686642016536,0,0.7204793215852052
0.46713443141016464,1,9.330612130829888
0.9139627086464528,1,10.3868166024504
-1.0522667003734054,1,7.508311195080464
1.020549022694476,1,9.551432688869356
0.22816205310014048,1,10.004996955742001
1.290402242638633,1,13.609733882758317
-1.0213797815811478,1,8.459454603736283
-0.2146945600537551,1,9.002215543698215
1.3636348416116286,1,12.507269275449376
1.878894531191908,1,11.91262125472022
1.8612108945215993,1,14.124252640779645
-0.982074673526959,0,0.3972976471213937
-1.3410639644491038,0,-0.07758427808238144
-0.6278239768279592,1,9.800335983546203
1.1164103455831471,1,10.456568297252224
0.2576663511189907,1,10.778177771277997
-1.331864215631699,0,-0.9318303229492123
0.33207458977654536,1,10.013925977235322
1.7620158115176103,1,12.952131759652682
1.501954601583586,1,10.220406042502216
0.4860292445523364,1,10.264252573357384
0.5496099248368864,1,11.116614138160164
0.11774296216510605,1,11.02345773672732
-0.4189627382753689,1,10.22027876931635
0.6959768325829216,1,10.5127457701542
-0.39659433294544044,0,-0.7924318179878733
0.30783660048391637,1,10.20072882675277
0.603886980874178,0,1.296800074021767
1.3189672148288065,1,11.596621876771213
-1.3321876450112051,0,-0.6873378564492135
-0.16278524714770493,1,10.813690948345767
-1.7158604438239915,0,-2.134047877775328
-0.38580551674524655,0,-1.0390932892687985
0.3946339367881464,1,11.289347773415379
0.6245843673897689,1,9.813173282961989
-0.24411431717745558,1,10.478790173624684
-1.3193894354219324,0,-0.14728727183194312
1.8620716729390656,1,13.403586129720404
0.40433066157286257,1,9.528060239554646
0.7097522849131779,1,10.379934648146676
-1.8121423103693308,0,-1.948994423899831
1.4942223049083552,1,11.43992308567275
0.6287906465602489,1,9.698335126422343
0.2634022412529866,1,9.863203326095116
1.0084573307878992,1,10.086089394830893
1.1494878325970919,1,9.373420683590302
0.7045671544058285,1,11.598318784835346
-0.45277103179248,1,7.991226123334145
1.4871342663688067,1,10.220535679513084
0.6473567593975145,1,10.532010513754727
0.46394180104071614,0,0.17812496112875392
-1.6858912562337087,1,6.291296605535278
1.0979096771039334,1,8.066505590593735
1.4917833435056331,1,11.662091259408946
1.4090554975647258,1,10.632519534993861
-0.018729412264364864,0,0.7193149978799783
1.431431134069956,1,14.095735885953914
0.1090205998027085,1,9.144983813266037
0.8219866077384954,1,9.355017800937075
-1.1028260668598198,0,-1.0349293804391109
1.3631402877564582,1,13.332949767045694
-0.8725809009064003,0,-1.5362217983879982
0.0054039745349836465,1,8.656253457002046
0.6664019161864769,1,9.796169242376875
-0.06600765957278476,0,-0.9627356087298645
1.5605645495840585,1,11.23802008832007
1.0250151656897373,1,10.28944946936992
0.9727727949264136,1,9.784742703206016
1.4785987392486852,1,12.328488153340894
1.3058584379687317,1,11.09911110621015
-0.559760392277096,0,-0.6425079695505935
1.7314707605065323,1,11.812740380575685
-1.2103850650778298,0,-0.9652458275540464
-0.19344401792464838,1,9.761058572615987
0.8274293753904685,1,8.911826164420042
-0.8839668386088135,1,11.219915775890945
-0.3871574672647089,1,12.162957479970814
-1.7123731307342176,0,-2.330500853609555
0.788096664017198,1,10.627032422062104
-0.5267618779726067,1,11.789336685681828
-1.118049442341003,0,-2.56769818974114
1.4218423360440289,1,10.743301343453314
1.0351050150293006,1,9.909914390666888
1.9580213335372898,1,13.007187878136696
1.0056932701252106,1,12.417774006875451
1.4962870932207406,1,10.604619384296907
0.441452031272628,1,10.899241507550128
0.1018812294235727,1,8.391680078176938
-1.5736278787680371,0,-1.0269181282731417
1.0547690774012821,1,11.255536073307129
1.0916859275044604,1,11.837193302192254
-1.7979701166708715,0,-3.724279874236376
0.5304875725357925,1,10.943205037660569
-1.345376228537182,1,8.695559345404765
1.6397206326388742,1,9.797316516518826
-0.20435310962883957,0,1.5553978256394407
-0.8739152063402802,0,-0.49977104621218915
1.0886081104633525,1,10.114111413132727
1.6320741816866495,1,13.502192215747593
1.3138771977964683,1,12.668201127083556
1.7527246900988898,1,12.90736400594964
-0.2652226747184798,1,10.232041279099956
1.1087436377584385,1,10.321274912344245
-0.11114029935220282,1,11.01183422308908
1.2827846430671173,1,10.635966045598426
-1.4622662905218,0,-1.469332384520729
-0.8221369618323293,0,-1.292515745800288
1.9896917562142167,1,14.60953979920301
0.09263259927056655,1,11.206555857567007
1.2226806118002127,0,1.1514775105191595
1.302843806242668,1,11.135832654286661
1.6003327320659229,1,11.647011422669403
-0.9121817624072053,0,-0.6338121941638039
-0.8452250529172005,0,0.1507409719863631
0.2904289315280897,1,9.642883817053235
-0.11719600203575364,1,11.184442408907726
1.054063374672849,1,9.920310567788551
-1.1150487207732653,0,-0.11115650892231133
0.6843726283439042,1,10.41508627482208
1.4787835394065354,1,12.3734170844291
0.27189718926432205,0,0.008646380643490253
-1.2394849347251773,0,-1.061199927524295
-0.23137544754875305,1,9.899922772804548
-1.0854287779861491,0,-0.059099784148343826
-1.7431642516994637,0,-2.3086747584748277
0.3238743465263698,1,11.050897527588795
1.8148145059668317,1,12.859670576103566
1.7946163236119625,1,12.657907903238543
1.020549022694476,1,9.551432688869356
-1.0215349037909358,1,9.741977544950092
-1.5860997454136614,0,-2.9549877894106333
0.30742952453080097,1,10.008869578021425
1.3208115373830482,1,10.697462157895306
-0.4952381249215114,1,10.39606686038879
0.22476277052004656,1,9.858220828375094
0.7389006555240183,1,10.076925756891672
-1.4709251396060732,0,-2.368580127520791
1.8023680523037533,1,12.817297488258324
0.7581368356216607,1,10.395657842415567
-0.8157379598442116,0,1.1978363488969996
0.4783303713083473,1,8.587895011173593
-0.3374888718833793,1,7.771560602389281
1.602807456045034,1,11.654489753121139
1.8021312838176358,1,12.49501217172324
-0.23266518079218157,0,-0.7152155586442854
-0.18206906817857327,1,9.66877541294238
0.9384332028421403,1,11.189865136322688
-0.2249991227817154,0,-0.8221765528505351
1.1948567666182983,1,11.582153345929035
1.7084951274577973,1,12.48485466333659
1.9040552931168544,1,12.681450012765445
1.3037292342000648,1,11.947091676216449
-0.2304250370072256,1,9.439115616607182
0.21371080314827218,1,9.39517190715934
-1.2076094689610395,0,-0.4083013228535544
1.1804411301068987,1,10.48781798416159
1.9555028485501733,1,13.770234141671779
1.1807447790748147,1,11.594581065409345
1.659457560881794,1,12.939000063578378
0.9582529924450722,1,8.671770568165398
0.3696311386380704,0,0.7221389718591905
0.11482927953621047,1,10.196611061375734
0.8826578180314493,1,8.749213041840502
1.3636348416116286,1,12.507269275449376
-1.196265245363774,1,6.84230749616505
0.13392083497913143,1,10.950759675811033
1.5706868443078994,1,14.015104798461888
1.9225928782561983,1,14.486640140575215
-0.982433676632612,0,-0.32550957531642744
-0.09033524207858523,1,9.670427952442665
0.5949884555800726,1,10.405908720964355
1.8311592039528155,1,14.312759148830303
1.3781975941402815,1,11.511311756524286
1.7719311362845427,1,11.661640868160102
0.6660879067721397,1,8.330006045631528
-1.1751891363928846,0,-0.7378908499666084
0.17701586445479078,1,11.167024355658059
1.3985895627096459,1,10.437254458902235
1.599638173418687,1,10.346804376633903
1.431431134069956,1,14.095735885953914
-1.0146070110307925,0,-1.356660589690226
-1.2092387875420498,0,-0.31446550253844885
-0.4961151122834435,1,8.53544706572222
1.8736765220016314,1,11.606628452662799
0.7924676963340942,1,9.206567771201447
-0.6949843278354129,1,10.742237333338448
0.5466787286688293,0,0.11877165957194766
-0.5496671496212917,0,1.2568277023936263
1.850930335444556,1,14.564146716777886
1.0119447721567405,1,8.992966431073455
1.9166062204024623,1,13.535214440026383
-0.6825859030001813,1,9.626455664127036
1.38015859558657,1,11.015587082716188
-1.187107635655651,0,-0.8163783199714153
0.2336169989432202,1,9.336690112274173
1.4730851220530345,1,10.957632467741345
1.7478312921242511,1,14.498379562985583
-0.03257251442741049,0,0.4724741022564979
-1.767328965116301,0,-0.9682810910668431
1.9604353843474631,1,12.977423455018133
-0.958852569735988,0,-0.33563670352165814
0.4278924650970617,1,10.327913022010213
-1.4549977396320886,0,-1.606557099182568
-1.0973416677917798,0,-0.11318309976729513
1.0071926543477319,1,9.95407279047245
0.441452031272628,1,10.899241507550128
0.03362390657850822,1,10.164538039103299
-1.4978008404060916,1,8.81346637109123
1.5051693940957498,1,13.212037492721606
-1.7724744088894138,0,-3.0211557293842692
1.4444540802457024,1,11.949248374741032
-0.6401125448270073,0,-1.3861116285735084
1.7226890222495932,1,14.256507914361704
0.16508044376671238,0,0.05957909716198686
-1.1055898067053156,0,-0.7082571692531463
0.8271088675417833,0,0.7321373214355552
0.36765761767628025,1,10.893001141726474
-0.4110898817350699,1,11.491391151357536
1.978257026738099,1,15.938053544211174
1.9306096459742768,1,14.997562057635754
1.9806376408004849,1,10.491032405014119
-1.7724744088894138,0,-3.0211557293842692
1.7538728494632498,1,12.770932002758945
1.4120378218694403,1,12.545663366719047
-0.37433385370392536,1,9.379427370262773
1.3382871610225107,1,9.584165953096042
0.901030641660546,1,11.610204273468362
0.048372233197123915,0,0.3771313093651858
0.26166375901015204,1,9.609371613632
0.6313812184121441,1,9.701933616227796
1.0217490900623245,1,10.694141056407702
0.6960054842794143,1,10.45708239875659
1.850930335444556,1,14.564146716777886
1.9386789580980328,1,13.145611584531416
1.7314707605065323,1,11.812740380575685
1.154388844898123,1,9.517706577854339
-0.47541247186105773,0,-0.1777015783301484
-0.20546963352906333,1,10.365709612088772
1.9829378082052922,1,15.313067092919182
0.7819538367106014,1,9.14292678604373
1.660555281619584,1,13.212610140213814
-0.4615556960849272,0,-0.838126579884938
-0.8409941883449279,1,9.195609996241355
0.916693950197792,1,10.847959799717568
1.7638631513711753,1,13.4932345952591
0.248443530492918,0,0.743994354984438
1.2335893924658445,1,10.31390551511614
1.9678509889545732,1,12.543302627713642
-1.180790363775162,0,-0.42718211693346947
-0.3558112257757675,0,-1.0234815791997722
0.38154006928017514,1,10.057388520100158
1.453965801851273,1,11.354508209881637
-0.9437520612251249,0,-0.3988266840594791
1.1338782401970708,1,9.515899510217887
-0.024611941033754636,1,8.032346340605717
0.876183620736982,1,10.733090950363644
0.5713335632629519,1,9.846747310936495
1.4831886893524526,1,10.681244609258858
1.73499769200588,1,13.57313358636378
-0.49178427599320473,1,8.428213342309006
-0.2525971895392818,1,10.540453756249406
-1.2248434799065806,0,-1.5698256064794036
0.13329419143842003,1,10.32456837996226
1.6931980330797178,1,12.952719631710286
-1.2150171331753374,0,0.5074576631603547
-0.18651757758337073,1,9.326699779492076
0.5963224080755376,1,10.115421992382094
-1.1858579100727806,0,1.3567175603274426
0.3115083257636364,1,10.25657328337136
0.8909510089552186,1,12.160007329349948
0.4328455070657866,1,11.555779110376875
-1.4398207514630839,0,-3.8810908176916836
1.8517075009503192,1,12.168767815373048
0.9612521233758056,1,10.165693229650746
1.765115715627192,1,13.096791337443522
0.3464069496182418,1,11.664018917429965
0.8332961963118812,1,10.10660062242115
0.2314947026402927,1,11.102093658309341
-0.06707169649825939,1,8.259086550205234
0.9741770785491783,1,9.019812822170419
-0.3679196348596756,1,8.852167212028624
0.5512887170376408,1,10.291480663174307
0.6596468979488721,1,10.589538954764118
1.2176562387098935,1,10.625129891386164
-0.43567385339295717,1,8.720130528077995
0.7735101540754097,1,10.382211276741396
0.6667426075700522,1,11.414804158462417
1.3039128508323272,1,11.141032032596387
1.9874970073837894,1,12.387114461274438
1.7635206782368171,1,13.667067433595232
-0.6281339211996873,0,-0.2489036027773487
1.213218294072134,1,9.109625267907832
1.9604353843474631,1,12.977423455018133
0.31470163428957365,1,9.143058778065708
1.9792771758638041,1,14.211835937763729
1.5803406910652584,1,12.613619849359903
-0.5204454974075006,0,-1.4288559131684324
0.04510184880300461,1,10.489739826760207
-0.8221369618323293,0,-1.292515745800288
0.3855743987698461,1,8.791344826430615
0.5182307875669463,1,10.770894132362889
-0.6930444377254656,1,10.238173706403458
-1.2506128346928445,0,-0.1478022451376766
1.2057831048918146,1,10.490502720731097
0.8105183057516632,1,11.244788212611455
-0.21669780069193534,0,1.2772295951376158
1.4081936632187717,1,11.07268909069572
1.5789902833252043,1,12.316702389595168
1.2899222545374438,1,12.321492608175609
0.874797063891184,1,9.15381225978584
-1.545769631201484,0,-2.1024775931230177
0.1691999024843165,1,8.613079558271238
1.8505936587117002,1,13.699170447252461
1.0986917487271932,1,9.665535735033826
0.5447094588329309,1,10.628041766306069
-1.4145040313510036,0,-1.8674814740451264
1.498988293955899,1,13.251683120696317
0.8860471193736945,1,10.297673415298485
0.2879835131343711,1,9.917116276073246
1.4157715285674115,1,14.413428909954131
-0.7071882719169791,0,-1.4532234320771003
-1.1993831550025327,0,-0.48578009520574705
0.024559410778577373,1,9.876512302801626
1.518405986847048,1,11.461319514152857
1.8317364842270818,1,13.410441134957457
1.7281124220400699,1,12.140505424630508
-0.184841834465443,0,0.3562855439668036
0.22631371400861333,1,8.620712960610833
0.22494557610309096,1,9.843844765662787
-0.937257740534946,0,-0.44410779424913943
0.4042966672009318,1,8.593287981251368
-1.7817383668692042,1,8.6988529748411
1.1077855535700847,1,10.572354930511814
1.7828604337640979,1,11.900607834057059
0.035576280279520756,0,-1.631956054574323
1.7826941482032184,1,13.688672295342919
0.3811073644162182,0,1.8569293877949737
1.3984006999298324,1,9.996694148990104
-0.7598639039501998,1,9.08534620365888
1.4586356874325603,1,8.916266736377832
0.2635544204070359,1,11.463523520165941
-0.42658864500895266,0,-0.3902732119007513
0.9929552247236004,1,10.181100381718354
0.6269466581651688,1,11.431764207021878
1.6490182444046226,1,11.306273635132415
-0.29999034350721,0,1.2206482910465277
-0.27506452083376853,0,1.0790350732808915
1.4725690175100214,1,9.601589661383358
1.2226806118002127,0,1.1514775105191595
0.02341077180731599,0,-0.2978547768936002
1.882672111175482,1,15.18851311410188
1.8792841803141789,1,12.069047568705908
1.5094018125313546,1,12.43073638369047
0.8350625293826184,1,11.042823400588414
1.4157938520581745,1,12.23103505456437
-0.1398546631163602,0,1.100121420541792
1.8777575027035134,1,12.854090561101811
-0.2478653732094127,0,-0.02283870868392871
1.4708926112203695,1,11.51927667424276
1.7562739178011664,1,12.904144996582534
1.1327936531945038,1,9.79192103675304
0.1801076755877533,1,8.54993988135305
-0.7052830543830253,0,-0.6532542118024167
0.8744149627607825,1,9.91633997668831
0.5711802820252365,1,10.48730614119042
0.26182546429643283,0,0.9197451081777761
1.1948567666182983,1,11.582153345929035
1.5918585873911542,1,11.717793533493507
0.16518534120428185,1,9.595103802083157
0.6830601017721429,1,9.462662967577758
-0.6510489966566317,0,0.6809095851927768
-0.8146076924776771,0,-0.39960345735062575
-0.40599188478407866,0,0.6925922231963028
1.6869066778066455,1,11.250469477305437
-0.22560119472725138,0,-1.8831268557025131
0.14631276011448113,1,10.847384144852853
1.6593397999875124,1,11.308053880658557
1.8095470095948984,1,12.667816911299834
-0.8926888110597937,0,-0.7257764550386652
-0.7561079144678668,0,-2.1463347223249625
1.3103248699228085,1,11.363032475499468
-0.674611971587797,0,-1.5737216697704768
-1.0903130851058829,0,-0.2786261772816378
0.14331073789232507,0,-1.0024978513513845
-0.5141309495024928,1,11.813295318196875
0.5192826177388308,1,8.593290047296339
1.4629089484271747,1,10.524651670708776
-0.5092459319507441,0,1.5898795237147731
0.5980357188297893,0,0.3336908538719077
1.4101705795020014,1,9.827391896832701
1.6010564448082816,1,13.18719243234149
1.4464998003359137,1,13.143379802751706
1.7261776284260808,1,12.741490722513216
1.0152548519134759,1,10.683165814042693
-1.2103850650778298,0,-0.9652458275540464
0.04445455395800213,1,10.193971681582813
-1.1539730028729278,0,-1.1863384381356763
-0.8947235661365855,0,1.7362483279937262
-0.45656221265556374,0,0.17470160533011728
1.4471424840540692,1,11.062493726730327
1.3262957036418102,1,10.294320063634606
0.32857921125896805,1,9.11895019249281
0.17701586445479078,1,11.167024355658059
0.7744722298951809,1,10.099724161148998
0.21848196484457993,0,0.5806765839197102
-0.5057348558436776,1,8.981261746189805
1.3412099823569519,1,12.7299108272236
0.1705785388303065,0,0.11655583219938763
0.22145420375052494,1,8.829967890807733
0.058284465071201996,1,11.252881872996488
-0.17911940367279522,1,9.870572744592128
1.643191644195471,0,3.1539385954573738
0.6779478207927605,1,10.128238193768285
-0.8452250529172005,0,0.1507409719863631
-0.21078897498959748,0,0.989521379081455
-0.8697989299254445,0,-1.090580604313675
1.495560310250061,1,11.455327385270488
0.2692488785156142,1,10.860392987165504
0.1764344957578743,1,9.082221993975505
0.7077631319873494,1,11.445340016262403
0.3747384796349329,1,10.20982652226415
-0.15640664717367248,1,8.978191257525488
0.8818269658510247,1,9.333264369891568
0.5711802820252365,1,10.48730614119042
1.0889611035731064,1,10.520191630467467
0.30783660048391637,1,10.20072882675277
1.9256856996881009,1,12.555831052483391
0.6466690385167562,1,8.464635007462402
-0.25201645733751654,1,10.861025204823902
0.41721767928591547,0,-2.637006293632363
0.7489373738427316,1,10.174964108180996
-0.6638178063201616,0,1.1571892877440693
0.801391555466278,1,11.460398727752471
0.8738157892902003,1,9.678088146126019
0.4010056403983322,1,8.962378964839507
1.5052777325692461,1,10.508571937483257
0.9562679037574902,1,8.993158606470136
1.2200707729385112,1,9.734578554246221
-1.0716856885353399,0,0.2763233124708411
-0.20555747618182973,1,10.09109927780713
1.3129970097488735,1,11.710841265185794
-0.6199326403017356,1,8.463164341189739
0.31230019673932663,1,11.16708191557268
1.0844912634075463,1,10.58731265282152
1.3167271197996708,1,11.588082723874805
0.02208316689396117,1,9.648460123274404
1.2164369842445266,1,11.63663448277197
-1.0360149680163282,1,10.248760851637574
1.2054082330809943,1,11.045022052521592
-1.7846779003661637,0,-2.6831230626865494
0.6492549549228799,1,10.61123647413756
-1.335082551793365,0,-0.9063733568923806
0.6473383404559927,1,9.33726393826277
-1.5736278787680371,0,-1.0269181282731417
-0.4673421257634969,0,0.7564196376147551
1.2102429926065117,1,10.718672189631247
0.6945816698996308,1,9.90674724440793
-0.019776217381660466,1,10.875885439361733
0.9271043801506895,1,10.467265628335829
0.5403746034705752,1,9.163656536612034
1.4023269163769676,1,12.41366813933148
0.7572416484107611,1,12.576837237150471
0.49325773503622994,1,9.792300847000107
1.7770659564537357,1,14.419112137964675
-0.6172160259843222,0,-0.6451196559090878
-1.040720191173639,1,10.41680174740534
0.5570515327254513,1,9.953974344527383
-0.3888578638140201,0,1.2000277855301555
1.894970328153974,1,13.160111596130042
0.6945816698996308,1,9.90674724440793
0.47835734983936273,0,2.527747837282682
-0.9000832321054393,0,1.1567869599251848
0.4076937240605263,1,11.084558542829129
-1.0402043851054747,0,-0.2895784454743731
1.0205344697807837,1,11.376683996610014
0.686835436976243,1,11.146513948972826
1.190929053392856,1,10.967630857870233
1.8620716729390656,1,13.403586129720404
1.5633285931585341,1,12.534359623473957
1.6047104928694225,1,13.072857453884104
1.106387411166967,1,9.19512102796686
0.8566125855686959,1,11.563938229107514
0.7827106528613559,1,8.008845340456507
1.9460609951719188,1,13.595809689042156
1.0485184818012985,1,9.089141187056615
0.9808589707633382,0,1.3111568739237418
0.3296906328289859,1,8.904589446319926
0.9740101431163009,1,11.346549996434469
-1.6169832053465694,0,0.0018653167207145493
-0.5015495414941151,0,1.377646944630258
0.9679815645046892,1,9.401409437506413
0.2640736995512838,1,9.895562371383004
1.2102429926065117,1,10.718672189631247
-0.16801696398571409,1,11.845453468871728
0.6007486657826133,1,11.802346487863952
0.8078675090308134,1,9.611584915210694
-0.3264666491469139,0,-0.05109500914795519
1.32100077112554,1,11.504550325380304
0.32694658968474677,0,0.9526868477371581
0.9397033895795768,1,11.226523856148344
1.1214620120275267,1,11.145488161207473
0.39784455863486645,1,9.155579321928307
0.5048812865256616,1,10.726955597494042
-0.26893248160294947,0,0.053109191486384294
1.0201677149851132,1,11.128581094470746
1.9043133298900754,1,14.058307887026729
0.14564153232012167,1,10.762459451633534
0.03889268641426069,1,9.60198011650456
0.22727344111323022,1,8.11449857852823
-0.6005532231100861,0,1.2255399081309977
0.4893730584689844,1,10.704779044283502
-0.719801595877553,1,9.902233819643927
1.8236753158212768,1,11.786060191874915
1.245863756606727,1,9.92360901695814
1.375517644923716,0,2.071972900721615
1.3844767422204471,1,10.947090944915681
-1.795458474231597,0,-4.820179552320587
1.8848796475419776,1,13.923713970496712
-0.8146967924007997,1,11.128407622274796
0.7508881697222427,1,10.781432883061656
1.6368085448259482,1,12.6546819773092
0.30208086786449595,1,9.575609396758978
-0.49178427599320473,1,8.428213342309006
-0.1629392113071444,1,8.878675281265243
-1.9061639131153822,0,-1.5501884034335771
1.4218423360440289,1,10.743301343453314
1.5488509703053062,1,11.78231739994411
-0.7349194010827729,1,10.9974798183195
-0.42003891780387015,0,2.0823176378728077
1.1768426501976217,1,11.438059286663115
1.7607193389169655,1,12.471546468647135
-1.9350262271621852,0,-5.10254797226318
-0.8147675181760397,0,-0.9739069156682858
-1.2724796624034207,0,0.12023412755470764
1.2929054369859978,1,10.535986061152819
1.2690370759500915,1,12.055517095104387
1.990513189608626,1,13.180656083466785
0.5336150260416939,1,11.28882584301676
-1.4912752431324523,0,-0.23559914626957057
-1.3410639644491038,0,-0.07758427808238144
-1.6317320556700983,0,-1.7988936185966213
1.8739551103775351,1,12.286366734038237
1.6304440102262197,1,12.776338881069908
0.30617995980456003,1,9.734514520233066
-0.40882623628360726,0,1.7606552031165896
-0.9172655827930756,0,-1.1137860312012595
-0.6979866474954584,0,2.527701192997983
-0.7249899882717203,0,-0.4984882371268245
0.4988026776264318,1,9.25172864360125
-1.1169215488449584,0,1.1625566549916795
-0.7469970380447122,0,-1.2550503629291334
1.9491045172597778,1,15.85841744339419
0.8242324585521232,1,11.769033910704925
1.1942233525223962,1,10.917405090401756
1.4743965127578411,0,1.1566949653532177
-0.04085652804703699,1,9.294440624453358
0.7124900061465858,1,10.279384083284251
1.4898512603346967,1,12.560824231926752
-1.282575958843036,0,-1.4579872086767698
0.287590089835815,1,10.857087484140115
1.6432968813215845,1,12.481648899846263
0.1274870660200662,0,1.8122574078551885
1.04281922417558,1,10.577551511784435
0.32828052449689427,1,9.911044495437737
0.248443530492918,0,0.743994354984438
0.0589687750271195,1,9.148458564280823
-1.014917063587307,0,-0.19166452225277408
0.5444225385744743,1,11.3364365793296
-0.23157186128111995,1,10.57331644370846
-1.2916709784108407,0,-1.715346440116661
0.29375155249314444,1,8.7432106700315
1.5935458663361395,1,14.21172543680415
-1.7983329055911632,0,-3.9675739801644614
-0.761889534854689,0,0.21683417941306976
1.8088871427903785,1,13.414302857651368
0.6817373351876701,0,0.11675136159428354
1.719687052582659,1,11.720945811880966
-1.6257623723506578,0,-1.1540569253825674
-0.14950817304273478,1,10.52014646681224
0.2482911776102843,1,10.60472908238131
0.0023172697233251327,0,-0.5260118220186728
1.6902896196232002,1,12.870658161936337
1.4861827228325057,1,10.759557736760925
1.9840511335289932,1,12.832929586139626
1.1521405983000883,1,12.05523348293222
-1.457354131358489,0,-0.6075975263107993
0.48053039120614693,1,11.901044931201403
0.8528275331304709,1,11.044967290035228
0.21541713760528314,1,7.554534183691148
1.53737371188515,1,11.491413811562289
0.5638883093813281,0,0.6407916918972743
0.7694172246176567,1,8.99631328945285
1.7343725748050063,1,11.232821697900539
1.5159156011290693,1,12.581064088679833
-1.219028048807822,0,-1.0364608688935524
0.36170441243156537,1,10.568789746555549
0.0024970722816712865,1,9.851838867103295
1.7639692902977484,1,14.409891507680271
1.4838764949843424,1,12.131598767062783
0.5975152809464896,1,9.574621193196316
0.42854112353430773,1,9.578449267358243
-0.2889074650565506,1,11.285949614705194
0.9086762790652321,1,8.861498006942618
-0.06959505735391724,0,1.1895212260868298
0.4726229372724764,0,0.558700857547392
0.024559410778577373,1,9.876512302801626
1.2929054369859978,1,10.535986061152819
-0.14928085732157426,1,8.450105989098043
0.9636162246082858,1,10.03970931016378
0.31230019673932663,1,11.16708191557268
-0.4120739317028663,1,10.216792930266255
0.9105245507987547,1,9.52374597345166
-1.4978008404060916,1,8.81346637109123
1.5672808456264513,1,11.870454693804474
1.0194901156342424,1,9.617085619715148
1.3409171633840593,1,11.710810208965633
0.32187040397478395,0,0.5832687110495385
0.9741770785491783,1,9.019812822170419
-0.3382279976316416,0,-0.027597302803886906
-0.6004181454104054,1,11.743881062293545
0.2827586463073919,1,8.871131141757342
0.9859656204720966,1,9.343712384081943
1.4182746561305635,1,11.953397030741064
-0.8162718822535355,0,-1.3975670477111968
1.8898455601116089,1,11.28368235516066
-0.6192806468174781,0,0.8616259801780497
0.04610256323797213,0,0.22058748690714533
0.5512887170376408,1,10.291480663174307
0.28350966735790495,1,10.755906429360707
1.3128510315463768,1,11.878472369992231
0.9018726738006513,1,10.155750542966093
0.5438188286549139,1,9.79414450660709
-0.8351067256868956,0,-1.1848277886621763
-0.4323577482243639,0,0.407742386543601
-0.37157404349748946,0,-0.5017804548607284
0.5270993746110215,1,12.223066396696378
-1.9445514563485595,0,-3.1781235341894596
0.8703910626327049,1,10.140763438624605
0.9151122178025899,1,9.507357977341625
-0.01672210940584362,1,9.564486762131297
1.0132517275170283,1,11.026489427826556
1.8902729425989473,1,11.999320386200262
-0.5267618779726067,1,11.789336685681828
-0.8310041730424484,1,10.001069675741006
0.12375071364837531,1,11.012790674053232
0.8157436293113234,0,1.4801812103458287
1.611579980767949,1,11.829787025565688
1.643305058745261,1,11.950022206907311
0.22727344111323022,1,8.11449857852823
-1.2971390166526966,0,-3.06585626608181
-1.1908242033671854,0,0.8158061960809548
0.5336150260416939,1,11.28882584301676
1.387875416828242,1,11.344855978478442
-1.8028013503633202,0,-1.747803205027109
-0.9531772650563761,0,0.0713907522448371
0.9551121156743907,1,9.59785571005551
0.7601875536377984,1,8.960471116374306
1.0051156974950675,1,12.099031042298297
1.7448489849747593,1,11.46406069502381
1.3725794601189816,1,10.744523140686484
-1.4581618528212368,0,-0.8828755856601943
-1.2445192529485825,0,-0.8978289031302337
1.611579980767949,1,11.829787025565688
1.9982308130017543,1,14.25834781968639
-0.14407320733245044,1,9.375889737895433
1.9646745045479062,1,14.101708384622476
-0.8629036282899332,0,-0.1332012241576844
0.8842186435914874,1,11.284671418356998
-0.14986113546740842,1,11.716097248532556
1.8547407547481964,1,14.256248224415256
-0.819837169383375,0,-0.8909134302201833
1.5268358785543388,1,11.759661340372766
-1.7906685707973486,0,-0.9314347346264176
-0.8871312517247114,0,0.1148910582222824
-1.201713536416245,0,-0.9294286731351015
0.0922616990764773,1,9.52354401683366
0.1705785388303065,0,0.11655583219938763
-0.7944885033434317,0,0.18232135506605346
0.07359850653226063,0,-0.38005897085037926
1.3894202156374673,1,12.328625641186125
1.1057897859988985,1,10.809239955299352
0.6440570169892812,1,10.645477135404768
0.8389483392040811,1,8.879275862546823
-0.07549723273261755,0,-1.0951007494511515
0.7545265172315023,1,9.51362554153023
-0.705559123401835,1,10.073072986872925
0.7023470942697552,1,10.520254982321935
0.659939613903981,1,10.615981761681299
0.2311336694800996,1,10.88347242066774
-1.2092387875420498,0,-0.31446550253844885
1.9792771758638041,1,14.211835937763729
0.4726229372724764,0,0.558700857547392
0.9946887010039633,1,9.459276478940728
0.0748039775223801,1,8.595011251712908
-0.7227454496383405,0,-0.03533662596424064
0.44133513324367346,1,8.325821260024062
1.209607137805297,1,10.028447969952634
0.9271043801506895,1,10.467265628335829
0.16806119391890428,1,9.322561054572983
1.2904572740547136,1,11.776435501026578
0.9304507969615949,1,9.975804788544535
0.5456054807336281,1,10.447627166375327
1.281013275779559,1,11.38469708784175
0.11813446008982975,1,8.396770255860979
-0.9274270815523167,0,-0.5866939733515074
-0.576168906117438,1,10.883829619878176
1.5028681462357576,1,12.211459172117255
0.585629500912356,1,11.971633758270984
0.9715259746717559,0,0.29911944585584344
0.7223323716750691,1,11.707375848364784
1.4743965127578411,0,1.1566949653532177
0.8605000792675517,1,11.419027834864254
-0.9759153077539477,0,-0.5620838970694192
-1.442983716861184,0,-1.3833667785717485
-0.9910359193065537,0,0.014524654768572953
1.2905917087755574,1,10.827057823925927
0.9883130685161157,1,10.467183659082439
1.6385072777463696,1,11.710064128673464
1.6359235676594568,1,12.157903882889114
1.7790003208408471,1,11.547576086684751
0.13920390767667223,1,10.29751628759674
1.3999014859226477,1,10.620703011928242
-0.23951691606025527,0,0.23469393568261065
-0.05887713155920693,1,9.679720028980704
0.8782336530617396,0,0.9787589751613108
1.4389912227402677,1,12.543680483958237
1.7956648727548603,1,13.670037055587105
1.2671178660225442,1,10.444885183797776
-0.5623046926767317,1,10.192054653551049
0.6324088722259682,1,9.561312660266227
0.6468747305758265,1,12.619922352611006
0.44585444490264337,1,10.406548265797333
0.943741567749782,1,9.924973792969052
-1.158511673880657,1,10.910405970219301
0.6474412488600221,1,7.946581596884712
0.1904479365712377,1,11.08492698352498
1.8090560581334891,1,12.589449055347492
-0.45579625739265683,0,1.9524827072794935
1.602807456045034,1,11.654489753121139
0.21639712158330449,1,9.795663622790721
1.869312445413879,1,13.368927009879293
0.2640736995512838,1,9.895562371383004
0.04536959544375119,0,0.32922136746419284
1.8690847614811905,1,16.008006773105045
-1.9626201860550232,0,-5.073964092823328
1.6368808234462406,1,10.658043804067187
1.590035340433416,1,11.946382326556796
-1.5271255108356456,0,-2.299711560718916
1.7284731299344496,1,11.940342347651548
0.8626506082892456,1,8.69388727023741
0.9058468604520193,1,9.10936336845484
1.3686615066015242,1,10.21271385951491
0.06960515929986455,1,9.957360436037998
-0.03283746950532773,1,10.327730131741326
-1.302362931554002,0,-2.387752547403069
1.0246533155809843,1,11.506601665000707
-0.9207171194871426,0,0.9414908921916064
1.9505982549442313,1,13.25583837892324
1.7269616132660328,1,12.622138097672389
-1.3040904019127857,0,-0.18970789261208498
0.15664510670101794,1,9.329692380530338
1.7474137203640612,1,13.173111307187181
0.8576966562849688,1,9.152412354056459
-1.1837424458135977,0,0.5796162498644587
-0.5099642737861365,0,0.813545175553368
1.582092913984802,1,13.866912797488375
-0.048583824294550215,0,-0.5030011752778722
0.11031848970140157,0,0.2623841300262458
0.3739856632874057,1,9.988628774078034
0.9436816254957954,1,11.702134785730204
0.5928367097942235,1,8.325368337043656
0.6548179157050242,1,11.371236720519196
1.2895248447414174,1,12.386390717853732
1.5789902833252043,1,12.316702389595168
0.5768520639584716,1,11.006671848885272
-0.19252382139088864,1,10.73505656527977
1.1326401161116113,1,11.621250678226284
0.6341620626802196,1,9.601109752347803
1.2120082878313485,1,10.316231594540673
0.9712860063394633,1,9.682421089053548
0.9038227154809575,1,8.454582389513696
1.4932916634432307,1,12.57332689434501
0.10437605300616815,1,9.050935436315763
0.6918664895777296,1,10.334686334698262
1.0849722961327122,1,11.032561931096408
-1.1539730028729278,0,-1.1863384381356763
-1.3328506592653033,0,-1.9311920413059438
-0.3811765026833194,1,10.334134199449174
1.4135829341477666,1,11.650780854481651
-0.3174790524847224,1,10.644212494513514
0.1027607292107433,1,10.43257604216066
-0.9274270815523167,0,-0.5866939733515074
-0.5618274219199861,1,10.393498754865965
1.1229309201146789,1,10.608910640134626
1.8827061816389765,1,13.088881944704273
0.7668804565387553,1,9.872062585696384
-0.2787342878304364,1,10.31346393023429
1.3526198999545702,1,11.6629983179765
1.2429218609216508,1,10.42991245647665
1.9773212107428595,1,12.834376176509293
-0.8725809009064003,0,-1.5362217983879982
1.609613104442699,1,12.677381770150204
0.7440968957435641,1,10.206118910272737
-0.2249991227817154,0,-0.8221765528505351
-0.6619548450322714,1,10.544573296025156
0.28243898655531874,1,9.345785594383095
1.2069123322791673,0,1.6052252291733136
0.39425197287103986,1,9.833492871330044
0.8218433211339451,1,11.731769575215568
-0.5011121179704943,0,-1.21776864985241
-1.1687046341646568,0,0.7926909650929996
1.3267881747030938,1,10.497639512276598
-0.07543959258073007,1,9.585437310918142
0.7783817090131415,1,11.325404676945224
0.07516248697346439,1,9.193935273478045
-0.6172160259843222,0,-0.6451196559090878
-0.5512735888233937,0,1.3570479118601435
1.4005309387401472,1,11.93063001824743
-0.6575630230363947,1,10.013260673717037
-0.8265863142359606,0,0.4218167499204221
0.4240553277443251,1,11.130494478264922
0.294115805822293,1,9.989088664602598
0.1705785388303065,0,0.11655583219938763
1.6839780843863035,1,13.68332131151888
1.2427342813503675,1,11.19794946989378
0.5137058264583483,1,9.096983127026695
1.1963285830878179,1,10.858137487697785
0.7818688267594487,0,-0.96382677774205
0.8059964058606641,1,10.80825018521082
-0.42885741468518024,1,11.5488154648024
0.8941382933243545,1,11.073417208737176
-0.20459453739198796,1,10.758378133495778
1.1116376269941473,1,11.61912949688221
1.8056928833822639,1,14.195134911982734
-1.742037278176615,0,-1.415798858596035
1.643305058745261,1,11.950022206907311
-0.36982787587027666,0,-0.8687164387582742
1.8795153068305561,1,12.776747877885471
-0.8238411598400037,0,-0.24118959148197805
1.5802668917448566,1,11.898094351579656
-0.3281259679444517,0,0.7975184967767548
0.903919639941182,0,0.051212827755833135
1.5000347989758809,1,12.678259423287804
-1.9323488003135707,0,-3.266529570638268
1.1857622460939092,1,9.959201865570364
1.784461848534531,1,10.88751903435594
-1.3172902587910653,0,0.22784104441667763
0.16119762704599871,1,9.521338648948298
1.365759039824979,1,10.995481944867638
1.2516040365203103,1,13.585487338000988
-0.8525325000688242,0,0.5555466019205524
-0.5810857730791494,1,10.269169873613084
0.4486346357729163,1,9.948414187736487
-0.9447757002145698,0,1.0729710602028801
0.8738157892902003,1,9.678088146126019
1.839666758568364,1,11.269964200819349
1.2777114146814603,1,10.636187272089762
0.1322211603788448,0,1.4972584152774309
-0.4631731480567991,1,11.180420062385672
-1.7983329055911632,0,-3.9675739801644614
1.5792666242421105,1,12.27681416896248
-0.1978538437316959,0,-1.0604591819038696
-1.0169987512564487,0,-0.21065473726256578
0.7603014167551909,1,9.136945644151957
-0.8447601201836417,0,1.1652761183849267
1.2641340092082736,1,11.191486785075774
-1.331864215631699,0,-0.9318303229492123
1.2642270284572943,1,12.56192858159284
1.6030406498029297,1,11.905460351864894
0.4907581637991898,1,8.850886185497986
-0.25549388345873325,1,8.419171522834844
1.285037681491382,1,10.841219145229925
1.0194901156342424,1,9.617085619715148
1.790752103857883,1,12.746368275293008
1.3398271002084674,1,11.0720397411446
1.2905917087755574,1,10.827057823925927
-1.9402001155830444,0,-3.204177455974389
1.4947943738653802,1,13.034293239878082
0.8223434505752985,1,10.231487177217142
-1.6734800718776417,0,-1.2619495507619591
1.2102429926065117,1,10.718672189631247
-0.2062179120867209,0,-0.2791242830134431
-1.4764754457856961,0,-2.5759570635826186
-0.4420724203903186,0,1.5290626653683852
0.05973339965303781,0,-1.7375134505056649
-1.2686488805247316,0,0.08151448629459601
0.6971742948000985,1,12.103064181759752
1.673140141519831,1,11.101103748388761
-0.49178427599320473,1,8.428213342309006
-0.1985960843783494,1,11.107509601871168
0.13392083497913143,1,10.950759675811033
0.5467716574317669,1,9.409855163572955
1.9198813174354026,1,13.21385291593114
1.3871400074789815,1,9.727636841574522
1.950672031986588,1,15.655160387023662
-1.0647486676277436,0,0.5852994067840521
-0.7728936019114352,0,-0.6654407555363986
-0.47541247186105773,0,-0.1777015783301484
1.4365214390049332,1,10.497924119631207
-0.9598078389902645,0,2.6610988663242736
1.313512582406585,1,10.0243503670668
-0.07239933156009037,1,10.450047488301998
0.6859165946688277,1,8.698615994987318
0.4910136129593643,1,10.09035370774305
1.6637720158162095,1,12.895956087128102
0.3803117228010193,1,9.476033066516967
1.4120378218694403,1,12.545663366719047
0.6741867804559414,1,9.750168533237105
-0.6505636865708815,0,-1.1986410399001972
0.8638889153895901,1,9.997113876469086
0.34947947430230775,0,-0.4222359124607291
-0.00016403214084625972,1,9.472071396893437
1.8990403253447812,1,14.130106647452124
-0.6510489966566317,0,0.6809095851927768
0.02341077180731599,0,-0.2978547768936002
0.5336150260416939,1,11.28882584301676
1.7527246900988898,1,12.90736400594964
1.8239202353042892,1,10.421040978582981
-0.6690820939584836,0,-0.903768494993159
1.3058298644309665,1,12.288869052031753
1.1272954533797424,1,10.038534236671962
0.3876427621866245,1,9.560314221042962
0.7555412082003627,1,9.473125080005193
-0.08327248948107613,1,8.506234121855888
1.7377321550137657,1,12.93756932539515
0.6779478207927605,1,10.128238193768285
1.494712138242995,1,9.421621113205227
1.48533436936113,1,11.066694252898685
0.06734707093799663,1,7.8257852851820076
1.5871536396240473,1,11.881608928347521
0.5071352682073784,1,11.51004360210882
1.0197608006333159,1,11.1451828436429
1.7310117562412528,1,12.239482397287631
0.7581070041262445,1,10.56336926138018
0.46027901605879196,1,9.769597220165679
1.5268358785543388,1,11.759661340372766
1.0687531557245076,1,10.354212050908867
-0.3871574672647089,1,12.162957479970814
0.08064089209758274,1,10.130526106449201
1.8360967038918639,1,11.733975733120563
0.5341411744646809,1,9.631893336015118
-0.41611810935018045,0,0.29652049395374414
-1.3980180077096578,0,-0.11447833231050941
-0.8509692204917294,0,-0.670498631029088
-0.8798506817980423,0,-0.18857442241446074
0.01752281719506721,0,-0.6780449532635768
-0.23266518079218157,0,-0.7152155586442854
-0.025963269357600183,1,9.978708084056002
-0.07109907865069376,1,11.325783482273689
1.3037292342000648,1,11.947091676216449
1.392812514211582,1,11.063873572198654
1.7259615476757042,1,12.998367223845406
-0.257666740748268,0,-0.5322870317370582
-0.6383537755429614,0,-0.8792216847059893
-0.6383537755429614,0,-0.8792216847059893
-0.3623517127319267,0,1.2162400958862436
1.2435143240316737,1,11.028322584950779
1.8445419416303719,1,14.61418930006423
-0.8024176465132751,0,-0.365067170291248
1.6431797220397955,1,11.227639704033935
1.1765382469290895,1,10.882477328483922
0.9548926029062654,1,11.082127116331558
-0.004417341856232326,1,9.254029847245862
-0.024611941033754636,1,8.032346340605717
1.1280073023757655,1,9.229206343400918
1.0899913843852556,1,9.876589451312949
0.1765040078524036,1,10.145452449209166
1.8124804575765512,1,13.348104430632528
1.5639814985770593,0,2.917946300010921
-1.6573670016142779,1,7.20488205281397
0.499181594874901,1,8.721869337755042
0.297150300360844,1,10.301290229806387
-0.4866096732694123,0,0.8159340737523499
0.4853224966228291,1,11.371172934212973
-0.3554908869624831,0,1.5564081454160454
0.47835181959131834,1,10.44900266056971
0.6910584576498668,1,10.573937020089602
0.6521887672136897,1,9.42346615348112
1.4576119487775907,1,11.444752533650643
0.8744149627607825,1,9.91633997668831
1.9042823441276173,1,11.350964816920154
0.7467144468965179,1,9.396577826194102
-0.796145732212735,0,-0.8723791947720501
0.8078675090308134,1,9.611584915210694
0.8566125855686959,1,11.563938229107514
-0.009735666445096491,1,9.988911005107939
0.7588061394474743,1,10.24455006467528
0.3256995794763484,0,0.7232661817252589
1.450700651782903,1,11.521039610418656
0.34947947430230775,0,-0.4222359124607291
1.1395879084458702,1,10.246290800961546
1.9846306939951153,1,13.062731586943656
0.90852478752771,1,9.235770545360856
0.499775081631328,1,9.412245653693194
-0.07202032906853173,1,11.271028269913556
1.4485104690618025,1,10.108363993988345
1.645367264865635,1,12.792812681590503
0.9195564708143911,1,10.898776707754836
0.8488808207086347,1,11.08302759152465
0.363465069580458,1,10.642404769833668
0.5932720298083822,1,11.23555619428948
0.7827106528613559,1,8.008845340456507
0.32828052449689427,1,9.911044495437737
1.0047121912336725,1,11.261502075605392
-1.4066271961516446,0,-1.7365920539254485
0.8131089109298064,1,10.56926608755635
1.2474467993303362,1,10.911876498729528
1.431431134069956,1,14.095735885953914
-1.685686011379917,0,-3.41920075035722
-0.5543848837312546,0,0.7227851630195634
0.10803049832613487,1,9.283389563117462
1.049140539106463,1,10.030057164975656
0.3719389910219757,1,9.201600665894334
-0.6399824557604314,0,1.6749956524922174
1.729067535683889,1,11.703164632568337
0.8069530955090287,1,8.159432604666186
-0.4783978041183614,1,8.672013000167983
-0.6282813489632164,0,0.4909055574700208
1.0836488149832877,1,10.081726957093284
-1.5077915056387003,0,-1.5790879396582613
-0.8167036100138558,0,-0.23762052176606605
0.4730190861211838,1,10.029200551399768
0.39639730041100973,0,-0.29737820111549285
-0.3555463320206056,0,-0.11111916159991089
0.363465069580458,1,10.642404769833668
0.15330548803964827,1,9.911509967784971
1.9703271819510535,1,13.224713558020424
-0.35841269204135395,0,-0.5153699666751329
-0.7741461278287187,0,-1.0393525220672237
0.40621551719929627,1,11.415754087403862
-0.09781585005269333,0,1.239812328810665
0.9320004288904928,1,10.594470338059551
0.04574562520634906,1,9.602305375045265
1.1946231214265461,1,10.154482413042047
-0.5480686383845135,0,-0.6421967370476162
1.7838835593823972,1,13.062563006464165
-1.6317320556700983,0,-1.7988936185966213
-1.708947974543226,0,-1.8665769359195723
0.6940671472690361,0,0.3930746392817642
-0.43275642153131333,1,9.648306204348046
0.8488808207086347,1,11.08302759152465
1.3129970097488735,1,11.710841265185794
-1.742037278176615,0,-1.415798858596035
1.5706868443078994,1,14.015104798461888
0.5351331389891505,1,10.164807082445167
1.639772575417568,1,11.867051307881624
-1.5144543273623743,0,-2.280148681680372
0.9922927177181284,1,9.37504728957073
0.44133513324367346,1,8.325821260024062
1.6169731656302604,1,13.562392173991073
-1.488601052026132,0,-2.55396687397433
1.1855628904788356,1,11.142748997865018
0.28913525816800467,1,10.32175889585183
1.437299804281904,1,13.101046950775126
0.17702934806100323,1,10.317066065704376
1.9494738892488002,1,12.929863940155725
-0.4803028361519419,0,0.07026847404283616
0.11933555584828115,1,11.551222292381095
1.450700651782903,1,11.521039610418656
0.8564765636996636,0,1.4670610472250045
1.6287801228233194,1,12.819742396287483
1.0205344697807837,1,11.376683996610014
0.8326883545811263,1,9.571954279783824
1.778456877896093,1,14.122589720581473
1.9982308130017543,1,14.25834781968639
1.1453800576622082,1,10.1973611171926
1.8534412817841517,1,13.307617835124816
1.5918208647400767,1,12.69142833270574
1.0986141247247274,1,10.782360130781413
1.788611744025419,1,12.753389621477242
1.4198960782458974,1,11.844766664726189
-1.0322890875230537,0,1.335414025747006
-1.620138899086494,0,-1.352169520682726
0.8334519068601391,1,8.772035018910481
1.8796481844290818,1,13.050737979884003
1.4944741149488614,1,11.203748371724421
0.4707783447543634,1,8.027904418666779
1.9530484605727474,1,13.385406986593996
1.0577629123020174,1,10.822635486719042
-1.0273112360021837,1,9.547637141848337
1.3938870976250586,1,11.909176264241635
-0.40598106241050624,0,0.5817223026052905
-0.02006882115015607,0,0.4661705551943527
0.00447880330139272,1,8.289004822324669
-0.37130504560449884,0,2.300723420369113
1.4574329993585482,1,11.415893169363814
1.9040552931168544,1,12.681450012765445
1.7305924021699144,1,12.892948489772946
0.49434275201103883,1,8.970732008830005
1.588863031813307,1,10.597886217082435
1.1326457236947887,1,9.76368168614231
-0.20636863593626842,1,8.539561754215791
-0.5875884442464421,0,-2.3286766535137904
-0.038182365920861105,1,9.73195591051693
1.6440627999168802,1,10.34444076283517
-0.054068937070308465,1,11.647564918309273
1.8822933305094418,1,12.504738187855946
-0.5674411338834222,0,0.7250019571384362
1.4856561367634171,1,12.335272962275733
-0.029723716986809645,1,10.072389541873907
-0.2893236567033237,1,8.692582231734466
1.9062440932916171,1,14.97171717958004
0.32879498637645543,1,10.219621015876209
0.950329206355566,1,9.04245535051246
-0.17244771305093254,0,-0.17582826757888692
0.32068947690932914,0,0.1181552495696507
0.7886650171614016,1,11.217933170998048
0.75317199370902,1,12.372511584594033
1.6030406498029297,1,11.905460351864894
1.0197301591402015,1,9.010012895190226
0.5370106138061495,0,1.397474428981306
-0.788276377438283,1,8.746156205573737
1.6000924935920446,1,13.79020550031328
1.7472898481323673,1,11.369909600386848
1.7314707605065323,1,11.812740380575685
0.5806911616377994,1,7.740968480033882
0.9309338991446605,1,10.082153611316071
-0.8503616141376811,0,2.4242044343701887
0.012529890206160132,0,0.5064186797834722
1.0430372335478002,1,10.75218120877123
-0.3262020112981676,1,9.93197719042047
0.7530969431209482,1,11.428851523186115
0.6592310343209782,1,10.167778288589329
0.4860292445523364,1,10.264252573357384
-0.23266518079218157,0,-0.7152155586442854
-0.42885741468518024,1,11.5488154648024
-0.559760392277096,0,-0.6425079695505935
0.08064089209758274,1,10.130526106449201
0.42035807416215354,1,9.421227843841974
0.4240600099177727,1,9.290219216545687
-0.12879035185064325,1,9.010874311581235
0.14747287188240854,0,-0.08612802872507974
0.37027273105930725,1,10.81688065937129
1.3524611585924409,1,13.30920525645092
1.5565221428194334,1,10.96927565910497
0.4616831192833417,1,11.53267473985532
-0.9705381663934638,0,0.4247144698899668
1.010866558230565,1,12.115496934150665
-0.455589448796903,1,9.731636411358409
0.3354330692320615,1,9.056960309699164
0.050670903825665636,0,0.04111941822977802
0.6458648212946074,1,10.767802991103524
0.477961384038458,1,8.746420332413193
0.8078675090308134,1,9.611584915210694
0.4893730584689844,1,10.704779044283502
-0.4100480303094889,0,-2.1414847139696
1.6974173847752017,1,12.997815220975772
-1.2971390166526966,0,-3.06585626608181
-0.6547490899801778,1,9.533862719786459
-0.24887409080152034,0,1.3973562132902448
-1.0301179854610814,0,-0.198950800738959
0.18246715726373974,1,10.0662104159078
1.2607209278795564,1,10.979959388101868
-0.3924512004370797,1,9.131586195914158
1.570235993959911,1,12.35627003507008
1.8535777368542017,1,15.684476718010988
0.5963224080755376,1,10.115421992382094
-1.1858579100727806,0,1.3567175603274426
-0.7519947755661986,1,9.585330070687636
0.44662270258405634,1,9.8000939643075
0.7635359062032911,1,9.751983079530925
0.4800053339096335,0,-0.3092147934945189
0.04587016017046963,1,10.281519395233335
-0.2851919160542655,1,9.777717120463208
0.7592842853150477,1,9.447560153493425
0.841687260049647,1,9.473437928196354
1.7259615476757042,1,12.998367223845406
-0.7868758957382189,0,-0.16701961286833644
0.70410515221019,1,9.126772066094514
0.8487168853901434,1,9.488880295334504
-0.11087278334807316,1,9.708424088237464
1.8429852110854217,1,13.791293723437978
1.795542149013333,1,12.312086324056294
-0.7192753302862456,0,1.5334101027407485
0.22900733327364264,1,12.153632890146259
-0.7052830543830253,0,-0.6532542118024167
1.8207006419125298,1,13.884429107316583
1.5942424186993573,1,11.334977538916313
0.37512252777380883,1,9.111911949164288
1.0498347429627621,1,11.132045236039525
1.8947685394007951,1,15.029930804080475
-0.7071882719169791,0,-1.4532234320771003
1.7194819291755161,1,13.603017054423999
1.0661092648865087,1,10.890282424203365
0.5638621123950309,1,10.217509791251201
-0.3878449683714713,1,11.706115578116338
1.6315951751184774,1,13.568388857848348
-0.8613010446141454,0,-0.9446141218380004
0.3694013143734489,0,0.27320929705398905
-0.7590588650211809,0,0.930536531218461
0.3814228900412475,1,10.243222112873926
1.8514819760072387,1,14.777103099645974
-0.7682802336352363,0,0.3954045792465223
0.14331073789232507,0,-1.0024978513513845
-0.532168672732019,0,-1.2649066165169456
-0.7165818290006256,0,-0.21318440129088168
1.8579066156032464,1,13.924734425963134
-0.21309412518943782,1,8.73715080343091
-0.4952381249215114,1,10.39606686038879
0.928876825248889,1,8.718285839039137
0.2769208483657919,0,0.3445638324901545
0.841687260049647,1,9.473437928196354
0.7421544822504931,1,10.621998544943162
0.621743913762645,1,10.228284346236277
1.4059567265861865,0,-0.07568142011115553
-1.0437344636998813,0,1.0664166808883293
-0.9210301365049318,0,2.194730785766778
1.771650845567026,1,11.988051328487176
1.3592064266577069,1,11.236752443901967
1.550816731033199,1,13.80599382112959
1.8236751998481768,1,15.269865881954253
1.8822933305094418,1,12.504738187855946
-0.2304250370072256,1,9.439115616607182
1.7843024722753253,1,13.179116053079529
0.19183795589477182,1,9.874685501751573
1.4941370569808585,1,11.21933971730084
0.582288725709712,1,9.79012393279213
-0.9053344603141693,0,0.36442746331649245
1.010866558230565,1,12.115496934150665
0.8271088675417833,0,0.7321373214355552
1.6632573927629757,1,13.351543713875655
0.9160286721639492,1,11.392434697463884
0.7101690698358127,1,8.436347550826623
0.963532826887942,1,10.589439174576903
1.6581946553942357,1,11.615793155264239
1.4306239529673093,1,13.522076252602506
-0.12577202163546142,1,8.807597684382456
1.8034542490016414,1,13.497375025517812
1.6737057285816346,1,12.353969576460791
1.4173839311308618,0,3.699061445906225
1.9712159127440576,1,13.964796351186129
1.3636348416116286,1,12.507269275449376
1.3156618966027094,1,11.509321452685892
0.34323357686097733,1,9.680999458389596
0.5270993746110215,1,12.223066396696378
-1.2812675645190321,0,-1.4422673660657594
1.4752043832712811,1,11.848340769624455
-0.7561079144678668,0,-2.1463347223249625
1.0119447721567405,1,8.992966431073455
0.8681917548284188,1,11.224888060209965
1.5063924753400748,1,10.814699698561794
0.2576663511189907,1,10.778177771277997
-0.2923787174547856,1,9.105621393542163
-0.5291367877622659,1,8.837007353642438
-1.2754026018612787,0,-0.8170728884708487
-1.4101898931748642,0,-0.004222523644471066
-0.5976497647736121,0,-0.8115022009821684
1.4347924849782956,1,12.183646555937282
1.805719241447329,1,13.920324528325175
-0.872699986818112,0,0.07988734191546376
1.9505982549442313,1,13.25583837892324
-0.9618328672956387,1,9.231949925009738
1.802447098971561,1,12.790428613820044
0.11482927953621047,1,10.196611061375734
-0.2062179120867209,0,-0.2791242830134431
0.8576966562849688,1,9.152412354056459
-1.0324268235484433,0,-0.6367434397252072
0.25557168422160936,0,-0.4573313653658987
-1.3874219996641752,0,0.3416607670162657
1.4629089484271747,1,10.524651670708776
-0.5079716004857571,0,0.006445417121654917
-1.640696989711664,0,-3.578304377419954
-0.6994682863989423,0,0.035951096746353994
1.4059567265861865,0,-0.07568142011115553
-0.19961892563656258,1,10.102883319142194
1.1710324542912511,1,11.344379455240468
-0.8992391529060972,0,0.13087070454220134
-1.477158493039202,0,0.07939308525412003
-1.345376228537182,1,8.695559345404765
-0.35521004446981674,0,1.502945916378907
-1.951516901424427,0,-4.200072136229271
1.5250322710520465,1,12.761345394539537
1.8990403253447812,1,14.130106647452124
1.3074342438910125,1,12.426706756154713
1.9245749271672876,1,12.484410406991849
-1.902436027559613,0,-3.402963759832722
0.3876427621866245,1,9.560314221042962
0.4709076962471772,1,9.295271934824207
1.8236753158212768,1,11.786060191874915
0.8350625293826184,1,11.042823400588414
-1.708947974543226,0,-1.8665769359195723
0.22494557610309096,1,9.843844765662787
0.898231636635273,1,11.668789703263
-0.5131037343906271,1,10.390699815385268
-1.5958167559574132,0,-0.7806134066288415
1.5884410398103084,1,11.333019932431913
0.5941366361333698,1,7.8333698586927465
-1.750423725606891,0,-1.756111149943657
0.8372571792139336,1,10.273076023645578
0.5985315961888587,1,9.648730539963537
0.43017940760575346,1,9.671653612473847
-0.9497990799199991,0,0.6171277964220543
-1.5968879944902934,0,0.09513663124593341
1.6494533824667639,1,12.68043824566264
1.9031152741957307,1,15.070071167735787
-0.6511736977369917,0,-0.8985205620419536
1.7687418179585541,1,12.823844824734634
1.4838764949843424,1,12.131598767062783
1.290148971692676,1,11.470522680226177
0.41454880223750035,1,9.717979788033865
1.8124804575765512,1,13.348104430632528
0.7258424500686851,1,10.576404032031984
1.283396037052515,1,10.79425847972889
0.3334750603886385,0,-1.0641273982255515
0.6013027453877475,1,9.666054314997053
1.5918585873911542,1,11.717793533493507
-0.559760392277096,0,-0.6425079695505935
1.301759582994515,1,9.55822551785183
0.09356364549746576,1,10.798457689830586
0.5102323203362538,0,-1.1285537141859132
1.8630817755371485,1,12.055463254838116
1.4005309387401472,1,11.93063001824743
0.8350625293826184,1,11.042823400588414
-0.6764516492248229,1,9.93063009890191
-1.7918166449754742,0,-3.022967586248615
0.6940671472690361,0,0.3930746392817642
0.7798043556098468,1,11.596524417396477
-1.6612466324987727,0,0.0841044913295339
0.0041895111776728555,0,0.518677874310039
1.301759582994515,1,9.55822551785183
-1.0305852194529508,0,-0.34016728555873643
-0.045427238381337,1,10.226821446914798
1.5672808456264513,1,11.870454693804474
0.5362202240439333,1,9.867431394631124
1.1407038455720544,1,11.108596728639347
-0.5592374343549484,0,0.8480049238704266
0.38432782095322393,1,9.898083497671383
0.9208868710289968,1,9.339186700437992
1.1278399086318367,1,9.761753971505682
1.4656927341588006,1,11.974199896629699
0.1253598129464364,1,8.193945408796294
-0.3280031323185937,0,2.592300885837814
-1.5924275965082528,0,-1.2032203400216308
1.04281922417558,1,10.577551511784435
-0.7621496942152706,1,8.417648507162228
1.2492693308564755,1,12.182518999946803
0.6762140612677916,1,11.227248208182633
0.5836689653264049,1,9.902698670584256
1.1085876637097472,1,10.538436961495343
-1.0875984883904595,0,-0.10634148709441993
0.7470228811276356,1,9.375783439066801
1.106387411166967,1,9.19512102796686
-0.08327248948107613,1,8.506234121855888
0.05001059508132677,1,9.84760348286436
-0.14427449275066895,1,11.187321768030577
1.2114137943920458,1,11.650030346468267
1.5238920225586297,1,10.742445867086523
0.7715137107866088,0,1.2494566462235757
1.4932916634432307,1,12.57332689434501
0.903919639941182,0,0.051212827755833135
1.1931807158671006,1,13.044638956141288
0.7081512595280408,1,7.114912498049097
1.5580772441750526,1,11.776952858468437
-0.5459421705229333,0,0.40830994789457226
0.5864845346302214,1,11.11581455394462
-1.6609353822946673,0,0.3277123326819815
-0.2661110689774624,1,8.842458192580207
-1.6123306917320206,1,10.420660152350123
0.10437605300616815,1,9.050935436315763
-0.4290595431030897,0,0.5769951404482699
1.2952069996821516,1,10.983732524776487
0.3122884080496502,0,1.2339380862719407
0.4893730584689844,1,10.704779044283502
-0.8899087803904298,0,0.15615616743747573
1.2850292186880514,1,10.957677417421348
0.08583855488588776,1,11.05329369721334
0.30742952453080097,1,10.008869578021425
1.3553573470610814,1,12.222071822854637
-0.37752243897823057,0,0.520986009663629
-0.9186056380176626,0,-1.2896737970952676
1.9059586445915486,1,13.452408878841783
-0.6919729260155916,0,0.9307696530740972
-0.07002775788934823,1,9.659577915438785
-0.4947527321800096,0,-1.60467843269541
0.41285224839801726,1,10.189030030935891
-0.2977764892131298,0,2.447887086488755
1.5014529596030428,1,13.052005290654684
0.538329670201215,1,9.739383786993187
1.705530426920347,1,14.079643687642633
1.8720886881829548,1,13.104393261849324
0.05373798850328049,1,9.396702901344009
0.8801461461842974,1,11.113379803629783
1.3130942592639534,1,10.672751796164729
1.339788822777615,1,11.694765678572017
1.4821078650775368,1,12.413946674158105
1.0335390863596712,1,10.9028239496491
1.00949811775072,1,10.948808041798156
0.16508044376671238,0,0.05957909716198686
-1.9655239896328789,0,-3.6595434823045787
0.8377554585358991,1,8.95615153901556
-1.3942179122585707,0,-0.501186616295623
1.5141229968286236,1,12.23948692596799
0.9945809365048,1,11.978586954578443
-0.2292251921302566,0,1.5866677566327232
1.3398271002084674,1,11.0720397411446
-0.34228075013185366,1,9.628490106322737
1.8935304766592846,1,12.32726809865248
1.1218845535206197,1,9.305550081081659
0.10982585488692864,1,8.712657719274299
0.8408393932650595,1,11.821783748203764
-0.8416691813170916,0,-0.08402564902159337
0.1764344957578743,1,9.082221993975505
0.9619045278140765,1,10.063523544487188
-0.7851045934726968,0,1.114945022371622
-0.7575961144186816,0,-0.16314028723695467
-0.23157186128111995,1,10.57331644370846
1.7582743561006628,1,13.75435876855577
0.8202531368215165,1,10.319852894665035
1.4599799048311053,1,12.1165226135414
1.1687647792067044,1,10.245689328046268
0.06271771078599109,0,0.41596470608488784
0.9146251369464107,1,8.83066411372967
1.370152917594548,1,10.61969335394387
0.42686480788001546,1,10.256180788763734
1.252728589137845,1,12.030641115765789
-0.5592374343549484,0,0.8480049238704266
-0.2606906455850151,1,10.754784366228682
-0.11369524579936652,1,9.716963539514747
-0.651150038374857,1,10.48111349531303
0.6171702092998474,1,10.45749423127008
0.6631376058754839,1,9.740604608043487
-0.5581019794337845,0,-0.76759319100077
-0.4275128071716834,0,-1.0958713673157954
0.3354330692320615,1,9.056960309699164
0.026199999634188842,1,9.258581384846382
1.3749151708410299,0,1.06177519803709
0.21082830287418108,1,11.737674057846348
-0.7533883333814044,0,0.23820908317844183
0.15076851436388594,0,1.5293751225176377
1.1837055485740096,1,12.408613990605957
1.473090021633522,1,11.76870279525096
0.7082948506337918,1,7.666030601564639
0.8748724530488095,1,12.103806476122601
-0.6588837996868171,0,0.41280526616948376
0.6829888018870935,1,8.622635052648631
0.7716356440990708,1,10.460538754685968
1.014664551638325,1,10.215967289021648
1.4097555425674924,1,13.646303671140172
0.18562829684852833,1,10.507577850018711
0.8223006900627539,1,9.915079886465216
1.029876202892412,1,10.092435653493894
1.9441117127857188,1,13.301845904101796
-0.07109907865069376,1,11.325783482273689
-0.9623062662748301,0,-0.9059819886058242
0.874958471414121,1,10.316454436488733
1.019309833449325,1,10.993522785908391
0.6868027376234269,1,10.792345648532322
-0.8221369618323293,0,-1.292515745800288
0.2971741588342942,1,9.744370963187226
-0.4688049422544487,0,-0.8261987106681097
-0.8619521610302234,0,-0.4204462371685097
1.0380805948677763,0,2.3194511651438074
0.7799275445061702,1,10.157981105981596
0.7555412082003627,1,9.473125080005193
-0.9268959181857732,1,8.655154509224928
-1.3655795788277052,0,-1.5481679578203762
0.981590956566158,1,10.988950938642782
1.2073035995020605,1,11.95373240988609
1.5313459627123165,1,10.168158321418264
1.6329139548012916,1,11.04315566599736
1.6310449746007145,1,10.852507066252608
-0.4866096732694123,0,0.8159340737523499
1.4829996050900456,1,11.531922329615933
0.8722726448034432,1,10.194802733865062
-0.37130504560449884,0,2.300723420369113
1.3494683190806027,1,12.951828036110978
1.9119736949529385,1,12.957303253289478
1.5610551355636653,1,12.880896167490391
-0.4619546894207498,0,0.23234374523207219
0.7324571428921862,1,11.359202155361366
-1.4135417713606309,0,-1.677267935545934
-0.15313542474752362,1,9.89841663862591
-0.22486568287065722,1,10.243618665293615
-0.3065678905968561,1,8.07741050683042
1.978257026738099,1,15.938053544211174
0.7185327295805743,1,10.643287886555628
0.04587016017046963,1,10.281519395233335
0.5451654159169923,1,10.8610189948568
-1.2985148855062016,0,0.05651433998272104
-0.966942568451346,0,-0.25847707688075394
-0.03304822792404227,0,0.8137549331877639
0.9291622697027844,1,10.791966797442548
1.8493522299248273,1,12.624137993197476
1.674086121772485,1,12.899138574076542
0.43410909078586624,1,11.894868767653998
1.301759582994515,1,9.55822551785183
1.5565221428194334,1,10.96927565910497
1.833310745925547,1,12.340428243235214
1.2827846430671173,1,10.635966045598426
0.7085099542956077,1,11.486938685691078
0.46027901605879196,1,9.769597220165679
1.7669028464757002,1,11.265539328201214
1.6839780843863035,1,13.68332131151888
0.6165309481114947,1,9.187349343061019
0.41721767928591547,0,-2.637006293632363
0.9715259746717559,0,0.29911944585584344
0.9038227154809575,1,8.454582389513696
0.8665277468081256,1,9.2851655960461
-0.21708071638852333,0,0.2533550109064489
0.2634071496426875,1,9.783131862857886
1.1861491639047053,1,10.91509344639795
0.3743010176571917,1,9.838159332691776
1.908027817755774,1,14.90740103079276
0.07051931359186892,1,9.72283588880155
0.1877155039419076,0,0.3656748513615309
0.5756318282710589,1,10.393116683745095
1.561210228454081,1,11.922649503384157
-0.6005532231100861,0,1.2255399081309977
-1.4549977396320886,0,-1.606557099182568
-0.9656336354608639,0,0.43197991245485845
0.19208598891654027,0,0.07892239156568036
1.009609814877869,1,11.308994797848708
1.8656695434656294,1,13.604276537934243
1.6616648058668138,1,12.241868060504206
0.9679109180559435,1,10.230699811230934
0.34340848973267324,1,9.871551943779536
1.2326281960968508,1,11.029870658130418
1.621402567824255,1,12.130851141504117
-0.18017248108905148,1,10.31856017523414
0.28024468035745986,1,8.882773954571382
0.6546846614505926,1,12.428605847229413
-1.8632976438356503,0,-2.695440052616845
-0.6005532231100861,0,1.2255399081309977
1.7415779586711948,1,12.291818682369579
-0.6976754699239542,1,8.78860512331826
-1.032424686964644,0,-2.5237720259426566
1.3539673353720993,1,10.904076773214875
0.05973339965303781,0,-1.7375134505056649
1.1225268697022286,1,11.08739133417901
-0.49871461690794483,0,0.5210330993999839
0.1691999024843165,1,8.613079558271238
-0.9437520612251249,0,-0.3988266840594791
1.8624393255235363,1,13.635212093913452
1.7777943307772137,1,12.249321164813608
0.18818138246231086,0,-0.91053623073462
-1.7431642516994637,0,-2.3086747584748277
0.2910811067477832,1,10.921427775770763
0.35234498341879084,1,9.147547469422316
-1.0525177641020718,0,-0.6055463607792673
0.6770731670033396,1,10.861863220666798
0.2336169989432202,1,9.336690112274173
-0.31311629250617834,1,9.687748174888256
0.21639712158330449,1,9.795663622790721
-1.232507262381994,0,2.0737272336777717
1.3862031032794513,1,9.76437001212894
1.802978852850687,1,13.425576375525354
0.16119762704599871,1,9.521338648948298
1.2446504155165288,0,0.6085625022859388
-0.1976700287355304,1,8.450751936533056
1.0986917487271932,1,9.665535735033826
-0.5823040320504553,0,0.06076252505946951
0.30316988448923876,0,0.03440764233576576
-0.42658864500895266,0,-0.3902732119007513
0.4901879618491267,1,8.415826793515901
0.0634476108493125,1,10.44591555616131
1.1752724156321586,1,10.881878702660234
-0.5313214972199094,0,-1.0936329910237246
1.4781646754368731,1,11.20813287852297
0.7026516088282921,1,9.020416214046014
0.40979776786635114,1,10.705984096829223
0.557499202171102,1,10.172056158280615
1.2203892481645395,1,11.413700311089174
1.0642591061412103,1,10.628058058165653
0.6660879067721397,1,8.330006045631528
0.6269466581651688,1,11.431764207021878
-0.5131037343906271,1,10.390699815385268
0.5924085090442857,1,11.95046509287892
1.7946163236119625,1,12.657907903238543
0.45175832997810206,1,9.07040933965768
-1.6414729067815284,0,-2.7432573876010746
-1.074605147199398,0,-0.5918047788358466
-0.3567344177302889,0,-0.09443846952903316
-1.1494224945156155,0,-0.2023698135073112
1.751058237272897,1,12.379554013874584
0.5492086261520956,1,10.590120309721017
1.9394336110499033,1,13.664702019562142
0.6862927823711984,1,10.857194702954825
1.4336510073720472,1,11.087325811753809
1.493444471365752,1,12.980891545056936
1.3311162840931785,1,10.872646204990286
-1.272729388650645,0,0.8409388112251819
1.4317396559893152,1,11.98446438452982
0.618602747463818,1,10.581565840350684
0.26034124981102513,1,8.782384883517237
0.2939983397408641,1,10.952686871695535
-1.5015431691699153,0,-1.3994230170725872
0.13329419143842003,1,10.32456837996226
1.521259048595708,1,13.572358782716286
1.6842779451983256,1,13.709396288967904
1.1034602608111475,1,11.485623082229374
0.6232830693095712,1,9.85181127222792
0.8890677274226366,1,9.623755467373492
1.7194819291755161,1,13.603017054423999
1.150196343435117,1,11.161221980866317
-0.349512636605505,0,0.07238450815508164
1.422785872425143,1,10.818768316415833
0.24375188614154508,0,0.6962105933015554
0.8131202161690019,1,11.125446579480334
1.4132687466663443,1,10.303448881528789
-0.4358685234904054,0,-0.6793351965749888
-0.007242803304083445,1,9.603615937006202
0.6596468979488721,1,10.589538954764118
0.8406930663606427,1,9.686572480156848
1.9154240607129385,1,14.826578437464887
1.8023758637244973,1,13.174932553748963
1.3985895627096459,1,10.437254458902235
0.8196445309253444,1,9.57602468565003
-1.0939134958555772,0,-0.20252636617481806
1.220697589441507,1,11.118178632975297
1.2641340092082736,1,11.191486785075774
0.3129191446780548,1,9.523056589507124
-0.48099390832273015,1,10.446800695441189
1.3285367118309677,1,11.307828950151489
1.5109976194504995,1,13.008490830476333
1.0329539028163652,0,1.2776985094373046
0.871748094490278,1,9.577452534643259
0.11080443634519943,0,0.14317995534039263
-0.4060849515631424,0,-0.007351759308930818
-0.0533242343011886,1,11.641958207950058
1.2014260312894463,1,12.793359126464084
-0.6004181454104054,1,11.743881062293545
1.85391978989731,1,12.415193342685043
-0.5787210061044492,0,-1.282530006170313
1.8662337575221764,1,13.34733708514264
0.1599415188634219,0,-1.052789855105195
1.3813199027549068,0,0.13192446780247424
-0.7227454496383405,0,-0.03533662596424064
-1.761530698621364,0,-1.6737615914930606
1.7194819291755161,1,13.603017054423999
1.8030908309253522,1,12.20684787116426
1.5935458663361395,1,14.21172543680415
-0.5480686383845135,0,-0.6421967370476162
0.4860292445523364,1,10.264252573357384
1.730582869364671,1,12.101439555202843
-1.1977413616477204,1,9.475553925156197
0.8408393932650595,1,11.821783748203764
1.3155334635304379,1,9.80029844036926
0.3472817802942547,1,10.56246111305177
1.7058551918247393,1,12.706464761241747
0.4969519836559684,0,-0.3896174646887342
0.12343613715390322,0,0.9075903742380391
0.21922703309579195,1,8.798583193765266
-1.2168354608428142,0,0.2899175480426288
1.6258884438581878,1,12.611799852741338
0.22348325679583736,1,9.773187874499582
1.3148359352720256,1,11.941946046664675
-0.6090486577627376,0,1.5659127864790445
1.0979424124791635,1,10.00860627603188
-1.2122971821862865,0,-1.481912550164004
-0.5788641030523096,0,-1.0812000243710251
1.1400661753482275,1,11.974452722881063
-0.5126528617343222,0,2.4736262256007207
-0.21291136464157256,0,1.8427444745583088
0.776602294039324,1,7.896517176591465
-0.25010031190508375,1,7.970832940801792
0.6284753562450933,1,10.48698343456221
0.7880520557370518,1,11.50257888509534
0.2942531201068399,1,9.402758963256096
0.5924085090442857,1,11.95046509287892
1.7704388406346223,1,12.928530137486094
1.7892275969478484,1,11.44542126460577
1.226244591445799,1,13.598997688531021
0.12916750380581776,1,9.215302378771316
-0.9398603274378101,1,9.805397607785153
-1.7116626560053065,0,-1.756846132978502
0.9324520896611239,1,9.997947187209322
0.5364161255053252,1,10.955001618924044
0.9086762790652321,1,8.861498006942618
-0.4674458870020102,1,8.682827880958918
0.557499202171102,1,10.172056158280615
-1.0711492194127308,0,-0.12817827011950117
-0.1303939550005211,0,1.258847464435184
0.9829351309249286,1,11.564943995082231
0.5972892983075266,1,11.582507519082837
1.731116498750938,1,11.816230226843873
0.5351331389891505,1,10.164807082445167
0.8332961963118812,1,10.10660062242115
0.24857901531034,1,10.500304531149306
-1.4955594332855,0,-2.55942469490814
0.901030641660546,1,11.610204273468362
-0.39857349264067743,1,8.37766163143924
1.1164103455831471,1,10.456568297252224
-1.0903130851058829,0,-0.2786261772816378
1.5549923194759088,1,12.712041458116236
0.6003698045597257,1,9.997008710293446
0.36301488541225924,0,-0.09820426436318933
-0.5459421705229333,0,0.40830994789457226
1.1402874462540509,1,10.732357214805864
1.1725714959869578,1,10.146570620250426
-1.0393936159119432,0,-1.6897051166605985
0.4150205753504519,1,11.049454577131664
1.7593284944539005,1,11.888782840448274
0.8774144894766343,1,10.173910656016332
1.2827846430671173,1,10.635966045598426
1.7314707605065323,1,11.812740380575685
-0.614616022536155,1,8.677043177455559
1.8625559010672017,1,12.940455384040526
0.11049782735483138,1,9.54592061101078
0.7715137107866088,0,1.2494566462235757
1.431062193489769,1,11.473310820345837
1.6383815644437774,1,13.254021562860464
-0.71880503001303,0,0.17027805505131519
1.9034834511341465,1,12.97269043042483
1.1652428572506675,1,10.044680073708001
0.8062610624117692,1,10.530149770359078
-1.5245896860950512,0,-2.4564681178247407
0.24264037766468372,1,8.328035111711923
-0.6541985927299594,0,0.023312208520504224
-1.52979479939912,0,-3.9705091855025527
-0.8583788387886337,0,-1.3144649674470579
0.7470711823886784,1,10.411014731599021
-1.2956428482245843,0,0.8110738594898377
-0.02006882115015607,0,0.4661705551943527
0.38507951392821216,1,9.62418118563909
0.25981043060989295,1,11.236846714638014
-0.15856691519229482,1,9.184449084838255
0.03362390657850822,1,10.164538039103299
-1.2902418248811087,0,0.19268409964005628
0.6466690385167562,1,8.464635007462402
0.98175789673732,1,10.82692947934328
0.4893730584689844,1,10.704779044283502
0.7521822282965154,1,8.963593780488646
-0.1999030418887897,1,8.827631358895031
-1.263005393709303,0,-0.7149185381769028
1.9307529583653027,1,13.173048219040187
0.5355578473297675,0,-0.2552356370612064
0.5912697839621135,1,10.904006826763233
0.016531367673753294,1,9.320909691483353
1.9613292151745934,1,13.984319578655075
1.2335893924658445,1,10.31390551511614
-1.5345344084580956,0,-1.658007541744696
0.3537249618138092,1,11.22380923312959
1.5918585873911542,1,11.717793533493507
0.8300912759121712,1,9.885095755407347
-0.05451159669940964,0,-1.0808471631763048
0.9935373987049254,1,11.434499866704904
0.6460972965846996,1,9.31976632904815
-0.07183576755166987,1,8.918548720614835
-0.17911940367279522,1,9.870572744592128
0.30761553850543644,1,9.118134033980635
-0.7961347214735133,0,1.1797299963635892
0.8768071130890553,1,12.145341454153735
1.4932916634432307,1,12.57332689434501
0.5634989792128584,1,9.076111608742261
1.4744926718224431,1,11.511539923319983
-0.5251713165408192,1,8.82586782577151
-0.4216956976094144,1,9.880667493214853
1.2061484475319584,1,9.97950538822506
1.0329539028163652,0,1.2776985094373046
1.1780621779629947,1,10.596152373356547
-0.31123106447728777,0,1.178990152138829
1.582092913984802,1,13.866912797488375
1.5178507740475693,1,13.421933776891034
1.3128510315463768,1,11.878472369992231
0.49096510550991024,1,10.168625435864463
-1.3041451763866454,0,-0.8219026638651747
-1.6112940249169259,0,-2.7860516736493963
1.8002478682032197,1,16.25247299516775
0.4781048001452133,1,12.169019869580811
1.9347157010536544,1,13.927438842673876
0.9514780742461202,1,10.251580075481758
0.6655416543128259,1,10.046874912457934
-1.2619159225744907,0,-1.0633195698154903
1.6842779451983256,1,13.709396288967904
0.7209111168334132,1,9.426893642898246
-0.015296295595538911,1,9.74728515363068
-0.4124480871003242,1,8.468814859251026
-0.8992391529060972,0,0.13087070454220134
1.5792666242421105,1,12.27681416896248
-0.038203613056200236,1,12.16671384114321
-0.7587660715818099,0,0.5833043424771566
1.9130618541178963,1,13.700858621576769
1.0132517275170283,1,11.026489427826556
1.9980207588340662,1,13.442458737745337
0.21371080314827218,1,9.39517190715934
0.8904468993377983,1,11.17460159179776
0.659939613903981,1,10.615981761681299
1.6211959960420619,1,12.020288441170289
0.248443530492918,0,0.743994354984438
-0.32291335533591203,1,10.368728443834879
-0.1985960843783494,1,11.107509601871168
1.9062440932916171,1,14.97171717958004
-0.42885741468518024,1,11.5488154648024
1.0777703176862272,1,10.789287650825328
0.4172519289612793,1,10.422157322107996
-0.311862959489444,1,9.599578326806634
0.235363483818666,1,10.836477425988987
-1.6206032269873756,0,-1.0009544723599355
0.6184847740618515,1,10.629462978534864
-0.2292251921302566,0,1.5866677566327232
0.34340848973267324,1,9.871551943779536
0.2390227345535303,1,9.391465188849848
-0.10611291687773727,0,-0.7734508377301715
1.4218423360440289,1,10.743301343453314
1.4708926112203695,1,11.51927667424276
0.2775094447291311,1,8.88156965206199
-0.02161178894496496,1,10.52317040573446
1.0034842711659895,1,11.832437741763243
1.3766817958767885,1,12.111662884838731
0.34947947430230775,0,-0.4222359124607291
-0.03199308227166897,1,9.249861426168927
-1.100452879097873,0,0.22368223941116805
0.1018812294235727,1,8.391680078176938
0.46489700642781173,1,9.86607603774631
1.3201307345122988,1,10.887825190834066
-1.4132195439392738,0,-0.06976777735876372
-0.11369524579936652,1,9.716963539514747
1.7653375711476067,1,13.057743799166797
1.6257498133776438,1,12.446019687564924
-0.6447060703087706,0,0.16289677317525922
0.6262508095986092,1,9.289514046002727
1.259300454986049,1,11.15597396530828
0.8488808207086347,1,11.08302759152465
-0.8926888110597937,0,-0.7257764550386652
0.785719228144429,1,9.809328561042351
-0.2851919160542655,1,9.777717120463208
1.5369806957158167,1,11.837728728154609
0.4709076962471772,1,9.295271934824207
0.6762140612677916,1,11.227248208182633
-1.6709107028917525,0,-1.6711913220843564
1.1005312934444582,1,10.79539580746506
1.3149500366077174,1,10.071089532907852
-1.842552480721082,0,-2.8896398635664675
0.9692409821348975,1,9.40764091197979
-0.9140319898291547,0,-1.057283304693565
-1.1760798564921533,0,0.9721681768132655
-1.8984545773586206,0,-4.336144792283781
1.209607137805297,1,10.028447969952634
1.2477849385515336,0,0.5232689180649646
0.22145420375052494,1,8.829967890807733
0.23953266230793524,1,10.618046262840737
1.0139024217859225,1,10.465685306856793
0.1636200153523233,1,9.791759571476284
1.6437087379753699,1,11.426762414288483
1.3074713886934481,1,12.456051958565547
0.5963224080755376,1,10.115421992382094
-1.6455811441212838,0,-2.622913651291865
1.068933576636892,1,11.655514316804116
1.5740398855732716,1,13.90857663315326
0.1495824117516915,1,9.596095260638581
1.3631402877564582,1,13.332949767045694
-1.0756765885020152,1,9.461763202251841
1.3576321504370878,1,11.609371427837344
-1.329733842781974,1,10.221700542185676
-0.0777602366549277,1,9.13388932305006
0.5940192804747526,1,11.57174760334407
1.5638955387628153,1,12.340418736357329
-0.41804369526571916,1,10.300836230033228
0.32068947690932914,0,0.1181552495696507
0.17812517161803232,1,9.896182505955766
-0.7483704231454071,1,8.271092396681578
-1.1475811838996668,0,0.7752914577043806
-0.45795238105231073,0,1.2290221920541333
0.38503430093080837,0,-1.097836904132259
1.0258043519556472,1,10.269732902001092
0.0851841906165558,1,9.819540963116557
0.41285224839801726,1,10.189030030935891
0.00447880330139272,1,8.289004822324669
0.10144192727799206,1,11.126709607935874
0.4837142699137247,1,9.351972120788306
1.8124984500318604,1,15.315335889545207
1.026920668274272,1,10.183282841344289
0.08578275617435782,1,10.042067111969471
-0.828711853196141,0,0.47936367412354114
0.23083530500017568,1,10.875464772095613
1.3894202156374673,1,12.328625641186125
1.4972293365483225,1,10.02533605172717
-0.28340203216671256,1,9.267567443252657
1.3021393660816627,1,11.099072610059018
0.3334750603886385,0,-1.0641273982255515
-0.4290595431030897,0,0.5769951404482699
-1.1249131663564813,0,-0.7280091493287196
-0.8017372881845044,0,-0.3370151685817803
-0.2434007334650068,0,1.241561612128168
1.6385072777463696,1,11.710064128673464
-0.9715259840052219,1,8.895218204292922
1.7630034369378444,1,12.690627477566101
1.2248051191722453,1,11.705124325835365
1.1376218928511892,1,11.83531334405046
0.5837115720921573,1,9.084008057125578
-0.3835606090281716,0,1.092658105882641
1.9437366744996711,1,13.20824220623896
1.2517136215757483,1,9.659305385280955
0.6045903395266965,1,9.037558072723389
1.9062440932916171,1,14.97171717958004
-0.02006882115015607,0,0.4661705551943527
-1.203121256651694,0,-1.509400248375171
0.03768851259915884,1,10.175751479868566
1.1725714959869578,1,10.146570620250426
-0.8267655568777412,0,0.21789986135872963
0.692368523644868,1,9.506935945562134
0.7064689342100259,1,9.410382720842811
1.8264584843338318,1,12.238041204043151
0.5523709031858095,1,9.9419321031082
-1.7341466968949115,0,-2.358269248585019
1.520316350245833,1,12.292426527907311
0.6610913449476432,1,9.976352070390497
1.1493953936388284,1,11.82012936198919
0.78972646894877,1,9.289076257821073
0.7598574285054496,1,9.580069320028459
1.4945352905388005,1,13.425363296130303
0.7081512595280408,1,7.114912498049097
1.7836985761283461,1,11.311384180573658
1.582251392527355,1,11.512456650620233
1.875511421142766,1,16.437710117894614
-1.3980180077096578,0,-0.11447833231050941
1.4831886893524526,1,10.681244609258858
1.135039369936429,1,11.089076044266882
1.604632041963956,1,11.904770499010725
0.07424675466293573,1,10.128832715420343
0.22145420375052494,1,8.829967890807733
-0.5525876271794452,0,-0.5003361583606417
-0.28158902620581294,1,10.81884717455956
0.6565029571334016,1,9.420650404927194
-0.2979773629126288,1,9.411592264169162
1.029131913102003,0,0.13581934919615746
-0.48099390832273015,1,10.446800695441189
-0.2652226747184798,1,10.232041279099956
0.42686480788001546,1,10.256180788763734
-1.4145040313510036,0,-1.8674814740451264
1.6833913912627474,1,12.23925944740812
-1.0106075930272094,0,0.16357028007053986
0.3464956731346507,1,9.420112581316948
0.24918726351163922,0,-0.45391119247053924
0.7210027533214962,1,10.690126688045309
0.5291286145505594,1,10.464092901157937
1.8772872491367156,1,12.560290039542467
1.3074713886934481,1,12.456051958565547
0.8308854010701099,1,8.976641472298631
0.3122884080496502,0,1.2339380862719407
-0.43021957030945845,0,-2.0462870439637872
0.9972614205697377,0,2.6980585899799574
1.519658506908058,0,1.499715809719247
1.070270514071673,1,9.746970129299285
-0.44810898240845454,0,2.3026588737980904
-0.12390024112846598,1,10.73583936143173
-0.3017095712561777,0,0.015114359516473982
-0.7716490265590052,0,1.649111413121264
-0.3834387133958681,1,10.357487431078496
1.6869066778066455,1,11.250469477305437
1.0845441926832886,1,9.483367178075753
0.0007917420911409678,1,9.370196084818673
-0.5348544551739112,0,0.045834147911003334
-1.7770578939943915,0,-0.550760151238523
0.4837142699137247,1,9.351972120788306
0.9945809365048,1,11.978586954578443
1.5916767478306633,1,12.160146680158443
0.34311308372419047,1,10.446500730021466
-0.3799956056498064,0,-0.6531888033454706
1.3037292342000648,1,11.947091676216449
-0.7590588650211809,0,0.930536531218461
1.2203892481645395,1,11.413700311089174
1.805719241447329,1,13.920324528325175
-0.37134280613150006,1,8.327940918153242
1.4359221884888806,1,12.444527693403877
-0.20384895852015328,0,-0.009651833475534253
-0.340609573757817,0,0.35893634762817656
0.0554178568270709,1,11.16419862167826
-0.7249899882717203,0,-0.4984882371268245
-0.26392253530449894,1,11.051643859387145
1.8391640816194008,1,14.01283055188119
1.1432339369774,1,11.995531409411342
-0.34343572713733517,1,8.957272074695622
-1.2339147117994074,0,-0.7547839547238999
-0.7488880431585838,0,-2.414236981588672
-0.25895088137378464,1,10.669933197502974
0.4988026776264318,1,9.25172864360125
0.0041895111776728555,0,0.518677874310039
0.6160923106350418,1,10.023983390757342
-0.9197661355937772,0,-0.9873600092731285
0.5324058290930718,1,9.8561835192078
1.6528238472566894,1,12.369016642040561
-0.42209488571985876,0,-0.3497031678631408
0.913483417358584,1,8.798393108701749
-0.9245538200839736,0,1.2363795327048022
1.7447062566660207,1,11.52126184484565
1.8880213185261483,1,13.537049350725319
1.059533046168513,1,10.392894876918445
1.21728130438869,1,10.399551655218824
0.787182055857365,1,9.853874129564096
1.5816508447768758,1,12.277304827921654
0.07346185334128252,1,10.521224181272574
1.2734425655808668,1,11.950481230755285
-0.7177296559340038,0,1.0814569325373864
-0.8106039705097969,0,0.5692235753585368
0.7716356440990708,1,10.460538754685968
-0.6180765851062171,1,9.336563649492556
1.5052558796620352,1,12.499615863515636
1.3481645009717602,1,10.936111681871745
1.0139024217859225,1,10.465685306856793
-0.7019527992986316,0,0.5828225349271091
-0.5533356672198289,1,9.438594389299423
1.2396976812115974,1,11.338190938041455
-0.024743838172285315,0,0.2704292971483145
-0.5533356672198289,1,9.438594389299423
-1.4398207514630839,0,-3.8810908176916836
1.457465065823893,1,11.932105264390115
1.581384356612677,1,10.833591290826849
1.9771519430442361,1,14.210228432110817
-0.11673432253640748,1,9.696396736691577
1.9376087228142085,1,14.488974719036353
-0.9210301365049318,0,2.194730785766778
0.6667426075700522,1,11.414804158462417
1.0418584251042668,1,9.510718272141098
-0.061214851479812094,1,7.958734360417356
0.1412405258103666,0,-0.9057354094371086
0.03889268641426069,1,9.60198011650456
1.2582988809255284,1,11.270187025713051
-0.10226034341130363,1,10.371209232085759
-0.966942568451346,0,-0.25847707688075394
-1.2773698347547873,0,-0.9439434533996233
0.7843194462681566,1,10.771575915350912
1.343303711642064,1,11.080377755094212
0.6317996448183694,1,9.931680339742298
0.6453524553448506,1,9.778269727058486
1.0418584251042668,1,9.510718272141098
1.9247113470491781,1,14.85822642562795
0.4202850137509748,1,9.480103056307115
0.39743890016866246,1,10.450968560878968
1.5911832255681038,1,12.30478807811788
1.3182508627321994,1,9.954049420128968
1.5804001162649772,1,12.035583826241302
1.7140310077751142,1,12.331180005897295
-0.9293262512228098,0,-0.21563683755452964
1.7009932696626633,1,11.787161681157764
0.14951676177542028,0,-1.3408803152844386
-1.6573670016142779,1,7.20488205281397
-1.4933765086112243,0,-2.4822350099937216
1.4586356874325603,1,8.916266736377832
-0.04866272582395004,1,8.31291934413249
-1.3844003812249053,0,-1.7612698299554819
0.24489115313009968,1,11.093926609898451
-0.10490682994230838,1,9.25593020798103
1.310441045396613,1,12.54994559125734
0.874958471414121,1,10.316454436488733
-0.07147160432063249,1,9.87301588306153
0.3811073644162182,0,1.8569293877949737
-1.665782649957241,0,-1.4236195132803289
0.03889268641426069,1,9.60198011650456
1.637718014743506,1,10.933983002080204
-0.5474696389621512,0,-0.13789203564080715
0.5268896733063362,0,0.8269103510942505
1.8156832153868887,1,13.409188668365376
0.9409140724063842,1,10.338422592328543
0.19991594553545688,1,9.946808564827888
1.0248544558007073,1,13.557869118843968
0.18562829684852833,1,10.507577850018711
1.8783385110582342,1,13.655010498626192
-0.15313542474752362,1,9.89841663862591
0.4777802952726131,1,10.4918081749936
-1.6722462438474155,0,-1.0833339013780738
0.2870894081932889,1,9.881271772726043
1.0135127410357665,1,9.252486137287544
-0.32291335533591203,1,10.368728443834879
-0.9643829008274416,1,10.249711642087032
-0.3552339280216561,1,10.679848684099117
0.20265351776340612,1,9.190165387741652
0.6348311020035045,0,-1.0893168410623846
-0.22486568287065722,1,10.243618665293615
0.6596468979488721,1,10.589538954764118
-0.4538379727078885,0,1.8109590175634214
-1.3493567395780595,1,8.024281051119244
0.9935009977127303,1,10.557867973884873
-0.07202032906853173,1,11.271028269913556
0.038942040015748525,1,9.650112034113702
1.3999014859226477,1,10.620703011928242
1.4454799854537441,1,12.261550843343024
0.016531367673753294,1,9.320909691483353
0.7848857444850896,1,9.6398946424659
0.9620380848732744,1,10.162876809717725
0.30783660048391637,1,10.20072882675277
0.9312061790650024,1,11.56455167668851
-0.5131037343906271,1,10.390699815385268
1.37883666830345,1,10.832497758364457
-0.20340718907114974,1,10.865821708096904
0.567886001773064,1,9.035714418877864
-1.4761050280233037,0,0.052806488980484456
-0.8501533404109995,1,8.573188033525723
1.6543120456107796,1,14.125992003548383
-0.6500918171481125,0,1.7769933510932954
-0.48099390832273015,1,10.446800695441189
1.9383035855044524,1,14.67393943038358
1.978257026738099,1,15.938053544211174
-0.25895088137378464,1,10.669933197502974
-0.24887409080152034,0,1.3973562132902448
0.6453707157788977,1,9.019314758706633
1.1963285830878179,1,10.858137487697785
0.7588061394474743,1,10.24455006467528
-0.7466083296594275,0,1.2518001318798841
0.8146314375200947,1,9.876304327888985
-0.7561079144678668,0,-2.1463347223249625
1.9218831911322845,1,14.103378822838222
1.2106249766088792,1,11.927308944117652
1.9571197804255398,1,14.183154586206065
-0.6300991232547832,1,9.020226085739848
1.212047526105282,1,11.04728277884681
-1.4773906247061483,0,-2.2245916049819567
0.5121218582781482,1,9.944123400680748
1.719687052582659,1,11.720945811880966
0.2189272131294171,1,8.789279499791714
1.842507902052799,1,13.964437226420442
1.3481645009717602,1,10.936111681871745
0.5156205796944602,0,0.9878152057313349
-0.3270278548375245,0,-0.4358523836049736
0.9160286721639492,1,11.392434697463884
1.5319752993190923,1,11.77547123615055
0.8196445309253444,1,9.57602468565003
0.8372571792139336,1,10.273076023645578
-0.15586572760875184,1,9.58825664756303
0.08578275617435782,1,10.042067111969471
1.3345760419006893,1,11.645422628482587
1.4377383313342036,1,10.763262213008304
1.049140539106463,1,10.030057164975656
0.7244714158599312,1,11.54772242593311
-1.5245896860950512,0,-2.4564681178247407
-0.8947235661365855,0,1.7362483279937262
1.8002478682032197,1,16.25247299516775
-0.21324511302134042,0,-0.05516434409778274
1.7541191338925217,1,12.961791627145208
1.8271992619371447,1,11.015556695602289
0.7880520557370518,1,11.50257888509534
-0.545097915457263,0,1.2352643614444407
0.3825549624313771,1,8.69491312307881
-1.8780138085889821,0,-2.8148471164418702
-0.7531117288178071,1,8.507128572741916
-0.058933030629513716,0,-0.08338814946131826
-0.42209488571985876,0,-0.3497031678631408
1.895201653428598,1,10.223712277206987
-1.71049442722351,0,-1.2078657365016061
1.2428826917806992,1,10.081378902466342
-0.41611810935018045,0,0.29652049395374414
-0.4735340035634601,0,0.17254055559123518
1.6215279056770546,1,13.13657527031554
0.9859656204720966,1,9.343712384081943
-1.502618730230357,0,-1.1278095963094468
-0.20636863593626842,1,8.539561754215791
0.7477096670972099,1,11.598494434450421
1.846202928550265,1,14.168882081932388
1.3032670022590507,1,11.10103296467661
1.730582869364671,1,12.101439555202843
1.462308582498209,1,11.35505763171528
-0.9252905624602157,0,-1.1913700693180171
-1.2635947065561721,0,1.3282294312061316
-0.5861072317571177,0,-0.6160006816689344
-0.9885675269995553,0,-0.09706769769415702
1.9484003436964663,1,12.127637597454749
1.5527653986452163,1,11.200989995681407
0.36723163065330366,1,9.455733957229338
1.2076558113445062,1,11.490559168251863
0.9144606271711075,1,10.940759761162559
1.0222045541721947,1,9.57776295582432
-0.058933030629513716,0,-0.08338814946131826
1.6230271625457915,1,9.840134906086115
0.4566754012755707,1,9.344556578018661
0.010264305853769695,0,0.16498768047715665
0.8295880001317109,1,10.814360067365286
0.6160923106350418,1,10.023983390757342
-0.2801695208807131,0,0.9206115472471438
-0.6690820939584836,0,-0.903768494993159
0.19183795589477182,1,9.874685501751573
1.8207006419125298,1,13.884429107316583
0.7092027453426377,1,10.237245662894484
1.2472268734035454,1,10.372971093990502
1.9393647958493383,1,13.867490012241097
1.4441335998889615,1,12.58905411279398
0.1876620551724968,1,10.791439095398182
1.4858423607508708,1,12.37057833093294
-0.8351067256868956,0,-1.1848277886621763
0.5497196059928262,1,10.55798700513529
-1.121460285621724,0,-0.529573987909281
-0.26908345592118144,1,11.638149025957809
0.008780041324970345,1,7.895804538491102
1.3285367118309677,1,11.307828950151489
-0.6384515829819772,0,0.104674358046178
-0.4079788281819887,0,0.49414589252028207
-1.751187095341189,0,-3.521077820301563
0.49096510550991024,1,10.168625435864463
-0.5289625964908415,0,0.8688919905123792
0.8304823429621413,1,11.591107298423545
1.7911187918769191,1,13.330893850669767
0.8099363359484371,1,9.890013228886747
-0.10431511953558914,1,9.491194747152294
1.0139024217859225,1,10.465685306856793
0.5985865959694738,1,9.090326156673115
-0.9161471685151219,0,0.20656475285210535
1.1193815806045744,1,11.510103784153113
1.3032670022590507,1,11.10103296467661
1.1192835360402724,1,10.165441046948354
0.18299871911774268,1,10.142238267816639
1.0890702273500232,1,11.150713819924242
-0.8511151631793967,0,-1.7059741326871443
0.8196445309253444,1,9.57602468565003
1.2575471170750454,0,1.6828514625289426
-1.331864215631699,0,-0.9318303229492123
1.1601217452282455,1,12.849241340281964
1.3366564328337653,1,10.440294832772873
1.430249350645135,1,11.64503389543527
0.5893685374923647,1,7.768024315255168
1.074325323652808,1,9.592865064448368
0.7166502732782511,1,11.720548216312421
-0.2612874067341191,1,11.059374821398025
0.2187480991534687,1,10.667806769510886
-0.6011870810166018,1,8.268040784826951
1.801645936306235,1,13.271702397442503
0.14564153232012167,1,10.762459451633534
-0.32747360082550925,1,11.844717691313456
-0.619231166023158,1,10.488407035526697
1.8512414282961038,1,12.646062036060696
0.5743107807860999,1,11.201553897415375
0.07754343801574937,0,-0.9350232313691536
-0.27861387051119824,1,9.723090660157665
-1.6206032269873756,0,-1.0009544723599355
1.5250322710520465,1,12.761345394539537
0.7785638355749112,1,9.549418023891244
0.21125950287339634,1,9.34256816489409
-1.0825368918493106,0,0.2569228911200202
-1.8031163418369536,0,-4.234408531791843
-0.15715131460689813,0,-0.2991554230595803
1.3254940575428393,1,11.14349076779741
0.9921389573663548,1,10.766187544400008
-0.2704145592596401,0,3.122547793164132
-0.6004181454104054,1,11.743881062293545
-1.6554714437452787,1,7.523969986415606
-1.281362843880352,0,-0.2844861101293914
0.9850195774008217,1,10.817658146818736
0.6361816405289296,1,9.513356435775552
0.46087775292404354,1,8.211683223358586
-1.8368994337809443,0,-3.726648594120297
0.6750130177992548,1,11.713242701255314
1.780068376993976,1,12.872892452090824
1.0881271438894191,1,10.630211127442042
1.8678740584732614,1,13.177727544321401
-0.5788641030523096,0,-1.0812000243710251
1.3573539694240093,1,9.806109280970603
1.6327583827860113,1,11.576895605510451
0.7463596539704271,0,2.1881698762412323
0.352809067793562,0,0.265241967388872
1.8977572425539013,1,13.500431055588214
-1.9665452724925716,0,-4.209750127929743
1.8796481844290818,1,13.050737979884003
0.8646026968927742,1,10.011832997018336
0.4511833421460416,1,10.336268201416734
1.9663769426566668,1,14.41419401703014
0.5072105202593757,0,1.0398032072555523
1.9968291957737634,1,14.261562314141818
0.9708260847999242,1,11.425272175963126
1.425140512187049,1,10.461476209771286
-0.32291335533591203,1,10.368728443834879
0.5049792910521318,1,10.1977937296393
-0.25895088137378464,1,10.669933197502974
-1.4398207514630839,0,-3.8810908176916836
1.3481645009717602,1,10.936111681871745
0.8665277468081256,1,9.2851655960461
-0.6949843278354129,1,10.742237333338448
-0.6702932313025394,0,2.557926616957657
0.6453707157788977,1,9.019314758706633
1.1395879084458702,1,10.246290800961546
0.1283472957520453,1,10.544493889240018
0.26345229423847805,0,0.2904957548589291
0.9494283095511986,1,10.856312650154223
-1.902436027559613,0,-3.402963759832722
-0.011384736468513346,1,9.697521719815656
1.7770659564537357,1,14.419112137964675
1.0531407608126364,1,11.398324254816032
1.674086121772485,1,12.899138574076542
0.9497350748859423,1,9.936528946251011
1.0865076439144308,1,10.54442458912737
0.44662270258405634,1,9.8000939643075
1.6902896196232002,1,12.870658161936337
1.7737124290611415,1,13.236788902613634
1.0959655126110501,1,9.927882695773043
0.02208316689396117,1,9.648460123274404
-0.9274270815523167,0,-0.5866939733515074
1.9896917562142167,1,14.60953979920301
-1.6169832053465694,0,0.0018653167207145493
1.8656695434656294,1,13.604276537934243
-1.6257623723506578,0,-1.1540569253825674
1.4644061815113387,1,11.67641614907189
-0.13760792747015937,1,10.468634212565956
0.8778398706798876,1,9.989513134535372
-0.1672524530484294,0,0.3484824585552721
-0.9401317537782279,0,0.5862316554691014
-1.172728427466415,0,0.2286307122548341
1.4087260012741605,1,12.238183496890771
-0.9172655827930756,0,-1.1137860312012595
0.9409140724063842,1,10.338422592328543
-0.8080808213509219,0,1.233921466788578
-0.8221369618323293,0,-1.292515745800288
0.8347068798620279,1,10.159467908010003
0.7635359062032911,1,9.751983079530925
1.8124984500318604,1,15.315335889545207
0.8279059498228647,1,10.74072595380264
1.0779717327677476,0,0.4328751234886795
-0.1810405774645636,0,0.22603209969461058
0.6109124951088964,1,8.208460683729069
1.3148359352720256,1,11.941946046664675
1.793478211155676,1,13.352550541456342
1.351365523622074,1,11.87880274327999
-0.2638045260872772,0,-0.8831099954790311
-0.7402670901642701,0,0.31739765213641646
-0.24388302407820817,1,9.237169302911107
1.3781975941402815,1,11.511311756524286
-0.2861683846048182,0,0.2300780010724821
1.191209488834431,1,12.0165241902294
-0.715351389456186,0,1.3350090384277586
0.3129191446780548,1,9.523056589507124
1.599638173418687,1,10.346804376633903
-0.38606853515041184,0,1.2006102458884762
1.184965802165474,1,13.023764423153763
1.508481870649152,1,10.902371149485942
-0.2979773629126288,1,9.411592264169162
1.6603602736281728,1,11.918768235227322
0.7146798266902592,1,9.185697638269612
1.32100077112554,1,11.504550325380304
1.2764293047107511,1,10.815697213993712
0.6868027376234269,1,10.792345648532322
0.5928367097942235,1,8.325368337043656
-1.0360149680163282,1,10.248760851637574
-0.4812303673309324,0,0.2800948141348163
0.5806911616377994,1,7.740968480033882
1.9460609951719188,1,13.595809689042156
1.5113203126081634,1,12.471465109111989
0.9517110759952012,1,9.911640332638981
1.062051595964439,1,11.44428278591869
-1.592610939430469,1,6.082021806958711
1.313512582406585,1,10.0243503670668
1.8317834397045503,1,12.512915185531542
-1.813260720402905,0,-2.477350222113595
-0.3554226540800518,1,9.758840110142486
-0.2508734070215297,1,10.578846810720457
-1.6573670016142779,1,7.20488205281397
1.5130098709293862,1,11.159221853396057
1.5109976194504995,1,13.008490830476333
0.5467716574317669,1,9.409855163572955
1.3963920798347043,1,8.614917174425909
1.430249350645135,1,11.64503389543527
1.3146685741343758,1,12.992548304892399
0.7043721366583071,1,10.00301706970538
1.990513189608626,1,13.180656083466785
-0.5118257287511705,0,-1.008974632508927
-0.9172655827930756,0,-1.1137860312012595
-0.4660755096998299,0,-0.22281456367076602
1.452115117001139,1,11.208918725989813
-1.463190294694599,0,-1.2620899687171363
1.8410654339682662,1,14.861380765024872
0.28243898655531874,1,9.345785594383095
-0.34864240896437426,0,0.37110434211182486
-0.47643657347591395,1,10.470013734196208
0.0024970722816712865,1,9.851838867103295
1.8923126518893314,1,14.139291867607843
0.46394180104071614,0,0.17812496112875392
-0.5131037343906271,1,10.390699815385268
-1.963337799264734,0,-1.635588276941002
1.5921221957999476,1,12.647982455843463
1.7022740516271053,1,10.750068083653716
-1.0360149680163282,1,10.248760851637574
0.15864715561260967,1,9.870294191889501
1.3568318121578358,1,9.229236682659117
-0.5787210061044492,0,-1.282530006170313
1.2069123322791673,0,1.6052252291733136
0.08383190908816873,1,9.912725866199542
-0.6928211765688905,1,11.504361666248759
1.228283615466812,1,11.386088797457292
1.1708136231230055,1,10.37312602557333
1.203272399439001,1,9.33756543346657
1.9024076766266096,1,14.014964833527642
1.2498952841766866,1,9.881515887436969
-0.0533242343011886,1,11.641958207950058
1.095980349176036,1,9.942990570854636
0.44002966831794277,1,12.290875385081051
0.9582529924450722,1,8.671770568165398
1.21728130438869,1,10.399551655218824
0.948910708999307,1,13.111272377869884
0.8300912759121712,1,9.885095755407347
0.5790269063603715,1,8.851345785307803
0.41298169073611923,1,10.572312606159725
1.5171182246280268,1,11.555436496549747
1.418061743642998,1,12.481662687723645
1.1331919318241908,1,8.494985746822564
-1.021019681452291,0,-1.396159806115529
-1.08768091220427,0,-0.6070513844760986
0.7347981828984831,1,11.315487246795144
1.6397206326388742,1,9.797316516518826
1.5210070931267485,1,10.702441327940823
-0.6501828841430841,0,0.23197163090852263
-0.6199326403017356,1,8.463164341189739
0.6676215467368412,1,10.70834925382297
0.3718034057397097,1,7.665157146601864
-1.8117552084922104,0,-0.14977395049164244
0.98175789673732,1,10.82692947934328
1.306204296765857,1,11.602903267390527
-0.5065873558726732,1,9.970424396262889
-1.047268875813094,0,0.3880717657326972
0.9291622697027844,1,10.791966797442548
1.4090554975647258,1,10.632519534993861
-0.17911940367279522,1,9.870572744592128
0.6843726283439042,1,10.41508627482208
1.486207425832991,1,10.071841623027067
0.435996444207714,0,1.409474216713671
0.5268896733063362,0,0.8269103510942505
1.2002176318054856,1,11.966647252139284
1.2103427183192514,1,8.436186688960731
1.1426664077778246,1,10.40375957189244
1.2754770820818861,1,11.253469417418023
-0.34864240896437426,0,0.37110434211182486
1.5546363210615946,1,11.529553051699132
-0.1985960843783494,1,11.107509601871168
0.22494557610309096,1,9.843844765662787
1.0034842711659895,1,11.832437741763243
-1.9051689854219265,0,-2.523872370767496
-1.1938864879747486,0,-1.6728836789773984
1.3481645009717602,1,10.936111681871745
0.6539613805148403,0,0.17781101007870564
-0.1629392113071444,1,8.878675281265243
1.1349530043009457,1,11.499230716966347
1.609613104442699,1,12.677381770150204
0.41177150591784617,1,10.580371420813751
-0.15845529729983765,0,0.3353783304921824
1.8923071916491931,1,12.986341567064683
0.6196284925914362,1,11.384292545823074
0.8083887535179644,1,9.986138897880062
0.1338443679052861,1,11.322569970738343
0.21741621004560274,1,9.686893696538096
-0.6314695995524202,0,0.3157620429358221
1.4821078650775368,1,12.413946674158105
0.19563852656028669,1,9.422513709016286
0.9514780742461202,1,10.251580075481758
0.9516695734161016,1,10.37801177427769
1.6304440102262197,1,12.776338881069908
1.215258180773787,1,11.690276655947638
0.7885432235672369,1,11.30145675998918
0.6945816698996308,1,9.90674724440793
1.2237016004704846,1,9.734513509883461
-0.44810898240845454,0,2.3026588737980904
0.2769208483657919,0,0.3445638324901545
0.018011696219343065,1,9.676885315741888
1.9013725339162821,1,12.63531586606181
0.9336073973396228,0,0.553608688558651
-0.09577319139575291,0,0.3288750385521222
-1.4786371057237124,1,9.705702227204553
0.9298185165349189,1,11.511183466295014
0.5758263177904541,0,0.40057871182490445
0.6474412488600221,1,7.946581596884712
1.520316350245833,1,12.292426527907311
0.6676215467368412,1,10.70834925382297
0.01752281719506721,0,-0.6780449532635768
1.3182633257134744,1,11.688874606507826
-0.5960975042956345,0,0.7446973278886337
0.412600480491788,1,8.982648685754533
1.518405986847048,1,11.461319514152857
0.00447880330139272,1,8.289004822324669
0.012545034320350812,1,9.374964009369876
0.28024468035745986,1,8.882773954571382
1.7889943095354348,1,12.632596044437285
1.1316944570302896,1,10.878205152421373
1.5808273507487973,1,10.45344734387324
-0.9759153077539477,0,-0.5620838970694192
0.6024260930084138,1,10.270084330691873
-0.24553832324163816,1,11.200551837697178
1.438581381410426,1,8.731258123995785
-0.7944885033434317,0,0.18232135506605346
-0.017131959686897957,0,-0.2859599545951331
0.1274870660200662,0,1.8122574078551885
-0.7171513400628244,1,9.615171382951706
0.7747289031259545,1,11.477507080397984
0.6007486657826133,1,11.802346487863952
0.11863889578247955,1,11.224542822715495
0.5972892983075266,1,11.582507519082837
-0.8239864456201875,1,10.51768506079271
0.6304515692013735,1,10.252673168936782
0.6940671472690361,0,0.3930746392817642
1.3262957036418102,1,10.294320063634606
0.8681917548284188,1,11.224888060209965
0.2475078249660525,1,8.665817265400593
-1.4837150122764742,0,-1.7440257061325488
0.363333042276043,0,-1.6622917449565076
-1.0188827801025306,0,-0.8456506374306398
1.0435658918449606,1,11.3339901019903
0.573715798069323,1,10.026344484925442
0.5502298854208525,1,11.037527136099978
1.5580772441750526,1,11.776952858468437
1.092567495674686,1,9.880152928094637
0.16508044376671238,0,0.05957909716198686
1.617439099975429,1,11.620771568447141
1.1725714959869578,1,10.146570620250426
-1.7889389685615895,0,-2.267626385646092
0.235363483818666,1,10.836477425988987
1.8511392319229287,1,13.844752227675803
1.374598656207295,1,10.838991050490863
-0.702682490593928,1,9.273561371078047
0.957876932954909,1,11.765555185659922
-0.6199326403017356,1,8.463164341189739
-0.1332275164623664,1,9.6434849513279
0.21371080314827218,1,9.39517190715934
-1.7458571103043257,0,-4.139276121687737
1.8090560581334891,1,12.589449055347492
0.45268144297246815,1,9.87918845325967
-0.455589448796903,1,9.731636411358409
-0.28340203216671256,1,9.267567443252657
0.20218120247998206,1,9.230982077541288
1.1714176761353574,1,8.795203090156114
1.076244532638897,1,11.287073727532112
1.517572227228782,1,12.972679763060064
1.4429223330253738,1,8.72762284094676
1.48533436936113,1,11.066694252898685
1.9906890530586367,1,16.946062633740596
0.9456080602625621,1,11.947099597241651
-0.4812303673309324,0,0.2800948141348163
0.3960441768542702,1,9.108047527480249
-1.2442807449401907,0,-1.3674098470505307
0.6031532833876074,1,8.759105994228223
1.8482339957654061,1,12.25491035906089
0.22118330131272534,0,-0.5438230441103333
1.7522565582725251,1,14.258226335091237
0.5256756848735056,1,10.14792201310587
0.3268861098939069,1,11.768648143640911
-0.27829035871603924,1,10.074248418989761
0.8249299941271278,1,10.570146467085026
-0.9786545049470234,1,8.52300565053218
0.40979776786635114,1,10.705984096829223
-0.643186274912328,1,10.22560744830566
-0.14952291226508185,0,-0.9035824807151852
-1.665782649957241,0,-1.4236195132803289
-1.0013241890390794,0,0.9454187181951692
0.5025996517658124,1,9.152417428934319
0.6399361841367162,1,10.677960806553408
1.426287954733343,1,12.400923311587965
1.7324533253742307,1,12.69016310625556
-0.7933510334754046,0,-0.7736528575223907
1.004708547816171,1,10.183415704072539
-0.3811765026833194,1,10.334134199449174
1.1948567666182983,1,11.582153345929035
1.9024408034396596,1,14.182213511568774
0.24264037766468372,1,8.328035111711923
0.7389006555240183,1,10.076925756891672
1.8037143780101936,1,12.736257262472773
-0.855759793362858,1,10.931538507732345
1.4090554975647258,1,10.632519534993861
1.9309581636415438,1,14.954750693780632
1.6729563467017483,1,13.06693342865698
1.7892275969478484,1,11.44542126460577
-0.32266127832284663,0,1.5562955388125406
0.5255013041930039,1,7.489039661573642
0.6521887672136897,1,9.42346615348112
0.9440694734613437,0,-0.9471560700659853
0.8099363359484371,1,9.890013228886747
-1.6734800718776417,0,-1.2619495507619591
1.152475759780876,1,10.48233109481409
0.5742084919496699,1,8.818905118988816
1.2103427183192514,1,8.436186688960731
0.6607888827848005,1,9.533682475224289
-1.874283257253063,0,-0.9502352571044583
1.2014260312894463,1,12.793359126464084
0.6967684664600031,1,10.081491982807051
1.0845441926832886,1,9.483367178075753
1.7582743561006628,1,13.75435876855577
0.8095948843223946,1,10.812589021089249
1.9333630736569063,1,12.814898727185238
-0.5067627348809882,1,8.834306896033187
-1.3087197941741908,0,0.02653669455383123
-0.3835606090281716,0,1.092658105882641
1.9848979721785547,1,12.739305977942545
1.7226890222495932,1,14.256507914361704
0.4458169417385913,1,8.732682293162913
0.8034627889755197,1,11.135363025285578
1.1119398862837473,1,10.500395227626091
1.8124804575765512,1,13.348104430632528
-1.52979479939912,0,-3.9705091855025527
1.5832484055943148,1,12.91841320521261
1.2713368647000864,0,1.5335904751404943
1.5394204707840173,1,10.430440067893516
0.2672244200418641,0,1.349898853645788
0.23353791028088766,1,10.990842280687378
0.8051733683535365,1,11.65271893198199
-0.17737298885714825,0,-1.6268908594923843
-0.03304822792404227,0,0.8137549331877639
1.2974017889973979,1,11.79565089827331
0.9279757672456204,1,12.060305091685587
0.7244714158599312,1,11.54772242593311
1.0910856786603165,1,10.808633091219072
1.588863031813307,1,10.597886217082435
1.368133177505685,1,10.6858260531565
-1.2103850650778298,0,-0.9652458275540464
1.5443444352540654,1,10.318035086024096
0.7184813309404312,1,8.952362743772103
0.10982585488692864,1,8.712657719274299
-0.2405774411446604,0,-0.3888693716414232
0.9038227154809575,1,8.454582389513696
-0.006231204283770886,0,-0.36506958683999813
-1.0534674741199646,0,0.5363232346995399
-0.4019248616522608,0,-0.5102063721954782
0.0023172697233251327,0,-0.5260118220186728
1.0768925913525345,1,9.266023564181472
1.993684935695096,1,13.0003136177624
0.6348311020035045,0,-1.0893168410623846
1.7731935889826103,1,12.200036240739262
1.5455214478405668,1,11.792265315967953
0.3868919604248684,1,10.770372387551113
1.166560288732252,1,10.928582677903286
0.7258424500686851,1,10.576404032031984
1.864712099338147,1,14.475757699283312
1.7676223490416807,1,12.562284881037261
-1.3008748605002647,0,-0.7509925000471493
0.8703910626327049,1,10.140763438624605
0.08027208471124325,0,1.73843973598325
-1.547047816636979,0,-0.12138810544929046
1.895201653428598,1,10.223712277206987
0.6541494880668424,1,9.00320798252009
1.4988066907367976,1,11.036654009040838
0.42279696183950266,1,11.212888719420272
1.4723926394682514,1,12.28007814325825
-0.7483218078847096,0,1.0678223897842702
-0.311862959489444,1,9.599578326806634
-1.742037278176615,0,-1.415798858596035
-1.8117552084922104,0,-0.14977395049164244
1.7727833987738029,1,13.293349115346492
1.7489139489458045,1,12.448024366013268
1.8902729425989473,1,11.999320386200262
1.7472898481323673,1,11.369909600386848
1.9553621652146522,1,14.934826644688112
1.8662337575221764,1,13.34733708514264
0.6568775399558731,1,10.788352967940327
1.7445853417284516,1,14.330815921999552
-0.966942568451346,0,-0.25847707688075394
1.0423025698211292,1,10.320538868432825
1.7022740516271053,1,10.750068083653716
-0.34429576778964455,0,1.5535573843158352
0.4437861028106127,1,10.52994080576926
1.2735216991181408,1,11.207323648630895
-0.7590588650211809,0,0.930536531218461
1.2474467993303362,1,10.911876498729528
1.7532629146052643,1,13.893930113182792
-1.6294980677945312,0,-1.6606588681025811
1.4377383313342036,1,10.763262213008304
1.2217201721839164,1,11.868671638342526
1.5879811574576443,1,13.056070254368313
-0.870015736108591,0,-0.08906049146837117
1.7938132278486267,1,12.78850156077668
-0.5161051496313238,0,-0.22816369827115812
-0.2704145592596401,0,3.122547793164132
0.6374156888231308,1,9.028413144477854
-0.9184268544618979,0,0.030554364303545634
1.878894531191908,1,11.91262125472022
1.1020211868759975,1,10.72078153039339
1.7269616132660328,1,12.622138097672389
1.6602429300688897,1,11.868263065781967
1.3554154476162754,1,10.310693261618711
0.38503430093080837,0,-1.097836904132259
1.8009494152832097,1,13.311127916931394
-0.8432273921365212,1,11.890789121381532
1.7625599967444554,1,11.62872878258339
0.35706935502666814,1,11.442511076584056
1.5455214478405668,1,11.792265315967953
-0.8304675583512275,0,-0.742120232978024
0.19573009799735042,1,8.808006639494494
1.8493522299248273,1,12.624137993197476
0.6366221784005375,1,8.784528994872334
1.8313412177940123,1,11.964258754413091
0.30783660048391637,1,10.20072882675277
-1.2859208429096052,1,10.122424840771789
-0.8147675181760397,0,-0.9739069156682858
0.44732408041288574,1,9.419068089463806
0.8086573145932499,1,8.935963037799356
-0.09206642952938493,0,-0.39393970374580983
0.3960441768542702,1,9.108047527480249
0.778785883417707,0,1.7832027848600187
0.19811552929494214,1,9.448174449233067
1.4449289090415434,0,2.8251659285200628
0.7671105565679293,1,10.58300096275036
0.7886650171614016,1,11.217933170998048
0.9690127487963487,1,12.427338023298175
1.2290465973050018,1,12.0746052974147
-0.7787572932130749,1,11.106330140252634
1.5884410398103084,1,11.333019932431913
-0.008205629670944514,1,9.86557938948997
0.7478097655417533,1,10.735138100530119
0.8265194795148383,1,9.36181262271764
0.10437605300616815,1,9.050935436315763
0.9740101431163009,1,11.346549996434469
0.44585444490264337,1,10.406548265797333
1.655258090499777,1,13.225876309681228
1.9976549030826662,1,14.847361751587448
-0.8304675583512275,0,-0.742120232978024
-0.4615556960849272,0,-0.838126579884938
1.3457589495044933,1,12.517141772472618
-0.06404252728101145,0,-0.17680961969630618
0.557499202171102,1,10.172056158280615
-0.31123106447728777,0,1.178990152138829
1.3100947758152683,1,10.523398769190734
-0.9670927469600681,0,1.0803938336787258
0.34947947430230775,0,-0.4222359124607291
0.45366078374315943,1,11.156347197096025
1.2198673355267413,1,10.90253694792207
1.5849449965845324,1,12.241989309316237
-1.1314383838493125,0,-1.8860871802105068
0.7083751391345774,1,10.624507854876914
0.2293486782920322,0,-0.06162948626177399
-0.4673421257634969,0,0.7564196376147551
-1.121460285621724,0,-0.529573987909281
-0.6141228516853312,0,-0.15211447846456674
1.2069123322791673,0,1.6052252291733136
-1.2825412719511582,0,0.39412940838894706
0.44090059791056513,1,8.297248533794845
0.9080741080565358,1,9.301348164743574
0.20946455126893726,1,10.732950683628879
-1.6816474105118302,0,-0.22606901947068447
1.3687749234924582,1,10.75274500693948
-0.029723716986809645,1,10.072389541873907
-0.4120739317028663,1,10.216792930266255
0.5528976601624458,1,10.199514452663852
-0.36130852282992354,0,-0.39471129315945214
0.34345915381407677,1,10.08570003516826
0.2613210182864396,1,10.208946038658317
-0.5581019794337845,0,-0.76759319100077
0.20276217877917846,1,12.779790487730395
-0.8926888110597937,0,-0.7257764550386652
0.5245545039890516,1,10.587971921805105
-0.5067627348809882,1,8.834306896033187
0.9086762790652321,1,8.861498006942618
1.9825244379955338,1,15.25935031046413
1.3201307345122988,1,10.887825190834066
1.2663977578863084,1,11.697858124646293
0.6489286333183721,1,11.15462623968052
0.7077631319873494,1,11.445340016262403
0.1495824117516915,1,9.596095260638581
1.6047104928694225,1,13.072857453884104
0.28819457347720334,1,11.483265848133755
1.2989729493880304,1,10.757019030512142
1.5190096091773744,1,10.79780074623408
0.26166375901015204,1,9.609371613632
0.8898084610460213,1,11.999812002359512
0.5985865959694738,1,9.090326156673115
-0.4642044229481095,0,1.9491741630638584
-0.8668138880091911,0,3.2108842758346836
1.8630817755371485,1,12.055463254838116
0.9551121156743907,1,9.59785571005551
-0.3933874969424789,0,0.09165494269575229
-1.8275995642067038,1,8.466727932177244
0.30761553850543644,1,9.118134033980635
0.953796837005306,1,9.328874022525333
1.990513189608626,1,13.180656083466785
0.9169609963902721,1,9.500561730500982
-1.5026166342765186,0,-1.1384967336206167
0.43778118930911525,1,10.576174207130169
1.0845441926832886,1,9.483367178075753
1.114063520246654,1,10.948913452752734
1.0772195745653592,1,9.879527038453386
0.010548372420768448,1,11.182442217941947
0.31908576704991853,1,9.715199177517814
-0.1572601060714649,1,9.357396844389239
0.8406930663606427,1,9.686572480156848
-0.36982787587027666,0,-0.8687164387582742
1.660006150990109,1,12.941391730625497
-1.9894713776816473,0,-4.861345226911131
0.05971798156993113,1,9.75343774511446
1.738919661953204,1,11.316844965820774
1.487374110980928,1,10.956740064539394
1.426287954733343,1,12.400923311587965
-0.853357674851908,1,9.199385522968454
1.3236899632874022,1,11.301932221070075
1.0487500447763285,1,9.221340494480494
-0.6361521054280459,1,9.589677205375366
-0.39415288364382706,0,0.30488833585165853
-0.32491790043170754,1,8.5660622947489
1.7742608686279078,1,13.449708682348424
1.6164546419180206,1,11.81747269361121
1.197663515875917,1,11.943581005135117
1.7314707605065323,1,11.812740380575685
0.8059964058606641,1,10.80825018521082
0.06499129280024185,1,9.487461429140167
-1.1301882711310562,0,-0.5572111155483098
0.34194375326014237,1,9.678167411896677
1.9650239748087532,1,14.946265906317677
-0.30665942338721,0,0.4860606399421928
0.09314499720099922,0,-0.10209562512802914
1.8260055931979204,1,12.671012329232115
-1.4912752431324523,0,-0.23559914626957057
0.6008043695926135,1,10.034337285737953
-1.6858912562337087,1,6.291296605535278
0.4596120582677443,1,9.646729223788961
-0.5099642737861365,0,0.813545175553368
0.5985315961888587,1,9.648730539963537
0.09894255064572866,1,8.062605640421555
1.0182774448229464,1,11.766414369993422
0.8356000250063298,1,8.870617199855634
-0.22208008808883584,1,10.99775981441684
-1.5185456951600558,0,0.6117894802222636
0.7588061394474743,1,10.24455006467528
0.42686480788001546,1,10.256180788763734
-1.1150487207732653,0,-0.11115650892231133
-1.4732523862551719,0,-1.590377425358047
0.43925104619246813,1,11.657300399146589
1.7472898481323673,1,11.369909600386848
1.1752724156321586,1,10.881878702660234
0.5003662107461144,1,10.709557354992574
1.7472898481323673,1,11.369909600386848
0.6829093017704033,1,9.653652997340153
-0.4060849515631424,0,-0.007351759308930818
-0.16788553366452552,0,2.4988028546774994
-1.5552100707753946,0,0.28947838795908254
0.7185891307722794,1,11.75140360407282
0.38018537969504473,1,9.874832381802664
-1.761530698621364,0,-1.6737615914930606
0.7421544822504931,1,10.621998544943162
-0.8409941883449279,1,9.195609996241355
-1.4955594332855,0,-2.55942469490814
-0.5650299578284455,0,0.4169694755248511
-0.6401125448270073,0,-1.3861116285735084
0.9743756647062392,1,10.070362728916622
1.7980824946305685,1,14.476205617103835
-0.3357173183652553,0,-0.33544695114849976
-0.06959505735391724,0,1.1895212260868298
-1.0664149221674921,0,1.2522131807059003
-1.7508328074797492,0,-1.5649114528647943
-1.4759415253981376,0,-1.7055989307836552
-0.40732522563622675,0,-0.96416682482241
0.42687831912892804,1,10.265531165289321
0.332423029119592,0,0.6186856111013604
0.9945809365048,1,11.978586954578443
0.42035807416215354,1,9.421227843841974
0.40979776786635114,1,10.705984096829223
1.1192835360402724,1,10.165441046948354
1.7667679466321222,1,11.564518938015954
-0.4069990605463487,1,10.282672660908057
-0.3094832119455635,0,-0.34341158351415346
0.6918664895777296,1,10.334686334698262
-0.3918911324470371,0,-0.7931085616176345
0.18659288075115388,1,10.721119267535544
1.2818451606332602,1,11.146617576961233
1.9699340086335009,1,12.815001869506357
-1.8275995642067038,1,8.466727932177244
1.2607209278795564,1,10.979959388101868
-0.7448714267770851,0,0.6337255921388001
-0.38955424663934934,0,0.40725945816083914
0.42563910697520146,1,10.23347428462358
0.3199351497125251,1,10.423890185835116
1.599638173418687,1,10.346804376633903
0.29584607000651886,1,10.2596196583319
0.1283472957520453,1,10.544493889240018
1.589193982998954,1,12.604058199116086
1.6279420737529748,1,11.099135792318881
1.802124210344814,1,12.215532367684721
1.2297606206562501,0,2.2469797744245112
0.3422549151732075,1,8.45557959674832
1.6904150283758312,1,12.071241003006874
-1.1938864879747486,0,-1.6728836789773984
0.1501605745613852,1,11.746050160909727
-1.0502661265007749,0,0.61200160120236
-0.16698843803393348,0,-0.5032932059905183
1.0481308841562043,1,10.238396258723968
0.2482911776102843,1,10.60472908238131
-0.2844502745991577,1,10.518808730486024
1.6905805584142883,1,11.622728420311896
-0.2062179120867209,0,-0.2791242830134431
1.436447030587666,1,11.382492054903324
-0.41085083775853093,0,0.12156026467479161
-0.2715350527922826,0,0.48521948927531494
-0.651150038374857,1,10.48111349531303
1.551270561343276,1,12.020440692441566
0.41795592903383794,1,10.003603875794285
1.4289237494791642,1,10.480251406572467
0.9776770152533039,1,10.03420311026682
1.2718539773966144,1,12.531332692998182
-0.7374906249466,0,1.8010294847561745
0.06002263883889247,0,0.4671674768667487
1.7331056495162667,1,11.89402626569051
-0.9208157684305434,0,0.8209758132400091
0.7883645530430341,1,10.98796780486897
1.0330527837160903,1,10.419632321945477
-0.3661776743660696,1,10.811023622355417
-0.5476708144054596,1,10.537395757933243
-0.7483218078847096,0,1.0678223897842702
1.9455286865155688,1,12.92973793844009
0.9859656204720966,1,9.343712384081943
1.1116376269941473,1,11.61912949688221
1.1916566384635763,1,9.640721270408658
-0.7059015450518484,0,0.8076303091290176
1.2155388349410137,1,10.643741453360457
0.4458169417385913,1,8.732682293162913
-0.36982787587027666,0,-0.8687164387582742
-0.21309412518943782,1,8.73715080343091
-1.2754026018612787,0,-0.8170728884708487
1.1757405338074052,1,11.277794570771917
1.1916566384635763,1,9.640721270408658
-1.0725615444686065,0,0.5907365453994341
1.41269191458689,1,11.97487197680548
0.3841206437992044,1,10.433229804212782
1.6584658180607659,1,13.203199703226337
0.13392083497913143,1,10.950759675811033
-0.20086140471470992,1,7.9952336316008
1.2069123322791673,0,1.6052252291733136
1.0486983487265786,1,10.006850359950473
0.22348325679583736,1,9.773187874499582
1.04760725041948,1,10.531116554779167
0.13035773020634345,1,10.32552106428648
0.16445529951537896,1,8.779480665597257
-0.19664251438347158,0,-0.023721916229755537
0.5966158593234909,0,-1.8525320935723706
0.14216989239119293,1,12.020808399768871
0.0007917420911409678,1,9.370196084818673
0.4684237777146252,1,10.125736723993588
0.6492716541583294,1,8.853589254181122
-0.991720452599314,1,9.196760788640914
1.075949660722042,1,9.96764780093098
1.839451210853821,1,12.70813176863495
-0.06455912454275436,0,1.4009119706345519
1.7022740516271053,1,10.750068083653716
0.2221982795424795,1,8.249086483274615
0.5008461354300602,1,9.153606724121572
-0.7177471025563018,0,-0.36178950255891107
1.4201208064797406,1,12.156427953030118
0.7521220758079252,1,11.559913652837277
1.9465204918353876,1,11.75883009447419
0.9234813831046416,1,11.11534356439732
1.285037681491382,1,10.841219145229925
1.7448489849747593,1,11.46406069502381
0.5133884701977776,1,8.691221230832198
0.4726229372724764,0,0.558700857547392
1.347453688906369,1,12.419586531449625
-1.2916709784108407,0,-1.715346440116661
1.081647148274575,1,11.357654928841903
1.4404895887568183,1,10.90419531074335
1.3488765718347944,1,10.784004672801473
0.4128885426318547,1,9.21257022486807
0.8687257881870307,1,10.859439027984164
1.375517644923716,0,2.071972900721615
0.3464956731346507,1,9.420112581316948
-0.10431511953558914,1,9.491194747152294
1.2335893924658445,1,10.31390551511614
1.6576477836998391,1,11.286686310751548
0.880629843723761,1,8.490364476318863
-0.2382617173758157,1,8.916797815731728
-0.14520638024007138,1,10.92256370005092
1.4404895887568183,1,10.90419531074335
1.514519945420632,1,13.020449540233589
0.9582529924450722,1,8.671770568165398
-0.7309633025725297,0,0.9706745047371939
1.4519873254354883,1,11.956602576441599
1.0486983487265786,1,10.006850359950473
0.8032336720069613,0,1.5350153840906362
-1.118049442341003,0,-2.56769818974114
-1.5015431691699153,0,-1.3994230170725872
1.2823057573353989,1,10.845449019819684
-0.6099248187449815,0,0.5820335418909117
-0.8568657778965192,1,7.492867589843771
-1.1554962297678504,0,-0.25064148294950583
1.2629815225044836,1,11.25105493564383
-1.254246951422982,0,-0.17078871289099606
1.8861307636042026,1,13.768930593729165
1.2128484929763728,1,10.174517600157586
1.7562739178011664,1,12.904144996582534
1.2899222545374438,1,12.321492608175609
0.9144606271711075,1,10.940759761162559
-0.772822867559595,0,0.7874232946679276
0.07084657353884571,1,10.103446302251065
0.11031848970140157,0,0.2623841300262458
-0.7488880431585838,0,-2.414236981588672
0.4204064889486028,1,9.799504491917054
0.3203448313512447,1,9.263940990661595
1.2641340092082736,1,11.191486785075774
-1.0888866335287943,0,-0.14523357094681866
-1.530767244150422,0,-0.9318088694636589
-1.7953379742180964,0,-1.717975124797632
1.6038435827618716,1,8.995994110865299
1.762716980461362,1,12.12347401098983
1.0409114395587462,1,10.127859209973101
1.118066805696254,1,9.819480670854606
0.6995728122166192,1,10.658842941016255
-1.5504681002851624,0,-3.0048230568971768
1.1227282987514493,1,10.73924815993575
0.7581368356216607,1,10.395657842415567
-0.766591513295205,0,-0.04494184072725049
-0.7162582467222385,1,9.196161692069207
0.1192362282802164,1,9.377577491320581
1.4932916634432307,1,12.57332689434501
1.4097555425674924,1,13.646303671140172
1.5037320887448198,1,12.620032522619864
0.7032917004162944,1,10.607415074674426
0.2657747403465063,1,10.832506686478716
1.7532192737939307,1,12.836157481536157
0.08065400444797355,1,9.343333135159716
0.30911611693252494,1,9.817913360798396
0.13821817902415656,1,9.762818844916872
1.8447622552956568,1,14.918171082823415
0.901030641660546,1,11.610204273468362
1.0544419184566345,1,13.189123483920493
1.7963184127312672,1,12.364139017104431
-0.7335902606903484,0,-1.8156951994899009
1.7187906093702923,1,13.482081362307094
0.8842186435914874,1,11.284671418356998
1.8470499133818752,1,12.735919592315865
0.7322783007604965,1,11.610118659673685
0.45316673954951625,1,11.731446361746219
1.2685125680623406,1,12.027346730218852
0.1650663147044411,1,9.400105149174577
-0.5960975042956345,0,0.7446973278886337
1.7836985761283461,1,11.311384180573658
-0.4673421257634969,0,0.7564196376147551
1.5549923194759088,1,12.712041458116236
1.785057972012328,1,12.90046913351988
0.9082270464615605,1,10.457227961649505
0.01895790152140675,0,-0.7557888180706084
1.3592091425424688,1,10.542740800920415
0.7635359062032911,1,9.751983079530925
-0.18206906817857327,1,9.66877541294238
1.3412099823569519,1,12.7299108272236
0.32068947690932914,0,0.1181552495696507
-0.06842225360560539,1,10.553175410319918
1.5600756045950588,1,11.233337394093436
1.3086325937104935,1,10.927982553376896
0.3747384796349329,1,10.20982652226415
0.6500891374159279,0,-0.5551949672850572
-0.2638045260872772,0,-0.8831099954790311
-0.7689163788274036,0,1.0126152607367194
-1.0773207531289652,0,1.290084486710179
1.8470499133818752,1,12.735919592315865
1.2374446219140545,1,10.589251316577815
0.5696771128252625,1,9.843308555159005
0.023831630939726622,1,7.620228545872144
0.9028780335534399,1,9.421679835670755
-0.4841763607499696,0,0.8835484294868171
-0.7469970380447122,0,-1.2550503629291334
0.9259858561725562,1,9.230919270442737
-1.5518443913277906,0,-1.0817498886739418
-1.074605147199398,0,-0.5918047788358466
1.5265413967016426,1,10.927284590423248
1.7763791437214582,1,12.237857049603448
-0.12879035185064325,1,9.010874311581235
0.012534218993279111,1,9.604908228065437
0.2293486782920322,0,-0.06162948626177399
0.6109844314074988,1,8.02424165888673
1.6611597615170957,1,12.444334600355944
-0.9293262512228098,0,-0.21563683755452964
-0.050128658144104055,1,10.272272083051217
-1.1858579100727806,0,1.3567175603274426
-1.5299926391505068,0,-0.6346195273938535
0.8377554585358991,1,8.95615153901556
1.1571713932787424,1,9.963227294373485
0.8756277784191613,1,10.376597827650349
1.5463817660095933,1,12.042670604250922
-0.31268728584467453,1,11.22827231962488
-1.1056166459221894,0,-0.11768158444746146
0.9028780335534399,1,9.421679835670755
0.7164092765779584,1,10.528564702594082
0.9630744710168178,1,12.550542733102127
0.6078450380104021,1,12.533634068766576
1.290402242638633,1,13.609733882758317
1.7391820699711333,1,11.19889046575597
-0.38607612389200163,1,8.99846582576157
-1.3149063573350417,0,-1.0626542691656728
1.0938925027464026,1,8.145291065114812
0.5444225385744743,1,11.3364365793296
1.6279420737529748,1,11.099135792318881
-1.5324849576362438,0,-1.2516382932855459
1.0051156974950675,1,12.099031042298297
1.8391640816194008,1,14.01283055188119
-1.7668111845505718,0,-2.599810609799989
-0.2689316731672253,0,-1.113349864021668
0.6798139634368723,1,9.156613751135495
1.3766817958767885,1,12.111662884838731
0.41395066638581923,1,8.321510853039637
1.206570359325469,1,12.611015848346732
0.3892495133228473,1,9.824255960707912
0.8566125855686959,1,11.563938229107514
-1.4927039097983248,0,-1.4581318723240186
-1.9600848933662025,0,-3.5682275688798684
0.9195564708143911,1,10.898776707754836
1.7022740516271053,1,10.750068083653716
-1.0780206505939165,0,-1.6175446861927
0.22727344111323022,1,8.11449857852823
-0.5877984335987905,1,9.424377560807711
-0.02006882115015607,0,0.4661705551943527
-0.02787949936479084,1,9.567058691684274
1.7313848854411966,1,12.859189283460417
0.4044600469728352,1,8.764158548378678
1.7302668348238437,1,10.908893241588736
-0.8484819866606217,0,-0.7127003453204683
1.438581381410426,1,8.731258123995785
0.6166984058962979,1,10.372286186300627
1.092567495674686,1,9.880152928094637
-1.1154095595572264,1,7.785431778215638
-0.9163631070125153,1,6.719989150273429
-1.0740991449388075,1,10.469970653895391
-0.34343572713733517,1,8.957272074695622
0.9058468604520193,1,9.10936336845484
1.52358064217901,1,12.89660802654462
0.27682585251771075,0,-0.10065396120663221
0.4174372788590843,1,9.231718004944286
-1.3650529465027619,1,7.898042639300121
0.7798043556098468,1,11.596524417396477
0.9946887010039633,1,9.459276478940728
-0.6874112779397255,1,8.365950939741255
1.9134191482274265,1,12.2976055440522
-1.2103850650778298,0,-0.9652458275540464
0.302373714560328,1,7.965677525383537
1.7970924249824676,1,12.425034297902853
0.3080816067622334,1,9.622595544490059
0.5370106138061495,0,1.397474428981306
-0.011330877129257289,0,1.853597166804836
-1.4641005330008752,0,-1.6267447329388085
-1.3723895034155196,0,0.37047778146548693
1.3182508627321994,1,9.954049420128968
1.7621492044117906,1,14.394211805313061
1.5463583846757856,1,13.013838154931552
-0.3888578638140201,0,1.2000277855301555
0.9402841752155431,1,9.946548051593421
1.6968737393706403,1,13.212881992287613
-1.2475153611049548,0,-0.4568579773420116
0.24875524425810047,1,10.596318320219918
-0.08603571957124334,1,9.666590042667664
-0.8472618961618821,0,0.2622176355208733
-1.4371538878049663,0,-0.17950031046054216
1.314121038326034,1,11.27856945080626
0.11035189308866267,1,10.264006296468008
-0.8146967924007997,1,11.128407622274796
-0.9518599819725018,1,8.725933818547876
1.5896762003126947,1,10.618588131484056
-0.6510489966566317,0,0.6809095851927768
-0.8698365453502257,1,9.763818593367548
0.9302883888410012,1,9.347660525403393
0.772677441015384,1,8.558378058430673
0.6209679225560869,1,11.429571387552558
0.5370106138061495,0,1.397474428981306
0.5793304160892552,1,8.741149274875005
1.679483736522171,1,12.638360545609432
-0.5674411338834222,0,0.7250019571384362
0.9139757353897608,1,9.832037833807245
1.7314707605065323,1,11.812740380575685
1.2139237215393943,1,11.339801921256237
1.7233314567032298,1,11.951871583045214
0.2910811067477832,1,10.921427775770763
1.9245749271672876,1,12.484410406991849
0.5255013041930039,1,7.489039661573642
1.2978860704181963,1,11.936590756830148
0.8114657762004054,1,10.107100252104399
1.099533729011795,1,10.689708627962872
-0.0322879038434829,1,11.548649012983834
1.1966318844191282,1,10.54404097886283
0.7715137107866088,0,1.2494566462235757
-0.7590588650211809,0,0.930536531218461
1.7723033509788304,1,13.127179521995743
-0.09351817475783841,1,10.578340541173093
1.0641035980771858,1,11.449998002473096
1.7607193389169655,1,12.471546468647135
-0.8080808213509219,0,1.233921466788578
0.7818688267594487,0,-0.96382677774205
-1.0101480750674146,0,0.5917023504387846
1.178313114800761,1,10.638324762135921
-0.3094832119455635,0,-0.34341158351415346
-0.2288074538250502,0,0.054765294454082604
-0.11673432253640748,1,9.696396736691577
1.4827538218297573,1,11.457194112282163
0.6049319081659683,1,8.647613108963942
1.1316944570302896,1,10.878205152421373
1.2139237215393943,1,11.339801921256237
-0.9398108503628668,0,1.5727795599530503
-0.9499588380673374,1,10.130417666893852
1.7564347932409623,1,11.372451893694338
0.4901975848524551,1,9.869679465048405
-0.1398587010773089,1,9.477885844822962
1.94343376164375,1,13.505348338256242
1.3409762406354626,0,2.3766510894697803
-0.8718617097147741,0,0.8110157227139518
-0.41530923356297844,0,-1.96785358375333
0.5499952117366527,0,-0.26722252312755196
1.3573539694240093,1,9.806109280970603
0.45588122530093056,1,11.590291937329106
1.1942233525223962,1,10.917405090401756
1.1297032488511514,1,8.93797036965191
0.05784531095957668,1,10.730414577648585
-0.8996044737635023,1,9.635823582565658
1.0673955912710924,1,10.033844244556775
1.4181895728087213,1,11.412557000591159
0.4382573359195874,1,8.807286545677679
0.491561903276001,1,9.953579170412407
1.636701056214343,1,13.117787548388941
-1.4691369838277586,0,-1.0711016049391588
1.9247701166564632,1,14.55316453374992
0.6453524553448506,1,9.778269727058486
1.7058551918247393,1,12.706464761241747
-0.6791397405140098,0,1.2055671482940153
-0.029723716986809645,1,10.072389541873907
-0.3415035050919051,1,11.835670174047987
1.86298883927899,1,12.914367049603445
-0.3827249275828315,0,0.7414875181450749
-1.2619159225744907,0,-1.0633195698154903
0.20946455126893726,1,10.732950683628879
1.5804709628261455,1,11.134536589211995
1.7374680590760594,1,12.769619749202082
1.9978427242386925,1,14.876328905752553
0.41298169073611923,1,10.572312606159725
-0.4722414413884164,1,9.494341798125054
1.7682328779543819,1,12.788531471406571
-0.0194138919441027,1,9.179994376964169
-1.5510357120336455,0,-1.4960250058665991
1.453726311157538,1,10.837504977175843
0.05453353571460395,1,9.938625341305942
0.9559682526249755,1,11.16988903180696
0.9302883888410012,1,9.347660525403393
-1.1179829462574116,0,0.19735180299668775
-1.2952223753430099,0,-1.616609633331846
0.8146314375200947,1,9.876304327888985
1.8325524792179846,1,13.460910412657723
-0.19113959959312776,1,10.341252998007134
0.7443646157739474,1,11.2468057868796
0.7680450237866188,1,9.46704721750507
0.9692409821348975,1,9.40764091197979
-0.1460238247977106,1,8.84914756505866
0.41454880223750035,1,9.717979788033865
0.3537249618138092,1,11.22380923312959
-1.8117552084922104,0,-0.14977395049164244
1.081751211169348,1,10.989922882896403
-1.0275018783093253,0,-0.5909499666891804
1.7970924249824676,1,12.425034297902853
-0.3555463320206056,0,-0.11111916159991089
0.8409711944932461,1,9.402157839513306
1.3457589495044933,1,12.517141772472618
-1.761530698621364,0,-1.6737615914930606
0.38154006928017514,1,10.057388520100158
1.3677342671672346,1,10.672613297471877
1.8148145059668317,1,12.859670576103566
-0.030531805195004313,0,0.1480069545797253
-0.23490265299972535,1,11.030296967886652
1.4456721843820697,1,11.827782759037573
1.4930174267666905,1,13.385468368879366
1.0139024217859225,1,10.465685306856793
0.5403746034705752,1,9.163656536612034
0.3739856632874057,1,9.988628774078034
1.7883626684340763,1,10.838645674828944
0.7120646102362542,1,8.523313260544619
0.34947947430230775,0,-0.4222359124607291
1.5621091229595798,1,11.304827990356571
-0.5823040320504553,0,0.06076252505946951
1.127563651987559,1,11.05019653135851
1.55965350545145,1,10.740642005041181
-0.481050380713405,0,0.028914415729716085
1.3236899632874022,1,11.301932221070075
-0.7483218078847096,0,1.0678223897842702
1.4404895887568183,1,10.90419531074335
-0.3918911324470371,0,-0.7931085616176345
0.3225809036385363,0,0.62327574083655
-0.029723716986809645,1,10.072389541873907
0.7869486614566026,1,10.14995533139878
-0.717348981054271,1,9.621590678269753
-1.457354131358489,0,-0.6075975263107993
1.526869225581585,1,13.042607974766707
-1.1458500884641944,0,-1.4347862560795777
-1.0360149680163282,1,10.248760851637574
1.252728589137845,1,12.030641115765789
-0.24553832324163816,1,11.200551837697178
-1.2215099527169397,0,-1.6811390004946762
1.375517644923716,0,2.071972900721615
-0.7116833376672869,0,0.29734473542354123
0.40433066157286257,1,9.528060239554646
1.5869861996309784,1,10.772930304695116
1.935910591839313,1,13.78664797691486
-0.9162292067345383,1,10.675781097256687
-1.236293659713426,0,-1.5404529237211382
1.4871342663688067,1,10.220535679513084
-0.8499552024649639,0,0.7607885446756496
0.6474412488600221,1,7.946581596884712
-0.24782369637846502,0,0.5545300213846217
-1.715245406159084,0,-2.78399914006041
-0.5113069790124114,0,-0.4851074619481392
-1.5736278787680371,0,-1.0269181282731417
1.704238239273062,1,13.17059547848488
1.6494533824667639,1,12.68043824566264
-1.0535608691699707,1,7.670790660903773
0.9935009977127303,1,10.557867973884873
0.22816205310014048,1,10.004996955742001
1.5767634986564731,1,13.082029143155818
0.36301488541225924,0,-0.09820426436318933
-1.3008600484665362,0,-0.8998181110023991
-1.4989950756151682,0,-0.8805258466532596
-0.4927574889031501,1,9.994836762270053
-0.40599188478407866,0,0.6925922231963028
0.7360994467682871,1,9.099500107242807
-1.3268856459691487,0,-0.6359550842652181
-1.0535608691699707,1,7.670790660903773
-0.48215447762614083,0,1.8299973625698833
0.7603014167551909,1,9.136945644151957
-0.7889295695302998,0,-1.7144481103173386
1.6353059908674492,1,12.76846870413749
1.1951329430946616,1,12.12690822817635
0.9972614205697377,0,2.6980585899799574
0.35196651785533106,1,11.995337777669526
-0.9375998296451757,0,-1.2105370336524406
-0.42885741468518024,1,11.5488154648024
0.6146259056224816,1,10.133901805768758
-0.3650633156076144,1,9.711520908747133
1.2105732391828417,1,11.3013327824769
-0.5618274219199861,1,10.393498754865965
1.2444950797338836,1,10.152695319432242
-0.9214799649312688,0,-0.6695259966297923
0.5070133941693249,1,10.499129064038078
0.13823687662523465,1,9.38655475246869
-1.562070535724024,0,-2.374739542997532
0.04445455395800213,1,10.193971681582813
0.47241186224678744,1,11.429832212119775
1.530239507089389,1,12.084688452599792
0.787182055857365,1,9.853874129564096
1.8544799083570114,1,13.957603619154375
-0.01496498847055383,1,9.17264142613415
0.3877808936526903,1,9.786990721660871
0.893791271400004,1,10.069013767417575
-1.1952990708444822,0,-0.6279814734317923
-1.484481112357403,0,-0.40713444972891977
0.7615793145174612,1,9.917073562432279
0.9160286721639492,1,11.392434697463884
-0.7575961144186816,0,-0.16314028723695467
1.6931440840557426,1,13.48526118263945
1.642422868857687,1,13.386603681661462
-0.07797221096868423,1,11.136339681656489
0.20526956265125662,1,8.224225277129296
1.2335893924658445,1,10.31390551511614
1.779062919529712,1,12.866035622697575
0.9667365159672925,1,10.237988483659965
-0.40740202590837393,0,2.6819593741314245
0.11950250207282442,0,1.1628976360417798
0.09756107731032015,1,10.335193997759912
1.7022740516271053,1,10.750068083653716
1.5400612981890345,1,11.427485619376654
0.435996444207714,0,1.409474216713671
-1.4934514979265026,0,-0.25304692488397396
0.6762140612677916,1,11.227248208182633
1.1849744378255487,1,10.01335197177155
-1.0261318237329595,0,-0.13913421492434375
1.5155245836514086,1,10.742867702580865
0.46516299341657863,1,7.201639665096041
0.1622107015556966,0,-0.7947610747512937
-0.35841269204135395,0,-0.5153699666751329
1.2642270284572943,1,12.56192858159284
0.8892446732948311,1,11.24744172152262
-0.6490080130606111,0,0.39799218393708674
-0.35293783366196596,1,10.493702183251312
-0.7842143950371048,1,9.772128877537432
-0.34228075013185366,1,9.628490106322737
-0.702682490593928,1,9.273561371078047
0.7515945819163008,1,9.473308281435108
1.0986141247247274,1,10.782360130781413
-0.21992526509857901,1,10.108331611224758
0.5457209981745468,1,10.497208859259366
1.3749151708410299,0,1.06177519803709
-0.09809713906906525,1,10.207247268083124
-0.33035598740488403,1,9.630693119854968
-0.364291056973312,0,-2.347134042409137
-1.7908835869249615,0,-1.7115504261761008
0.4955833451665539,1,9.96615722360859
0.6882380106469417,1,9.551605455320217
0.0023172697233251327,0,-0.5260118220186728
1.0886081104633525,1,10.114111413132727
-0.3903749628027531,1,8.681840554915635
1.5330944057048952,1,10.259925076790367
1.7527246900988898,1,12.90736400594964
-1.0305852194529508,0,-0.34016728555873643
1.5124607879428056,1,12.9082223644224
0.38018537969504473,1,9.874832381802664
1.16623281036548,1,10.290622132700728
0.0077816205273668615,1,10.850687560292295
0.6727226478316206,1,12.05300419499453
-1.480868137109555,0,0.7046144269948542
-1.5878332262760693,1,8.756066880007344
-0.575613096408615,1,8.631682047726061
1.4173839311308618,0,3.699061445906225
1.8429852110854217,1,13.791293723437978
1.9383035855044524,1,14.67393943038358
-0.937257740534946,0,-0.44410779424913943
-0.521048756509245,1,8.984726618534765
0.275821933127403,0,0.37075695211808396
-0.3684602925985643,1,10.93313099071082
1.723029302414259,1,11.036996963304823
0.5438188286549139,1,9.79414450660709
1.7956648727548603,1,13.670037055587105
0.9776770152533039,1,10.03420311026682
1.1072854689611242,1,10.246963554492343
-0.9414598922985706,0,-1.304544313359981
1.3012336096919297,1,11.980609257107993
0.8120758355807114,1,11.9697803747543
1.2126820465309245,1,10.777122603095295
-0.35800514521048266,0,1.2925920782285691
0.6854720355871828,0,1.8591153941211844
-0.06455912454275436,0,1.4009119706345519
1.475619937914873,1,10.282737779306666
-1.2201669140054778,0,-1.3580294987737893
-0.11686001194917095,0,1.0600184382291291
1.3237966842202735,1,10.939379986604132
0.785155103512559,1,9.966568902074325
-0.6668005605178999,1,11.183244397813123
-1.219028048807822,0,-1.0364608688935524
-0.872699986818112,0,0.07988734191546376
0.862023818484515,1,9.358990485725187
1.0916859275044604,1,11.837193302192254
-0.02006882115015607,0,0.4661705551943527
0.3773269357063831,1,9.739455856776605
0.05230887347219948,1,9.114731848275811
1.9608901384602957,1,14.737484382362066
1.4497365205646275,1,12.503230895762348
1.392812514211582,1,11.063873572198654
1.1714176761353574,1,8.795203090156114
1.0986141247247274,1,10.782360130781413
-0.8080808213509219,0,1.233921466788578
1.1916566384635763,1,9.640721270408658
0.46648791266110035,1,11.32801857155452
1.0477375029723883,1,9.913537524477194
-1.656822860402042,0,-0.9876506525853352
1.4795854482485131,1,10.819920116466758
-1.8340106979603745,0,-2.26961645210654
0.9344575222456082,1,8.839662772935943
-0.008205629670944514,1,9.86557938948997
-1.3429182021762878,0,-1.2091851520566315
1.5140622452053916,1,11.84698045316754
1.4895782534192596,1,11.926219870667502
0.6297773087098593,0,-0.7676133586257089
0.5750824324049786,1,11.084883493585783
0.7421544822504931,1,10.621998544943162
-0.8237301512928887,0,1.5320913484523457
1.782518710995988,1,12.52901112849123
0.6514391505386627,1,8.155322815894774
1.0873441409204396,1,11.343629330742868
0.07287326254370985,1,9.951685417659817
-0.9715259840052219,1,8.895218204292922
0.5497815148716083,1,11.011819088596848
1.945399691776648,1,14.038836973070252
-0.07549723273261755,0,-1.0951007494511515
0.4725129618315833,1,8.590417020751644
0.4459794108767965,1,10.854035645986237
-0.30059662852765223,1,9.239359951919251
0.5048812865256616,1,10.726955597494042
-1.1412164501465782,0,-0.42561995887500725
-0.9073615185202195,0,-0.9193359807869167
1.924471631471743,1,12.403690595235354
1.993684935695096,1,13.0003136177624
-0.46443511450715436,0,0.08688071935803893
1.1402556841857248,1,11.65761216581911
1.4803954956037195,1,12.162776558124705
-1.6346970626657717,0,-1.0191731554145818
1.2449222336054313,1,10.33793571645111
0.21541713760528314,1,7.554534183691148
1.8710458610782479,1,13.11636360730572
0.20090616862504707,1,10.815822457865298
1.790260505296172,1,11.944644206196653
-0.4274114820239392,0,-0.5392950958253364
1.227338957069056,1,11.535751146426797
-1.160377627617657,0,-0.3872082896072707
0.3960441768542702,1,9.108047527480249
1.4980211801523082,1,11.560863790419209
-0.4252724560375487,1,10.344638349986774
0.28819457347720334,1,11.483265848133755
0.7981114816102877,1,11.149212374323788
1.5911832255681038,1,12.30478807811788
0.9308936616532262,1,10.35606738434863
1.4485104690618025,1,10.108363993988345
1.4944741149488614,1,11.203748371724421
1.368133177505685,1,10.6858260531565
1.2446504155165288,0,0.6085625022859388
0.9784147160135204,1,11.328484835193342
0.34947947430230775,0,-0.4222359124607291
1.8802978266668275,1,13.228849272142469
0.8996410873443375,1,11.965406617716733
0.5072105202593757,0,1.0398032072555523
1.1807447790748147,1,11.594581065409345
1.5386999398133998,1,9.830993120111868
1.6010564448082816,1,13.18719243234149
0.5945558270752622,1,9.512806045021863
1.9141018735565622,1,13.261869607762817
-1.3740931359855977,0,-1.376127653218903
1.8486901938981677,1,13.376569556685478
1.8241885744477324,1,11.927575079824855
1.2585002241036687,1,11.197214262300914
0.002414284618830198,1,8.554121261084143
1.2671178660225442,1,10.444885183797776
1.9608901384602957,1,14.737484382362066
-0.4626934113612733,0,-0.9695835378583535
1.3480533134546882,1,12.220635862941037
0.9103172885397761,1,11.098581666618086
0.1708977733903847,1,9.945892985002898
-0.06794354862419816,1,9.311502683893794
0.45366078374315943,1,11.156347197096025
-0.12390024112846598,1,10.73583936143173
0.30617995980456003,1,9.734514520233066
0.3868919604248684,1,10.770372387551113
0.7838968243747919,1,11.254173541141721
1.2478709695632069,1,11.34561991712274
0.2576663511189907,1,10.778177771277997
-1.4101898931748642,0,-0.004222523644471066
0.26472276490028346,1,8.0478200777483
1.6381938920485535,1,11.793041584915743
1.3146685741343758,1,12.992548304892399
-0.8701102945199852,0,0.6376488986949274
0.901030641660546,1,11.610204273468362
-0.8525325000688242,0,0.5555466019205524
1.8827061816389765,1,13.088881944704273
1.6834896021272527,1,11.317737416126693
0.5182307875669463,1,10.770894132362889
0.9208868710289968,1,9.339186700437992
-0.07740788675036425,0,-0.6830769975373792
1.1817998431589167,1,9.732884163441069
0.5412933868332841,1,11.351219079077682
0.8588753340081441,1,9.441278619576975
-1.4980548128033973,1,9.063586421007285
1.782518710995988,1,12.52901112849123
0.41330226257839353,1,10.147548027891583
1.8861307636042026,1,13.768930593729165
0.8973552685149646,1,11.387978159184144
-0.008973745572414593,1,10.468738587027277
-0.619231166023158,1,10.488407035526697
1.2492693308564755,1,12.182518999946803
-0.05897758341103554,0,0.26497047823603526
0.10803049832613487,1,9.283389563117462
1.8317834397045503,1,12.512915185531542
-1.615496593071394,0,-2.590290804657964
-0.4086534979913723,0,-0.11516096370518586
0.010190426888092574,1,9.934168886665423
-0.15845529729983765,0,0.3353783304921824
1.776237358746453,1,11.644939646404094
1.9202077719059392,1,13.972604305690478
-0.4245423773833661,1,10.164867368821898
1.6047104928694225,1,13.072857453884104
-0.8758009993324434,1,9.754806588513093
-0.27605911794681504,1,8.58251194432284
-0.2318663162755059,1,9.829527070795987
0.39342993719103525,0,0.1845537490565781
-0.11087278334807316,1,9.708424088237464
0.9665512744704836,1,10.617391140423509
0.5330756693499556,1,10.160704406732329
1.529665473629355,1,11.945923466385565
0.001220625418059118,0,0.16139691448776752
-0.7861871342015752,0,0.042824430924567725
-0.9418148550958332,0,-0.18422372773762524
1.190929053392856,1,10.967630857870233
0.0748039775223801,1,8.595011251712908
1.0435658918449606,1,11.3339901019903
0.9322851841186992,1,10.493710605469275
-0.48790020226239195,1,9.611818196427775
1.7539286328566184,1,12.45856898931846
-0.2612874067341191,1,11.059374821398025
1.8797061013807634,1,12.828472285675529
-0.0015263520049519919,1,10.199748258609647
-0.20384895852015328,0,-0.009651833475534253
1.8722632482030357,1,11.776885590105126
1.2121035913306537,1,10.879135719190852
1.3852720511234948,1,12.22423001249202
0.4328455070657866,1,11.555779110376875
0.7603014167551909,1,9.136945644151957
-0.06562780758268394,1,9.469973171182389
-1.4955387104983577,0,-1.122640049839249
1.5565116957600398,1,13.272022478870907
0.7812757984975383,1,9.724103388994738
1.5615372834210643,1,12.14613948865046
-1.2215099527169397,0,-1.6811390004946762
1.968542557914331,1,12.319252541703584
-0.19859845687682887,0,1.2631565081130194
1.2509316172187175,1,9.931810014412099
-1.3923892259508226,0,-0.8451814686895834
-0.5496671496212917,0,1.2568277023936263
0.22476277052004656,1,9.858220828375094
-0.10625736249991435,1,11.18890902283673
-0.9398108503628668,0,1.5727795599530503
-0.6495393143854882,1,7.96294132808583
-0.6090486577627376,0,1.5659127864790445
1.8124984500318604,1,15.315335889545207
1.9347157010536544,1,13.927438842673876
0.1681333803888081,1,9.612179162898421
1.4204376879897604,1,10.202484268256107
0.8157436293113234,0,1.4801812103458287
-0.6764516492248229,1,9.93063009890191
-0.09623112980910342,0,0.6191352353666758
1.7799391422233724,1,12.357215128439265
0.8544294650538862,1,9.641327481621374
1.738919661953204,1,11.316844965820774
-0.35293783366196596,1,10.493702183251312
-0.40599188478407866,0,0.6925922231963028
0.07397189976896179,1,10.109711144127195
-1.9894713776816473,0,-4.861345226911131
0.12944093944525958,1,10.177829144709065
-1.4464857498323265,1,9.51545741364727
0.4566754012755707,1,9.344556578018661
1.0790892295423422,1,10.983821065680171
1.6431797220397955,1,11.227639704033935
1.464382534446766,1,11.615102547527417
-0.9461062172246071,0,-1.5333985850567777
1.8923071916491931,1,12.986341567064683
0.5175945525410501,0,0.17687476093000626
0.39342993719103525,0,0.1845537490565781
-0.060030861690001824,0,-0.9989584381669049
0.0748039775223801,1,8.595011251712908
1.7750964813792645,1,12.488291644578863
0.28698393257499477,1,11.0559018352689
1.746919954946938,1,11.966973889417451
1.0687531557245076,1,10.354212050908867
0.8690475034630256,1,10.076143084417684
-0.3242680880642159,0,1.0592429241550196
1.295585526498657,1,12.061770006599886
1.2850006182388172,1,10.85865406528489
1.494314496427109,1,11.28285568998429
0.7032917004162944,1,10.607415074674426
0.8488808207086347,1,11.08302759152465
-0.40273633676276743,1,9.488227121823966
0.8587843560264887,1,9.609862484731808
0.009487279888381828,1,8.213910562785324
0.8141133607261217,1,11.41470084356287
0.5796252954596679,1,10.499138218670632
0.5813824930024314,0,0.14851683662569054
-0.7019527992986316,0,0.5828225349271091
0.03890430115271881,0,-0.4532974708724377
0.13329419143842003,1,10.32456837996226
0.8626506082892456,1,8.69388727023741
0.5108322122856714,1,12.135430150707439
-0.8024665051786068,0,0.35736693054560753
-0.5480686383845135,0,-0.6421967370476162
1.7770659564537357,1,14.419112137964675
-0.4011217961022897,1,11.346948737710333
0.8347068798620279,1,10.159467908010003
-0.349512636605505,0,0.07238450815508164
-1.0001640750420178,0,0.4353399195864961
1.9198217894331138,1,12.400279793082339
1.1946231214265461,1,10.154482413042047
0.049571282928426275,1,9.138695536097439
-0.264259001474505,1,9.798566098501139
1.431062193489769,1,11.473310820345837
0.7005195433776787,1,8.775838332459898
1.801645936306235,1,13.271702397442503
1.2716167073297577,1,11.719015204675069
1.4261488949917074,1,11.284759855960832
1.0494448548286912,1,11.232525930990109
-0.051669822705687984,1,9.76155889452425
0.40364802263634436,1,9.893634739101325
1.0477375029723883,1,9.913537524477194
1.294494442995894,0,-0.26969472509538495
0.8690475034630256,1,10.076143084417684
0.8818269658510247,1,9.333264369891568
0.5245545039890516,1,10.587971921805105
1.2226806118002127,0,1.1514775105191595
1.6528238472566894,1,12.369016642040561
-0.888435496048976,1,9.637334206815247
-1.0825368918493106,0,0.2569228911200202
-0.2792963662227472,0,1.0008138474442168
-0.42209488571985876,0,-0.3497031678631408
1.7770659564537357,1,14.419112137964675
1.8528901577624453,1,12.68840224506805
0.39342993719103525,0,0.1845537490565781
0.7301619150686283,1,11.681777103457637
0.04574562520634906,1,9.602305375045265
-0.5778808113919696,0,0.4513602851396186
-1.0305852194529508,0,-0.34016728555873643
1.864712099338147,1,14.475757699283312
1.4317396559893152,1,11.98446438452982
1.875511421142766,1,16.437710117894614
1.083687378576208,1,10.97699090935672
0.03768851259915884,1,10.175751479868566
-0.25581210352568373,0,-0.5896973627292762
1.6974173847752017,1,12.997815220975772
1.313512582406585,1,10.0243503670668
-0.7851045934726968,0,1.114945022371622
-0.024743838172285315,0,0.2704292971483145
0.6151116918246253,1,10.132250207156627
1.3533148188445514,1,13.536032475498699
-1.2122971821862865,0,-1.481912550164004
1.6243482419250421,1,11.48276851340159
0.7287667570203951,1,9.42964011504084
0.9667365159672925,1,10.237988483659965
-0.2715350527922826,0,0.48521948927531494
-0.35846830785748107,1,11.226971713717308
1.7892275969478484,1,11.44542126460577
1.22438699184299,1,11.902642720916818
0.363465069580458,1,10.642404769833668
1.4131391942688079,1,11.33081133457963
1.617439099975429,1,11.620771568447141
1.3636348416116286,1,12.507269275449376
0.07754343801574937,0,-0.9350232313691536
-0.3880792849393542,0,-0.7875754277284539
-0.4507099280987439,1,10.511073940485275
0.5541037906563422,1,8.576638820246961
-0.5015495414941151,0,1.377646944630258
0.7064689342100259,1,9.410382720842811
-1.0425206546318146,0,-0.31539268643649554
1.1837055485740096,1,12.408613990605957
1.5164732302486588,1,12.54253477225899
0.8164174430865474,0,0.6956332297699035
0.5517219583186619,1,8.755154538808053
0.8639387741668965,1,12.540377286127363
1.6383815644437774,1,13.254021562860464
0.2692488785156142,1,10.860392987165504
-0.7883370846672295,0,-0.7687636332125727
0.09263259927056655,1,11.206555857567007
0.3769673092343888,1,9.322958331113044
0.0922616990764773,1,9.52354401683366
-1.2156091490464283,0,-1.7223345052516197
1.8524604463566954,1,14.221109149153063
-1.1571733397003752,0,0.20345125365890415
0.5499952117366527,0,-0.26722252312755196
1.1680125045207839,1,10.55937832518737
0.5492086261520956,1,10.590120309721017
-0.481050380713405,0,0.028914415729716085
0.6601466981850219,1,10.466701832251998
0.46002890679667896,1,9.549386496295035
-1.2808087460196984,0,-0.43198954615572827
-0.888435496048976,1,9.637334206815247
0.13919786512476984,0,-1.0054407957344706
-1.006043440742137,1,11.05282047995134
-1.4900453506720703,0,-2.7179505992320796
0.023831630939726622,1,7.620228545872144
0.30792644967072746,1,10.928944727533977
-1.0631865162946634,0,-1.8939733099128375
0.9271043801506895,1,10.467265628335829
1.7858260526016219,1,12.834942076272911
-0.9131296044072812,0,0.3356792416359217
1.750201349629354,1,11.324277586181715
-0.2661110689774624,1,8.842458192580207
0.8059964058606641,1,10.80825018521082
1.8846036294731432,1,12.65261534689456
-0.10626026562380497,1,11.400430722755141
1.4895782534192596,1,11.926219870667502
-0.6541985927299594,0,0.023312208520504224
-1.196265245363774,1,6.84230749616505
1.87330784039702,1,11.76094923742125
0.44585444490264337,1,10.406548265797333
-1.100452879097873,0,0.22368223941116805
-0.1332275164623664,1,9.6434849513279
1.3074342438910125,1,12.426706756154713
-1.9350262271621852,0,-5.10254797226318
-1.0903130851058829,0,-0.2786261772816378
0.9926471961147847,1,10.730872485187303
-0.23137544754875305,1,9.899922772804548
-0.2944065727935099,1,10.582950183907588
-1.795458474231597,0,-4.820179552320587
0.19360374696764682,1,11.035090881393993
-1.2381720118798163,0,-1.1632447293273063
-1.5960875727289556,0,-1.9162646931252967
0.6770731670033396,1,10.861863220666798
-0.9492267604799793,1,7.335813313840241
-1.8253562851479659,0,-4.904049533293829
-1.196265245363774,1,6.84230749616505
0.9494283095511986,1,10.856312650154223
0.11976234772093175,1,10.008777216743214
-1.5953375215475871,0,0.8218136746010245
0.6047908483813855,1,10.75921979509554
0.846891222984195,1,9.924728124242069
0.2576663511189907,1,10.778177771277997
1.4013920044795816,1,11.54005045385065
-1.1155069484439402,0,-0.01766894493273463
-1.9323488003135707,0,-3.266529570638268
-0.27605911794681504,1,8.58251194432284
0.11482927953621047,1,10.196611061375734
-0.7560707131373512,0,-0.1671503133985959
0.7005195433776787,1,8.775838332459898
1.7276509303898235,1,13.224330111535828
-1.4135417713606309,0,-1.677267935545934
1.2141671073057108,1,9.836654666757491
-1.1827344664041188,0,-1.8595140849032639
0.9384332028421403,1,11.189865136322688
0.34235073549045003,1,10.118978851655362
-0.2985740149200655,0,-0.6887235101152199
-0.14427449275066895,1,11.187321768030577
1.216811629191124,1,11.248302888420907
0.9733316542626267,1,10.53369530176635
-0.6015424047691114,1,8.187911961263891
-0.1626159593087091,1,8.388255253330133
-0.27066079582959235,0,-1.0869051611984566
0.7886547685519218,1,9.657726519816
1.9225928782561983,1,14.486640140575215
0.6681474285014155,1,10.865811572791532
1.9166062204024623,1,13.535214440026383
0.39322430278407516,1,10.89938937842849
1.2720590636899725,1,9.83238764289802
-1.5205385306652688,0,-0.2533861556295929
-0.32300300272413685,0,1.0922860989616774
0.39067313081081245,1,10.073057336611623
1.9884980006308446,1,14.144986835776301
-0.2872634067307427,1,8.54081036135293
1.470808391676956,1,10.645049665332518
1.7030067722212219,1,12.408662102976702
-0.7741461278287187,0,-1.0393525220672237
1.1214620120275267,1,11.145488161207473
1.2735216991181408,1,11.207323648630895
1.7907447082571184,1,12.338233274657817
-1.3424292626863434,0,-1.2258608179904231
1.8947685394007951,1,15.029930804080475
1.3366564328337653,1,10.440294832772873
0.7565734279213507,1,8.757101392478852
-0.019776217381660466,1,10.875885439361733
1.3260733324488942,1,10.762732688330397
0.9518037895903686,1,11.425891781060695
1.3654270852207944,1,10.104868439103651
1.6382577095212048,1,13.003141873359317
1.4785987392486852,1,12.328488153340894
0.5362202240439333,1,9.867431394631124
1.602807456045034,1,11.654489753121139
0.4225515572936458,1,11.314012825690012
1.7720828385829446,1,12.530168572629702
0.6742905868916562,1,8.726300849300186
0.3223534011121738,1,9.055060907318518
1.6368085448259482,1,12.6546819773092
0.20265351776340612,1,9.190165387741652
0.9562679037574902,1,8.993158606470136
0.963532826887942,1,10.589439174576903
0.6355418809306288,0,0.015836811160927583
1.9098262527353702,1,13.261853483203456
1.241731654292682,1,10.803482354888132
-0.10611291687773727,0,-0.7734508377301715
1.2428826917806992,1,10.081378902466342
-0.07446915300628998,0,0.1884650825674181
0.3765228614085405,1,10.340282398964025
1.576377210133003,1,12.561821524938301
1.9491045172597778,1,15.85841744339419
-0.19113959959312776,1,10.341252998007134
-0.7309633025725297,0,0.9706745047371939
0.13441018690751383,1,10.237414646156417
-1.7341466968949115,0,-2.358269248585019
1.7804897949795477,1,13.9669909828426
-1.480868137109555,0,0.7046144269948542
0.08326234457632875,0,-0.4333710805407582
1.1758203388623625,1,10.410504903189448
1.4391786992465825,1,10.515298416206582
0.8083887535179644,1,9.986138897880062
0.26034124981102513,1,8.782384883517237
0.9220586161053066,1,10.505928404985138
0.06378351410169358,1,11.656662491964417
0.9401007447592935,1,10.199469892029011
1.5319752993190923,1,11.77547123615055
1.2697988339647663,1,11.148138582087055
-0.49329423828215013,1,10.969795274490092
0.6356072262994288,1,10.454056282969018
0.45636295190280673,0,-0.4590544079782024
1.301759582994515,1,9.55822551785183
0.11124843318248301,1,10.987255241782373
1.0858933794384256,1,11.513180290648755
0.785719228144429,1,9.809328561042351
1.0736842844689685,1,10.296349063689872
1.9460609951719188,1,13.595809689042156
-1.0647486676277436,0,0.5852994067840521
1.5918208647400767,1,12.69142833270574
0.4775598774660077,1,10.783697950069524
-1.4955387104983577,0,-1.122640049839249
0.6453524553448506,1,9.778269727058486
0.2864305979317754,0,0.598868427293414
-0.2557180791227496,0,1.4664668444366065
0.6109844314074988,1,8.02424165888673
1.6839780843863035,1,13.68332131151888
0.4239878690841019,1,11.467226446302389
1.5767634986564731,1,13.082029143155818
1.4941370569808585,1,11.21933971730084
-0.5623046926767317,1,10.192054653551049
1.0913603337060134,1,10.26598188634135
-1.0770616391717849,0,-0.3668948888068986
-0.6690820939584836,0,-0.903768494993159
1.3304470933045245,1,11.07822980624584
-0.7682802336352363,0,0.3954045792465223
-0.23694901224708742,0,-0.16311474119943853
-0.8618344572922649,0,0.04008781345974838
-0.12879035185064325,1,9.010874311581235
0.3449419951230466,1,11.566630401801001
-1.7116626560053065,0,-1.756846132978502
1.425959364753289,1,10.803164225526192
1.1316944570302896,1,10.878205152421373
1.4106646124068827,1,9.798068177945442
1.9309581636415438,1,14.954750693780632
-1.0711492194127308,0,-0.12817827011950117
-0.5724560993155592,1,8.488397994313875
-0.7560707131373512,0,-0.1671503133985959
1.4518384932520738,1,12.022145099103948
0.30846832955162595,1,9.318332214257502
1.4481706039572537,1,12.460522450811744
-1.9418213373284723,0,-3.89049802112345
-0.7682802336352363,0,0.3954045792465223
1.4602843975015753,1,13.109255567322025
0.17795639184339818,1,11.242652163280544
1.505683774417971,1,11.557286822972712
-0.9256815826681337,1,10.679921635462632
1.0194901156342424,1,9.617085619715148
-0.37053790314867063,0,-0.46028068791907484
0.11462641595710243,0,0.4996076102698011
1.0574135457457094,1,11.377964781614251
1.6038435827618716,1,8.995994110865299
-0.27605911794681504,1,8.58251194432284
1.788682467373576,1,12.885525146351025
1.762760750892927,1,13.628286181030528
1.2688888008048633,1,11.012436841623808
-0.4100480303094889,0,-2.1414847139696
1.1351671379415889,0,-1.5298277616837472
0.2730744650750734,1,9.600397857990027
1.6842779451983256,1,13.709396288967904
1.9620205680026932,1,12.63028970616567
-0.27644990535277625,1,10.112314780296165
0.16011676904275074,1,10.232378290382805
1.2235646767874169,1,10.901089481247821
1.1891814631182145,1,11.743863800952688
0.8563477285297112,1,10.888845932489303
1.3439204820488233,1,11.512130457404483
-0.10625736249991435,1,11.18890902283673
0.9157568004206289,1,9.761037903511642
-1.0240414264836657,1,9.711475990693629
-0.006231204283770886,0,-0.36506958683999813
1.5094018125313546,1,12.43073638369047
0.5558520878931383,1,10.752248238356357
1.3554154476162754,1,10.310693261618711
1.6761531081146845,1,14.047456277325097
1.3295641668076317,1,8.80812977679025
-0.5385326337973888,0,-1.9623465894662748
1.81361151752838,1,12.98383082883525
-1.1751891363928846,0,-0.7378908499666084
-0.5057348558436776,1,8.981261746189805
1.4349798741183206,1,9.73503860577566
0.4766909414633469,0,1.0629418555549006
-0.34429576778964455,0,1.5535573843158352
0.46221049277271664,1,9.22999445795214
0.582137425642089,1,10.446427961277632
0.9644825971602362,1,10.216656304354268
-1.206359595225749,0,0.4019701117604496
0.9043653348906462,1,9.410732108139625
0.08732350122075738,1,9.615441271151985
0.6750130177992548,1,11.713242701255314
1.3100252794928848,1,10.42951616747107
1.0642591061412103,1,10.628058058165653
0.4021390728256593,1,9.441744829871192
-0.9186056380176626,0,-1.2896737970952676
0.3238015195527173,1,10.953039269203629
0.4010056403983322,1,8.962378964839507
-0.2656688294695426,1,10.899180038913258
0.2870894081932889,1,9.881271772726043
-1.3980180077096578,0,-0.11447833231050941
1.585343274084479,1,14.324281769547353
1.3378330114243866,1,12.039048033559684
1.1757405338074052,1,11.277794570771917
0.14966775439922797,1,9.829014930671486
1.4287170279950119,1,10.429335503922973
1.533398804088416,1,11.350022207254382
0.25265755381581956,0,-0.8854581771081066
-0.937257740534946,0,-0.44410779424913943
0.2187480991534687,1,10.667806769510886
1.9393647958493383,1,13.867490012241097
1.3672348361152755,1,9.15001245346032
-1.1475811838996668,0,0.7752914577043806
1.1134876181819648,1,12.087027832964091
-1.5874129564865558,0,-1.9967592621811578
-0.24782369637846502,0,0.5545300213846217
1.0440959637719955,1,11.103590984491069
-1.201713536416245,0,-0.9294286731351015
1.0563823463155173,1,12.688030373441606
0.03324677710677815,1,9.875481986801978
1.7876115978420675,1,12.926416440727317
-1.1381483708970799,0,-0.06328050943069341
-0.1426730208193887,1,8.318377653889664
0.8520571674469632,1,10.889450799418638
-0.5266111448225947,1,8.809716584551008
-0.2478653732094127,0,-0.02283870868392871
-0.5116709801484163,0,-0.9876829109380217
0.9554667085321307,1,11.407900193244974
-1.4024024461849107,0,-1.197056848506806
0.9790029265196889,1,9.468289924448483
0.2482911776102843,1,10.60472908238131
0.7510768254629392,1,12.640667586678232
-0.4216956976094144,1,9.880667493214853
-0.8583837261463101,0,0.11781510332575501
1.9653116062568823,1,14.42322929724387
0.05632278247709266,1,10.044115496548947
0.38586830165417485,1,8.937763294184997
-0.6180765851062171,1,9.336563649492556
-0.32967689686028656,0,1.2365880870796093
1.7723033509788304,1,13.127179521995743
1.4602843975015753,1,13.109255567322025
0.3643815221424562,1,9.362733072982115
1.246508057779414,1,10.129025359675236
-0.3827249275828315,0,0.7414875181450749
-0.28220841168518973,1,9.928576385150082
-0.02231878118967412,0,0.7527050423012259
0.1318311462053412,1,10.701098933499313
-1.5813582386140754,0,-2.173567986207737
-1.3493567395780595,1,8.024281051119244
-0.4615556960849272,0,-0.838126579884938
-0.24388302407820817,1,9.237169302911107
-1.0166102300263988,0,0.14314704776354448
0.6008043695926135,1,10.034337285737953
0.46648791266110035,1,11.32801857155452
-0.27644990535277625,1,10.112314780296165
0.4067464344818603,0,1.1431351686770717
-0.37157404349748946,0,-0.5017804548607284
0.3719389910219757,1,9.201600665894334
1.0222045541721947,1,9.57776295582432
0.30219803132441303,1,12.009960055251213
1.495560310250061,1,11.455327385270488
1.9718591844772013,1,13.03811279059434
-0.2584147064009943,0,0.6714989456941082
0.3223534011121738,1,9.055060907318518
0.6918664895777296,1,10.334686334698262
0.7747289031259545,1,11.477507080397984
0.16943580196928565,0,0.41340256361609085
1.6047104928694225,1,13.072857453884104
-0.22624358865582384,0,-0.05901524546481505
1.7081381791852266,1,12.32252484979954
-1.6921133224765037,0,-0.7237983106177479
0.6418788854577246,1,10.50467495473311
1.7281124220400699,1,12.140505424630508
1.1703792528365389,1,10.41558155671906
0.20218120247998206,1,9.230982077541288
1.5113203126081634,1,12.471465109111989
0.9922927177181284,1,9.37504728957073
-0.3084941261328846,1,10.145375481098537
-0.44244088133250603,0,0.807030781555107
-0.4735340035634601,0,0.17254055559123518
0.7809186229909426,1,10.15746865469714
1.635670976485816,1,13.089143887800349
0.2635544204070359,1,11.463523520165941
1.3422868203625948,1,10.80585998996978
0.8043903494570799,1,12.209335983681218
0.3739856632874057,1,9.988628774078034
1.9441117127857188,1,13.301845904101796
1.1034602608111475,1,11.485623082229374
1.5993333827490899,1,12.319368563713216
-0.34613693315935956,1,9.012381864299263
1.48533436936113,1,11.066694252898685
0.7603014167551909,1,9.136945644151957
1.1741496089153238,1,10.46817815215047
-1.7686222022113576,1,6.819845120169041
-0.8146967924007997,1,11.128407622274796
-0.7298011989696462,0,-0.5223292564177175
1.294494442995894,0,-0.26969472509538495
0.9554667085321307,1,11.407900193244974
-0.7783460058289946,0,-0.3221429182667015
1.8662337575221764,1,13.34733708514264
0.0296477548712355,1,10.027970691146036
1.5816508447768758,1,12.277304827921654
1.569209992558609,1,12.351108048087283
0.7377414442772299,1,9.899106683152937
0.39067313081081245,1,10.073057336611623
1.961140682339765,1,12.12338754520953
1.144822609044232,1,11.2996118542433
1.9944692766575387,1,13.106946646122447
1.5741383339937478,1,13.140286957394967
-0.042709010099514444,1,10.123919454265843
0.47835734983936273,0,2.527747837282682
0.26743373317637875,1,10.947127551249492
-0.9447757002145698,0,1.0729710602028801
0.936605036166585,1,10.961062352621397
-0.8953217687164021,0,-0.6950207988919017
0.767709453066368,1,10.655657516223982
-0.2143219343936713,0,-2.4984957461646053
-0.46466819226782397,0,0.8824087487517231
1.8947685394007951,1,15.029930804080475
-0.4413703108475384,1,9.819659349260155
0.22713964371275175,1,11.246417242214022
0.6596468979488721,1,10.589538954764118
0.6033118019573123,1,10.61723199222543
1.4090554975647258,1,10.632519534993861
1.511897281780278,1,12.764516721328004
1.0135127410357665,1,9.252486137287544
-1.302362931554002,0,-2.387752547403069
1.0912382931613496,1,10.735494588388287
-0.6060880968173787,1,10.919371255557975
1.5763981444246369,1,13.595549726410566
-0.888435496048976,1,9.637334206815247
1.7142221315765438,1,12.447277595191816
1.8023758637244973,1,13.174932553748963
0.42692689886974566,0,-0.2567575344469374
-1.4287427821085306,0,-1.4044885969117353
1.215258180773787,1,11.690276655947638
1.5141229968286236,1,12.23948692596799
1.5094922877118218,1,13.258516922673394
-0.6281339211996873,0,-0.2489036027773487
1.4440352852320544,1,11.783350074621234
0.8641998929685779,1,10.944719520594425
-0.1954797208086343,1,10.430699877879421
1.5083623240727557,1,12.867640844926457
1.6616648058668138,1,12.241868060504206
0.26642103562185193,1,10.338404781801302
1.3967826062612771,1,12.141332867188773
-0.8007978897390564,1,10.775237005446911
0.8157466681380616,1,10.65339007285578
1.8535777368542017,1,15.684476718010988
-1.9445514563485595,0,-3.1781235341894596
1.2784994781905796,1,12.545111602855295
1.5802668917448566,1,11.898094351579656
-0.19664251438347158,0,-0.023721916229755537
0.07051931359186892,1,9.72283588880155
-0.2623867239735609,0,0.37144972529307463
-0.8947235661365855,0,1.7362483279937262
1.4359221884888806,1,12.444527693403877
0.044516556948919206,1,9.541067329512668
-0.6164901570485704,0,1.0521754670376617
0.6965211821442518,1,9.87046002909633
1.787024978768963,1,13.973156731367055
-0.2802756904394075,1,9.656951796501565
0.6677097898347228,1,10.668118149766855
0.8823456774825496,0,0.811474478988442
0.7443646157739474,1,11.2468057868796
1.8482339957654061,1,12.25491035906089
-1.4989950756151682,0,-0.8805258466532596
1.4738719035916512,1,12.749789822599947
-0.6156010938488579,1,10.963802782827123
0.28265831592315616,1,9.608141690030335
0.7883645530430341,1,10.98796780486897
-0.019776217381660466,1,10.875885439361733
0.8202531368215165,1,10.319852894665035
1.5502522872647653,1,11.541082306559536
-0.18261830772937948,1,10.91580964011787
1.1164103455831471,1,10.456568297252224
0.7059349980824177,0,-0.4827640336801001
1.866363080893267,1,14.25053449519489
0.21576693541855008,0,0.5511883550927281
1.6430806465756609,1,13.05039006376491
-0.92890274158353,0,0.004445413551326272
-1.651628932816914,0,-1.361422752343352
0.6658521901073429,1,8.559392075243572
1.5368258533936312,1,11.400358606133521
-1.281362843880352,0,-0.2844861101293914
0.28350966735790495,1,10.755906429360707
1.4346882197179847,1,13.14310187697574
0.6742905868916562,1,8.726300849300186
0.3056222058145335,0,0.3504472380413435
1.1544598586896258,1,12.089490176172635
0.07359850653226063,0,-0.38005897085037926
1.3208794582679664,1,10.97115199391459
0.7530969431209482,1,11.428851523186115
1.0798944728264037,1,11.124030868194197
1.6968737393706403,1,13.212881992287613
-1.2234849182161112,0,0.17857780831444314
-1.8209264452460525,1,8.726805240205326
-0.2478653732094127,0,-0.02283870868392871
-0.6192806468174781,0,0.8616259801780497
0.38589831017580956,0,1.589534663751333
-1.6858912562337087,1,6.291296605535278
1.6330635438666148,1,10.380822510109063
1.7030067722212219,1,12.408662102976702
-0.514146642662114,0,2.1304462643026483
0.2506216916109696,1,10.224277113459161
-0.16698843803393348,0,-0.5032932059905183
0.8653013739041122,1,11.329153401726208
1.1072854689611242,1,10.246963554492343
1.2575471170750454,0,1.6828514625289426
1.7170439007915683,1,12.351610949172029
0.6346454197590679,0,0.12415279081514616
0.8147991185162038,1,9.360035213321655
0.9743756647062392,1,10.070362728916622
-1.4819403148687833,0,-0.3368167351503808
0.6532428380160078,1,9.86471778778542
-0.9437520612251249,0,-0.3988266840594791
1.351365523622074,1,11.87880274327999
1.8669369101404323,1,14.626789688745221
1.450700651782903,1,11.521039610418656
0.5768520639584716,1,11.006671848885272
0.8289545372535945,1,12.306602022074792
0.12921745539266505,1,9.896399461860074
-0.719801595877553,1,9.902233819643927
-1.661404985661484,0,-4.132196153411341
-0.6309376288410151,1,10.352963722178403
1.4602843975015753,1,13.109255567322025
1.879275458535139,1,11.824550149436062
1.6258884438581878,1,12.611799852741338
1.1601217452282455,1,12.849241340281964
-1.6294980677945312,0,-1.6606588681025811
0.7108929648052817,1,10.400922011760624
1.5036196999995783,1,11.983218498480445
0.8665277468081256,1,9.2851655960461
-0.20636863593626842,1,8.539561754215791
0.4202850137509748,1,9.480103056307115
1.9865473482956215,1,13.937513858916763
0.9080741080565358,1,9.301348164743574
-1.494941033741989,1,9.07312482618177
0.3165192161401964,0,0.8580128836750583
0.6637886643218569,1,11.248670392513892
0.5033647799295031,0,-1.115682904909211
1.462308582498209,1,11.35505763171528
1.6899955852100126,1,10.857036625286277
0.6701995971658818,0,0.8929260775623097
1.3382871610225107,1,9.584165953096042
1.7830988680338438,1,13.451657831931193
1.9307529583653027,1,13.173048219040187
0.7922821856136064,1,10.16393290172713
1.7009932696626633,1,11.787161681157764
-0.879463524898481,0,2.014010176045596
0.4415754665762144,1,11.03672350009358
-1.9323488003135707,0,-3.266529570638268
0.11049782735483138,1,9.54592061101078
-0.7607724987101241,0,0.1547435693871332
1.8360967038918639,1,11.733975733120563
0.5523709031858095,1,9.9419321031082
1.9383035855044524,1,14.67393943038358
0.7354804996361279,1,9.974869141011363
-0.8147675181760397,0,-0.9739069156682858
-1.2537197644558566,0,-1.1075505989807048
0.7824725859872275,1,8.183993379340471
0.3264891719567742,1,7.8636553377943414
-1.0638872987725017,0,0.38622201793298816
1.6931440840557426,1,13.48526118263945
0.4901975848524551,1,9.869679465048405
-0.18183574092890709,1,8.729317093086937
1.3516334994072143,1,10.540222288579363
-0.5905002135613824,1,10.980904312818739
0.4901975848524551,1,9.869679465048405
-0.3679196348596756,1,8.852167212028624
0.6838988379431399,1,10.04475164484054
1.7270148777312655,1,12.383809264998575
0.06734707093799663,1,7.8257852851820076
0.5712263643446946,1,10.015605977518273
0.21388710483939954,0,-0.2905407176273136
1.7175039565103432,1,12.289270084006844
1.4838764949843424,1,12.131598767062783
1.478134687259919,1,12.34645860878177
1.9974012018888008,1,14.061569220127051
0.21520896284950508,1,9.249982823732726
-0.5800147766722508,1,10.51266010671225
1.5832629262407787,1,13.301965760949404
1.1713601810941086,1,10.774910287975727
0.007742323123442585,1,9.611588391620703
1.5052558796620352,1,12.499615863515636
0.06679354090507106,0,1.7891717364961424
0.8164174430865474,0,0.6956332297699035
1.6494533824667639,1,12.68043824566264
0.0812945047655429,0,1.1451248722246457
-0.6994682863989423,0,0.035951096746353994
1.5524727557361433,1,11.547261889912516
0.3464338527018964,1,10.706277092893878
0.5118349413716312,1,12.00821457273926
0.3051534406672527,0,0.73903329458572
1.563422139932587,1,10.61201161154471
-1.6921133224765037,0,-0.7237983106177479
0.6701995971658818,0,0.8929260775623097
1.6392945633282414,1,11.662307255303947
1.2354341561342612,1,11.598909992233853
-0.2837505227893362,0,-0.734412214388957
0.03362390657850822,1,10.164538039103299
-0.3781132946783261,0,0.8516522851025083
-1.1390247179961852,0,-3.1779190010587692
-0.7116776987349369,0,0.07886811126222412
1.6801526564362104,1,11.587907540975106
1.6931440840557426,1,13.48526118263945
-0.2016665883189508,0,0.3688535047300449
-0.20078403718228532,0,-0.7829385321969141
-0.8992391529060972,0,0.13087070454220134
1.4968900987407032,1,10.631190226847401
0.8414060028493289,1,12.408966006769628
0.03768851259915884,1,10.175751479868566
0.39322430278407516,1,10.89938937842849
1.7377321550137657,1,12.93756932539515
1.9889515996144107,1,12.586389304289709
-0.07543959258073007,1,9.585437310918142
-0.7329532917298933,0,1.090815636045091
0.05550333911293448,1,9.834686365334466
0.612651162125132,1,10.28725643439795
0.8326883545811263,1,9.571954279783824
-1.6112940249169259,0,-2.7860516736493963
0.21922703309579195,1,8.798583193765266
-0.6638178063201616,0,1.1571892877440693
0.25494840578159783,1,8.956518108634576
-0.5065873558726732,1,9.970424396262889
-0.32557090032668023,0,-0.6826856036837413
0.6033118019573123,1,10.61723199222543
0.23083530500017568,1,10.875464772095613
0.8164174430865474,0,0.6956332297699035
1.083868719818244,1,11.210391130455097
1.1601217452282455,1,12.849241340281964
1.6257498133776438,1,12.446019687564924
-0.0194138919441027,1,9.179994376964169
0.7306846098510373,1,10.478680544911567
1.6619531903521674,1,10.468386354287933
-0.6702932313025394,0,2.557926616957657
0.18572126431138924,1,10.85453495230259
-1.2442807449401907,0,-1.3674098470505307
-1.4732523862551719,0,-1.590377425358047
1.5206269516859403,1,13.257550339633884
-0.2117778247742983,0,-0.4852770076743525
0.8362420778036657,1,9.239406275932138
1.9424029358112014,1,14.40232975547145
-0.1841646678085609,0,0.21717227329615427
0.025064237980811033,1,10.261607829498047
1.8303240603352693,1,13.761755678872362
0.11080443634519943,0,0.14317995534039263
0.35706935502666814,1,11.442511076584056
0.4733852281818298,1,10.612773333071164
1.945399691776648,1,14.038836973070252
-1.8170318647499486,0,-1.5146637305391562
1.561638068877314,1,11.09601930348064
1.738919661953204,1,11.316844965820774
1.8612108945215993,1,14.124252640779645
-0.26893248160294947,0,0.053109191486384294
1.569209992558609,1,12.351108048087283
0.9858085154284559,1,11.151005452805455
-1.0939134958555772,0,-0.20252636617481806
1.0865076439144308,1,10.54442458912737
1.918937339095439,1,14.375165228854867
0.692368523644868,1,9.506935945562134
-1.047268875813094,0,0.3880717657326972
1.4352670846726188,1,11.245880723420123
-0.8221369618323293,0,-1.292515745800288
-0.27644990535277625,1,10.112314780296165
-0.7309791342012,0,-2.5985208130516515
-0.07109907865069376,1,11.325783482273689
0.0204622229760254,0,0.17302673072687455
0.9436816254957954,1,11.702134785730204
1.2000139270547256,1,10.816826562035802
0.17920434110439354,1,10.299694980888596
1.2582988809255284,1,11.270187025713051
0.25981043060989295,1,11.236846714638014
0.21064907110699282,1,9.909260819784032
-0.7868758957382189,0,-0.16701961286833644
0.3051534406672527,0,0.73903329458572
1.9853373505089893,1,13.492841016587466
1.3068294389659498,1,10.691256970928793
-0.4673421257634969,0,0.7564196376147551
-0.4671385362109932,0,0.37223645799072524
-1.8655455992668695,0,-3.7794582081458916
-0.2557180791227496,0,1.4664668444366065
0.5693021036209096,1,11.21107122820435
-0.156525058921392,0,-0.9018212744194188
0.5200747224753095,0,0.36122325376207176
-0.3567344177302889,0,-0.09443846952903316
-0.9437520612251249,0,-0.3988266840594791
1.5014529596030428,1,13.052005290654684
-1.4764754457856961,0,-2.5759570635826186
1.8303240603352693,1,13.761755678872362
-0.6825859030001813,1,9.626455664127036
0.46345275272921826,0,-0.19518048185387532
-1.2991129115766906,0,-0.4194301851474638
1.0423025698211292,1,10.320538868432825
-0.7877369552995934,0,1.0776845764270506
1.7134902079231673,1,12.489170862492061
1.6830833985443014,1,12.630784371761997
0.8817348089031118,1,8.331868776679928
-1.0106075930272094,0,0.16357028007053986
0.7757937778684001,1,9.28357030837833
0.3238743465263698,1,11.050897527588795
1.246508057779414,1,10.129025359675236
-1.4287427821085306,0,-1.4044885969117353
1.2787080111218363,1,12.030483563959493
1.4800997020806625,1,12.39275244677269
1.8848796475419776,1,13.923713970496712
1.9119736949529385,1,12.957303253289478
0.6945816698996308,1,9.90674724440793
1.0170598933880908,1,11.086878635365517
0.1943536602187539,1,10.046797456066777
-0.09856372927652579,0,-0.16966719278824513
0.5128263883721758,1,9.881187938382944
-0.024051279426035244,0,0.5745709444500557
1.966131103309546,1,14.649055782641598
1.3768383431049283,1,11.254118083369377
-1.4955387104983577,0,-1.122640049839249
1.402298112060464,1,9.403973964374623
0.7792829194868829,1,10.371690258770897
0.3447294163533656,0,-0.1631286813314837
0.8521842025372748,1,8.493589738584435
0.14275588182411925,0,0.08897072442746444
0.5765968859036636,1,9.471610220918617
1.3687749234924582,1,10.75274500693948
0.1599415188634219,0,-1.052789855105195
-1.0690866043377927,0,0.5449459608008911
0.5643444143286378,1,9.401965088659608
-1.5384005668766871,0,-1.0950255719086235
-0.4714421006697229,1,8.238053546963277
-0.1440583302384768,1,8.405767434487169
0.6341620626802196,1,9.601109752347803
1.5098434505215215,1,9.083830463590074
0.00510257850291751,1,10.310637565365946
1.4941370569808585,1,11.21933971730084
1.5183274198061167,1,12.262463449150378
-0.7008043384785578,0,-1.7071257856386022
1.3092085989489837,1,12.112421219356344
0.4112301290670377,0,-0.1363143486675406
1.950672031986588,1,15.655160387023662
0.9128653944474383,1,11.819384156515026
1.233072844865113,1,9.755488426297793
1.8148145059668317,1,12.859670576103566
0.1563782109440348,1,10.081996194237586
-1.5874129564865558,0,-1.9967592621811578
-1.6132942014131215,0,-2.7606682914936895
1.3464808414706324,1,10.311078064591838
1.313512582406585,1,10.0243503670668
-0.5251713165408192,1,8.82586782577151
-0.8152929377640059,1,10.568415596633896
-0.5396653068623971,0,1.7059680306055278
1.7391820699711333,1,11.19889046575597
0.46941700395226826,1,9.983127074324099
1.7883626684340763,1,10.838645674828944
1.0994336087278236,1,11.18437754461215
0.6852176942571191,1,10.081923705577893
0.809035064126657,1,10.315991473814119
0.1322211603788448,0,1.4972584152774309
-1.187107635655651,0,-0.8163783199714153
1.405699830980383,1,11.421405695418304
-0.2292251921302566,0,1.5866677566327232
0.24264037766468372,1,8.328035111711923
1.0544419184566345,1,13.189123483920493
1.3847754646174937,1,10.680628321727792
1.8792841803141789,1,12.069047568705908
-1.0146070110307925,0,-1.356660589690226
-0.8902930607960835,1,10.576393097422395
0.07909579422407065,1,9.539436210648352
1.422785872425143,1,10.818768316415833
1.582759777066466,1,11.198814934087327
1.6432968813215845,1,12.481648899846263
-1.6977820249489217,0,-2.113827400621014
1.4287170279950119,1,10.429335503922973
-0.2616161565651529,0,0.7610589167080354
0.5564313879788254,1,12.742868349039352
0.7869486614566026,1,10.14995533139878
-0.8927427688347769,0,0.31455074527289767
1.584365199693973,1,8.552484738970433
1.058603801539494,1,10.50232536725696
1.4871342663688067,1,10.220535679513084
1.7343725748050063,1,11.232821697900539
0.5403746034705752,1,9.163656536612034
0.13821817902415656,1,9.762818844916872
0.7209111168334132,1,9.426893642898246
1.2424153930406443,1,9.805682709231267
1.9667445615709425,1,13.095553374281042
0.5924085090442857,1,11.95046509287892
-0.432562507247896,1,9.16169652583141
-1.6185563149079858,0,-3.1679444773139864
1.487652245122022,1,12.466221310548674
-1.620138899086494,0,-1.352169520682726
1.4988066907367976,1,11.036654009040838
1.2839240691965634,1,10.591170915619045
0.6197644182692863,1,10.125445356938352
-1.7158604438239915,0,-2.134047877775328
1.100938155596224,1,10.786327313717718
0.5734789002790421,1,11.21377775149002
-1.2475153611049548,0,-0.4568579773420116
0.28265831592315616,1,9.608141690030335
0.2312405029417377,1,8.776373514299044
0.5128263883721758,1,9.881187938382944
1.437299804281904,1,13.101046950775126
1.274951961818608,1,11.09225762548596
1.509357413523924,1,12.708408849789137
1.3409171633840593,1,11.710810208965633
-0.7332625759322959,0,-1.41799475229531
1.8072471416929559,1,13.659431891122725
-0.5337952504830952,0,-1.391453324879466
-0.4548491794178191,1,9.883046626347506
0.38018537969504473,1,9.874832381802664
1.908027817755774,1,14.90740103079276
0.03415556599083169,1,10.363999909623685
-1.6890614521400606,0,-0.9811078998906377
0.6532428380160078,1,9.86471778778542
1.9867331117387188,0,3.724625791053502
1.9933900455717986,1,14.890573465443284
-0.7383724170079491,1,10.257902513238712
0.7166502732782511,1,11.720548216312421
-0.3289560828996012,1,11.85866609629925
-0.12522736082011887,1,8.534648573893831
1.3725794601189816,1,10.744523140686484
0.4076937240605263,1,11.084558542829129
-0.9355945258507656,0,1.6843105279133448
-0.43385160159348324,1,11.008600951268326
1.1005312934444582,1,10.79539580746506
0.6967477953184553,1,10.549194858536756
1.0641035980771858,1,11.449998002473096
-0.1460238247977106,1,8.84914756505866
-1.0378736592794051,1,8.672617778952485
0.7219972082988524,1,10.323055499384369
-1.0973416677917798,0,-0.11318309976729513
0.3643815221424562,1,9.362733072982115
1.6243482419250421,1,11.48276851340159
0.2336169989432202,1,9.336690112274173
0.8566125855686959,1,11.563938229107514
-1.3370008807193763,0,-2.178303970296379
1.9383035855044524,1,14.67393943038358
-0.2844502745991577,1,10.518808730486024
1.1493953936388284,1,11.82012936198919
0.15332777302285372,1,9.990985352127431
-1.4819403148687833,0,-0.3368167351503808
1.2987238637005967,0,1.3150810221262823
0.016531367673753294,1,9.320909691483353
-1.4876170145352,0,-2.0916612021756986
1.888213898493953,1,12.41813805194825
-1.1195546963809875,0,-0.06104459386712224
1.0440316939815681,1,9.3809795767408
-0.4216956976094144,1,9.880667493214853
0.6412108788053525,1,10.735206215668915
0.2807488631992179,0,-1.352827476317073
1.7472898481323673,1,11.369909600386848
1.850930335444556,1,14.564146716777886
-1.721435407350377,0,-2.1849448940846123
0.3537249618138092,1,11.22380923312959
-0.7329532917298933,0,1.090815636045091
0.7026516088282921,1,9.020416214046014
0.16954624076175495,0,0.4343851051332159
1.673140141519831,1,11.101103748388761
1.5803406910652584,1,12.613619849359903
1.8685064610366817,1,13.742078242271953
1.790260505296172,1,11.944644206196653
-1.3806344214101802,0,-0.5788862972984536
1.2351977780046028,1,10.128127278383628
0.2884918548888251,0,0.8045530892039422
1.2474644960415193,1,10.798284889210676
-0.40732522563622675,0,-0.96416682482241
-0.12522736082011887,1,8.534648573893831
-0.9010738979219219,0,0.6968483019828025
-1.163610541641543,1,8.443725209578366
0.20090616862504707,1,10.815822457865298
-0.23157186128111995,1,10.57331644370846
-1.3806344214101802,0,-0.5788862972984536
1.7140310077751142,1,12.331180005897295
-0.14407320733245044,1,9.375889737895433
1.8271992619371447,1,11.015556695602289
0.1283472957520453,1,10.544493889240018
1.570235993959911,1,12.35627003507008
0.1622107015556966,0,-0.7947610747512937
0.17136549733629858,0,1.3455324078745128
-0.12329001562891317,1,9.228189280741935
1.6659566044620568,1,13.529403250004227
-0.30665942338721,0,0.4860606399421928
-0.8265863142359606,0,0.4218167499204221
-1.236293659713426,0,-1.5404529237211382
0.1535799171478307,1,9.12358581658497
0.5209888778246317,0,0.8362923366789372
-0.6069781319067986,1,9.947333756287682
1.3042705210101135,1,12.20066890207164
1.493444471365752,1,12.980891545056936
-0.20636863593626842,1,8.539561754215791
-0.4812303673309324,0,0.2800948141348163
-1.0894698567224306,0,-0.09974908808460758
-1.5625763875620846,0,-1.5814102177999798
-0.12329001562891317,1,9.228189280741935
1.6010564448082816,1,13.18719243234149
1.203272399439001,1,9.33756543346657
1.226244591445799,1,13.598997688531021
-0.9497990799199991,0,0.6171277964220543
-0.03592094932435996,1,9.195649246213474
-0.11695043044958808,0,-0.2092658418935267
1.1676261536889476,1,11.986205619249196
1.3419446225731848,1,12.510658135946938
1.5793094017105953,1,12.440766948827777
1.2054082330809943,1,11.045022052521592
-0.008749967862839103,0,-0.2400281815925529
1.9867331117387188,0,3.724625791053502
0.7377414442772299,1,9.899106683152937
1.7938132278486267,1,12.78850156077668
-0.7323479447258228,0,-0.4103965334148669
0.9151122178025899,1,9.507357977341625
0.4726229372724764,0,0.558700857547392
1.3457589495044933,1,12.517141772472618
1.7076302485834565,1,11.96457515973712
1.6603602736281728,1,11.918768235227322
0.7059349980824177,0,-0.4827640336801001
1.87764928934115,1,13.123929847576017
1.290148971692676,1,11.470522680226177
0.8882642568151411,1,11.211956392722911
-1.232507262381994,0,2.0737272336777717
-0.5737643152924452,1,9.843104591071251
0.9127550248144134,1,10.593526184968523
0.7417755328876061,1,10.738621725895703
1.4968900987407032,1,10.631190226847401
1.0663837788482065,1,12.734349079540653
