X,A,Y
-0.50183952461055,0,0.6477770438813434
1.8028572256396647,1,13.024314177316855
0.9279757672456204,1,12.060305091685587
0.3946339367881464,1,11.289347773415379
-1.375925438230254,0,0.2454251295155292
-1.3760219186551894,0,-0.6072044589279086
-1.7676655513272022,0,-2.6388647198397996
1.4647045830997407,1,11.171994086545514
0.4044600469728352,1,8.764158548378678
0.832290311184182,0,0.7903123452144857
-1.9176620228167902,0,-2.9406743226577174
1.8796394086479773,1,12.970643323631018
1.329770563201687,1,11.789390857001074
-1.1506435572868954,0,-1.0938927029366103
-1.2727001311715975,0,-0.1633102696453731
-1.2663819605862647,0,-1.8975704026551767
-0.7830310281618491,0,-1.2951644141765428
0.09902572652895136,1,9.759906800598213
-0.27221992543153695,0,0.818699145318462
-0.8350834392078323,0,-1.4499641747318672
0.4474115788895179,1,11.09446779987437
-1.4420245573918327,0,-3.1418861753244167
-0.8314214058591274,0,-0.5341107021660177
-0.5345526268252332,0,-1.489449401092013
-0.17572006313185629,0,-2.6126122658738895
1.1407038455720544,1,11.108596728639347
-1.201304871366561,0,-1.0446326967344919
0.05693775365444642,1,8.602993360643104
0.36965827544816987,1,9.508642533669047
-1.814198349120009,0,-2.543724482356544
0.43017940760575346,1,9.671653612473847
-1.3179035052508339,0,-1.3431944149592885
-1.739793628058882,0,-3.031531463943539
1.795542149013333,1,12.312086324056294
1.8625281322982374,1,12.635228055238255
1.2335893924658445,1,10.31390551511614
-0.7815449233065173,0,-0.9918315674682909
-1.6093115439744645,0,-3.101259421873616
0.7369321060486276,1,9.820390147043407
-0.2393900250415948,1,9.353212715676865
-1.5118470606208847,0,-2.799499085397561
-0.01929235955491926,0,0.7660110650957472
-1.8624459155391264,0,-1.997501560681256
1.6372816083151283,1,12.194420314486413
-0.9648800735999323,0,-0.3826755776938833
0.6500891374159279,0,-0.5551949672850572
-0.7531556956423562,1,10.853420019663035
0.08027208471124325,0,1.73843973598325
0.1868411173731186,0,-0.16053255439668146
-1.2605821778978918,0,-1.5230215675170085
1.8783385110582342,1,13.655010498626192
1.1005312934444582,1,10.79539580746506
1.7579957662567565,1,12.216430653608297
1.5793094017105953,1,12.440766948827777
0.39159991524434057,1,10.96818362754191
1.6874969400924673,1,11.616878489289205
-1.646029991792322,0,0.31214502363049634
-1.2160685503234192,0,-2.4321170571897714
-1.8190908443578477,0,-3.8614597517612355
-0.6986786769469426,0,0.06343737071046471
-0.44529084124207197,1,12.202726108645896
-0.9146038729044164,0,-0.945123873256283
1.3149500366077174,1,10.071089532907852
-0.5729866932256429,0,0.4551817732764316
-0.876261961250477,1,9.414993279936583
0.17078433263299386,1,10.667746352885633
-1.4363031001009494,0,-1.5523032080602654
1.2087879230161587,1,10.025954720583696
-1.7017974252809167,0,-0.11542410946303194
1.9475477464020692,1,10.739077441713759
1.0889790771866297,1,12.465935516359222
-1.2051372738633104,0,0.058117820049838675
-1.9779115315055904,0,-4.614516793395289
1.2618457138193366,1,12.877009929453452
0.8274293753904685,1,8.911826164420042
0.9160286721639492,1,11.392434697463884
1.085081386743783,1,8.55614317599757
-1.7038213930636386,0,-3.61898119756785
-0.5661370858229096,0,-1.2390884640028434
-1.5365237618994811,0,-2.564450184580556
1.452413703502374,1,11.543518511303345
0.4931925073102317,1,9.234005424864455
-0.6764079005894033,0,-2.1911486096135886
-1.7457665988559055,0,-2.1968365512825687
-0.7560707131373512,0,-0.1671503133985959
-0.6992667118930118,0,0.23796574325694472
0.9184247133522563,1,10.559265347892113
0.5502298854208525,1,11.037527136099978
1.5488509703053062,1,11.78231739994411
-0.11114029935220282,1,11.01183422308908
-1.5216230162467932,0,-2.5372313812781355
0.85297914889198,1,9.591632102536646
1.0431401944675898,1,11.943581445266078
0.24510879027798493,1,11.36303152028207
1.083868719818244,1,11.210391130455097
-0.024817614542437028,0,-0.8891155556178247
0.09093131752797623,0,-0.9692565022913358
-0.2898359265658015,0,1.3158901485169634
-1.8983234930236192,0,-2.1477647952142593
-1.5684342920267822,0,-1.9927426585208596
-1.874283257253063,0,-0.9502352571044583
0.5456416450551216,0,0.5401255980835689
-0.7425760756946933,0,-1.3119347372986168
0.03428276465881108,0,-0.2756109532649204
1.630265895704372,1,12.171903938322979
-1.0028310834045002,0,-0.41786002225311547
-0.35846830785748107,1,11.226971713717308
1.0222045541721947,1,9.57776295582432
-1.0848073380335101,0,-1.9698167122939654
-1.692080360684828,0,-1.8200043699525756
-0.8409941883449279,1,9.195609996241355
-1.3551148509839823,0,1.1792828552390715
1.7187906093702923,1,13.482081362307094
1.2324815182576678,1,10.410679850144442
0.5336150260416939,1,11.28882584301676
1.4858423607508708,1,12.37057833093294
1.2146883075964579,1,11.529813819830311
-1.2537197644558566,0,-1.1075505989807048
1.570235993959911,1,12.35627003507008
0.1573689676626029,1,7.898990720018619
1.2297606206562501,0,2.2469797744245112
1.584365199693973,1,8.552484738970433
-0.7279861001125445,1,9.364973779840035
-1.559792301889293,0,-3.493160472950331
-1.0882593498322333,0,-1.1452684927240877
-0.29156884549497475,0,-0.08651075485711882
1.2720590636899725,1,9.83238764289802
1.4429223330253738,1,8.72762284094676
-1.9721914778752372,0,-3.6283923324602685
0.042989210310262926,0,2.0864795056101997
-0.33035598740488403,1,9.630693119854968
-1.111568758117079,0,0.27261205641298225
-1.5205385306652688,0,-0.2533861556295929
-0.6495393143854882,1,7.96294132808583
1.7716388156500766,1,12.323049849625495
-0.7071882719169791,0,-1.4532234320771003
0.07516248697346439,1,9.193935273478045
0.8120758355807114,1,11.9697803747543
-0.5454815904828241,0,0.14252541764632456
1.8871283308838427,1,14.149094634110607
1.849789179768445,1,13.120831219003131
-0.9928708166985434,0,-1.6999349274938995
-0.011005976430458198,1,10.678115030633395
-0.7964867607329214,1,10.999933291400733
-0.8606380224901296,0,-0.0013621312355338033
-1.8524522105818688,0,-2.689293868697166
0.4382573359195874,1,8.807286545677679
0.010716092915445952,0,0.7068642484386017
-1.7940849950000426,0,-1.5413336149660815
-0.8854141430535543,1,10.0575216332608
1.6330635438666148,1,10.380822510109063
-1.0417524373321103,0,1.0703495529396654
-1.4204205116351076,0,-2.377740149820465
-0.04218895888974794,0,0.3877492806518716
1.9426018164424028,1,14.6183762710073
-1.0317789139539983,0,0.5304190553092293
0.6885421896235142,1,8.36315879098419
1.0464784613148703,1,10.69022552158136
-1.0494498240304013,0,-0.526881512266816
0.9128653944474383,1,11.819384156515026
-0.5288674691229871,0,0.384761215334147
0.5292233223743179,0,1.5222293872594892
0.5341188430435788,1,10.616105096409454
0.1430987362990339,1,9.927298929618262
-1.6388409197823668,0,-2.0069396893819276
1.3412099823569519,1,12.7299108272236
-0.7168797401130567,0,-1.4811400211272057
-1.253925958400583,0,-0.07983838479158178
-1.8368994337809443,0,-3.726648594120297
0.36357177275296726,1,9.18155018024075
0.7102574473691297,1,11.202576606040164
-1.9336486842885754,0,-4.498040796294969
0.048372233197123915,0,0.3771313093651858
-1.0940168992082482,0,-1.143641052999614
0.5806911616377994,1,7.740968480033882
-1.3025342839800342,0,-0.6272209619841964
0.7637509524098638,1,10.349075163906118
-0.45305861479785037,0,-1.956578397675551
1.746919954946938,1,11.966973889417451
-1.449916223416027,0,-3.3310404215755782
-0.635734595798966,0,0.6032211245131347
-1.5461059150376437,0,-0.45994621514419776
1.6987744731142511,1,13.300681774962321
1.509357413523924,1,12.708408849789137
-0.9682334891393776,0,-0.9716782782231257
0.6399361841367162,1,10.677960806553408
1.2688888008048633,1,11.012436841623808
0.22080324639784932,0,0.19069704495400855
0.11860231342402594,1,10.958265620694268
-1.0325908363981933,0,0.6249906137402038
-1.6275889287764032,0,-2.5455351333610254
1.588863031813307,1,10.597886217082435
1.6016722286533218,1,11.867023536910771
0.5324058290930718,1,9.8561835192078
-0.6438808358051973,0,0.15112700681994426
-0.6031617015493564,0,0.7232795871037039
0.9038227154809575,1,8.454582389513696
1.5884410398103084,1,11.333019932431913
1.5483456970604692,1,10.892093977070397
1.1195021834304955,1,11.952421513312771
0.568126584617151,1,9.883315595154075
-1.6634401400198047,0,-2.8142805327386817
-1.353485143621545,0,-0.7014379362022689
1.594216754108317,1,11.432866158386192
0.4257162386383597,1,10.023382418829035
-1.9632117935334814,0,-1.9692347834271673
-1.5941138285358716,0,-0.23918982855678128
0.6540070764322232,0,-0.26751665095876714
-1.9797536646151253,0,-4.062109382510741
-1.3567677943300054,0,-1.867810364629424
0.1949351574663445,0,-1.922161534766488
0.767580790770773,1,11.26231107401156
0.6078450380104021,1,12.533634068766576
-1.1029227621577609,0,-1.1142683586397542
0.8487168853901434,1,9.488880295334504
-1.0510036500127997,0,-0.8533206695726925
-0.6984012073629291,0,-0.08528152148459159
0.9859656204720966,1,9.343712384081943
0.5985315961888587,1,9.648730539963537
1.3968936419767117,1,12.377784810228567
0.6304515692013735,1,10.252673168936782
0.2732344133418865,0,1.280585465025224
-1.62530092868763,0,-1.7819321401110917
-0.5291367877622659,1,8.837007353642438
-0.9391905292730982,0,-0.990234027845553
-1.0240414264836657,1,9.711475990693629
1.8920422190097823,1,12.263999567901658
-0.4276091013329584,0,-1.2914137974073416
1.5681862207084531,1,10.736047514255166
0.5245545039890516,1,10.587971921805105
1.1792452141665937,1,10.453700547042736
0.010548372420768448,1,11.182442217941947
0.30761553850543644,1,9.118134033980635
-0.0299292247245444,0,-2.4574136726324602
-1.219028048807822,0,-1.0364608688935524
0.8898084610460213,1,11.999812002359512
-0.8769105502365768,0,-0.30259046246605614
-1.9027361342741846,0,-4.816430756797203
0.5818891836286713,1,8.474235794266404
-1.2915572823718042,0,0.12066550901938045
1.7618343374116572,1,11.926983180049168
1.8157143080103495,1,14.534835541414182
1.659457560881794,1,12.939000063578378
-0.5193651989782224,0,-0.8396155533007714
-1.9381735338845303,0,-2.473253728530911
1.7132742503509015,1,11.59059721609939
-0.2872634067307427,1,8.54081036135293
1.8666192761746783,1,12.385155066787261
1.8544799083570114,1,13.957603619154375
1.4120378218694403,1,12.545663366719047
-0.8222044317216572,0,-0.6739406352672491
-0.45960908559229896,1,8.083144659682016
1.4045466860674276,0,-0.17135574515065533
-0.7323119793748893,0,-1.2640080117989831
-1.32202901325563,0,-2.449292063923343
0.22720504983340062,1,10.271294780904645
1.7446190966431239,1,14.593160746596597
0.784119186699892,1,11.03683163096238
0.28024468035745986,1,8.882773954571382
-1.6112940249169259,0,-2.7860516736493963
0.46002890679667896,1,9.549386496295035
1.960215400417053,1,14.15522352676949
-1.4396639390539039,0,0.07930777589389115
0.07331860945494695,0,-0.4672033130144422
1.5094922877118218,1,13.258516922673394
0.9630744710168178,1,12.550542733102127
0.7880629639810719,1,9.894803720056789
0.8099363359484371,1,9.890013228886747
-0.5620353951209793,0,-0.44938830145214737
-0.8256326229420266,0,-0.21891419068566648
1.2374446219140545,1,10.589251316577815
1.240453578716723,1,11.838535978052807
1.4682892743204148,1,10.033891609536488
1.6529622102258852,1,11.723559061066405
0.04536959544375119,0,0.32922136746419284
0.0060651787487984166,0,0.8700846187185369
1.1931807158671006,1,13.044638956141288
0.5998557231110606,1,8.81889688158177
0.8078675090308134,1,9.611584915210694
1.1831706777444042,1,8.561749514406674
1.5600213672702652,1,10.788416992798867
-0.6480193725938568,0,-1.9049863952433115
-0.49766818944022395,0,-0.5829270377703536
-1.624072240636524,0,-2.3702007059360857
0.3131205639846959,1,10.484804112462463
-1.8562309048130317,0,-3.4965077959437316
-0.13760792747015937,1,10.468634212565956
0.1705785388303065,0,0.11655583219938763
-0.8538349914868624,0,-1.3445606576036095
0.363333042276043,0,-1.6622917449565076
-1.8779990002438023,0,-2.7280567870705434
-1.8506072450031423,0,-1.522427982403855
1.290402242638633,1,13.609733882758317
-0.5592374343549484,0,0.8480049238704266
-1.4917579493924609,0,-0.202320432954471
0.08897304021921748,0,0.4618118683133217
1.0799742123944434,1,10.931820268672823
-1.1367158900126273,0,-0.6233873574859828
0.491561903276001,1,9.953579170412407
-1.658610140024928,0,-1.674331405967267
-1.7932731153255692,0,-3.4040264472869795
0.12541852627259198,0,-0.14645604699772752
0.16254048644042607,0,-1.175819171109711
0.5497196059928262,1,10.55798700513529
0.9043653348906462,1,9.410732108139625
1.9034083178501384,1,13.481734158832413
0.06520139320478124,0,0.5006296864304242
-0.7081741082350161,0,0.40831303188857326
1.1807447790748147,1,11.594581065409345
-0.9166709949517031,0,-0.598424295431228
-0.24411431717745558,1,10.478790173624684
-1.6861744746309362,0,-2.883677709433153
-1.89859702633817,0,-5.392782219005675
1.8505936587117002,1,13.699170447252461
1.3439204820488233,1,11.512130457404483
0.7838968243747919,1,11.254173541141721
-0.3641882223429205,1,9.950559587720246
-1.306822719716617,0,-2.7190498905295923
-1.3742518293156558,1,8.610685139141601
-0.9990284073416187,0,0.3880365381974477
0.19690665882448188,1,10.479852064154066
0.8583836908002493,0,0.16949366163519664
0.6407895068709251,0,-1.5320015562573732
-0.8802644122162286,0,-1.3670601884297793
1.8194611226527764,1,13.488846188547123
0.951587666783074,1,8.765683245811598
0.21741621004560274,1,9.686893696538096
0.44688298493740897,1,10.083044428662497
-0.32159975028884036,0,1.1333062037321806
-1.0090760419953702,0,0.10075255251264914
-0.5761092853949537,0,0.867205347097508
1.0313844418574765,1,10.850422918178722
-1.9424260454809765,0,-4.5098161138866075
-1.535709437972335,0,-2.424571707670025
-1.815989431912989,0,-3.92706060950177
-1.8370847907241195,0,-2.509190002608327
1.4218423360440289,1,10.743301343453314
0.8146314375200947,1,9.876304327888985
-0.10330468365069922,1,10.021940011746867
-1.608663357395994,0,-0.4401352999554069
-0.03353649953267057,1,10.65711504874636
-0.10611291687773727,0,-0.7734508377301715
-1.3071925203599393,0,-0.9649864460033398
-0.26459340304810786,0,1.6420497122207378
-0.40598106241050624,0,0.5817223026052905
0.46340039220886586,0,-1.5484970771128146
0.5403746034705752,1,9.163656536612034
-1.818783960911822,0,-4.000181526780894
-0.5015495414941151,0,1.377646944630258
0.5034396628569455,1,11.320080003243245
0.012545034320350812,1,9.374964009369876
1.425959364753289,1,10.803164225526192
0.63477452647578,1,10.172579393737337
-1.3482622916742812,0,-1.1507741058986942
-1.7177250103982806,0,-3.49646778256965
0.5696771128252625,1,9.843308555159005
-1.8939547578335127,0,-4.850472326175763
0.3431023250938532,1,11.292515571466055
1.7609209656998304,1,10.96983890177603
0.3018967115035158,0,-1.7576817435465122
-0.44732029517391236,0,0.3902860774219711
0.5731528737694127,1,8.85726533009234
-0.16698843803393348,0,-0.5032932059905183
0.18246715726373974,1,10.0662104159078
1.7658592351061007,1,13.428503913318572
-0.455589448796903,1,9.731636411358409
1.8447622552956568,1,14.918171082823415
1.621402567824255,1,12.130851141504117
-1.2168354608428142,0,0.2899175480426288
-1.7225547964993382,0,-2.277022232538224
-1.5968879944902934,0,0.09513663124593341
-1.927112697393801,0,-2.5200567480388467
-1.6222281569762864,0,-2.0910776569922147
0.7320270936654274,1,10.824964077867772
-1.715245406159084,0,-2.78399914006041
-0.7240974788249548,0,-0.46072820476570875
1.3795012438778183,1,10.009200940092132
-1.9069122570566965,0,-4.2753278105587444
1.2578739303557431,1,13.056104901225117
-0.8725809009064003,0,-1.5362217983879982
-1.527340689513375,0,-2.4369596635877424
0.7869486614566026,1,10.14995533139878
0.515771387119536,1,10.008193489367024
1.5098880541082118,1,12.104818476373174
0.9402841752155431,1,9.946548051593421
1.2139237215393943,1,11.339801921256237
-0.8718617097147741,0,0.8110157227139518
-1.2902418248811087,0,0.19268409964005628
1.0024590065634333,0,0.2361857867126822
1.227338957069056,1,11.535751146426797
1.9620205680026932,1,12.63028970616567
-0.3495292923542941,0,-0.7430671690122717
-0.5119276568288673,0,-1.2408138202173273
1.1056518429679874,1,10.630066202989328
-0.6367858389879286,1,9.011673603170578
1.723029302414259,1,11.036996963304823
1.4336510073720472,1,11.087325811753809
-0.2840238904999266,1,8.259960181607655
1.0034842711659895,1,11.832437741763243
1.0181714963387294,1,9.970232488327444
-1.5875045246562696,0,-1.0150750541092863
1.6102116267182667,1,11.595395954552268
0.02100948979142858,0,-1.1949331891702666
1.3058298644309665,1,12.288869052031753
-0.719801595877553,1,9.902233819643927
1.582092913984802,1,13.866912797488375
-0.44319328506334754,0,-0.5100490025625533
-1.9566493940788066,0,-4.190423755284773
1.6215279056770546,1,13.13657527031554
-1.6348532928554658,0,-1.1730205679748285
-0.7227454496383405,0,-0.03533662596424064
1.8002478682032197,1,16.25247299516775
1.8024285877502244,1,12.647258076011536
0.29375155249314444,1,8.7432106700315
0.5273488486791971,1,9.070771975232963
-0.2062179120867209,0,-0.2791242830134431
-0.8271569132077419,0,1.2358093572065458
-0.6853418185203362,0,-0.3472941294124544
0.6900738243081537,0,1.7303593256367864
1.00949811775072,1,10.948808041798156
1.1663161749033941,1,11.876635405448289
1.1584725711782156,1,11.164537721998661
-1.6351755878052385,0,-1.8068175850599748
-0.02231878118967412,0,0.7527050423012259
-1.7697649599334229,0,-3.33822059321476
0.19811552929494214,1,9.448174449233067
-0.23387799450649194,0,0.3431505497399519
1.550816731033199,1,13.80599382112959
-0.5963399497916853,0,-1.6467888300103077
-1.5317319342895765,0,-3.8260624335789837
-1.4280332717886566,0,-1.7198229855484706
1.046042526869889,1,11.603139545324536
0.47287225326504423,1,10.104245134783733
-1.595509295508839,0,-3.2001338957126397
-1.6635727755400103,0,-2.2228540205188367
0.80387652583648,0,-1.4732336860099111
-1.708947974543226,0,-1.8665769359195723
1.2874402371614249,1,10.757859602017625
0.8249689086259848,1,10.198693571801154
-1.674604877432401,0,-1.9208630105835658
-1.6606491436592323,0,-2.084143302416583
1.9465583140047018,1,13.146582036606757
-0.5029168169755187,1,10.970012638006821
-0.5174314117324363,0,0.7276652463500581
1.2511982690300103,0,-0.7949105561086586
1.7889943095354348,1,12.632596044437285
1.9440042552914836,1,12.593057520344377
1.0135127410357665,1,9.252486137287544
-0.49496165787633695,0,0.47450402708836015
-1.665997133205325,0,-2.731287493262037
1.1085876637097472,1,10.538436961495343
0.2336169989432202,1,9.336690112274173
-0.30311196301209486,0,0.35625096480337687
1.625417540378944,1,12.825508974153824
-1.5552100707753946,0,0.28947838795908254
-0.0294995828365634,0,-0.18098710014110447
-1.9545854209303237,0,-5.182070618912513
-0.12535743202349492,1,9.49512134577804
-1.7747868972726506,0,-1.9481127768544786
-1.5247283349277123,0,-2.544986734816548
-1.5298950128915805,0,-3.2725474782674153
0.5968412084642543,0,-0.6455144693089572
0.9841795170616932,1,9.943276809527838
0.3334750603886385,0,-1.0641273982255515
1.8486901938981677,1,13.376569556685478
-0.5005176819051838,0,-0.14171661298644794
-0.8571516548725571,0,0.47482674059733887
1.4743965127578411,0,1.1566949653532177
-1.1056166459221894,0,-0.11768158444746146
1.8528901577624453,1,12.68840224506805
-1.9513821012407346,0,-4.844938610426855
1.8795153068305561,1,12.776747877885471
-1.8273603521976955,0,-4.669269931514129
1.5645724547922844,1,13.703163899937891
0.11080443634519943,0,0.14317995534039263
1.9718591844772013,1,13.03811279059434
-1.7048137410584046,0,-2.855070874405088
0.21541713760528314,1,7.554534183691148
1.8772101424763958,1,14.741920454487627
0.09239137668059527,0,1.3369423783007928
0.5175945525410501,0,0.17687476093000626
0.7829947559384687,1,10.559481816981044
-0.18183574092890709,1,8.729317093086937
0.5102323203362538,0,-1.1285537141859132
0.33725724769240095,1,8.321884083817706
1.604632041963956,1,11.904770499010725
-1.8182144786341685,0,-1.9443857543058747
-0.8761472416310787,0,-0.719494829732426
1.801645936306235,1,13.271702397442503
1.5610551355636653,1,12.880896167490391
-0.17737298885714825,0,-1.6268908594923843
0.48053039120614693,1,11.901044931201403
-0.8904752680754693,0,0.8042708960642642
-1.2475153611049548,0,-0.4568579773420116
-0.14520638024007138,1,10.92256370005092
-0.5865910878957887,0,0.8701565022338902
0.3346244474034883,1,10.31137442535059
-1.6890614521400606,0,-0.9811078998906377
1.897579230664666,1,12.963747879692606
1.9448429779184115,1,14.139912061936847
0.7926468560789806,1,11.570648466768949
0.14438546537648156,0,-2.689694742421456
-0.761889534854689,0,0.21683417941306976
1.2551800788277947,1,11.713358669976328
0.7389246902155171,1,8.493288657520054
-1.3495322426204348,0,-0.9470891252597144
1.6437087379753699,1,11.426762414288483
1.290148971692676,1,11.470522680226177
1.7991996531676961,1,12.81711274722656
0.9028780335534399,1,9.421679835670755
0.45366078374315943,1,11.156347197096025
-0.3270278548375245,0,-0.4358523836049736
1.730913933416053,1,12.862927428921413
1.4642555580016334,1,12.88376204357697
-1.8191253195752424,0,-3.9266346455198944
-1.894532102010992,0,-3.3919272117163293
-0.4941465324878016,0,-0.555657691758784
1.2422133231273316,1,10.686246281111101
1.9491045172597778,1,15.85841744339419
-1.3983324355858873,0,-0.9103273138529295
0.3765228614085405,1,10.340282398964025
-0.47643657347591395,1,10.470013734196208
1.8796575912584128,1,13.750780644005358
1.3684756925428347,1,9.45557627506409
1.3533148188445514,1,13.536032475498699
-0.12522736082011887,1,8.534648573893831
-0.3407219906493393,0,1.7128168068115561
-0.9063717122771751,0,0.24571879699539778
-1.7744980133962915,0,-2.6130289829121573
1.4588895050202129,1,11.247035027296285
1.2516040365203103,1,13.585487338000988
1.9988706931445224,1,14.59771754432336
1.9865473482956215,1,13.937513858916763
0.22172682241050978,1,9.470187649403444
1.075949660722042,1,9.96764780093098
1.779062919529712,1,12.866035622697575
1.3985895627096459,1,10.437254458902235
-1.0106075930272094,0,0.16357028007053986
-0.19782345875962593,0,-0.6495131908059472
-1.48336233939402,1,9.372987095302493
1.8162041090348895,1,13.978050426106783
0.4246985378035202,1,9.982865513883903
-1.0854287779861491,0,-0.059099784148343826
0.6868027376234269,1,10.792345648532322
0.4725129618315833,1,8.590417020751644
-0.567349127868638,0,1.6403823923106322
-1.545769631201484,0,-2.1024775931230177
0.6862927823711984,1,10.857194702954825
0.08123080361517321,1,10.723891509485092
1.0892735669425573,0,-1.8433163416027476
0.08065400444797355,1,9.343333135159716
1.4087260012741605,1,12.238183496890771
0.20762735509794217,1,10.066727775571405
0.24375188614154508,0,0.6962105933015554
1.50661441063338,1,11.802288780487551
-0.38606853515041184,0,1.2006102458884762
-1.463939086197437,0,-1.4546629572396483
-1.884869294746644,0,-1.9241288762622473
1.020549022694476,1,9.551432688869356
0.48123820541385864,1,9.92808495913117
0.8163190723968943,1,9.67858848845107
-1.148143353964357,0,-0.36812425747148914
-1.454514097652921,0,-1.8172611464913588
-1.9418213373284723,0,-3.89049802112345
-0.5976497647736121,0,-0.8115022009821684
0.35967074741853233,1,9.562528534891694
-0.4310238196010707,0,-0.05031519691286276
-0.25010031190508375,1,7.970832940801792
1.6166347779749937,1,9.810780110957932
-0.6069781319067986,1,9.947333756287682
0.05595795663924319,1,7.230911045142934
1.1346120509645723,1,10.537176018427322
-0.41382887071491936,0,-0.4125987550624188
0.48834680091149396,1,10.600268976754407
1.4494548349869807,1,10.850575453127886
1.7980824946305685,1,14.476205617103835
-1.4117060762838483,0,-0.5585415607650244
1.7063505006459776,1,10.971838355292078
-0.03153482768184723,0,-0.2843620373058273
-0.9670224468041666,0,1.0750381273135299
-0.16345697504695478,0,-0.6998155420602863
1.9201303011419082,1,13.486772237067747
-0.029527624028521604,0,1.4041147035737835
-0.6849935588499672,0,-0.7013006450824711
0.5336034172669031,1,11.198947086112517
-1.0394175248872277,0,-1.4714871241643679
-1.6965466875653443,0,-5.3291741298361455
-1.484481112357403,0,-0.40713444972891977
-1.4878166441689102,0,-1.207979206657947
-1.3923892259508226,0,-0.8451814686895834
-1.4446913094023595,0,-2.6005942298036855
0.5634989792128584,1,9.076111608742261
-1.2724796624034207,0,0.12023412755470764
-0.6173308667045472,0,0.1255757135967671
1.5871536396240473,1,11.881608928347521
-0.10415343894851059,0,0.22036173704606993
0.6702309540841087,1,11.659042596557482
-1.3107205151934807,0,-0.4022130074340664
-1.230843924765317,0,-1.4069951723774778
-1.8365255349340845,0,-4.50062843522228
-1.3242597477113418,0,-0.5730994814302158
-0.8856386438721655,0,-1.2712959174767435
-1.2919580628930127,0,-2.2606164788726932
-1.6451898649717775,0,-0.9107271336199219
-1.5174565155975968,0,-0.8746982955030104
-0.1568849278690969,0,0.38375523168229586
-1.17466512637683,0,-2.0488209437218448
-0.5429205558076982,0,1.7092496881876982
0.013669083419427519,1,11.028869591707878
0.7615793145174612,1,9.917073562432279
-1.8427514406356043,0,-3.6440258790740834
1.1976415956361706,1,10.937405593052315
0.511601557963631,1,9.5885336455706
-1.6729638722045124,0,-0.12929847628856717
1.494314496427109,1,11.28285568998429
1.6834896021272527,1,11.317737416126693
-1.755688160580545,0,-1.1174866536778283
-0.8924894074111851,0,-0.9245124036105813
1.2248051191722453,1,11.705124325835365
0.9930387615346334,1,11.165018267982704
-1.2619159225744907,0,-1.0633195698154903
-1.1626027066531588,0,-1.7587098633494507
-0.5181115888344721,0,-0.11772376559797337
-0.06190805923591469,0,-1.1699797409875232
0.4730190861211838,1,10.029200551399768
-0.5243454417209104,0,0.7007001856367397
-0.14986113546740842,1,11.716097248532556
0.9898837525350261,1,9.397129502911802
-1.8532671884376084,0,-3.4330736718691304
-0.990252222623917,0,-1.0103314837939892
0.8533983435382098,0,0.5844995765822887
1.5808273507487973,1,10.45344734387324
0.0467097684626645,0,-0.928611721380868
0.12845394106126262,1,8.309043213597654
-1.5713119546408958,0,-3.378105850770532
-0.21035053270618143,1,9.334908479622813
0.13046906582009266,0,1.6719930466004644
-1.0301179854610814,0,-0.198950800738959
-0.9230270762024761,0,-0.32820396141835817
-0.4908633475815094,1,11.287750021228998
-1.9197152088890945,0,-3.1537715714633823
-0.7116833376672869,0,0.29734473542354123
-1.1542079720138214,0,-1.2418401115416688
-0.6900105912883414,0,-0.801590419493753
-1.5209514727229951,0,-3.0703304381156964
1.5621091229595798,1,11.304827990356571
0.37436981421619464,0,-0.2542889331500143
0.7164092765779584,1,10.528564702594082
1.1566849544293532,1,10.737017600537326
-0.006231204283770886,0,-0.36506958683999813
-1.6523188476503052,0,-3.167222160432671
0.1484261672741911,1,10.40076174646519
0.3473644720835165,0,-0.47680922778780854
0.98175789673732,1,10.82692947934328
-0.27336181508128243,0,-1.923485820299216
-1.489678788817745,0,-1.3164838861947021
-0.8648963768051021,0,0.4234158765620467
-0.5476708144054596,1,10.537395757933243
0.5836689653264049,1,9.902698670584256
0.28311321867564754,1,10.926664515722313
-0.575613096408615,1,8.631682047726061
1.9460609951719188,1,13.595809689042156
0.4230992774275486,0,-0.15552566599032216
-1.051092833056022,0,0.4557780347246747
-1.592870109518385,0,-4.04123621466182
-1.388563443262672,0,-2.3967801623413205
-1.0161690864619675,0,1.2226029062842585
-1.3572745069617773,0,-3.680747659593906
-1.253731903794777,0,-0.17091131714244312
-0.8596193252246116,0,-1.017933029341881
-1.3065056188209807,0,-0.8603718077326625
1.5870616985057007,1,13.41250000233704
-1.6790650173534312,0,-2.0736529889452027
0.09804555828101869,0,1.4350046293787682
-0.35841269204135395,0,-0.5153699666751329
1.9295144676344256,1,13.231640087309229
-1.5518443913277906,0,-1.0817498886739418
-0.40857760381703345,0,-0.47353354592059715
1.8778817331014754,1,13.908464825990517
1.462028503575921,0,2.746367169555403
1.2682882837971197,1,11.888392732781654
-0.9683886918202407,0,-2.0329777211922915
-1.3164496504397367,0,-1.4821105189271317
0.674572879697724,1,10.435314196196424
1.7175039565103432,1,12.289270084006844
0.22705157205571913,0,0.08521854198191034
0.2864507578795994,0,0.3068229647676963
-0.8800836253588633,0,-0.8674012691657425
1.0779717327677476,0,0.4328751234886795
-1.2518250057699065,0,-2.1618808332806605
-0.7052830543830253,0,-0.6532542118024167
-0.2982542455343329,1,8.460055705300888
0.030441514737820086,1,10.116510800552707
-1.030361070339679,0,-0.740160495091551
-1.5406527010431859,0,-2.7442501149817753
0.4424801697665304,1,11.828576117576876
-0.8454777870389769,0,-0.5475990627826101
0.3249528856904491,1,10.30370954298828
-1.3825491389031908,0,-1.9599644944045445
-0.07543959258073007,1,9.585437310918142
0.13035773020634345,1,10.32552106428648
-1.7927058527102924,0,-3.212944952316517
-0.6535828872243177,0,-0.13629233704089053
-1.462341292244103,0,-0.7567414436970273
-1.746500118108929,0,-3.1816682297262004
1.959840929559781,1,12.431690263647393
-0.7105846201011081,0,-1.705662214264178
1.2394977834185394,1,12.390593193132027
-0.9814373809449446,0,0.45847697098737
0.7260108888957171,0,0.847136864230259
1.0409114395587462,1,10.127859209973101
0.3825549624313771,1,8.69491312307881
-0.11369524579936652,1,9.716963539514747
-0.35263634341092587,0,-0.11527995746045533
-0.6045269338280188,0,-1.2420147012168254
1.7181165769913034,1,11.066218957655623
1.3224776311509165,1,9.426159092515883
1.8601076426660503,1,13.875379820723241
-1.502811106057821,0,-2.9023635894691404
0.923469900814577,1,10.70317634317139
1.7533618272841514,1,12.297360727118868
-1.2750677353373594,0,-0.4468632058854065
-1.73401493053289,0,-2.271100279314827
0.9644825971602362,1,10.216656304354268
0.2978924527196476,1,10.143670900435756
1.3673151070330882,1,11.167796282307917
-1.440910493494842,0,-2.11117294061338
1.1810692474395608,1,11.803834039894815
-1.1934907198090219,0,-1.2730898374395019
-1.345376228537182,1,8.695559345404765
-1.3429368082760282,0,-2.6261044476670445
1.2582988809255284,1,11.270187025713051
0.6607888827848005,1,9.533682475224289
0.0922616990764773,1,9.52354401683366
-0.56467806350599,0,-0.9295878559393406
1.508802163252433,1,11.593385519751283
-0.43021957030945845,0,-2.0462870439637872
1.2663977578863084,1,11.697858124646293
-0.24346036571912633,0,-0.04588008168192444
-0.4922222823003697,0,-0.5269140914859863
-0.14928085732157426,1,8.450105989098043
-0.7944885033434317,0,0.18232135506605346
0.9904375207050045,1,9.851465445076448
0.01088156036991661,0,1.306087514482152
-1.0711492194127308,0,-0.12817827011950117
1.5982982930982739,1,13.576128081655899
-0.46443511450715436,0,0.08688071935803893
0.17421144445595438,1,11.08046638737439
1.6258884438581878,1,12.611799852741338
0.4969519836559684,0,-0.3896174646887342
-1.5324078371665437,0,-1.6120465532057315
1.7593284944539005,1,11.888782840448274
0.5108322122856714,1,12.135430150707439
-0.6603775413716555,1,9.755140063623328
-1.442911709346451,0,-1.4758566141662082
1.176100757081184,1,11.203384784479802
0.4802910237140541,1,8.96845131447143
0.1338443679052861,1,11.322569970738343
1.5755703322038306,1,10.930285575780617
1.154388844898123,1,9.517706577854339
-1.3933004810689953,0,-1.518921532159967
-0.7531117288178071,1,8.507128572741916
-1.006043440742137,1,11.05282047995134
0.9757851702907079,0,0.23384692344049055
-1.8658702610568825,0,-6.469154875015515
0.2795587394852661,1,10.210872707624103
1.0498347429627621,1,11.132045236039525
1.5070625470469978,1,11.290016253066087
-0.6316730051363701,0,-1.4819151967146185
1.2850292186880514,1,10.957677417421348
-1.557473052179171,0,-2.3707040308225986
1.3858091669380728,0,0.35512849952602243
-1.4900453506720703,0,-2.7179505992320796
-0.41085083775853093,0,0.12156026467479161
1.1891814631182145,1,11.743863800952688
-1.4003302906049049,0,-0.9114274454922949
-1.082994419069434,0,-2.363107433420872
0.8890102735722651,1,10.966787868326588
0.8801461461842974,1,11.113379803629783
0.5645905315411892,0,1.483681886555889
0.7757937778684001,1,9.28357030837833
0.1708977733903847,1,9.945892985002898
-0.992803764372189,0,0.07824111136616752
-0.6172160259843222,0,-0.6451196559090878
-1.2736091327942973,0,-0.4810382428095461
1.6338022453345133,1,12.15653582724579
0.33356717906448186,0,-0.8278972965001963
-0.39659433294544044,0,-0.7924318179878733
-0.15197678542346926,1,11.247534256676353
1.7891333584472613,1,11.867087644595635
-1.3865943875356792,0,-2.5009639708958575
0.34491932806718895,0,0.3648962776342124
0.023554715537863924,0,-0.030566249974397726
0.4458169417385913,1,8.732682293162913
-1.927559264716638,0,-4.100328670595426
1.488495635776606,1,10.832188319573325
1.7284731299344496,1,11.940342347651548
0.26053273435683577,0,2.5338125268303253
0.786603295507569,1,9.94077342287814
1.6899975247091827,1,11.532142951326229
0.8289545372535945,1,12.306602022074792
-1.3898438283429546,0,-0.4541021437701215
0.3051534406672527,0,0.73903329458572
0.4268601855314236,0,-0.794205278630546
-0.3034773147904559,1,11.177508457893271
0.9457769424988913,1,11.239270500239142
1.7374680590760594,1,12.769619749202082
1.7022740516271053,1,10.750068083653716
-0.19664251438347158,0,-0.023721916229755537
-1.547047816636979,0,-0.12138810544929046
1.9393647958493383,1,13.867490012241097
1.3555923457837364,1,10.869072466173877
-1.5013492751869326,0,-1.9205152442957167
1.6833675304694893,1,12.225849066735037
1.4795854482485131,1,10.819920116466758
0.07535222850428847,0,-0.0410309059556572
0.365101742979717,0,1.467068429776305
-0.40398918451947896,0,1.2964878947292962
-1.7809534447118747,0,-3.578745679276793
-0.6592110334163963,0,1.1326642793183868
1.2114137943920458,1,11.650030346468267
-1.9814719079815886,0,-3.2565196006032466
-0.6660033132354233,0,0.2842055292209903
-0.40732522563622675,0,-0.96416682482241
0.1495824117516915,1,9.596095260638581
1.679422465651042,1,13.201290194140988
-0.614616022536155,1,8.677043177455559
-0.6121871924150892,0,-1.1554907692606697
0.9500049924389935,1,10.73489168331571
-0.19112823644077137,1,9.206976381838075
-1.1015807082400721,0,0.1555212435166351
-0.1902419354692264,0,-0.7576605737511243
-1.4365719184808006,0,-1.2379745140012377
-1.2944520539751068,0,-0.7564243272190283
-0.0065289090420810325,1,9.517905182949752
-0.32429820198180836,0,-0.25669974096198467
1.6593836042724002,1,11.604589655802283
-0.5504244035334676,0,-0.10198492739141517
0.3223534011121738,1,9.055060907318518
0.5290571516781215,1,9.850534185668991
-1.9476221736466655,0,-2.9454004965399054
0.6541494880668424,1,9.00320798252009
-1.2878561325209943,0,-1.5550713858280165
1.8442812698778206,1,13.654807038958829
-1.4053490889875482,0,-3.4654312666114278
-0.3415035050919051,1,11.835670174047987
-1.6586013276854246,0,-1.2361136836036668
1.9874970073837894,1,12.387114461274438
0.008780041324970345,1,7.895804538491102
0.38154006928017514,1,10.057388520100158
-1.73169409044629,0,-3.716715510778771
0.9998418815967112,1,11.461256150093647
-1.160377627617657,0,-0.3872082896072707
1.592217157762855,1,12.141638040752902
-1.1794414380719713,0,-1.3906063247184148
-1.2372491173453337,0,0.6530262106715221
-1.8538013286076205,0,-2.4319155965077073
-0.11173221956000301,0,0.6024683715403364
0.2593645330504657,0,1.208779685639568
-1.7371654422865905,0,-3.6400209623182502
1.1021104667800423,1,11.9540757201605
-0.18684466100788955,1,9.732130243444539
0.09756107731032015,1,10.335193997759912
-0.23694901224708742,0,-0.16311474119943853
-0.39694775649869607,0,-1.9091386434298663
0.23856132523287155,1,10.964136703106124
-1.37903901627715,0,-3.1357760879847447
-1.2722874780189155,0,-1.9962562839609002
1.4471424840540692,1,11.062493726730327
1.784461848534531,1,10.88751903435594
-0.5067627348809882,1,8.834306896033187
-0.9170213074257849,0,-0.1407543921104005
0.575998172956063,1,9.748899387213353
-0.3650633156076144,1,9.711520908747133
-1.8984545773586206,0,-4.336144792283781
-1.3753896105352386,0,-1.254728587978971
0.8638889153895901,1,9.997113876469086
0.6356957676406054,1,8.487479824108577
-1.891616029986066,0,-3.5852195065034578
-1.1121113522682022,0,-1.9296368495696072
-1.0757008136477144,0,0.27533306565012894
0.6875709743949137,1,9.771019176170876
-1.9211578489825434,0,-1.0238258727482874
-1.5835656720617046,0,-1.0186356339687013
1.1996643414927575,0,0.733006005118219
-1.2858213517826655,0,-0.4834688847767714
0.6109844314074988,1,8.02424165888673
-1.047268875813094,0,0.3880717657326972
-1.6022344289626194,0,-2.8768826923665305
-1.0273112360021837,1,9.547637141848337
0.8890677274226366,1,9.623755467373492
1.422785872425143,1,10.818768316415833
1.3208794582679664,1,10.97115199391459
-0.4112658815261807,0,0.04205209645506848
0.6723405462825847,1,10.12504713800871
-1.1800628183367161,0,-0.8236318335008913
-0.827409078955947,0,-1.9089072280497719
1.585343274084479,1,14.324281769547353
-1.9479923059570559,0,-3.4640175721816626
-1.6579658765821277,0,-1.841183107187798
-1.1684549794158907,0,-1.1376293302751321
-1.8938711845047211,0,-4.2705740963254595
-1.2742582596408107,0,-0.883492571035549
0.3321662438787687,0,0.3076015945045046
-0.3143017976300082,0,1.286284628482764
1.5706868443078994,1,14.015104798461888
1.2697742469537636,1,12.500667825439304
-0.6327305932084961,0,-1.8931851383180893
-0.9623062662748301,0,-0.9059819886058242
-0.4812303673309324,0,0.2800948141348163
0.36117977005923096,1,9.623272447311109
-0.927745436708495,0,-0.443087444192078
0.49659563139653606,0,-2.083904209753138
-0.3623533912350383,0,0.8904245044469782
0.20818872340792094,1,8.129056475703539
-0.25549388345873325,1,8.419171522834844
-0.8221369618323293,0,-1.292515745800288
1.7938132278486267,1,12.78850156077668
1.0544231766390433,1,8.963432830530797
-1.4395472969341898,0,-2.551976589073088
1.4738719035916512,1,12.749789822599947
-0.05027520700194543,0,-0.1124238907425207
1.5782089075763657,1,12.399003654124204
1.1994210237892609,1,9.626507230422233
-0.2991459821230662,1,9.932778939961654
-1.9101227667195304,0,-3.620473947396899
-0.9252905624602157,0,-1.1913700693180171
0.16653685864346768,1,9.95123230624076
0.5339128793045891,1,8.183974100772822
-0.9684492582671909,0,-0.015542613438542907
-1.4425757037087035,0,-1.9005105248917498
1.3397209471971965,1,10.945081163866224
1.9376087228142085,1,14.488974719036353
0.1027607292107433,1,10.43257604216066
-1.313282856606786,0,-1.4508564491802238
-0.9107706939225242,0,-1.4943296575646328
-1.926437293810133,0,-2.2459977320462325
1.657195226241996,1,10.935452323410772
-1.5289956684394355,0,-1.157897352192058
0.3060659020570142,1,8.416941621994768
-0.903779117251176,0,0.5487623683670682
0.21671201006317364,0,1.0156896946308085
0.6056815534074569,1,8.198486339396181
1.3189672148288065,1,11.596621876771213
-1.1743149129575872,0,-0.4431955943617282
-1.956016685366078,0,-3.038811859844933
-1.452457479724771,0,-1.1668356443586414
1.6000745673924204,1,11.08597065934159
1.495560310250061,1,11.455327385270488
0.3896524086812332,1,11.694226804133134
0.4020674417346135,1,8.924685279074378
0.6601466981850219,1,10.466701832251998
-1.2985148855062016,0,0.05651433998272104
1.6576477836998391,1,11.286686310751548
-0.32491790043170754,1,8.5660622947489
-0.4674458870020102,1,8.682827880958918
0.07567082113135015,0,0.39518800990574193
-1.8121361328997798,0,-4.249983944072926
-1.3348665249756824,0,-1.324638440018769
0.9521344657054818,1,11.802854926334252
-1.6688053282994941,0,-2.37504546893516
0.4126084378655528,0,-0.7426903772510861
-1.0186035612747162,0,-0.4030180272132836
-0.4428175438320938,0,-0.1120883194259186
-0.8452250529172005,0,0.1507409719863631
-0.5773091341402035,0,1.5229400750132656
0.876183620736982,1,10.733090950363644
-0.8115131375072999,0,1.7665700739099501
0.26561856118758875,0,0.4646720258756084
-0.09579839120360134,0,-0.7677708795169846
0.6546846614505926,1,12.428605847229413
1.747318957299032,1,12.542572301585214
0.9302883888410012,1,9.347660525403393
-1.140238485636973,0,1.5824916624655052
-1.8752674597548613,0,-4.030425957182473
-0.9509438228006997,0,-1.2023559019648298
0.3803117228010193,1,9.476033066516967
-1.7942967460629986,0,-2.7237435029735657
-0.014535011195054626,0,0.930859862068049
0.38737139566755685,0,-2.6197277967548533
-0.6630244367321567,0,0.780767248772749
1.0836488149832877,1,10.081726957093284
-1.5736069874649128,0,-2.361207901122066
-1.699448873056765,0,-0.7389198282353733
0.9127550248144134,1,10.593526184968523
-0.01803473517520615,0,0.4476984149512091
0.7536095857109442,1,10.165437654386519
-0.2606906455850151,1,10.754784366228682
-1.0143918670435728,0,1.0961105931702653
1.2764092706967989,1,8.564710872650075
1.197663515875917,1,11.943581005135117
0.778785883417707,0,1.7832027848600187
-0.9114194510801492,0,0.12251182505293212
0.3609226674763484,0,-0.6538545960444596
-0.5561044122398928,0,-1.2382606813662316
-1.6336717066934634,0,0.1818061637960846
1.6692543018489712,1,11.42062968975436
-1.4527254763241544,0,-0.015282566404866582
1.8009494152832097,1,13.311127916931394
-0.21597690816817705,0,2.0407935739008187
-1.2594682846455214,0,-1.3171824716326492
0.16760378951343258,0,-1.6052268420554932
1.4917833435056331,1,11.662091259408946
0.9288995456382447,1,8.914304876311759
1.226244591445799,1,13.598997688531021
0.6351334668428694,1,10.7576029043009
0.7691062580714099,1,11.00560302219802
1.3967826062612771,1,12.141332867188773
-1.0013279645632562,0,-1.1955842738739593
-0.042300145427438096,1,9.867931663609125
-1.115162232721591,0,-0.5830358878246036
1.950672031986588,1,15.655160387023662
1.776237358746453,1,11.644939646404094
-1.8422927545259764,0,-3.8549939289220596
0.8223006900627539,1,9.915079886465216
1.7009932696626633,1,11.787161681157764
-1.2776986194906659,0,-2.5018567446796682
0.27178092221051786,0,-2.6946669892249564
1.6619531903521674,1,10.468386354287933
-1.8642160856568046,0,-2.1403266531025515
0.7896810689873597,1,10.23800215227171
-0.8106039705097969,0,0.5692235753585368
1.6975847815061216,1,11.863531299741304
1.884232980661471,1,13.24649247705259
1.7770659564537357,1,14.419112137964675
-0.10314313337014491,0,1.552173961237798
1.4481706039572537,1,12.460522450811744
1.3781975941402815,1,11.511311756524286
-0.7235981070269775,0,0.3285335341497312
1.3156618966027094,1,11.509321452685892
-1.8519694611380295,0,-3.342860782197686
0.38507951392821216,1,9.62418118563909
-1.0799646508491878,0,0.4925737901511177
-1.5177324568908848,0,-3.043684868861608
-1.6921871934831634,0,-0.9354286199156858
0.785155103512559,1,9.966568902074325
-0.6405001449277354,0,-1.4454330339429884
0.8990670861150458,1,9.817862826470426
-1.7385746368042305,0,-3.5019520438593057
-0.7388386486775587,0,-0.7773339144423707
0.15796516950134887,1,9.408017333337481
1.1628926593558542,1,10.152606343782743
-0.7249899882717203,0,-0.4984882371268245
0.5035655057480364,1,9.999073289881707
1.5439109929447485,1,12.603939964843658
0.46345275272921826,0,-0.19518048185387532
-1.068162100985465,0,-0.2833497958815235
-1.902396873773848,0,-3.4349641395829535
1.4803954956037195,1,12.162776558124705
-1.9149223565984514,0,-3.4642655114258996
1.4988066907367976,1,11.036654009040838
0.11574853610884794,1,9.082575730807015
1.7562707940515847,1,12.918826904473802
1.1951329430946616,1,12.12690822817635
1.9917364421333499,1,13.721498602811948
-0.5971527381931594,0,-0.8073334171210922
1.0687531557245076,1,10.354212050908867
-0.39227634556303137,1,9.408423603636344
-0.08049751878436462,0,-0.6672413250568114
0.5100218528734803,1,8.622739444763667
1.494708456745355,1,11.425295682138477
1.9363338767971805,1,13.865811509013675
1.0730936554580728,1,9.53594560778717
-0.32893287133066496,1,9.103865502119906
-0.3145719908917193,1,9.03637368529852
0.950329206355566,1,9.04245535051246
-1.0448914169267907,0,-1.5259973214741147
-1.5581035474744214,0,-2.089150031001566
-0.5815113694368939,0,-1.4403784320755488
-0.8510440333836731,0,-0.4457378289706684
-0.8147675181760397,0,-0.9739069156682858
-1.0655689958003602,0,-1.5339254425054611
-1.8316272414545525,0,-2.6952161576679843
-1.9285042610663448,0,-4.226303363504986
1.9508895589441262,1,13.242499770708584
-0.2889074650565506,1,11.285949614705194
-0.4626934113612733,0,-0.9695835378583535
0.7185891307722794,1,11.75140360407282
-1.1269844485397433,0,-1.0634791924205063
1.7998447358009013,1,11.779110848207367
1.1453800576622082,1,10.1973611171926
-1.642355990750962,0,-2.14621576370535
-0.32967689686028656,0,1.2365880870796093
1.5164732302486588,1,12.54253477225899
1.7789280891656412,1,12.8786915535994
-0.1303939550005211,0,1.258847464435184
0.4536455568428308,1,8.165641785055573
-1.331864215631699,0,-0.9318303229492123
1.9646745045479062,1,14.101708384622476
-1.0733131944662264,0,-0.2960865836208859
1.7709270965405026,1,11.166824367531053
0.5985865959694738,1,9.090326156673115
0.4309471795154365,1,9.873542357166887
0.05075404406603434,0,1.1148568754847779
-1.0773207531289652,0,1.290084486710179
-1.293887871977967,1,8.252486258808737
-1.1180551637192986,0,-2.008657738759372
-1.254246951422982,0,-0.17078871289099606
1.1183378942670132,0,3.3137112320182176
-0.5994989633330796,0,0.9992109672302435
-1.7686292937464145,0,-3.514812782582181
1.8764105205632453,1,16.16448161981384
1.5351435398537028,1,12.495709673698075
1.7110091327808519,1,11.713521106733971
1.9796312905857412,1,15.813330337492655
-1.3044190031220508,0,-1.9797321062572324
-0.415031924389365,0,-0.6568334540633288
1.0329539028163652,0,1.2776985094373046
0.7840824722151689,1,10.216115880172616
-1.3844163746405798,0,-1.2896851008982841
1.263332499962471,0,1.046836525058898
-1.1022377126533573,0,0.44491020966123673
-1.1047295407095077,0,-2.9985117171121587
0.1478976915736543,0,0.28613142276395576
0.3717597393668126,1,9.735486206782
0.3203448313512447,1,9.263940990661595
-1.6340526504089805,0,-2.9367013381407796
1.5098434505215215,1,9.083830463590074
-0.9375998296451757,0,-1.2105370336524406
-1.4819403148687833,0,-0.3368167351503808
1.5549923194759088,1,12.712041458116236
1.8226059929190135,1,12.835868922845354
1.4485104690618025,1,10.108363993988345
1.2380642988995123,1,11.770724236920563
0.6209679225560869,1,11.429571387552558
0.20342948243655723,1,11.038403988316464
-1.6520529603543594,0,-3.223182267409122
-0.3661871477172052,0,-0.8894302524336964
-0.5092459319507441,0,1.5898795237147731
-0.9609848649586952,0,-1.6530019160344411
0.8936804547543398,1,10.835088906331704
-0.01649705968491677,1,8.222261608064844
-1.6758151363694083,0,-2.653458425033198
-1.1192671922007547,0,-0.11593565008603735
0.7330350546383837,0,0.1669787144164087
-1.6954765620387993,0,-1.9130297059069665
1.4048276561950748,1,10.1600372329722
-0.0194138919441027,1,9.179994376964169
-0.077653690693408,0,0.4815842489065415
0.3696311386380704,0,0.7221389718591905
1.2987238637005967,0,1.3150810221262823
-0.6087631683912278,0,0.8342561804432999
0.7120646102362542,1,8.523313260544619
0.26292785598316426,1,9.542890290011979
-0.9318869193223147,0,1.4180523082362062
1.514519945420632,1,13.020449540233589
1.1897040864277124,1,11.475589256483257
0.633807338633702,1,9.971936951852294
1.4023269163769676,1,12.41366813933148
1.4691768038392095,1,12.01473624672939
0.8334519068601391,1,8.772035018910481
1.3480533134546882,1,12.220635862941037
0.7898858466771346,1,9.380369236485535
0.7205630870412016,1,10.946750449023062
0.4744455128607372,1,8.437425708491658
1.010866558230565,1,12.115496934150665
-1.3655795788277052,0,-1.5481679578203762
1.5234830367957137,1,10.658666161148687
1.487374110980928,1,10.956740064539394
-1.8830108678617634,0,-3.675173092234171
1.3032670022590507,1,11.10103296467661
-1.4845205301062192,0,-0.3176484296934994
-0.6595245829634324,0,-0.07329496973831687
0.9740330251664311,1,8.291135411145138
-1.3569604158067672,0,-2.4790523234487556
1.2718680964762488,1,13.786252522924906
1.3285367118309677,1,11.307828950151489
0.029870935043344815,0,0.9508034405213176
-1.9744565131326657,0,-4.157034294277978
-0.8518474673003489,0,-1.3136803617941115
0.4677076735029688,1,9.569873413816934
1.924744712109694,1,13.693571332951192
0.5272541080666735,1,9.613051165093314
-0.9607856757433608,0,1.4750127592472708
0.5360228123984454,1,9.460752365058022
0.1599415188634219,0,-1.052789855105195
1.1193815806045744,1,11.510103784153113
-1.5720774446921664,0,-1.0106352044240658
1.044111610008112,1,10.599106204695222
0.1650663147044411,1,9.400105149174577
1.8519680154359786,1,11.275267736692783
-0.6325113358452557,0,1.0941969307960784
0.5304875725357925,1,10.943205037660569
1.7281124220400699,1,12.140505424630508
-1.589961088037283,0,-1.9501194651820524
1.7489139489458045,1,12.448024366013268
0.7515428892032534,1,11.840972233958494
-1.7286517635793124,0,-3.6207288135926925
-0.796145732212735,0,-0.8723791947720501
0.8326883545811263,1,9.571954279783824
-1.7305975941249132,0,-2.281380949572237
0.3286818407050931,1,10.073883491315513
-0.6164677721881731,0,0.08292926478528845
0.48366207106990844,0,-0.8240358334733644
-1.8170318647499486,0,-1.5146637305391562
1.486147224609505,1,11.187132220284841
1.8939558767095876,1,14.584465025943816
1.875511421142766,1,16.437710117894614
0.9986073269716988,1,9.624577844599846
-1.4796550394774721,0,-1.2773779619903927
1.0330527837160903,1,10.419632321945477
-1.901652334164794,0,-1.4075736179284841
-1.911505793884011,0,-3.7728358553392285
-0.705559123401835,1,10.073072986872925
-0.045427238381337,1,10.226821446914798
1.0816296712311728,0,0.5323128074441633
0.7331815064260208,1,10.952536504701598
-0.21638917449300665,1,10.088330267365857
-0.9054933348733365,0,0.11063651470569974
1.9884980006308446,1,14.144986835776301
-0.2952747910561082,1,9.38259018282827
-0.19445190268129808,0,-0.2726383229121886
-1.3455047152333233,0,-0.662516537466608
1.1792381949997175,1,11.371286222972639
0.7747289031259545,1,11.477507080397984
-1.1169215488449584,0,1.1625566549916795
-1.6704758175366292,0,-2.851791455724562
0.7219972082988524,1,10.323055499384369
0.6180448571245409,1,9.924634406332162
-0.9069618920071627,0,-1.4803319366212935
1.8034542490016414,1,13.497375025517812
-1.395768432876399,0,-0.5817595937018732
-0.27066079582959235,0,-1.0869051611984566
1.7744636806703955,1,12.419146502453097
-0.3210907322955108,0,-0.48864163061328597
0.5541037906563422,1,8.576638820246961
-0.4096224081488229,0,-0.07074270803692859
-0.9031391906053199,0,-1.5135691120904737
1.935910591839313,1,13.78664797691486
-0.3626639747398279,0,0.24527180656640726
1.5763968147165377,1,12.35171704188002
-1.0801815764356553,0,-0.18885156181633905
-1.1475811838996668,0,0.7752914577043806
-1.8754636684619546,0,-4.106990309675266
0.6066673015035402,1,9.353158682603555
-0.5258946251049554,0,0.5824418324724667
1.4574329993585482,1,11.415893169363814
-0.10716037323377137,0,1.124711327258493
1.872773711658887,1,13.845860971686939
-1.2578979371875154,0,0.9229208340360231
1.4744926718224431,1,11.511539923319983
1.106387411166967,1,9.19512102796686
1.083687378576208,1,10.97699090935672
1.3791329124675507,1,11.239886475825205
1.0440959637719955,1,11.103590984491069
0.5048812865256616,1,10.726955597494042
-1.4750204892704497,0,-2.1391388189782905
-1.8698952820349923,0,-4.278057906906043
1.6833913912627474,1,12.23925944740812
0.46660125808295216,1,7.669601915231003
1.1861491639047053,1,10.91509344639795
-0.07391059394979971,1,9.592360046358218
-1.530767244150422,0,-0.9318088694636589
-1.4992568311897982,0,-3.6708415812781894
0.7422611489158855,1,10.210820298502346
-0.2787764204021492,1,11.565391549792032
-1.1979010931986531,0,-0.18407295847236915
-0.03362181303425249,1,10.980652992196811
-1.7431642516994637,0,-2.3086747584748277
0.3278856076575951,1,8.356091252358064
-0.9240263822596093,0,-0.22794912667234088
1.1902364025487526,1,11.251571114301347
-0.7585521643057049,0,-1.2964605275278849
-0.17911940367279522,1,9.870572744592128
-1.9535178403675975,0,-6.628609230270083
-1.7102124488217645,0,-2.835135624116182
-0.4300257743732607,0,-0.47613659176722034
-0.08024466113150597,1,11.401980999676075
0.4000821924772149,1,9.428796627619478
-0.8333496851627871,0,-0.555725943937242
0.7799275445061702,1,10.157981105981596
1.4404895887568183,1,10.90419531074335
1.1194039555733992,1,11.421134501385039
-1.8415246986065714,0,-5.114893461220851
-0.07797221096868423,1,11.136339681656489
-1.5802792863273005,0,-1.985080118769992
-1.0318199365498901,0,0.7523823584516143
1.9466503730685858,1,10.941132722985962
-1.430017828393947,0,-3.8983875072170755
-0.004447386194575742,1,9.708021396431532
0.4726229372724764,0,0.558700857547392
0.8098598821764158,1,9.710649910893471
0.2385947339476564,0,0.5906371246262165
-1.9609166103232654,0,-2.7887425883818624
-0.6941547670240324,0,0.49876001802903636
0.07084657353884571,1,10.103446302251065
-1.6485340034206666,1,7.855521795623952
-0.597492275163277,0,-0.7214465669068802
-1.8671875648345337,0,-3.310245793251037
-1.685686011379917,0,-3.41920075035722
-0.41230689519361574,0,-0.8197749300082475
-1.4691369838277586,0,-1.0711016049391588
0.2701633930462326,1,9.54697824631284
0.757859876549063,0,-0.5199228806818856
1.2023467964363315,1,11.31831001336623
-1.1993990230207596,0,-0.48280288279788863
-1.330069670963721,0,-1.3918029565841854
-1.581728638662399,0,-2.12757157565376
0.5457209981745468,1,10.497208859259366
0.8259029059476046,1,11.250637748651263
-1.8736554206974319,0,-3.087727306915395
1.7448489849747593,1,11.46406069502381
-1.7921148653941104,0,-3.0992733668872674
0.16518534120428185,1,9.595103802083157
0.8362420778036657,1,9.239406275932138
1.4838764949843424,1,12.131598767062783
0.8563477285297112,1,10.888845932489303
1.2069123322791673,0,1.6052252291733136
-0.6421992298287758,0,-1.1233408093546664
1.259300454986049,1,11.15597396530828
-1.6795406144612994,0,-2.3751469099873956
1.5792666242421105,1,12.27681416896248
0.19036950461494495,0,0.13317603911041032
1.2691910798499748,1,11.009689740394267
-0.19072686192679944,0,-0.13619276981344897
0.5743107807860999,1,11.201553897415375
0.10561064374445284,0,-0.8612250376550012
0.9263580870213275,1,10.224301271904311
-1.6734800718776417,0,-1.2619495507619591
-1.7585916640377448,0,-3.530405466622615
-1.0115870639594142,0,-1.2776706915998082
-1.3618212795472466,0,-0.5288467833454633
1.4871342663688067,1,10.220535679513084
-1.1231440505678227,0,-0.0477653449521509
1.9034610232765252,1,12.958641021768713
-0.6524168329155726,0,0.27115074554741125
-1.2715283372452029,0,-2.2486281012818345
1.1587940285699165,1,11.963092663545662
0.6348311020035045,0,-1.0893168410623846
-0.007217134187444074,1,10.724950165587128
0.22145420375052494,1,8.829967890807733
0.8768071130890553,1,12.145341454153735
-1.086181034674805,0,-0.7121141306032038
1.9853356642269677,1,15.863514631860284
1.8991726485871325,1,12.606134355260025
0.6013027453877475,1,9.666054314997053
-1.2018301962834195,0,0.342759947381569
0.7209129697251653,1,8.761138804058476
-1.7112063640832966,0,-3.204667183452896
-1.8773899911767757,0,-2.813449548895463
-0.9692684459551453,0,-1.4740853763736452
-0.14950817304273478,1,10.52014646681224
1.473090021633522,1,11.76870279525096
0.9086762790652321,1,8.861498006942618
0.9708260847999242,1,11.425272175963126
-0.2980266622076986,0,-1.2756684410783774
-0.6162600298121483,0,0.6542585816788232
-0.5158449480615892,1,10.0598432569017
1.9505982549442313,1,13.25583837892324
-1.83956323435007,0,-4.217936980751903
1.4681259844897943,1,11.911464225758197
0.31470163428957365,1,9.143058778065708
-0.24553832324163816,1,11.200551837697178
0.901030641660546,1,11.610204273468362
-0.0533242343011886,1,11.641958207950058
1.4936929523266422,1,11.94720052814747
1.602807456045034,1,11.654489753121139
-0.31311629250617834,1,9.687748174888256
-0.8926888110597937,0,-0.7257764550386652
0.3694013143734489,0,0.27320929705398905
1.6494533824667639,1,12.68043824566264
-1.1573512439773337,0,0.45645041678402876
0.4918663342539311,1,10.079622639282604
0.5262408803700822,1,8.669638471979765
0.9324520896611239,1,9.997947187209322
-1.4737292594909608,0,-0.044528246891464285
0.8632998587283542,0,-1.2348756423353464
1.636130082662564,1,12.929045978516873
-1.2812675645190321,0,-1.4422673660657594
-1.0498267003044894,0,-1.461990263327103
1.8855803761665584,1,13.747619874771688
-1.276092189162041,0,0.521951571083948
1.4175403734783165,1,11.764661668960002
-0.03088857420786084,1,9.737441054502401
-1.0110757023872918,0,-1.8128474792971239
1.4829996050900456,1,11.531922329615933
-0.21877897998933804,0,-1.3373856653201197
0.059269415718760765,1,9.69017988126748
-0.5630665224009372,0,-0.1523160539372116
0.3718034057397097,1,7.665157146601864
-1.345904509659909,0,0.16929682024374504
-0.43567385339295717,1,8.720130528077995
1.87764928934115,1,13.123929847576017
-0.9674662691954898,0,0.08106339411941982
0.6269466581651688,1,11.431764207021878
-0.6992397431012205,0,-0.9630948242225981
1.0938925027464026,1,8.145291065114812
-1.4765053571266007,0,-0.530777375838623
1.8792841803141789,1,12.069047568705908
-0.184841834465443,0,0.3562855439668036
-1.0557981466141442,0,-0.1668645314340536
-1.7060130106799494,0,-5.734688141231734
-1.320968379649837,0,-2.7673535858144165
0.07909579422407065,1,9.539436210648352
-0.6519872942748548,0,-2.722703721215244
1.3155334635304379,1,9.80029844036926
-0.27644990535277625,1,10.112314780296165
-1.0051429096494804,0,-0.5962377588587278
0.4685799464161202,0,0.3540968161267352
0.8271088675417833,0,0.7321373214355552
-1.3318323683962006,0,-2.8630166830998376
-1.3295231348467293,0,-2.459901926867736
-1.8533142922658281,0,-2.4214915586903167
0.9456080602625621,1,11.947099597241651
0.6552181104872203,1,9.173238047660316
-0.10147649700074446,1,10.258383118026023
1.3766817958767885,1,12.111662884838731
1.2226806118002127,0,1.1514775105191595
0.3414174575870086,0,-0.22886749216656013
1.4730851220530345,1,10.957632467741345
-1.176635159852927,0,1.170760988741218
-1.5523215224090885,0,-1.7741071816197993
-0.9210015539320415,0,-0.001674926449364622
-1.7716525756427406,0,-2.456069703678005
0.12467811200412804,1,9.188550630659837
1.746422769179846,1,12.714109187369457
-1.8426258373259614,0,-3.450348779466655
-1.5115603439598928,0,-2.0669652179977396
-0.1912038868662589,0,0.31346403660961086
1.7355000701116197,1,11.697985850462288
-0.735375580092998,0,-1.4036256104829452
0.028939234753569743,0,0.5027371784105698
-1.8337085637984316,0,-3.6145212852960387
-1.4066271961516446,0,-1.7365920539254485
1.9465204918353876,1,11.75883009447419
1.8604747857441821,1,14.182975264297
-1.9802400762623615,0,-3.358591751740405
1.8072471416929559,1,13.659431891122725
0.5564797512620014,0,0.47348808298665146
1.4716731780800885,1,10.07773407737406
-0.1810405774645636,0,0.22603209969461058
0.06238411431700097,1,9.390987890208113
-0.04461367897231927,0,-0.9629015043285554
0.6674570301844174,1,10.648723923527054
-1.4413949809747484,0,0.16117376327217792
-1.8801056405092882,0,-1.8295566762392568
-0.7682802336352363,0,0.3954045792465223
0.8187230509465868,1,10.244169914321063
-1.1925861915082066,0,-1.063627227029727
0.6937297332996692,1,9.262428926327079
1.8796481844290818,1,13.050737979884003
-1.6243971368423265,0,-1.2345968354084227
0.6904084729005051,1,11.987685515670773
-0.2249991227817154,0,-0.8221765528505351
1.4725690175100214,1,9.601589661383358
-1.2914008422104564,0,-1.607719006934882
0.7705038089046581,0,1.1326689685504732
1.3524611585924409,1,13.30920525645092
1.778456877896093,1,14.122589720581473
0.7329921131585833,1,11.482195274677062
-0.011300943966290777,1,9.150438924695942
0.4713889608048554,0,-0.7690162799519766
1.475619937914873,1,10.282737779306666
0.28243898655531874,1,9.345785594383095
-1.8784517612126526,0,-2.4000368316404623
1.7237947820279111,1,14.185588091941367
0.7581070041262445,1,10.56336926138018
0.706053543108986,1,9.920866982745773
-1.1372993904091313,0,-1.8022447110184125
0.6355418809306288,0,0.015836811160927583
-0.4245423773833661,1,10.164867368821898
0.6049319081659683,1,8.647613108963942
-1.5736278787680371,0,-1.0269181282731417
0.6313812184121441,1,9.701933616227796
1.9976549030826662,1,14.847361751587448
-1.8071518445577759,0,-2.9618162114837587
1.9086967368852692,1,13.774025406714689
-0.37236815710851756,0,-0.7277651303173436
1.4830138013490366,1,11.28620303784095
1.1295419362330938,1,11.36261362652695
0.2680650439466712,0,-0.12186680946285029
0.953796837005306,1,9.328874022525333
1.5140622452053916,1,11.84698045316754
-0.3834387133958681,1,10.357487431078496
-0.6918673537470452,0,1.2072968426824706
0.6703735422543389,1,11.303186433593975
1.2313837677650343,1,10.868941741178945
1.049140539106463,1,10.030057164975656
1.191254595434538,1,10.616945860125279
-0.257666740748268,0,-0.5322870317370582
1.2713368647000864,0,1.5335904751404943
-1.5191637785175662,0,-0.7113424622497753
0.17795639184339818,1,11.242652163280544
-1.9769653580075137,0,-4.27558427370807
-0.7016566803989188,0,-0.6847469436002194
-0.5341538605144085,0,-0.4965969068958413
-0.41530923356297844,0,-1.96785358375333
0.7818688267594487,0,-0.96382677774205
-0.44576759491861706,0,-0.0788419664327642
-0.2052255095098774,0,0.37494994674473575
-1.0498234765026901,0,-0.087347565458886
-0.5069928334826397,0,-0.8456535801904116
-1.090921490947394,0,-1.1402682716554928
-1.7072163049262254,0,-2.7574194677842025
0.4137943735255116,1,9.654300234084536
0.672851194220065,1,10.840327253836886
0.477961384038458,1,8.746420332413193
-0.1460238247977106,1,8.84914756505866
-0.48085687928308074,0,-0.35402796209657356
1.453334598287301,1,10.169249489562489
0.07632714054487222,0,-1.9002479443930882
-0.08327248948107613,1,8.506234121855888
-1.8974317367742572,0,-3.6583262331428594
-0.6350086894953746,0,0.5025016230208956
-0.47921752485657176,0,0.5963405172094447
-0.40470887641239806,0,1.5547719458836997
0.32068947690932914,0,0.1181552495696507
0.13441018690751383,1,10.237414646156417
0.4316203711737785,1,9.789797568557697
1.059533046168513,1,10.392894876918445
1.251942954864374,1,13.061668713988997
0.8724923049059776,1,10.5934406894874
1.8220947838197388,1,13.372978396142512
-1.9270696692945535,0,-4.7232948659648875
-1.2168880572658156,0,-0.4905717087415462
-1.9697485000874315,0,-3.16289063856282
0.589898856618412,1,11.212946824974187
1.5921221957999476,1,12.647982455843463
-1.026070813694803,0,-0.6668728396170842
1.7081381791852266,1,12.32252484979954
-1.7589304388417566,0,-2.793002089248701
1.7377441072220572,1,12.730967408785284
-0.5935092510414623,0,1.1631176651309996
-1.594316686203134,0,-0.9536139541668636
-0.05651296325469746,0,0.7528207105761127
-0.9728937291179682,0,1.568777220076847
-0.8605083921523087,0,-2.974830719013026
-0.7708401402948537,0,-0.6890730686340102
1.2121035913306537,1,10.879135719190852
0.15664510670101794,1,9.329692380530338
-0.7547692033759854,0,-1.1447378827028083
0.44133513324367346,1,8.325821260024062
0.8646026968927742,1,10.011832997018336
-0.9095039970658649,0,0.5178573281316667
-0.34580359389859394,0,0.753260723716705
-1.5124556266522098,0,-2.482017663320705
-1.2754026018612787,0,-0.8170728884708487
0.7244714158599312,1,11.54772242593311
-1.2742466092174922,0,-2.5545669718257464
0.10065353466824067,0,-0.15832611314680659
0.8361850468897307,1,10.578828854548584
-1.5724923076210247,1,8.065839270402
0.2692488785156142,1,10.860392987165504
-0.973748865194545,0,-1.9594739654532534
1.8517075009503192,1,12.168767815373048
-0.0658174131203011,1,10.681898784421252
1.2239701991006324,1,9.214592682047195
0.20090616862504707,1,10.815822457865298
-1.8263498685807233,0,-2.596126004682867
0.5326055023760894,0,0.8174614739463304
1.805613368826628,1,12.474076484931956
0.40644728058532476,0,0.5434108585085293
1.2767554377071608,1,9.868334788674463
1.5368258533936312,1,11.400358606133521
-1.08768091220427,0,-0.6070513844760986
-1.1518206403670934,0,-1.6628043408141706
0.4439239554039669,0,0.2618485771941479
-0.35588612077318116,0,-1.1667445948211594
1.3594452114668814,1,11.524840232335594
1.6000924935920446,1,13.79020550031328
-0.5863144827891276,0,-1.3574427417632866
-1.0525177641020718,0,-0.6055463607792673
1.1221020609754473,1,9.088465607879778
-0.9007758578074556,0,-1.1983974981996972
1.2904572740547136,1,11.776435501026578
-0.3050469854049487,0,-0.4448214715261192
0.6701995971658818,0,0.8929260775623097
-1.6178587446613273,0,-1.7614625121360767
0.49543729870629205,1,9.996286281863476
-0.19292928505108353,1,8.966996826420734
0.3464338527018964,1,10.706277092893878
-1.3279431690205463,0,-0.8667357146729927
0.9474949797767285,1,8.897264855058737
1.4511883101729142,1,10.563537612039825
-1.1330407996368974,0,-3.496317263948039
-1.617141777919353,0,-3.480158969289371
-1.9054456558146544,0,-3.7724490852293115
0.567886001773064,1,9.035714418877864
0.42837614435512306,0,-0.7923617737526567
0.18678965085628008,1,11.39382873793353
-1.0722116155360983,0,0.4124858502429094
-0.4363760163779413,0,-0.7362164270692149
0.3779053407446922,1,10.82052242754307
-0.01293256456332248,0,1.2148717714105344
1.9511420808595492,1,14.332503951253162
-1.4542409897730675,0,-1.2387991961316303
0.7805782161903752,1,11.336127149081136
-0.3827249275828315,0,0.7414875181450749
-0.28720154029754097,0,-1.2249391335569169
0.8703910626327049,1,10.140763438624605
0.7697446052974786,1,9.675970358989991
1.9650239748087532,1,14.946265906317677
-1.486422842183499,0,-2.222512654985774
-1.5835614024633347,0,-2.7377070816621156
0.8973552685149646,1,11.387978159184144
0.3135476680256364,1,10.275083787069065
-0.9033573337607765,0,1.7431879544094104
-1.6823225240440536,0,-3.2429037600405417
-1.6573670016142779,1,7.20488205281397
1.5767634986564731,1,13.082029143155818
-1.2325307011250284,0,-2.215288742169877
-0.706513751537917,0,1.1433600619526174
-1.093374391092048,0,-1.8610021894329636
-0.5800147766722508,1,10.51266010671225
-1.7223046290156265,0,-4.397515757497769
0.07623916363308147,0,0.045351406629583334
-1.7295497456311404,0,-3.9563681659700958
1.2014260312894463,1,12.793359126464084
-1.065151672358268,0,-1.6758634079177894
0.16004765841804236,1,9.173192821647582
1.520316350245833,1,12.292426527907311
0.6035094761887767,1,9.508948594638106
0.1318311462053412,1,10.701098933499313
-0.7026649875384976,0,-0.8843564112366744
-0.6679923477672083,0,-0.9369846507463409
0.6779478207927605,1,10.128238193768285
1.9765574448846701,1,12.644056381051062
0.6473567593975145,1,10.532010513754727
0.2311336694800996,1,10.88347242066774
0.9226020409569844,1,10.945653543451792
-0.1391775508651274,0,0.6419329096122397
-1.7594306295968591,0,-4.648098553074101
0.24918726351163922,0,-0.45391119247053924
1.8305011380215208,1,12.839696415477047
-1.2987882305693614,0,0.3590216448408916
0.760019563282663,1,9.638197561724446
-1.196265245363774,1,6.84230749616505
0.14331073789232507,0,-1.0024978513513845
-1.6132942014131215,0,-2.7606682914936895
-0.19851625496725944,0,-2.1603937680422542
1.0246533155809843,1,11.506601665000707
-0.6097139030440717,0,-1.682910922051492
0.6596468979488721,1,10.589538954764118
1.1817998431589167,1,9.732884163441069
1.7087112779178106,1,14.001441597837937
-1.0614316725781858,0,-0.8740778992099996
-0.40273633676276743,1,9.488227121823966
-1.3903359466783303,0,-0.8155289125415576
1.9699340086335009,1,12.815001869506357
1.7080038716971813,1,13.066906872076816
0.15982852112223833,0,-0.47962720257071834
1.368133177505685,1,10.6858260531565
0.08383190908816873,1,9.912725866199542
0.49434275201103883,1,8.970732008830005
-1.6435022715359335,0,-2.4105234444790473
1.0210816819872317,1,10.871778910819643
-1.4891460654590607,0,-3.9598737980662944
1.3042705210101135,1,12.20066890207164
1.1281123506815436,1,11.533817157300554
0.8349787909719057,1,8.436492082300107
-1.8553584779009515,0,-5.203833637909437
-0.7874865762186856,0,0.5977325892136583
-0.9475497203566285,0,0.33913992642362834
-0.5594543701139236,0,0.5354831682929673
-1.6494290129446458,0,-3.6706553419368255
1.7478312921242511,1,14.498379562985583
0.21520896284950508,1,9.249982823732726
-0.7779027573679058,1,10.004109343097394
-0.4120739317028663,1,10.216792930266255
-0.21118983798065738,0,1.5882214982226581
0.4023773334424692,1,10.15774125771652
0.06271771078599109,0,0.41596470608488784
1.6775678928576694,1,12.283408452720796
-0.012146068376678976,0,-1.196600284648073
1.9686320592932507,1,11.496068170228448
1.405699830980383,1,11.421405695418304
-1.1659579425706568,0,-2.2048984724628085
1.722380858575665,1,12.904981144775075
-1.5345344084580956,0,-1.658007541744696
1.2697988339647663,1,11.148138582087055
-0.47750682609367967,0,-1.1073634462713728
1.511897281780278,1,12.764516721328004
1.4722267604298014,1,12.070261246078141
1.2237016004704846,1,9.734513509883461
1.1601217452282455,1,12.849241340281964
-0.7812834436078369,0,-0.44924051653455044
-1.6763228677949913,0,-3.6895690425750343
-0.3880792849393542,0,-0.7875754277284539
-1.3059019400539653,0,-2.6224203065422236
0.7798043556098468,1,11.596524417396477
-0.6156010938488579,1,10.963802782827123
1.9024408034396596,1,14.182213511568774
0.5638883093813281,0,0.6407916918972743
1.2899222545374438,1,12.321492608175609
-1.4699013090326063,0,-1.829935841930791
1.4480579290904902,1,11.940858037001526
1.6910287620535773,1,11.605923024032936
-0.05175232472425639,0,-0.15351785664738238
0.42501175100390975,1,10.488463169543042
1.0592392036119818,1,7.513083850080586
-1.3006454909583498,0,-1.719847907832834
0.010264305853769695,0,0.16498768047715665
-0.4053478889107476,0,-0.11081679570402089
-1.4145040313510036,0,-1.8674814740451264
-0.5298623108338743,0,0.5147714390670765
-1.7273107624580257,0,-3.2845167019609667
-1.896752372202052,0,-4.633851597530138
-1.459334843380709,0,-0.37017609071776825
1.8524604463566954,1,14.221109149153063
0.19811814358006785,1,9.404739050095067
1.8632886446128798,1,13.165829714812686
-0.2700084866794721,1,10.836147259309476
-0.7527354676589617,0,-0.16921965247218385
0.024567451360976378,1,10.530215020832722
-0.2419532454683595,0,0.46848465613186907
-1.5773412629530243,0,-2.281387054263515
0.5633052587608249,1,10.605295991234836
-1.1358472699616016,0,-1.697649747515683
0.47835181959131834,1,10.44900266056971
0.6008043695926135,1,10.034337285737953
-1.3919005874854076,0,-1.7090456544741417
-1.7546014915573274,0,-3.9476171010471246
1.1230463442737593,1,10.839870867238629
-0.1607983049227193,0,0.036451469543256176
-1.7673448179780968,0,-3.599794040889246
1.9794652686790686,1,12.281180487933511
-1.7688777560145335,0,-4.411821126442462
0.7801409154342127,1,9.98333163309998
1.9347157010536544,1,13.927438842673876
-1.0432795831362975,0,1.2822020021453238
-1.4310025252512153,0,-1.5103355972306336
-1.5144602423102844,0,-3.3621613530512056
-0.7868994097296178,0,-0.4505464279477718
-1.5958167559574132,0,-0.7806134066288415
0.7686453667765276,1,9.544268266659563
-1.7508328074797492,0,-1.5649114528647943
0.03768851259915884,1,10.175751479868566
1.9867874154119072,1,14.568128610890547
1.2558810780240752,1,12.849267227300235
0.46087775292404354,1,8.211683223358586
-0.7749855168535533,0,0.6637750436741446
0.4955833451665539,1,9.96615722360859
0.10816585564660652,1,9.051452228915354
-0.2956664644385141,0,-0.1135580197201329
-1.477158493039202,0,0.07939308525412003
1.546416860961867,1,13.184000569853701
-0.20086140471470992,1,7.9952336316008
-1.2215099527169397,0,-1.6811390004946762
-0.5289625964908415,0,0.8688919905123792
-0.3434809898842919,0,-0.04200588233724463
1.3101515822674972,1,11.106422400768553
0.9344575222456082,1,8.839662772935943
1.0772195745653592,1,9.879527038453386
-1.9558749422854111,0,-5.099253506700545
-0.33538400728095397,0,-1.672179882534916
-0.0746233934587055,1,8.742054240790717
-1.9232308927077733,0,-4.484937381989295
-0.9607471650198631,0,-1.2045151539281185
1.04115929248854,1,9.722185211428158
-1.4515611770840038,0,-0.5087852917842899
0.1412405258103666,0,-0.9057354094371086
-1.13919251193105,0,0.6869856947072607
-1.951516901424427,0,-4.200072136229271
-1.035194169601834,0,-0.11547233528242634
1.9034950196402152,1,13.919603447309262
1.2061484475319584,1,9.97950538822506
1.8383065772841336,1,12.77806946944211
-0.048583824294550215,0,-0.5030011752778722
-1.561055205289986,0,-1.529621814659398
0.19183795589477182,1,9.874685501751573
-0.1824906617601565,0,-0.751437002750726
1.3774283309584638,1,11.42576174027845
-1.6076696768630216,0,-1.7379768790680004
-0.04703545191288727,0,1.8499926494840448
-1.399805341224063,0,-1.303301326672438
-0.7012962924397601,0,-0.16244619361660673
0.9494283095511986,1,10.856312650154223
-0.09592748252493388,1,9.050156271061642
-0.4964468594169227,0,-1.7866866194939814
-0.42209488571985876,0,-0.3497031678631408
-0.16221292637605345,0,1.0699649408961474
1.1400661753482275,1,11.974452722881063
1.5683387557609376,1,10.049426089758782
1.821338746015713,1,13.68702006796446
1.1476135450211804,1,8.570915185476181
-0.7383724170079491,1,10.257902513238712
0.7525388243461686,1,10.61244620545359
-0.2495875037784323,1,8.268246078232899
-0.9813175118157953,0,0.5275495827854038
1.3634863177036904,1,13.011261157313815
-1.8462946041507,0,-3.209308330258227
1.607047968541694,1,12.216183466492327
-0.15409014150106337,1,11.477286862415792
0.5488059072331217,1,8.956314821800213
0.6374156888231308,1,9.028413144477854
1.5804709628261455,1,11.134536589211995
0.5466787286688293,0,0.11877165957194766
0.45573433904024707,1,10.081742439810924
-1.7333918377572402,0,-3.157405795968475
0.07363208778081631,0,-0.3002808064885134
-1.3993239967318334,0,-1.9095817448467622
0.9497350748859423,1,9.936528946251011
0.04888768325069792,1,9.231536960639138
0.7209111168334132,1,9.426893642898246
-1.833308397590463,0,-5.081836637452399
-1.6608319358167871,0,-2.5142635415428263
0.865293552250729,1,8.368357566803951
-1.7116626560053065,0,-1.756846132978502
-1.7149730889389656,0,-3.081899556279932
-1.9515660990604502,0,-3.8357868922017606
1.8260055931979204,1,12.671012329232115
0.9500334378360278,1,10.18461899271559
-0.5869943659917434,0,1.1622467260256557
-0.8138576748493791,0,-1.6210315525457126
-0.6011870810166018,1,8.268040784826951
1.0986141247247274,1,10.782360130781413
0.6454824442816576,1,9.638589627328269
-1.2592177285301283,0,-0.6387023337212998
-1.3035626586636626,0,-0.39097887302732737
-1.6064174011464107,0,-3.179085048401376
0.6412108788053525,1,10.735206215668915
1.0574906488869438,1,9.569345256794438
-0.9398142866999839,0,-0.3404707132809278
-1.9162201558763488,0,-4.754997817724133
-1.6713133300942906,0,-2.2020861841052835
1.8714401393801219,1,13.25628407324307
-0.818220890090319,0,-1.37682296877104
1.0768925913525345,1,9.266023564181472
0.4986542754170551,1,10.812635294390837
-0.4722414413884164,1,9.494341798125054
-1.1772509512177796,0,0.19624325954004584
-1.5144543273623743,0,-2.280148681680372
0.4600518721554665,1,11.350864201698023
1.098535122551152,1,9.714455231549596
0.5756170141645227,0,1.5681075739502153
0.12120853299663326,0,0.17526223115271275
-1.832195106273455,0,-2.675486778377909
1.8739551103775351,1,12.286366734038237
1.1948567666182983,1,11.582153345929035
-0.828711853196141,0,0.47936367412354114
1.9198813174354026,1,13.21385291593114
0.4075263585452884,1,7.899845134863252
0.3296906328289859,1,8.904589446319926
0.9922927177181284,1,9.37504728957073
1.2470791523605502,1,11.419085564709999
0.6259144293260106,1,9.657574555715062
-1.4876170145352,0,-2.0916612021756986
-0.6469299760220064,0,-0.7016883171188483
1.712334561304199,1,13.979649499950934
-1.1015375526245923,0,-0.622942599713548
-0.5113319046499467,0,0.13089383471569346
-0.271692468223216,0,-0.6294172453639097
-0.24238004122219126,0,-0.03675833856441888
0.45175832997810206,1,9.07040933965768
1.7723033509788304,1,13.127179521995743
-1.0372291526699802,0,-1.7045021216761695
-1.5139944947963277,0,-0.9909535979609143
-1.2101180405602507,0,-1.6209920328384144
1.547699600837078,1,12.802052546937572
0.583243250620824,0,2.0064959702494862
-0.8563728430433595,0,-0.31291986827240914
1.263787755874469,1,12.320850427162723
1.4454799854537441,1,12.261550843343024
1.3860573547611121,1,9.89863346320333
1.6757061345582178,1,12.463611691147268
-0.9910359193065537,0,0.014524654768572953
1.0201677149851132,1,11.128581094470746
-0.15784201090343997,0,0.17624055912102232
1.3679942115602461,1,11.445349163458358
0.9139627086464528,1,10.3868166024504
1.1057897859988985,1,10.809239955299352
0.624647350724286,0,-1.101815171667045
-1.2902849221211725,0,-1.3102666464274983
0.1801076755877533,1,8.54993988135305
1.9386789580980328,1,13.145611584531416
1.7495522659884757,1,12.086825696961375
-1.8273050568119533,0,-3.705388757183629
-1.3407407370822515,0,-2.257056362119366
-1.4730849061817524,0,-1.3290044857390773
0.903919639941182,0,0.051212827755833135
1.2711413194277803,1,10.606528977620066
-1.1459545347573123,0,-2.1600145007035563
0.02341077180731599,0,-0.2978547768936002
1.3628121120448,1,12.411078866959382
0.9312061790650024,1,11.56455167668851
0.16894882196739314,0,0.37592379233865947
0.36139076183509156,0,-0.27155456519609855
0.03344218766511986,1,10.559001530760039
-0.8098061947247177,1,9.067116599652628
0.26008797143606444,1,9.709544667438776
0.7555412082003627,1,9.473125080005193
1.4932916634432307,1,12.57332689434501
0.5451654159169923,1,10.8610189948568
1.044486148172632,1,10.535059508711996
-1.359713460181708,0,0.4743191178798589
-0.15377010232084043,0,0.4106966149480308
-1.9626735206916268,0,-3.42396737312779
-1.013284541913508,0,-0.27107245713264505
0.9058468604520193,1,9.10936336845484
1.9672398053974538,1,12.912361112410977
-1.6032876016511364,0,-2.1152883017723867
-0.394022736554847,0,-0.07697026537456698
1.200283874796638,1,11.454376014835432
-1.1838574614844046,0,-1.4974661694263522
0.22033979720914498,1,10.076035408156052
0.9322851841186992,1,10.493710605469275
0.46394180104071614,0,0.17812496112875392
-1.2479010615383355,0,-0.9552368516962092
-0.5784617252570423,0,-1.500621861968289
1.1351671379415889,0,-1.5298277616837472
0.2169060565280665,0,-0.936661111991239
-1.979081545828349,0,-4.406920466177164
1.0439630401123754,1,9.390434299220628
-1.8587545802390437,0,-3.266643214087339
0.9829351309249286,1,11.564943995082231
-1.1900777593390504,1,9.88328848213457
1.8322939204775208,1,13.542114411265077
-0.5282369947916621,0,0.9116126126379567
-0.6922735346476836,0,-1.0905065448481648
-1.4044477986702213,0,-1.8419143858739044
-0.7775831380391405,0,0.3797696641129825
1.5066030473128023,1,11.235353519982
1.9853373505089893,1,13.492841016587466
-0.5267618779726067,1,11.789336685681828
-0.20555747618182973,1,10.09109927780713
0.8882837528109482,1,12.114075470823852
1.544783121860298,1,10.019903714786222
0.3721773367471366,0,-0.6050900521997187
-0.43389720728868264,0,0.36797236420968177
-0.349512636605505,0,0.07238450815508164
0.7824725859872275,1,8.183993379340471
-1.9871269455828853,0,-4.152836934027089
0.47835734983936273,0,2.527747837282682
-0.5780279582345704,0,0.15034848455412736
1.176789325108337,1,11.419264413798416
-1.6280374407074714,0,-2.801504595726427
0.352809067793562,0,0.265241967388872
-0.07610844045550502,1,9.98745137289537
0.5693021036209096,1,11.21107122820435
-1.7405856220681266,0,-1.5496715524886528
0.3199351497125251,1,10.423890185835116
0.24593835183809487,1,10.078403688946562
0.24264037766468372,1,8.328035111711923
0.41395066638581923,1,8.321510853039637
0.7058717489054489,0,0.2577629513714127
1.219955998723079,1,11.782459877753846
-0.9207171194871426,0,0.9414908921916064
1.3001976407202482,1,10.209262345026685
-0.006977270946185499,0,-1.5092387634761117
-1.6917668834626753,0,-1.4880228576086627
-1.7657962830240832,0,-3.5676004097178247
-0.6630467252157568,0,-1.722816201778652
1.1395879084458702,1,10.246290800961546
0.830723738963663,1,9.775543061252021
1.1544598586896258,1,12.089490176172635
0.06907622576643746,0,0.8657987141494408
-0.23920400817803777,1,9.255769443085185
-1.4101898931748642,0,-0.004222523644471066
-0.6872289855627538,0,-0.03725765875588774
-0.26392253530449894,1,11.051643859387145
-1.645598281281531,0,-0.9009563838603092
-1.117552189155155,1,9.039538841962576
0.39290117625495524,1,10.601645913540771
0.9426524569567594,1,10.012059031442138
1.9933900455717986,1,14.890573465443284
1.7324533253742307,1,12.69016310625556
0.5702607981407661,1,11.053045877201866
-0.315007786823712,0,1.5091275673184383
0.5447094588329309,1,10.628041766306069
1.142606472320928,1,10.65240482747787
-1.5266552363064507,0,-1.8558973970693349
-0.360380441214847,0,-2.980433786935759
1.3592091425424688,1,10.542740800920415
-0.46466819226782397,0,0.8824087487517231
0.28748908490874614,1,10.981761689702948
0.3510774434487929,1,9.287068432222883
-1.2620949874654426,0,-0.8406106851668783
-0.5510582333908465,0,-0.272935019955895
-0.6619548450322714,1,10.544573296025156
-1.8952131658717408,0,-1.1950297792831126
-1.903232944434579,0,-2.7385676210062693
1.3267881747030938,1,10.497639512276598
-0.9077167601087504,0,-0.4523760117049896
0.07231506495526174,0,1.4021173377841811
-0.8050977056449078,0,-1.6696019719628583
1.762716980461362,1,12.12347401098983
-0.962812964536905,0,0.2636958843136626
-0.2813727490442597,1,11.283193025159582
1.4909210019384074,1,12.266011373096031
1.3677342671672346,1,10.672613297471877
-1.2555943286148907,0,-0.453197674867467
1.2105732391828417,1,11.3013327824769
-0.1672524530484294,0,0.3484824585552721
-0.06812451165857913,0,-0.09723175815749119
-1.4660801103362249,0,-1.5225953083417172
-1.6775939449715014,0,-3.2681441675396754
0.9117572278950608,0,2.85917668325545
-0.014155390578800997,1,10.156998022483412
-0.2525971895392818,1,10.540453756249406
0.9180329146095869,1,10.168940707960653
1.062051595964439,1,11.44428278591869
-1.3643673293225858,0,-2.568316611758428
0.44090059791056513,1,8.297248533794845
-1.4585836708892579,0,-1.5820153284189509
1.0055003441161827,0,2.5623512551732155
0.6278206250685581,0,1.3320513269416603
1.8264584843338318,1,12.238041204043151
-1.7241679345743153,0,-2.0466770716267266
-1.7717811153949827,0,-3.4169844879349442
-0.8712517012271994,0,0.09574202285891553
-0.9531772650563761,0,0.0713907522448371
-1.0120848037120007,0,0.40813196916163896
1.6250183220841468,1,10.579916688790835
-1.0018152006019756,0,-1.7683157351781547
-0.912201095485476,0,-0.45509676717532355
1.0375930496718548,1,9.526112658870257
-0.20104063019784002,0,-1.1137848332336109
1.1068422278207248,1,10.949853429415256
-1.738535369742459,0,-3.5434016898439267
-0.049715225306462774,1,12.257595452222859
-1.8655455992668695,0,-3.7794582081458916
-1.749387186178582,0,-2.9471054563950316
1.6257498133776438,1,12.446019687564924
-1.4430185155296193,0,-3.010355866302346
0.12968272910086842,0,0.5095949889609444
-0.3556175895971738,0,0.31898126151812656
-0.6106266949646293,0,-0.46314616465839387
1.5993333827490899,1,12.319368563713216
-1.912706412898042,0,-3.0704838796096126
0.6551587447023564,1,11.575798582730075
1.8535777368542017,1,15.684476718010988
0.24067273384736776,0,-1.0545307003525313
1.7472898481323673,1,11.369909600386848
-1.790968482855905,0,-2.769577081444119
-0.3248267237033544,0,-2.0960551043505515
-0.9593688361517954,0,0.20791917920534314
0.9232838599229192,1,10.506608850892805
1.9251883619889867,1,13.934997762557066
-0.9738797502230088,0,-0.7654060511289948
0.6166984058962979,1,10.372286186300627
-1.2076094689610395,0,-0.4083013228535544
0.2613210182864396,1,10.208946038658317
-0.1442700532466552,0,-1.346600022961185
1.8880213185261483,1,13.537049350725319
0.43410909078586624,1,11.894868767653998
-0.6019745116527249,0,0.131822309511741
-1.5436168604482665,0,-1.7019732489274537
-1.3950126850602618,0,0.20264819188752448
-1.0987322801950596,0,-1.4088172970375021
-0.996133354638808,0,0.39545521061403943
1.4024642313645512,1,10.849100246757608
0.24489115313009968,1,11.093926609898451
0.09356364549746576,1,10.798457689830586
-1.5409245125231301,0,-2.241701698983171
1.4405587733977399,1,11.228769556942474
0.8912572128339349,1,11.33179190992022
-1.7293265523999937,0,-4.441287236002198
0.8313403889190747,1,9.845351719018783
0.17415286937058427,0,0.6230584441352193
-1.673098617012887,0,-2.6498249373270384
-0.16679743388537416,0,0.1325431124818627
-0.061214851479812094,1,7.958734360417356
-1.336901839346897,0,-2.049204788082336
1.7827925880011293,1,13.512621558897518
1.3999014859226477,1,10.620703011928242
0.6760893493164333,1,8.852059431013249
-0.1508177559975712,1,11.059893282953155
-0.35293783366196596,1,10.493702183251312
0.6038938686038167,1,9.021583011740235
0.18172747762762187,0,0.14150460815066984
-1.7509075764724575,0,-3.739806636718937
0.05001059508132677,1,9.84760348286436
1.225614468931358,1,11.096504827090316
-0.16304048961216777,0,-0.8106633867540228
-1.7921736897829263,0,-2.1357963371899613
1.1451127975361324,1,11.648135357259326
-1.1945448714561024,0,-0.5887048814466759
-0.9655166604478449,0,-0.036055988109655046
-1.3411745862708164,0,-2.659047242943165
-0.6791397405140098,0,1.2055671482940153
1.0270060227545401,1,10.450287882060222
0.07754343801574937,0,-0.9350232313691536
-1.1804749033971498,0,-0.676672470026744
1.5113203126081634,1,12.471465109111989
1.5183274198061167,1,12.262463449150378
1.4823137001840276,1,10.543819418852033
-1.0448151544738429,0,0.18735755736607473
-0.1950426232760476,0,-0.06436895095573378
1.9399586245635003,1,14.151662606476577
1.0880499052399615,1,9.842493852025871
-1.8913303150977607,0,-2.3368559568395346
-1.7391816349580318,0,-2.447581698432248
-0.14427449275066895,1,11.187321768030577
1.6368808234462406,1,10.658043804067187
0.1548071918108569,0,-1.3995641218005261
-0.008749967862839103,0,-0.2400281815925529
-1.5781052001734777,0,-0.49744421812673156
0.6271204188971762,0,2.086127863053459
1.288412642400902,1,10.180960791881901
-0.4783199699697507,0,-0.0016703798397795719
1.10244740370131,1,10.82510390347329
1.8579066156032464,1,13.924734425963134
-1.1849341634892436,0,0.05309802011962805
0.09331852477896518,1,8.886008132139105
-0.8514481676616978,0,-0.24404126692124423
1.1714176761353574,1,8.795203090156114
0.31037346352463,1,10.8257406826894
0.538329670201215,1,9.739383786993187
1.1916566384635763,1,9.640721270408658
-0.41611810935018045,0,0.29652049395374414
1.6603602736281728,1,11.918768235227322
0.13211546898455984,1,11.262614035314325
-1.368180708658608,0,-2.1731434923395865
0.7835964726752098,1,12.4635284977842
1.1730454017530176,1,11.661631609473229
-0.7329532917298933,0,1.090815636045091
1.4287170279950119,1,10.429335503922973
1.6245730190630656,1,13.932276389177204
-0.8923820504887643,0,-1.5678697604642144
1.9340858908608882,1,13.407594470543417
-1.4371538878049663,0,-0.17950031046054216
-1.1919373263900401,0,-0.3399323025044201
-1.2631006430478955,0,-2.2467519739910085
1.5759588400314817,1,13.092472205634621
0.6171702092998474,1,10.45749423127008
-1.3915828671109085,0,-1.7636023482567114
-0.23870632652660406,0,-1.5488100840717594
0.4611921002792081,1,10.483797883909618
-1.6661436600424668,0,-2.476064107282033
1.529665473629355,1,11.945923466385565
1.2144141417661407,1,9.310308664908387
0.02082709430655294,0,-0.4186525412943118
1.8685064610366817,1,13.742078242271953
-0.3289560828996012,1,11.85866609629925
1.9364412761459913,1,13.425356788709207
0.6716799952145083,1,11.594814622712446
0.5386850930157658,1,10.865506679872324
-1.33618041881686,0,-0.9590086702184981
1.527711033218576,1,10.770421371181248
-0.2900412483175394,1,9.01732175225363
-1.3510663768700826,0,-0.6155641404165579
-1.9495699200969638,0,-4.231480546852009
0.2390227345535303,1,9.391465188849848
0.1095984884907053,0,-0.17995209990065514
0.8774144894766343,1,10.173910656016332
1.5610322120712086,1,12.802746456868835
-1.682373661427882,0,-2.8863770363250216
0.9259859613614494,1,11.198233367604619
-1.2503522236096711,0,-0.5376831226678704
1.4327082126286559,1,9.796430290897586
1.2762540554466244,1,11.333904545000342
0.16317501994217753,1,7.334413921872363
0.8409711944932461,1,9.402157839513306
-0.7425995472650064,0,0.2583220686683209
-0.11532840426874147,0,-0.011410071100780463
1.2865475908418866,1,9.296857705858184
-0.1629392113071444,1,8.878675281265243
-0.5688069386982328,0,-2.700929390980661
-0.023150210998800436,1,8.657430539483158
1.3129970097488735,1,11.710841265185794
-0.6591678105165091,0,-0.7006378712924145
-1.3049536274570248,0,-0.9411598145828247
0.848056081323123,0,0.31860497399584614
1.3039128508323272,1,11.141032032596387
-1.5974500859058667,0,-1.0150915034241565
-1.040503548976221,0,-0.7661599956499371
-1.4321120409560244,0,-0.5579230687151285
-0.6082343536713335,0,-2.589851247205816
-0.1985960843783494,1,11.107509601871168
0.9953053478532259,0,-0.7970870624262703
0.6045903395266965,1,9.037558072723389
0.4837142699137247,1,9.351972120788306
-0.5905002135613824,1,10.980904312818739
1.3657902123390397,1,10.384561007211941
-0.11485133040734175,0,-0.6566462713143736
1.916419752060618,1,12.557495836367377
0.5365685531829474,1,10.332635403429391
-1.494941033741989,1,9.07312482618177
0.704710248301736,1,11.879309896275242
-0.6995839382732041,0,2.2286231234292493
0.7453087867443897,1,10.857184748799689
-1.721435407350377,0,-2.1849448940846123
-1.3004742512961625,0,-2.3170423977801855
1.4229490356231453,1,13.349885343908001
-1.0912817719059404,0,-0.43439838772678546
1.3481645009717602,1,10.936111681871745
-0.8828956461823583,0,0.04342110641627356
0.5715276402348306,1,9.456992265156487
0.776602294039324,1,7.896517176591465
0.05061901258021173,0,0.5718677710876162
-0.7787572932130749,1,11.106330140252634
-1.1494224945156155,0,-0.2023698135073112
-1.8672425817502951,0,-3.262238323114657
-0.7842143950371048,1,9.772128877537432
0.612651162125132,1,10.28725643439795
1.7532192737939307,1,12.836157481536157
1.484817929052208,1,11.576076057748907
1.0642591061412103,1,10.628058058165653
1.1537893730131947,1,12.322992206236863
0.659939613903981,1,10.615981761681299
-0.958852569735988,0,-0.33563670352165814
1.6287801228233194,1,12.819742396287483
0.6829292476233362,1,10.818555477603454
0.2417625239217598,0,0.9530633659109379
-1.5560421231460757,0,-2.6407082027723483
-0.2117778247742983,0,-0.4852770076743525
-0.15856691519229482,1,9.184449084838255
1.45825443809068,1,12.31721633408565
0.18659288075115388,1,10.721119267535544
-0.4783978041183614,1,8.672013000167983
1.9072013140426374,1,13.859480913020633
-1.5571176266947373,0,-0.5154717455426456
-0.30980628675222155,0,-0.25020023240522726
-1.8319012993143788,0,-2.7598310444289034
0.9596164830677214,1,11.172323740791779
1.6723062087966025,1,11.017834268393976
-0.8798506817980423,0,-0.18857442241446074
1.4333667071964835,1,12.744570891109651
-0.8311270781524089,0,-0.8802685652187326
1.6430806465756609,1,13.05039006376491
1.0158476143871358,1,10.551311739081935
1.2196271073657545,1,10.232587092204701
-1.927973777598182,0,-3.679727718564268
1.8512414282961038,1,12.646062036060696
0.906683968281293,0,-0.5156325591633295
-0.7809956184554667,1,9.507469465881329
1.3175786594353878,1,11.212093498110882
-0.8739152063402802,0,-0.49977104621218915
1.4910153582645118,1,11.391984518897742
-1.549678438352252,0,-1.6347830296391055
0.814743909843183,1,10.801822590420233
0.16279390657964132,1,8.85806193749677
-1.6138621192182367,0,-2.354088919077739
-1.032424686964644,0,-2.5237720259426566
-1.9503838548907408,0,-3.871810702378434
-0.12492813814197667,0,0.14955416686583048
-0.7949389569599985,1,10.31860794131303
0.39342993719103525,0,0.1845537490565781
-0.8110487691655313,0,0.2814216609043446
-0.8003235539720612,0,-0.19108575578544465
0.9727727949264136,1,9.784742703206016
-1.8074286560865862,0,-4.068187641259829
1.611579980767949,1,11.829787025565688
1.4090554975647258,1,10.632519534993861
0.6712187329056261,0,0.03148451281257619
0.3728862804295372,0,-0.4659531702878103
1.569209992558609,1,12.351108048087283
-1.2586792818851422,0,-0.948091112992262
-1.6841233512366856,0,-1.9408211636951058
-1.0419593203618476,0,-0.12323207058195079
1.178313114800761,1,10.638324762135921
-1.8613189330940667,0,-3.3426136709076415
0.3312273403339585,1,10.51977422093965
1.9817500647652397,1,16.337435460510825
1.4227843753501577,1,10.450950998890955
0.08578275617435782,1,10.042067111969471
-1.7454363628534306,0,-3.8544862618670583
1.3254940575428393,1,11.14349076779741
0.3959140327088422,1,9.356968447165096
-1.5402680117617327,0,-1.946992002030977
-1.6245708607065752,0,-1.988498133483876
1.6385072777463696,1,11.710064128673464
0.6768010517523138,1,8.371248954875462
1.3171471972670221,1,12.56807969451835
1.5159156011290693,1,12.581064088679833
0.2870894081932889,1,9.881271772726043
0.06978540702016511,0,-0.894563070638639
-0.27829035871603924,1,10.074248418989761
-0.7322136488355229,1,10.164705473656948
-0.2616161565651529,0,0.7610589167080354
1.0955186229206255,1,11.519621556524426
0.4076937240605263,1,11.084558542829129
1.5700931598193844,1,10.194431275402087
-0.2264799424832491,0,-0.3104516504767148
0.4283583148750161,1,11.032400735388817
0.5252302123679549,1,9.148815080029728
0.3667886492253021,1,11.24394033333058
0.8105350923420653,1,12.076625074226758
-1.0502661265007749,0,0.61200160120236
0.04945511018316262,1,10.66165088595338
-1.5831007887666093,0,-2.4312962431767775
-0.4619546894207498,0,0.23234374523207219
-0.04933172551494236,0,-1.3461546760363907
0.6088970381818899,0,-0.6682346702812579
1.802124210344814,1,12.215532367684721
0.4026042661934235,1,10.094601676005142
0.9743756647062392,1,10.070362728916622
0.025064237980811033,1,10.261607829498047
0.5364161255053252,1,10.955001618924044
-1.7162711354649063,0,-3.237440181117721
-0.982433676632612,0,-0.32550957531642744
-0.5525876271794452,0,-0.5003361583606417
-0.11002657997394572,1,10.189496511114074
-1.817405017990465,0,-2.315236349071739
-1.4399036097867293,0,-0.5714564171067009
-0.8927427688347769,0,0.31455074527289767
1.8861307636042026,1,13.768930593729165
-0.674611971587797,0,-1.5737216697704768
-0.07183576755166987,1,8.918548720614835
-1.2156091490464283,0,-1.7223345052516197
0.44312028430307304,0,0.40212477843388
-0.8772671379361028,0,-1.6285762680781581
-1.172029686246293,0,-0.46745906221082584
0.06629051378391626,0,0.2646149117173998
-1.9779768033583167,0,-5.804999648382015
-1.9693438694030987,0,-4.906471027925296
-1.123724763592569,0,0.3343797257513219
-1.8531145499967154,0,-2.4844196064271165
-1.5678969834772345,0,-2.7775753198118602
-0.6445574026449936,0,-1.1687530400500896
1.2103427183192514,1,8.436186688960731
0.28819457347720334,1,11.483265848133755
0.050670903825665636,0,0.04111941822977802
-0.8260447071675134,0,1.601898310927595
1.7270148777312655,1,12.383809264998575
-0.4119398350512333,0,0.24763735161124056
-1.651628932816914,0,-1.361422752343352
0.4682660644712051,1,11.690181763642231
-1.5446464260935944,0,-1.341689459083689
-0.6191074287932317,0,-0.11624286606386029
0.0296477548712355,1,10.027970691146036
1.4968900987407032,1,10.631190226847401
-0.025813678639525328,0,-0.3818914672864675
0.809035064126657,1,10.315991473814119
1.9712673559962814,1,15.211962845243582
-1.4740435204080735,0,-2.0314472432882726
-0.9010738979219219,0,0.6968483019828025
-0.4216956976094144,1,9.880667493214853
-0.31268728584467453,1,11.22827231962488
-0.35591569893781694,1,10.654179508147415
1.6304440102262197,1,12.776338881069908
0.8561305778674257,1,11.292581208545984
0.431620856362815,0,0.8733646524554225
-0.7625091285488717,0,0.8421443017029636
1.2951615368851788,1,13.21804404952289
1.8202420459399558,1,14.632381500753711
1.2847931302009061,1,11.526823996272105
-1.9937395792341084,0,-4.404301790030878
0.5456054807336281,1,10.447627166375327
-1.795458474231597,0,-4.820179552320587
-0.9695711186651126,0,0.3732551465809267
-1.7619011986089133,0,-3.7947644696542975
0.415181811797551,1,11.158264952859827
0.7463596539704271,0,2.1881698762412323
-1.5420494477363795,0,-3.284366754911604
-0.46464446782008206,0,-0.10046148443289664
-0.17505396417783192,1,8.932904980088637
-0.5237879129563336,0,-1.800161560268569
-1.5158999980592278,0,-1.8480549768536725
-0.32420883925009836,0,0.6181280192339929
1.0047121912336725,1,11.261502075605392
-1.7159693418669781,0,-2.372453621370971
-1.6792799436723862,0,-4.032000932530719
-0.5809148326560631,0,0.02536040939288814
1.7669028464757002,1,11.265539328201214
0.6742905868916562,1,8.726300849300186
0.7146798266902592,1,9.185697638269612
-0.5523200366485401,0,0.9655665278849733
0.3746431648341537,1,10.571547334864906
-1.9594752638890265,0,-3.4391543722023625
0.5443841856381688,1,9.218051073173505
1.653147790304947,1,11.871166444446422
0.45029387337927673,0,-1.324470683811362
1.4947943738653802,1,13.034293239878082
0.8958922218643752,1,12.556789802164143
-1.517766334385239,0,-1.1915759643177262
1.6098132291433669,1,12.817668602144183
-1.7342246225769005,0,-2.7668308003725235
0.1358698901910551,0,-1.618198241972578
-1.4314515048261693,0,-2.310525084712935
-1.9531735570763837,0,-4.190952700122826
-0.311862959489444,1,9.599578326806634
-0.819837169383375,0,-0.8909134302201833
-0.05599802480958793,0,0.04766550986253506
0.3087995469382032,1,9.16455403539986
-1.8250437107642106,0,-0.8716895733568388
-1.5079868195050175,0,-3.0799733114555057
0.2345695858017014,1,10.893762892349404
-0.6273305873093671,0,-0.3852956996528034
0.916693950197792,1,10.847959799717568
0.6091665943677587,1,10.621140837061489
1.3824174519596273,1,11.477997027685543
0.7699713066769012,1,9.094870234944386
-0.2802756904394075,1,9.656951796501565
0.6918664895777296,1,10.334686334698262
-0.8984753029783259,0,-0.25621679440867484
-0.7747460048871493,0,-1.2556454035488132
1.1559406396831733,1,12.063495685158946
-0.2143219343936713,0,-2.4984957461646053
1.19352136207341,0,0.5999566692996954
1.2896894946731137,1,10.15125086348794
1.430249350645135,1,11.64503389543527
1.6665409433648293,1,13.33101686324313
-0.27605911794681504,1,8.58251194432284
-0.7245327267154447,0,2.163434348170299
0.32879498637645543,1,10.219621015876209
-0.5153103062494897,0,0.31330502673399685
0.4042966672009318,1,8.593287981251368
0.8223434505752985,1,10.231487177217142
0.7536200739685475,1,11.185681525701751
-0.5017884519195146,0,0.14674850096842262
-1.3325591932049887,0,-1.0429264361365906
-0.27788264615116987,0,-0.06258844605819366
-1.429623423672365,0,-2.8389488044200215
1.5603881407352334,1,10.515916550434238
-0.6164901570485704,0,1.0521754670376617
-1.3821610111067049,0,-0.43793211026608336
-1.8982089603769965,0,-2.3895394873968376
0.583289545145937,1,9.276405292837602
0.547609269818973,1,9.92453965354163
-0.6375833336748333,0,1.1022073861832444
-1.713152444609396,0,-3.7426134260789876
-0.3614844204190719,0,1.1062646446961861
-0.7551300197464257,0,-0.801815221028991
0.7084825589400374,0,-0.6774227629408965
0.4231169978107614,0,0.005958593831556676
-0.54162508720984,0,-1.1964468635390701
-1.1284297829800396,0,-2.615338756552754
1.9521438646223674,1,13.795708703170446
-0.18399351521554053,0,0.5311513476930764
0.7530969431209482,1,11.428851523186115
-1.437788129686557,0,-0.8791480475147485
-0.0576412013624088,1,11.965301428153653
-1.889853120522138,0,-2.0137725831487288
0.021820471641799788,1,10.738083946409738
1.8560696284708094,1,13.66569362440337
-0.4631731480567991,1,11.180420062385672
-1.8440159497003537,0,-5.348213255542637
-1.8761768363226259,0,-3.7821653475272146
-0.44805296021252206,1,8.09654531116466
-1.3599002541472238,0,-0.5943536530159017
-1.9065916146872564,0,-4.208081444888119
1.0248544558007073,1,13.557869118843968
-0.16590796447243727,0,-0.5202091440830583
-0.8430209121093819,0,-0.1931976809248981
1.6003327320659229,1,11.647011422669403
-1.5354441591978976,0,-2.2988041884279857
1.8236753158212768,1,11.786060191874915
-0.7441331304905887,0,-1.4861753605006924
1.553614689234725,1,9.695501336070844
0.41177150591784617,1,10.580371420813751
1.3068294389659498,1,10.691256970928793
1.9360526528418571,1,15.562081183952472
-0.8463782487250171,0,-1.5472943116495084
1.8445419416303719,1,14.61418930006423
-0.4420724203903186,0,1.5290626653683852
-0.45795238105231073,0,1.2290221920541333
-0.6384515829819772,0,0.104674358046178
0.16563042939034078,1,9.664066180932807
-1.3834198272860516,0,-0.04776161078850394
0.21484594143204472,0,-0.7865046297212369
0.16681924964001604,1,10.273028773706592
1.04760725041948,1,10.531116554779167
1.3345998477503422,1,10.297148903401176
-0.23823459875030384,0,0.2712863837123729
-0.790667002594025,0,0.49469380976867794
-0.9626604107316221,0,-1.3768841626600543
-1.2215046531805123,0,-0.45116724636379907
-1.7694096712039005,0,-4.998871450904874
-0.6302080846611466,0,-1.1743027651855211
-0.919009231476867,0,-0.8454331973134335
1.8656695434656294,1,13.604276537934243
0.23083530500017568,1,10.875464772095613
-0.6108918438779698,0,-0.031166119629066028
0.32187040397478395,0,0.5832687110495385
-1.443213194617218,0,-1.6635905415727659
-0.22382500319118837,0,0.39914159158117146
0.5049372856842553,1,10.416278891530338
-0.04440867283019445,1,9.490935584522829
-0.392884797382703,0,-0.3857024234765827
1.9753935555987927,0,4.45429748794281
1.521259048595708,1,13.572358782716286
0.49362383263776044,0,1.2669578805679849
0.2775094447291311,1,8.88156965206199
0.4826419192983362,1,8.930632342714603
-1.194751568710267,0,-1.3883442477515202
-0.41944902694272557,0,0.062022934182253846
-1.8421618684364027,0,-3.0774874800884198
-0.09781585005269333,0,1.239812328810665
0.1720983358306527,1,11.297661896092915
-1.0890010555871616,0,-0.6400702778507839
1.856115388662055,1,12.969614693924841
1.637818443748968,1,12.713428864158901
0.8885729418236235,1,11.413992978147027
0.13354651506145032,0,0.5536276891029503
1.4798766385907398,1,11.18894491414613
-1.4773906247061483,0,-2.2245916049819567
1.16203917709954,1,9.673967396174927
-1.5007167441326068,0,-1.49643331991124
1.1768426501976217,1,11.438059286663115
-0.8969297269945722,0,0.3740628634240907
1.5083623240727557,1,12.867640844926457
1.7761683753015913,1,14.282014592192272
-1.4048161223795375,0,-2.7611738129012666
-0.14929757973842595,1,10.403098529274741
1.9239495126507404,1,14.000087669450258
-0.06637025610741354,1,9.925907410731343
1.4541900900581806,1,10.709220649518073
0.3549260885252794,1,11.466985303105165
-0.49868036832159257,0,-0.6506069540898355
-0.8568657778965192,1,7.492867589843771
-1.187107635655651,0,-0.8163783199714153
1.0471927655107889,1,10.336318769907036
-0.4538379727078885,0,1.8109590175634214
0.04510184880300461,1,10.489739826760207
-0.030698079995272298,1,9.694722788661476
0.30911611693252494,1,9.817913360798396
1.462308582498209,1,11.35505763171528
1.9229573743337176,1,15.772455673273095
-0.36966316570473223,0,0.6502264741106604
1.3100756884252123,1,9.717080172342936
1.0581111786188706,1,10.347890301531411
0.294115805822293,1,9.989088664602598
1.8241885744477324,1,11.927575079824855
-1.1981019378863889,0,-2.6428621244142896
-1.5629431587615144,0,-1.3134086072126574
1.4158478678216886,1,10.61448915111324
-0.2434007334650068,0,1.241561612128168
1.387875416828242,1,11.344855978478442
1.5723608207816597,1,11.469419592567387
-1.7501696255237142,0,-5.097200442926246
1.5338590519442428,1,13.026691038194372
-0.20672377852231127,0,0.28910969118636204
0.04172995601692886,0,-0.4481583847693914
0.5063700443728409,0,-0.8253720586012759
1.705530426920347,1,14.079643687642633
-1.9235356222809439,0,-4.622750301536058
-0.0926261267287316,0,-0.36904480583111765
0.7508881697222427,1,10.781432883061656
0.8908278307929138,1,11.804235642344235
0.7701297261484319,1,10.012062184350768
-1.4622594823675126,0,-2.2981206294426966
-0.8024176465132751,0,-0.365067170291248
-0.5651378983319462,1,10.814223553447485
1.21774883071802,1,12.032302193026597
-0.8849605103417879,0,-1.7216898196841683
-1.1571801445311873,0,-0.659830107891244
1.8297920761523847,1,11.628933735446925
-1.9645468595461244,0,-2.9068124808313396
1.9912834227279128,1,14.370312041971461
0.7072851954295825,0,-0.7442750912064218
1.3138771977964683,1,12.668201127083556
-0.8215224146152273,0,0.057791120034283106
-1.94273888933176,0,-3.4409834850477847
0.9514780742461202,1,10.251580075481758
1.3365783880027031,1,11.18582180781429
0.9619045278140765,1,10.063523544487188
-1.4285988507966456,0,-2.1990183909369114
1.0137116890278763,1,11.749981425741382
1.075691128430564,1,10.12960464616258
0.6341620626802196,1,9.601109752347803
1.0644637311823448,1,10.47376880744028
1.3836857587109286,1,12.749107364795387
0.4544164569498337,0,1.1780831015046176
-1.6455811441212838,0,-2.622913651291865
-0.04948876133115654,0,1.2267248231681225
-1.6894026613135797,0,-2.302726145453903
-0.36982787587027666,0,-0.8687164387582742
-0.37157404349748946,0,-0.5017804548607284
-1.7359606234390337,0,-1.242456259277362
-0.6047178641220827,0,1.972277532019821
-1.5560076048347407,0,-1.5638546678905283
1.2329408400368886,1,10.370586102928206
1.790752103857883,1,12.746368275293008
-1.7107340989682456,0,-3.265770932608117
1.8204608291668056,1,12.399810876676286
0.09030639734698065,1,9.285320437619038
-0.8017372881845044,0,-0.3370151685817803
-1.692551698895346,0,-2.303671838480824
0.0024970722816712865,1,9.851838867103295
1.1780621779629947,1,10.596152373356547
0.8283459090667926,1,11.044679272717989
-1.799095954144105,0,-3.140817468403415
-1.708392658528386,0,-2.6580778945587387
-0.38850686946945157,0,-0.205880415852827
-0.8188380238082269,0,1.2687740421906704
-1.0704627077758087,0,-1.1045310997021343
-0.8759820043651456,0,0.26020613264344616
1.2139309731875385,1,10.146063889578748
1.7169122145274156,0,2.8804910586933437
-0.3795892218897343,0,0.5188860701806441
1.6244440085299883,1,13.227565605249433
-0.7140171950084722,0,-0.5662784905290368
-0.09425205462483355,1,8.88561879347687
-1.0958840087360011,0,-1.4420427175348633
0.5619041687033759,1,11.053248343267962
1.9159244606992356,1,15.598207313381074
0.41397238417351456,0,0.8699252846230094
-0.5687436635458045,0,-1.3541250027419103
0.5912697839621135,1,10.904006826763233
-1.5083172861384497,0,-2.65951786823189
1.5546363210615946,1,11.529553051699132
0.012335803119345456,0,0.1872320154474483
-0.20260103184143174,1,10.35121075515202
0.34345915381407677,1,10.08570003516826
0.4991354511576098,1,9.46106420739494
-1.7128967750939479,0,-1.4528744612575974
0.7304688848936096,1,9.667317139033074
-1.0322732787378817,0,0.7045236731233804
0.8558105300263592,1,8.954022916095175
1.290139177536787,1,11.28922228743592
1.2158340302100812,1,9.67250381667151
0.21000386963155648,1,9.170548123988208
0.08067956924300468,0,-0.512749629494045
-1.4284961546423531,0,0.06310992546266969
1.1013846016125424,1,11.976040882606998
-0.9143624782131425,0,0.4920183911230497
-0.013218308728213835,1,10.033284595441057
-0.8629036282899332,0,-0.1332012241576844
-1.4646865480012274,0,-0.3046217587882585
0.5182307875669463,1,10.770894132362889
-1.7826718607083847,0,-2.814584932070757
0.9945809365048,1,11.978586954578443
-0.7296528189555334,0,0.6202984233668606
-1.9994612279820587,0,-3.754348372801
0.044516556948919206,1,9.541067329512668
-1.8125923658895875,0,-3.526870282620005
-0.8953217687164021,0,-0.6950207988919017
0.8279059498228647,1,10.74072595380264
-1.7492415135125365,0,-1.8404218967143269
1.3573539694240093,1,9.806109280970603
-1.9847203093656676,0,-5.855619157016244
-1.012704523192391,0,-1.4707897240312462
0.9636162246082858,1,10.03970931016378
-0.7349194010827729,1,10.9974798183195
-1.5924304477359459,0,-2.2994883859202053
-0.5590643247982885,0,0.1674047555863739
-0.9184268544618979,0,0.030554364303545634
1.3708476086422197,1,10.264493431519375
-0.7466083296594275,0,1.2518001318798841
1.155729887104029,0,0.10705500614413421
1.567488579242939,1,13.485467200046687
-0.2647303216938819,0,-0.13545243562407774
1.639772575417568,1,11.867051307881624
-0.4907277841472286,0,-1.1698761846169456
1.8563136659604327,1,13.395621317760382
-1.6428419018977083,0,0.037425145583912744
0.748077066012971,1,10.622907471179763
-0.024743838172285315,0,0.2704292971483145
-0.44940477817741176,0,-0.711985566200194
0.5308475149944036,1,10.666779920392973
0.8154283665373248,0,0.428716516633304
-1.9825469213987637,0,-3.959027174801314
-1.3321876450112051,0,-0.6873378564492135
0.8521842025372748,1,8.493589738584435
0.6655416543128259,1,10.046874912457934
1.8641900205147088,1,12.042192866119535
1.044151161003132,0,0.598092259832885
1.8030908309253522,1,12.20684787116426
0.8101620061392278,1,9.61004011967172
-0.8077911654422274,0,-1.5969938807916477
-1.578540310996574,0,-0.8510301254958854
1.1272954533797424,1,10.038534236671962
0.5765968859036636,1,9.471610220918617
-1.807255950426815,0,-1.4207911907153152
-0.5597981363960867,0,0.48024435518088915
1.8271992619371447,1,11.015556695602289
0.0016045828408048912,1,11.385360173787465
-0.26908345592118144,1,11.638149025957809
-0.1692015793628241,0,1.5519540374891998
-1.164469103979345,0,-0.12131399392049957
-0.5251713165408192,1,8.82586782577151
-0.5207469760512935,0,-0.11983291626210545
-1.7905799192501104,0,-4.318902884366987
1.070270514071673,1,9.746970129299285
-0.3339822723844841,1,8.870486390312642
1.2887195472656932,1,10.443121014215112
1.4013920044795816,1,11.54005045385065
-1.1520237812053677,0,-1.2093711943419354
0.6294139286805143,1,9.636813151637527
-0.11087278334807316,1,9.708424088237464
1.5206269516859403,1,13.257550339633884
-1.1370372832941835,0,1.4287440254496497
0.7112528012401769,1,9.729208298350871
0.4310084890108903,1,10.376108063434273
-0.8187940897126689,0,-1.1157474692541487
-1.4535963853953096,0,-0.76803145026546
0.6065590419091063,1,9.635130680719236
0.9543898325293227,1,9.723552875641422
-0.7374906249466,0,1.8010294847561745
0.5793304160892552,1,8.741149274875005
-0.4194763695539869,0,-2.4897329747391437
0.8528275331304709,1,11.044967290035228
-1.2031389004237876,0,-1.2384261861844048
1.5608600105446975,1,11.255352534262922
-0.8503616141376811,0,2.4242044343701887
-0.5288560489753884,0,0.6562690367393791
-1.7676321916786009,0,-2.8200183161333667
-1.5539511507148944,0,-2.5841444269097096
0.0634476108493125,1,10.44591555616131
-0.929629293088114,0,-2.1345503842626847
1.3419209029687775,1,10.692131741263356
-1.9412264453801846,0,-3.694719122599147
-0.48362380531225524,1,10.156933965772419
-0.6506178129236293,0,-0.2801357480028551
-1.9226894763295959,0,-4.247047813622732
-1.5025264039979591,0,-0.7753788370078469
-0.34542930032545893,1,8.327737881679848
-0.02854166221021348,0,-0.27793549741202844
-0.3828410109805236,0,-0.5459865374304913
0.12375071364837531,1,11.012790674053232
0.3805266996227261,1,9.568667147007096
-1.9603047154886575,0,-3.328860608752171
-0.14361936218598448,1,10.331565612250362
1.8539969635503533,1,11.35125793406309
0.07612912051819487,0,-0.0654267763077598
0.7101690698358127,1,8.436347550826623
-0.7525445683324672,0,0.1381934465043933
1.0959655126110501,1,9.927882695773043
1.0916859275044604,1,11.837193302192254
0.0851841906165558,1,9.819540963116557
1.9040552931168544,1,12.681450012765445
-1.4977991409493865,0,-0.480224127685285
-1.932209340441676,0,-4.478777159448368
1.080632847028384,1,11.525658939437712
1.2286221494595302,1,11.39483885026726
-1.519171083517695,0,-2.1184644959475323
-0.9376686681655757,0,-1.7481875154672282
-1.9297905465334844,0,-2.3516957953577613
-0.8267655568777412,0,0.21789986135872963
1.092567495674686,1,9.880152928094637
0.07184211085031578,0,0.24479108353892454
-0.6076176273268477,0,0.8939959335357301
-0.5130428203746789,0,0.04449904079312894
-1.9945854971381274,0,-3.729202021331331
-0.8007978897390564,1,10.775237005446911
0.585834966551722,1,11.6377928185024
1.8967777752654285,1,13.292482052159631
1.388243307935598,1,10.000281909095811
-1.9056201414178835,0,-4.762599488182986
1.5942424186993573,1,11.334977538916313
1.1327936531945038,1,9.79192103675304
1.1215044942839216,1,9.022829764731782
-0.16801696398571409,1,11.845453468871728
-0.4079788281819887,0,0.49414589252028207
-0.7883370846672295,0,-0.7687636332125727
-1.737220564182537,0,-2.6539264647722542
-1.0870585460252036,0,-2.428685608844985
-1.0135854600879015,0,0.6366656069898317
-0.06369172115919364,1,8.050260421412691
0.9897776263867759,1,10.994850432504569
-0.10476068640821357,0,-1.838997018613105
-1.7686222022113576,1,6.819845120169041
1.8311592039528155,1,14.312759148830303
1.770897276376449,1,11.142883162012597
1.1407581725936335,1,10.593542064605213
1.9653116062568823,1,14.42322929724387
0.1779293312010517,1,10.466986019072289
1.8510734010128242,1,13.241512270172844
-1.697579837532997,0,-1.950260012104907
-0.5372770069545147,0,-0.6883709142509293
-1.0984749279729367,0,1.2700600251919227
-1.2166676634629199,0,-2.5111223810114773
-1.4367882044292957,0,-0.32095355192476016
0.4896545662639866,0,0.24819471650636415
1.1252874229892202,1,11.329569087865027
0.3131935976814426,0,0.8099066335411367
-1.4121491616471613,0,-0.8524007928708026
1.2444950797338836,1,10.152695319432242
0.5438188286549139,1,9.79414450660709
-0.4473371754920179,0,-1.4963481108521677
0.6965211821442518,1,9.87046002909633
-0.9603800830286686,0,-0.12037464002471937
-0.619231166023158,1,10.488407035526697
1.6699433725279609,1,12.719928960491725
-0.8379819773143184,0,-2.0493109933541014
-0.12004692736825362,0,-0.5630389464483262
1.5605645495840585,1,11.23802008832007
0.8308854010701099,1,8.976641472298631
-1.751187095341189,0,-3.521077820301563
-1.4107878228841186,0,-1.4026820385951084
-1.9686336369123327,0,-2.400949417017314
0.5236871609166536,1,9.118745812543951
-0.2093062983583267,0,-1.133449198060109
-1.4629005963908979,0,-2.1648332482229717
1.8317364842270818,1,13.410441134957457
0.11863889578247955,1,11.224542822715495
-1.0324268235484433,0,-0.6367434397252072
0.002414284618830198,1,8.554121261084143
0.7184813309404312,1,8.952362743772103
-1.695043128105742,0,-2.2467931657582305
-0.9011847398084321,0,0.6293130401059978
1.2278619635359744,1,12.741331900768804
-0.16134051838935504,0,-1.1845007432908283
0.18630856812917962,0,0.14300784869829183
-0.268735991162123,0,-1.0395489639449411
-1.8244002294279795,0,-3.9348265564310703
-1.3370008807193763,0,-2.178303970296379
-0.2178334450324364,1,9.66057058319403
-1.1632581383682887,0,-1.6693218006585435
-1.800083885361285,0,-0.43756164492190885
1.374598656207295,1,10.838991050490863
1.9247701166564632,1,14.55316453374992
1.1725714959869578,1,10.146570620250426
1.415139686818668,0,3.650234285445437
-1.0320914787318185,0,-0.21063355610308687
1.842507902052799,1,13.964437226420442
-1.2122971821862865,0,-1.481912550164004
1.805719241447329,1,13.920324528325175
1.9792771758638041,1,14.211835937763729
0.846891222984195,1,9.924728124242069
1.9245749271672876,1,12.484410406991849
0.27815911826841466,0,-0.22678257846531036
-0.9618328672956387,1,9.231949925009738
-0.25201645733751654,1,10.861025204823902
0.37424374151514384,0,-0.2060408798791951
-1.70767375189194,0,-4.411459804169771
0.4893730584689844,1,10.704779044283502
1.9247113470491781,1,14.85822642562795
-1.2395694008650895,1,7.381613303983194
1.1703804651535332,1,12.6063185955894
1.6315951751184774,1,13.568388857848348
1.7748063712808833,1,12.164384044961315
1.8405424176217888,1,12.00034781895122
0.08583855488588776,1,11.05329369721334
1.9092316319660148,1,12.110083386563675
1.0292408285377554,1,9.876815704504702
-1.3533142550521524,0,-2.554399847637736
-0.09239957412812005,0,0.005513370422868816
0.8733247014880159,1,11.798225786581753
-1.0106387367236667,0,-0.14121164687336102
0.5624607341955494,1,11.107045121917283
0.6664019161864769,1,9.796169242376875
-1.3492010247657364,0,-1.1307017645183546
0.26034124981102513,1,8.782384883517237
1.0865076439144308,1,10.54442458912737
-0.004417341856232326,1,9.254029847245862
-1.9515875328955703,0,-3.876770062892411
-1.9638461236828313,0,-4.0159864946172386
-0.5718826241199513,0,-0.40795690856904915
1.704776273727128,1,14.584820373633667
-1.085292881585565,0,1.128382769306178
0.5374547554867486,1,11.49376633074566
-1.1116965172267177,0,1.1081032545890497
-0.7133200413618055,0,1.2378249425557741
1.392168358405936,1,11.32672620210906
0.9154457690797875,1,10.258680918761414
-1.6184028907471575,0,-1.8840827654996173
-0.2851919160542655,1,9.777717120463208
-1.8833209454189421,0,-4.3800188248516365
-0.07643941358796402,0,0.29638193841365595
0.6497360468042723,0,-1.428975795970811
-1.5259895056073938,0,-1.6391014907354373
-0.8444602443633373,0,-1.2958707182383842
-0.4086534979913723,0,-0.11516096370518586
1.678124098624199,1,12.554086491068938
1.973020061691856,1,13.487440830382814
-1.8203548040175366,0,-4.656558085803002
1.0440316939815681,1,9.3809795767408
-0.5131037343906271,1,10.390699815385268
-0.43016725508207987,0,-0.5972421000896406
1.0170598933880908,1,11.086878635365517
1.6737057285816346,1,12.353969576460791
1.8037143780101936,1,12.736257262472773
0.30849034415328314,0,0.3623225292741854
-0.5715153627979888,0,-0.7682340490516616
1.150196343435117,1,11.161221980866317
-0.995994466950799,0,-0.9135228172160927
0.25629611533407104,1,12.544703310044985
-0.5656861539005074,1,8.775554364974978
0.6265242948315044,1,9.765717003967184
-1.0384043484259724,0,-0.87675418172966
-1.233628217060697,0,-2.2905570668328408
1.6729563467017483,1,13.06693342865698
-1.5927852682018524,0,-2.449144248855612
0.023831630939726622,1,7.620228545872144
-1.1165888681479643,1,9.999063428905323
-1.8442801466973302,0,-3.7727076797958565
-1.8559247268342944,0,-3.301227502418225
-1.2991129115766906,0,-0.4194301851474638
1.467081418024001,1,11.21411353931582
-0.8700850240918934,0,-0.702244680943596
1.8018366823011829,1,15.389637371588911
0.3264891719567742,1,7.8636553377943414
-0.25354324092493563,0,-1.2941148956666608
0.3203553386778184,1,8.924377705725378
0.06679354090507106,0,1.7891717364961424
1.0351050150293006,1,9.909914390666888
-0.870015736108591,0,-0.08906049146837117
-0.5877984335987905,1,9.424377560807711
1.576377210133003,1,12.561821524938301
1.7858260526016219,1,12.834942076272911
1.570232909945898,1,12.18890697354614
-0.3222080241707457,1,11.270520873230131
1.1214620120275267,1,11.145488161207473
-0.09465706679560482,0,-0.735491439236296
-0.009840591415591238,1,10.312066572620722
-1.1812795637708642,0,1.5944613524168596
0.3645212130340658,1,10.58918847736581
-1.2554564089866083,0,-0.8374972080567334
-0.6737412037312249,0,-1.5234676850635824
1.4201208064797406,1,12.156427953030118
-1.1716967631565791,0,0.06793127645751984
-1.7153668593062688,0,-2.210996160603851
-1.7239696295487348,0,-2.4477861958018825
1.7631380820124316,1,15.573034478442732
0.027681751847338454,0,0.8554383551023018
-0.3623517127319267,0,1.2162400958862436
1.2435143240316737,1,11.028322584950779
1.343303711642064,1,11.080377755094212
-0.6712358675375816,0,0.48088387034648467
0.7744722298951809,1,10.099724161148998
1.0844912634075463,1,10.58731265282152
0.618602747463818,1,10.581565840350684
-1.3936197007996025,0,-1.8661371233604196
1.503532334068228,1,11.919858938690963
0.1563782109440348,1,10.081996194237586
-0.8701102945199852,0,0.6376488986949274
-0.29908725824922433,0,-0.624691492529394
-1.8497156384043705,0,-5.1642847883151095
-1.4885327951103298,0,-1.959728217462692
1.0621870020634434,1,10.996487606167728
-1.9999534609785354,0,-3.0356133152085674
-0.3337366860708313,0,-0.7114288281261103
0.09004072434235377,1,10.542464854667578
-1.7814623199961108,0,-1.6916771674329705
1.8923126518893314,1,14.139291867607843
-1.0954986750013123,0,-1.4479985851494988
-0.7832051214548765,0,-0.9234394043200225
-0.7842299509798907,0,0.19384622436043678
-1.0783333515306004,0,0.998395782700165
-1.9941047116547543,0,-3.950567271376448
0.9173791763519854,1,10.22069835279496
1.8673819991971414,1,11.886270920672626
-1.1028260668598198,0,-1.0349293804391109
0.6521887672136897,1,9.42346615348112
0.9675853078348604,1,10.480136375080079
1.393701516362099,0,-0.1592583508819545
-0.3094832119455635,0,-0.34341158351415346
-0.788276377438283,1,8.746156205573737
-0.6988194639078755,0,0.7695955373404583
0.8504853323940513,0,-0.5515835785141663
1.2671178660225442,1,10.444885183797776
-1.2735441289735894,0,-0.7506634131558771
-0.5162359673689392,1,9.477496089801045
1.6077607869966002,1,14.437398829824186
1.226774078778957,1,11.853647096288517
1.9394336110499033,1,13.664702019562142
1.016993038728323,1,10.894026542070847
-0.4272191958883109,0,-2.3944104085655313
0.36255133597855105,0,1.2555526767587002
0.6440570169892812,1,10.645477135404768
-1.6861767347315042,0,-2.470219908085168
0.17798783641546034,1,10.568668980707406
0.8372833138904383,1,10.981335192522462
-1.3307147839957585,0,-1.5945886089117325
1.1225268697022286,1,11.08739133417901
0.33509112205644653,0,1.0675375724186285
1.8088871427903785,1,13.414302857651368
-1.8303108071724332,0,-3.3184110456320086
-0.9386954497781321,0,-0.11691458597830073
0.40621551719929627,1,11.415754087403862
-0.8137603511762772,0,0.5145374844264048
0.8576966562849688,1,9.152412354056459
1.036021130087724,1,11.142685161164207
-1.5899361437341022,0,-1.5554394519944195
0.0554178568270709,1,11.16419862167826
0.03556222236422357,1,10.032842000197189
-0.5228769191378357,0,-0.4408176375043437
1.7316994502786884,1,11.228330609806399
1.3100252794928848,1,10.42951616747107
0.7888375276385471,1,11.45337842180593
0.8573065429399902,1,10.513005714243784
-0.15313542474752362,1,9.89841663862591
1.6839780843863035,1,13.68332131151888
0.7783817090131415,1,11.325404676945224
0.9159242466232658,1,9.64844676026867
1.446763615149381,1,12.715124849310955
-0.903713642631236,0,-2.0276117501249247
1.228283615466812,1,11.386088797457292
-1.2190375881740318,0,-0.5644686165306024
-0.6186321910204486,0,1.0314048526372763
-0.6575581829206292,0,0.23885326395885603
1.9141018735565622,1,13.261869607762817
1.4261488949917074,1,11.284759855960832
0.8046794463610389,1,12.953767583145208
0.9082270464615605,1,10.457227961649505
0.2482911776102843,1,10.60472908238131
1.7883626684340763,1,10.838645674828944
-0.01496498847055383,1,9.17264142613415
-0.4779291605204219,0,0.46418464356470807
-1.347858652273636,0,-2.8388653946394298
1.144822609044232,1,11.2996118542433
0.9377757283023658,1,9.68722556618432
-0.46257984590346046,0,-1.0833427539978226
-1.8992263441630826,0,-4.154148612888345
1.3559893108720429,1,12.774172384650186
-1.9543280661837055,0,-3.3987606181009435
0.8147991185162038,1,9.360035213321655
1.8810284389042282,1,14.103131207222802
-0.24935468740718614,0,0.821986186121183
-1.060106380016189,0,-0.9769954116760929
0.8194840401735268,1,11.234337555389553
1.2685125680623406,1,12.027346730218852
0.18572126431138924,1,10.85453495230259
1.8681411010245847,1,12.586108580501179
-1.7933251133681556,0,-4.062732091149416
0.019182393218112548,1,8.307136205016116
0.8738157892902003,1,9.678088146126019
1.4505618845967159,1,11.158274271944558
-1.2829775523688398,0,-1.3423467543893208
1.2000139270547256,1,10.816826562035802
0.21082830287418108,1,11.737674057846348
-0.41378527204014715,0,-0.3750009685896411
-1.4731398856836257,0,-1.64723483936322
1.4611830356356497,1,9.742261865085284
-1.3709071672811386,0,0.9397392795924713
-0.760848563163603,0,-1.5361314169933296
-0.8398178721502525,0,-1.0030139821650608
1.4856561367634171,1,12.335272962275733
0.690811976835592,1,10.411027494125088
1.1867255887654893,1,12.47882955047909
-0.9981284048300041,0,0.22281579745775693
0.49949639842799565,1,9.981027288319686
0.28698393257499477,1,11.0559018352689
1.3313215071530844,1,12.341136352057342
1.6243482419250421,1,11.48276851340159
-1.9513729140904528,0,-2.7522443871853954
0.6960796762351706,1,9.946373506594174
-1.792656803521084,0,-2.9839353655593137
0.1954346603094237,1,10.146665567769269
-0.8494690838252872,0,-0.687268351248363
-0.7728936019114352,0,-0.6654407555363986
-0.5881659861905737,0,0.8829860048518463
0.4851697961984405,0,-1.4718369114070982
-0.6638001373249232,0,-1.2078722792595182
0.9307962023611216,1,11.077946320839853
-0.38189045770452124,0,-0.100746972759332
-1.7265871987601655,0,-1.582054793372281
1.135039369936429,1,11.089076044266882
-0.856966701629176,0,-1.6483793730362426
-0.26893248160294947,0,0.053109191486384294
0.7417755328876061,1,10.738621725895703
-0.6701753714051519,0,0.08354004128605924
-1.7736573754131375,0,-3.258113499564919
-0.5043158119487456,0,-0.33807275946922294
1.7777943307772137,1,12.249321164813608
0.5669375891942328,1,8.765914956630185
0.6859165946688277,1,8.698615994987318
0.5291286145505594,1,10.464092901157937
-1.2040314441622528,0,-1.7441955722556373
-0.3266645435908795,0,0.5581692858020333
1.003759193453273,1,9.910592526593096
-1.5945084097873634,0,-3.3401331756432877
-0.888588895641151,0,-0.7587541884483829
-0.8947235661365855,0,1.7362483279937262
-0.271924289621976,0,-0.10566420348658319
1.9214749637687403,1,14.192972895084447
-1.7299898132647122,0,-2.4200089585251403
0.0748039775223801,1,8.595011251712908
-1.2825412719511582,0,0.39412940838894706
1.8827061816389765,1,13.088881944704273
-1.5467859810901432,0,-3.1608915445303336
-0.385595990553635,0,-0.54089953722964
0.9515399393384247,1,10.224531478994871
0.8182177121097811,1,11.02336981226104
-0.309085452424271,0,-0.695527237119506
-0.6139033281891271,0,2.504662486706252
-0.4095504857885177,0,-0.971516261723528
-0.9428949473654429,0,0.192854170046448
-1.1786682451728008,0,-2.7927103763190706
-0.06784120976444008,1,9.876145216539914
-0.9258649757295707,0,-0.029603463893316306
-0.8501533404109995,1,8.573188033525723
0.6270242538982282,1,11.622305725461063
1.8741493267995688,1,13.725891151672245
0.41454880223750035,1,9.717979788033865
-1.6920821317401349,0,-1.9986581574958262
-1.697665544583732,0,-3.0397081880355725
1.8056928833822639,1,14.195134911982734
-0.8108368387706655,0,0.7487536757895661
-1.6317320556700983,0,-1.7988936185966213
0.39617834860152623,0,0.6427835862662901
0.4945951131610644,1,8.583298787989545
0.5940192804747526,1,11.57174760334407
-0.9303918885698348,0,-0.502044952170897
-1.9395572631420999,0,-2.6231474942792596
1.8600614778178874,1,13.967589267057825
-0.99642781723559,0,0.5150539237473339
0.70410515221019,1,9.126772066094514
0.8265194795148383,1,9.36181262271764
0.44002966831794277,1,12.290875385081051
-0.7483704231454071,1,8.271092396681578
-0.9156149849437369,0,-1.4814136313676793
0.39067313081081245,1,10.073057336611623
1.464382534446766,1,11.615102547527417
1.7869349156935823,1,12.312945378412147
-1.5763767823849695,0,-1.3425407162801664
-1.3806855496091206,0,-0.41391187642902205
1.7789450351323186,1,12.796697512052825
0.9461409133391703,1,10.154994594892228
1.5319752993190923,1,11.77547123615055
-1.1894694634586274,0,-1.3388138551276008
0.35034348443760743,0,-1.6767362649628585
0.8045583776698946,1,10.561325461497846
0.7204475417878906,1,10.952807938604268
-0.36739323653320755,0,-0.17872224193399391
-1.938420433234766,0,-5.906860154259276
0.3317042272170525,0,-0.5534667196577245
-0.987593843281565,0,0.42410139259148955
-0.19898301542843866,1,8.557812196786111
1.8303240603352693,1,13.761755678872362
-0.40385872943026113,0,-0.47835118603656573
1.3592064266577069,1,11.236752443901967
-1.2458375770029955,0,-1.6527387816358217
0.6898419921001153,1,9.028559174878701
1.908027817755774,1,14.90740103079276
-1.5924275965082528,0,-1.2032203400216308
-1.966720231091232,0,-3.1589045567133565
-0.2656688294695426,1,10.899180038913258
-1.6294980677945312,0,-1.6606588681025811
0.9935373987049254,1,11.434499866704904
1.6581946553942357,1,11.615793155264239
-0.26391610916496466,0,1.3684957827758806
-0.9651534313782362,0,0.8389006442568573
-0.2623867239735609,0,0.37144972529307463
0.893791271400004,1,10.069013767417575
-1.963783353678516,0,-5.010140525433106
0.35781595793878873,1,10.251563767039963
0.45316673954951625,1,11.731446361746219
0.550752987583742,1,8.92269246274559
-1.0319116800764911,0,0.46866384670824024
0.856210893512507,1,9.842403985108582
-1.6344340546728944,0,-2.569190658950379
-1.2029186541327967,0,-2.045778629996553
1.5098801866179277,1,10.968572826208108
0.9548926029062654,1,11.082127116331558
-1.945017783954619,0,-2.9079651603833323
-1.0064949585207992,0,-0.2739477704271179
-1.1423740680273418,1,8.753777482437
-0.9167746878521097,0,-1.488820684794462
-1.0097609188804544,0,-0.4530262898049377
-1.749894817028617,0,-3.0441586489828216
-0.16423793361271866,1,10.208966337310374
0.9309338991446605,1,10.082153611316071
0.42692689886974566,0,-0.2567575344469374
0.6914866743923191,1,10.324279183830438
-1.6754032858550434,0,-1.9992160848363525
1.8059628407071489,1,14.168996801707385
1.3539673353720993,1,10.904076773214875
1.2203612739826508,1,11.45422533621909
1.29193522016707,1,12.881804409200061
1.7308420325310454,1,13.164716843173062
0.17701586445479078,1,11.167024355658059
-1.1988719285294964,0,-1.4821929947561117
0.46713443141016464,1,9.330612130829888
0.9715259746717559,0,0.29911944585584344
0.9516695734161016,1,10.37801177427769
0.08579609666752042,1,11.071140288371513
-1.7261651226656878,0,-3.3013644772295816
-0.5155482462794887,1,9.8428583070974
1.6830664338534294,1,13.458647011393728
0.3377956390297041,1,10.23481582004642
0.15332777302285372,1,9.990985352127431
-0.9245859424712259,0,-0.15669776191603596
-0.5262043203336844,0,-1.2004031182523156
1.581384356612677,1,10.833591290826849
0.6658521901073429,1,8.559392075243572
1.1495481070093314,1,10.966223196860774
-0.18261830772937948,1,10.91580964011787
0.5209888778246317,0,0.8362923366789372
-1.0064655650271699,0,0.6338668045856551
0.8218433211339451,1,11.731769575215568
-0.2895946651866508,0,0.13250394603926938
-0.2298179407410177,0,-0.07067678280355438
0.5972892983075266,1,11.582507519082837
1.7451224858757066,1,11.956328613924144
-1.7439746135655163,0,-3.830636193437585
1.2989729493880304,1,10.757019030512142
-0.8304675583512275,0,-0.742120232978024
-0.22432218197448872,0,0.042682750222960086
-1.9123466848999642,0,-4.34681238673448
-0.7958156886627479,0,0.11772911012388071
0.010524970520521926,0,-0.5691114574386551
-1.775295690610244,0,-1.5693735092905983
-0.03561708246733941,0,-1.1945880949377459
1.7084425154337093,1,12.353807543198139
-1.5784271275687791,0,-2.3011863747345886
1.0577629123020174,1,10.822635486719042
-0.36131578649602947,1,10.903119757894057
0.6206948580973521,1,10.385776010765456
-0.9590536080590826,0,-0.5696521954553643
-1.3620309498345669,0,-0.5721160481490659
-1.3581495429150943,0,-0.40957630462982975
-1.7180322174274214,0,-2.2663019577358825
-1.257413180395028,0,-0.6064485590226105
0.6568775399558731,1,10.788352967940327
1.5267624473740322,1,10.135517632379333
1.2565027423646473,1,10.641077514056295
0.7405372394979364,0,0.5792875401849679
-1.5582725463555893,0,-2.1835165671982333
-0.8432502148162007,0,-0.5879522446765254
-0.7607724987101241,0,0.1547435693871332
-1.000172214409515,0,-0.10261339208810016
0.06002263883889247,0,0.4671674768667487
0.1422152595186903,0,-0.7907852971062075
-0.5724560993155592,1,8.488397994313875
-0.5848433650542559,0,0.704366354916863
1.3142223916243254,1,10.392534132732278
1.1571713932787424,1,9.963227294373485
-0.7688166732770174,1,8.87103274973478
1.6551537754930372,1,13.418205179920516
1.8112600680100241,1,13.183093787097597
-0.6930298318798367,0,0.176095628863738
-0.5823002048277806,0,0.5908298906664878
0.022536613687835327,1,9.957635192745741
1.764483250134694,1,13.75946054391104
1.5052777325692461,1,10.508571937483257
-1.5897281496656408,0,-3.094415784756232
-0.42907702691433514,0,-1.1802675281497579
0.21348475899908737,0,0.4265333607535511
0.012529890206160132,0,0.5064186797834722
-1.2245477282524293,0,-1.3906971895905855
1.4352670846726188,1,11.245880723420123
0.7077631319873494,1,11.445340016262403
1.3516334994072143,1,10.540222288579363
1.4350571173978888,1,11.77310316213619
0.993423414662959,0,-0.19551601403689528
-0.24315759500113066,1,11.08878590364459
0.4421870200616982,0,0.6716564569463606
-1.3585383755210274,1,7.347401348365063
0.6945816698996308,1,9.90674724440793
-1.282986977042877,0,-3.1349407294696086
0.7757983620406272,1,11.133917784022753
-1.0816073569841254,0,1.41463653163934
-1.52979479939912,0,-3.9705091855025527
-1.3388620394281703,0,-2.6270883100541464
-1.992031459123719,0,-3.7850589111117667
0.874958471414121,1,10.316454436488733
0.9296041962335164,1,9.990820050688995
0.05973339965303781,0,-1.7375134505056649
-1.3545487957784652,0,-0.9192178879196966
-1.665782649957241,0,-1.4236195132803289
-1.923484134250852,0,-0.7112594020180221
-1.3370072921391172,1,10.112278492727434
1.563422139932587,1,10.61201161154471
-1.033852633193273,0,-0.5644087596847778
-0.5829146911311374,0,0.4930435649039552
-1.5786180620746673,0,-2.6552471675617735
-1.1105547810073189,0,0.09517067048186412
0.07689828312082048,0,0.7036051530123437
0.43101073238261023,0,1.277394201797489
-1.0185907433351558,0,0.27383500203141875
-1.7690713630995312,0,-2.483111149256649
-0.4358685234904054,0,-0.6793351965749888
-1.0631865162946634,0,-1.8939733099128375
-1.1217843070807922,0,-0.4868105655926166
1.839451210853821,1,12.70813176863495
0.46520194370289625,0,-0.2568593988083588
0.22751377268838358,0,1.127678833455655
-0.3368995859067123,0,1.349804738101656
-0.28422266627942294,1,8.75315327156283
0.1636200153523233,1,9.791759571476284
0.785719228144429,1,9.809328561042351
0.8085843847273178,1,10.579238397633059
-1.3132243691782017,0,-3.398643644891112
0.00045100830650790513,0,-1.4608379849969109
-0.35216761986359213,0,-0.13933320503303728
1.4821078650775368,1,12.413946674158105
0.5256756848735056,1,10.14792201310587
0.1300162656639272,1,10.672605985443877
-1.5384214312843305,0,-1.6232137762380188
0.4225515572936458,1,11.314012825690012
-1.5311843772790663,0,-0.30906293446755395
-0.6511736977369917,0,-0.8985205620419536
-1.4286321407426725,0,-0.574266469218369
0.7682945880974756,1,10.734872697147878
-1.1749915446553896,0,1.6935684679476943
-0.432562507247896,1,9.16169652583141
1.5826991104751147,1,11.865544833802808
-1.1827344664041188,0,-1.8595140849032639
0.03122025583511645,0,-0.9729210168420347
-0.32291335533591203,1,10.368728443834879
-1.927503835817081,0,-3.3750561670060057
1.1710324542912511,1,11.344379455240468
-1.723816374741601,0,-2.0414434218641855
-0.1029799160921856,1,9.763815203218542
0.24271317975579976,0,-0.23538998989695703
0.5137058264583483,1,9.096983127026695
0.7545265172315023,1,9.51362554153023
-0.9869104659091397,0,-0.5374233579221546
-1.9600848933662025,0,-3.5682275688798684
0.8937746494196479,1,11.067776289238058
0.14262639739031435,1,10.610311333506127
1.344470812828995,1,12.772210673737401
1.2855534516027771,1,10.089595370181362
1.3733046711515327,1,11.062417355676976
-0.05962136008183938,0,-0.8854105244182079
-0.6654864166525374,0,1.1299243623886175
1.16623281036548,1,10.290622132700728
-0.19482354788298029,0,1.151330070227918
-1.266231214386262,0,0.4376856138318619
1.4198960782458974,1,11.844766664726189
1.530239507089389,1,12.084688452599792
-0.13476097543931953,0,0.03742148075595539
-1.6972010907608501,0,-2.7614927300784995
-0.44869564033227505,0,-0.48255221188345154
1.2141506378504134,1,10.747510503801182
1.6070961141849147,1,13.899748499218667
-1.1861090300096166,0,-1.8761967058778777
-1.732105551898914,0,-2.393713344848855
1.5094018125313546,1,12.43073638369047
-0.44238024408449883,1,9.67233718976194
0.16704385707025304,1,10.418412937918193
1.8722632482030357,1,11.776885590105126
-1.7337410883431086,0,-1.2806467537680748
0.5932720298083822,1,11.23555619428948
-1.7035783097005317,0,-2.570470545800128
-0.4981242861339985,0,-0.9416351080325339
1.215258180773787,1,11.690276655947638
-0.2661110689774624,1,8.842458192580207
1.9887294156118016,1,12.928132790149528
0.2362371397864087,1,9.952982468451589
-0.715351389456186,0,1.3350090384277586
-1.1195546963809875,0,-0.06104459386712224
-0.5979178628553528,0,-0.7538747131834169
-0.5098669049617968,1,8.2516284719634
-1.725145289104156,0,-2.5256046923248916
-0.5217032022929073,1,10.180424701880709
-0.14304592104310032,0,-0.07424359410029266
0.8909510089552186,1,12.160007329349948
0.6269179388864319,1,9.991270667319355
0.835062620916617,0,-1.9909634404612366
-1.9665452724925716,0,-4.209750127929743
-1.1293304016778558,0,-0.26552216612958346
0.646737153599426,1,10.522152342489674
-0.06404252728101145,0,-0.17680961969630618
-1.9787460973266162,0,-4.216045154673568
1.2179785697272894,1,8.903795543554983
1.0912382931613496,1,10.735494588388287
0.19367665197425055,0,-0.33499030796011364
-1.7341466968949115,0,-2.358269248585019
1.0660601981303386,1,11.097069637574778
0.3348543509254558,0,1.2598415520018706
1.1278399086318367,1,9.761753971505682
1.0069879695833617,0,-0.7834267819450424
1.2120082878313485,1,10.316231594540673
0.07203226561849929,0,-0.7354063700464054
-1.43870192722594,0,-2.314367687650942
0.6846298935187547,1,11.605355649268134
0.4818951402078824,1,10.204369421318003
0.9690127487963487,1,12.427338023298175
-1.3204759757970588,0,-1.154298881996732
-1.2200992003988431,0,-2.0800219418854224
1.561638068877314,1,11.09601930348064
0.9999111938082832,1,11.524322149585842
1.6329139548012916,1,11.04315566599736
1.0348612846556828,1,11.112012718618592
0.38862122396120746,0,-0.3274064861177853
0.6165309481114947,1,9.187349343061019
1.5565116957600398,1,13.272022478870907
0.3152270180477621,0,-0.5729042856641622
0.5295652973135496,1,9.246684463609933
-1.3740931359855977,0,-1.376127653218903
-0.10431511953558914,1,9.491194747152294
0.8655884478323959,0,2.539254099557271
-0.9162292067345383,1,10.675781097256687
-1.1909832779018603,0,-1.4353622784869802
-0.7446927671023378,0,-0.6818282463185136
-1.0339974880286662,0,-2.57219789854369
-1.1403494518544166,0,-0.6040497791942755
-0.30059662852765223,1,9.239359951919251
1.6313540555341364,1,12.258785751449533
0.028238586954873135,0,-1.9662628359283838
-1.2483184767387079,0,-0.9993830650689142
-1.6921133224765037,0,-0.7237983106177479
0.7846245805517009,1,10.295662625388148
-0.4688049422544487,0,-0.8261987106681097
1.287323786341437,1,11.046211393483993
0.6380430745630807,1,10.06562460145327
1.184965802165474,1,13.023764423153763
-0.912215842326205,0,-0.7123865452976256
0.7694356898442325,1,9.024471695255334
-0.9437520612251249,0,-0.3988266840594791
1.7562739178011664,1,12.904144996582534
0.5454971261334975,1,10.643456969282655
-0.7019527992986316,0,0.5828225349271091
-0.9219525508309094,0,1.5636978620653161
-1.236293659713426,0,-1.5404529237211382
0.7785638355749112,1,9.549418023891244
-1.1251375480082908,1,7.4336883021204825
0.3812130637099562,1,10.689353355976257
-0.9414598922985706,0,-1.304544313359981
0.6478757791754743,1,11.02773494968076
1.2597589141621568,1,10.50797907444421
1.1121009725786126,1,12.413663738321285
1.0434053237231269,1,9.13446801809106
-1.2491103772309917,0,0.048446573140836
-1.6464602120619252,0,-1.3277953180123045
0.7957953139495424,1,10.778561117949389
-0.5266111448225947,1,8.809716584551008
-0.2706150943866108,0,0.5212419063928729
-1.8754036288264357,0,-3.1711526663274765
-0.9616942028998032,0,-2.274970412198599
-1.865294384502144,1,8.313292031481849
1.5167430904049906,1,11.399029605925826
-1.026413267125878,0,0.9405420905662183
0.2293486782920322,0,-0.06162948626177399
-1.8440827173554784,0,-2.1532056478294486
0.6673895652226323,1,9.28910549154972
-0.7078906169836245,0,0.03706973027516658
1.5916767478306633,1,12.160146680158443
1.5524727557361433,1,11.547261889912516
-0.6988375265530089,1,8.960130185942582
1.6038435827618716,1,8.995994110865299
1.9846306939951153,1,13.062731586943656
1.3016626564957923,1,11.803229340722629
1.379485391020916,1,9.917336967214416
-1.0039650555636404,0,-1.6941048368411524
0.30680959543102526,1,8.579577511666432
-1.7309763441305286,0,-2.384356008355381
-1.6203282527133211,0,-3.020463046574323
1.9955704481331624,1,15.193824485332371
-0.6934430022963562,0,0.5678940974581199
0.9927356481953855,1,10.689306500781898
1.2266602121072658,1,11.22682457976312
1.4320930840289168,1,10.70558505047791
1.990513189608626,1,13.180656083466785
-1.0340140589725286,0,0.15825034742320032
-1.8385966925612012,0,-2.1942388536740944
-0.3552339280216561,1,10.679848684099117
-1.4796773206842122,0,-2.090418692397356
-1.9102964433517795,0,-3.8768800117931126
-0.5582926914340556,1,8.981235890114577
1.1349530043009457,1,11.499230716966347
0.26472276490028346,1,8.0478200777483
-0.7488880431585838,0,-2.414236981588672
0.6173680219708788,1,8.112793462298063
-1.0719272787647571,0,-2.758526560077847
-1.94247421571166,0,-2.307536857726975
1.0574135457457094,1,11.377964781614251
0.49497233945603636,1,8.86203692009785
1.04921049800384,1,10.471574935858959
-1.8442479332493376,0,-1.6705841727177335
1.3484785113226088,1,11.726231437208321
0.4781048001452133,1,12.169019869580811
0.2535814028505605,1,9.89388695531015
0.49845619245812633,1,9.406763911465816
1.4577329874734564,1,10.467721536802328
0.3477460262356282,1,10.044670649603509
0.3238015195527173,1,10.953039269203629
1.9627166282630633,1,13.87956903940003
1.026920668274272,1,10.183282841344289
-0.23082477819545888,0,1.250371254197492
0.8295880001317109,1,10.814360067365286
-0.44307811323284607,0,-0.15692864864045974
-1.084498150066004,0,-1.4043500603404069
0.3874075075510377,1,9.774629154398884
1.7127283924558059,1,12.98483896566382
1.716558080061851,1,11.748631804356668
-0.6323788875780387,0,-1.3600980640735394
0.11070986488677992,1,9.52052721076971
-1.1534564057205552,0,-0.816524465699652
1.9825244379955338,1,15.25935031046413
1.924471631471743,1,12.403690595235354
0.5980357188297893,0,0.3336908538719077
1.2176562387098935,1,10.625129891386164
0.8604006451348001,1,10.09053189688829
0.37263287615787277,1,11.56523732040933
-1.7866080120444092,0,-2.770185832736922
-0.1809426297893557,0,-0.9165169638510771
0.6991452086696421,1,11.059619216807137
0.7101264555347386,1,10.994291819690885
-0.5075095263104656,0,-1.0665296907693977
1.7667679466321222,1,11.564518938015954
-1.330571871052876,0,-0.7673168018824094
0.0014377848622424416,0,-0.032968917255509766
0.7635359062032911,1,9.751983079530925
0.7885432235672369,1,11.30145675998918
0.5945558270752622,1,9.512806045021863
-0.8988471461925593,0,0.058461826398473915
-1.3751737252535121,0,-0.12565305576017205
0.5437613073068435,1,9.7412578216947
0.39720846455775094,0,-1.7977640385100464
-1.282575958843036,0,-1.4579872086767698
0.8205565822822534,0,0.4655294915856485
-0.17931203306537435,1,11.000123250328041
0.6710423664126117,1,9.62992377971469
1.3494683190806027,1,12.951828036110978
-1.3210862856923073,0,-2.4516478320929522
-1.9234205280126533,0,-3.393748203195785
1.1164103455831471,1,10.456568297252224
0.43878970061046374,1,11.389332388095063
0.7985582784884868,0,-1.2190287406582474
1.3526198999545702,1,11.6629983179765
1.211243739298002,1,10.644283114727264
1.8436805877152986,1,14.662621860232887
0.14374031540847287,0,-0.8270737518946778
-0.04601746936037854,0,0.41526953902562713
-0.3924512004370797,1,9.131586195914158
-1.3852358286231818,0,-1.1409873091652156
0.2904289315280897,1,9.642883817053235
-0.8919499026960849,0,-0.7400361116835603
1.6852300488519019,1,10.405591632174305
0.3327632171083903,0,0.43300772592939335
0.37136072203244064,0,-1.0566321838044865
-0.5803013564919599,0,-1.214387758561108
-1.79204259208917,0,-4.432781116099031
-1.8730249385080455,0,-4.341543399901242
-0.30665942338721,0,0.4860606399421928
-1.6617384876110486,0,-1.8431681044567914
0.4273878221605565,0,0.7027443652455236
1.5238920225586297,1,10.742445867086523
1.5316592660748887,1,12.011402710300068
0.6361816405289296,1,9.513356435775552
-1.155072674108276,0,0.18418481807194076
1.4519873254354883,1,11.956602576441599
1.5443737412528327,1,11.185217051658185
-1.2133856601881652,0,0.14733879350034207
0.949704343082709,1,10.935631719640163
-0.8539218042915082,0,-1.698335222674347
1.2105612494117186,1,9.215491478379006
1.9889515996144107,1,12.586389304289709
-1.8798959786824287,0,-1.6726028345691888
1.5894634631637277,1,10.992342932296859
0.4905221343946322,1,11.935152954834102
1.8935304766592846,1,12.32726809865248
-0.13996192989428957,0,-1.1752359363205689
1.389551722285495,1,12.221463223946746
-1.750423725606891,0,-1.756111149943657
-0.6588837996868171,0,0.41280526616948376
-1.7319338489951601,0,-1.921439639519029
1.9013725339162821,1,12.63531586606181
1.2678956290873469,1,11.852111917111715
1.410189684983882,0,1.6421729168952295
1.7518609257355768,1,12.322969831728205
-1.6595860555208586,0,-2.190817530731264
-0.45760962994666654,0,1.0127325858637326
-1.7158604438239915,0,-2.134047877775328
-1.1568275937998855,0,-2.9318644037025434
-1.0825368918493106,0,0.2569228911200202
-0.12357115580968525,0,0.8136952581576232
-0.9257513301854297,0,-0.7757563109271318
-1.5960875727289556,0,-1.9162646931252967
-1.3300356436235692,0,-1.0636733263838714
-1.4108977457916363,0,-3.3837489935300407
1.8923071916491931,1,12.986341567064683
1.0371700276738944,1,10.19487605725861
1.8710458610782479,1,13.11636360730572
-0.24103805396836586,0,-0.5328498402099668
-0.8865260733493736,0,0.3144687251331769
1.1931727888367467,1,10.04020806567387
-0.6949843278354129,1,10.742237333338448
-0.8024665051786068,0,0.35736693054560753
-1.0699760311686752,0,0.7479380497519937
-1.4812840871030586,0,0.10868037597968394
-0.9741477559329361,0,1.2782363187565122
-0.5787210061044492,0,-1.282530006170313
0.6959768325829216,1,10.5127457701542
-1.7497406311221937,0,-3.396282457111826
-1.1579722413386282,1,12.503937267399078
1.2360945611667056,1,11.558404194637532
-1.412312305664917,0,0.007794532781405961
-0.6294194139099138,1,10.310691336984277
1.4586356874325603,1,8.916266736377832
-1.3802987554262294,0,-2.098454641137569
-1.6690526575272404,0,-3.0103536232594794
-0.06184801967995668,0,-0.3902535673914614
-0.7903219548858544,0,0.11274727933923703
0.2536334579354165,1,10.509490835836509
1.2152195619339006,1,8.269956519870576
-1.4514060473890273,0,-1.765670687427205
0.32279633821713993,1,9.530941160461051
0.02203504155945568,1,11.381043673183205
-1.4236848559472017,0,-0.8505735577222016
0.4959939421159296,1,9.877932210118889
-0.9054383285569134,0,-0.14746675256800248
-0.04866272582395004,1,8.31291934413249
-1.6709107028917525,0,-1.6711913220843564
-0.16166377114550778,1,9.602348523940208
-0.7741461278287187,0,-1.0393525220672237
1.2895248447414174,1,12.386390717853732
-1.7720850920105269,0,-2.508845801895737
-0.32557090032668023,0,-0.6826856036837413
-0.166274303474248,0,-0.6066916510549607
0.9000243051964749,1,10.730435871251721
0.297150300360844,1,10.301290229806387
0.6688493487767242,0,0.17903309027975048
1.1081971426070245,1,9.477132569324116
1.448811894632755,0,0.465104561967969
-0.744498013110118,1,9.045356850707563
0.1520908214556118,1,9.805612622636671
1.3604323137567995,1,11.2176167294856
1.9578045238602257,1,13.592159928405573
1.5580772441750526,1,11.776952858468437
-0.5141309495024928,1,11.813295318196875
-1.2193339311253983,0,-0.05718765976501772
-0.042429850373645106,0,1.1881785634838413
0.966565807344169,1,10.915770783311523
-0.029723716986809645,1,10.072389541873907
-0.06727654674532602,1,10.40980598829008
1.3529216843272023,1,11.464012125499627
-0.5543848837312546,0,0.7227851630195634
1.4391786992465825,1,10.515298416206582
-0.3727807961931058,1,10.69884525564722
-0.6870675772866424,1,10.004889470994573
-0.184040355201204,0,-1.8102038394971876
1.0497878346994738,1,10.664183389157802
-1.4959918885440229,0,-2.9802265386844393
-1.2143231365119305,0,-1.4303063914947571
1.8057793026523679,1,12.7849870285666
-1.2980334904745705,0,-2.6006243043537465
0.2709092717242183,1,9.956200081176606
0.31725786664775146,1,10.084434484339901
-0.04150215179902084,0,0.7550379895501932
0.5789809943072743,1,9.643277362298356
-1.0806930968095263,0,-0.35659441624569765
0.21064907110699282,1,9.909260819784032
-0.5113069790124114,0,-0.4851074619481392
0.6466690385167562,1,8.464635007462402
-1.4351058265074021,0,-1.589421149821033
0.28350966735790495,1,10.755906429360707
-1.2589185784667052,0,-1.9313317030164687
-0.8854277475398544,0,-0.5648637005777233
-1.125160798705667,0,-0.7827066988548814
-1.2686488805247316,0,0.08151448629459601
1.302843806242668,1,11.135832654286661
-0.8571697293564386,1,9.973188955443732
1.7084951274577973,1,12.48485466333659
1.8797061013807634,1,12.828472285675529
0.28504187974838935,1,8.877105748216168
-1.4279955093370944,0,-1.7410357375158916
-0.501807026481675,0,0.33017921756976754
1.190929053392856,1,10.967630857870233
-0.5304370852117182,0,1.4048941119388771
-1.651931126788845,0,-1.308105935903014
0.22713964371275175,1,11.246417242214022
1.380483405984139,1,9.283140771659873
1.1837055485740096,1,12.408613990605957
-1.299507439478587,0,-0.8304402367922624
0.6910584576498668,1,10.573937020089602
-1.1179829462574116,0,0.19735180299668775
-1.127169861791311,0,-0.6947240514455723
1.4962870932207406,1,10.604619384296907
-1.0013241890390794,0,0.9454187181951692
-0.9470106139279553,0,-1.1928753997830883
-1.9973864369548018,0,-4.970056484420449
1.4826761365020706,1,11.39540370765682
1.1703792528365389,1,10.41558155671906
0.509315740362712,0,0.06986572835205593
1.001063055755369,1,10.403387999726176
-1.3918057303020328,0,-0.0009198111296440104
-0.16670562164969827,0,0.4570061607337008
-0.5951224506048765,1,9.036815544120788
-1.624893894971934,0,-2.8655918230144426
-0.05547805914030368,0,-0.3882740232606529
1.6829586013705415,1,11.999162601312243
-1.839763523797222,0,-3.6282953704006027
-0.8341563460248245,0,-1.3919520217485122
-1.1698362551771861,0,-0.5100681841854313
-1.0474133853372147,0,-1.0301499175435385
1.633738207517501,1,11.228504299311911
-0.1277237830628395,0,0.4844333927618821
-0.1348023482407248,1,10.846597206671213
1.0423025698211292,1,10.320538868432825
-1.3820311839802968,0,0.4616395399540547
-0.05093858359979686,0,2.215454612858819
-0.2800591435157611,0,0.4859071966145774
0.3876427621866245,1,9.560314221042962
1.9982308130017543,1,14.25834781968639
1.0777955763281883,1,9.401563942103978
-0.40853718793029126,0,-0.9059565739256528
1.3102122090961879,1,9.441902708138088
-1.3171665467500793,0,-1.7710593540588357
-1.8781452547641595,0,-4.5450328306839465
-1.1822065101429078,0,-0.20207640811620287
-0.6383537755429614,0,-0.8792216847059893
0.042323029838239545,0,0.2766591968443272
0.4605165621647993,0,0.7967385817406227
1.642422868857687,1,13.386603681661462
0.039416038201830705,1,9.646606077541769
0.00510257850291751,1,10.310637565365946
-1.7990279607080715,0,-2.568776939141541
-1.8603537893751048,0,-1.9471729222988403
0.20463984766548826,0,0.7878429783435357
-0.24728554700662198,1,11.295784215659586
1.3567215799211945,1,9.584002801432408
-1.3572816611526193,0,-1.9144723150370995
-1.9001133515318016,0,-2.398297000939931
-0.20384492827949652,0,0.5764666777383152
-1.05008577299097,0,-0.7039999043939467
-1.8015425066446502,0,-3.3975528916702977
0.8983931473905158,1,11.151235702300646
-1.55362800017101,0,-3.854619603477653
0.43327800003108674,0,0.8328607869411891
-0.8758009993324434,1,9.754806588513093
-1.306015798579912,0,-1.6026602460211938
-0.48099390832273015,1,10.446800695441189
1.2057831048918146,1,10.490502720731097
-0.4316256923817092,0,-0.011187357859287775
1.0030785968442228,1,10.45838632560287
-1.4980548128033973,1,9.063586421007285
1.0910856786603165,1,10.808633091219072
-1.0522667003734054,1,7.508311195080464
0.7095725195554912,1,8.786538652737201
0.2631262193639854,1,8.924942622287768
1.7165788688467494,1,12.98561723182921
-0.4507099280987439,1,10.511073940485275
-1.7353392446622382,0,-0.9425451064241597
-1.9233780577949884,0,-4.572086603095165
1.3074342438910125,1,12.426706756154713
0.09894255064572866,1,8.062605640421555
1.100976207339797,1,10.685031346696277
-1.0622975999539412,0,-0.35418537453737586
-0.6196650179470651,0,0.122619302881879
-1.8795845111547242,0,-3.6297292488784345
1.8459692982964486,1,13.26306052844085
0.6714716268032537,1,8.91615502738009
1.7328203510372249,1,13.46670218255849
-0.9380143702837107,0,-0.16287536824896515
0.44585444490264337,1,10.406548265797333
0.7139998731705512,1,9.902980613460217
-0.7298011989696462,0,-0.5223292564177175
1.3924369400625203,1,11.874615401384832
1.7886458516009913,1,14.451140031920476
1.5394204707840173,1,10.430440067893516
0.9562679037574902,1,8.993158606470136
-0.8901412811001839,0,-0.0864470773987362
-0.873535831577473,0,-0.6654823300854221
1.8534412817841517,1,13.307617835124816
-1.9588620162572319,0,-3.7820036036637403
0.8641998929685779,1,10.944719520594425
0.8249846502210487,1,9.994578711406682
0.4907581637991898,1,8.850886185497986
1.9604353843474631,1,12.977423455018133
-0.7524822569450991,0,-0.3734904986387443
-0.6401125448270073,0,-1.3861116285735084
-1.6842423882137778,0,-2.42567587427133
-0.2288074538250502,0,0.054765294454082604
-0.9558058950606076,0,-0.7943989626580862
-0.6264531912894231,0,0.08629836070663255
1.3382871610225107,1,9.584165953096042
1.741938054109983,1,11.6896389473118
-1.2570677119792575,0,-2.1359201738162827
-0.5099642737861365,0,0.813545175553368
1.7145222484615763,1,14.826157265037416
-1.7527661572431095,1,6.42676578909142
-1.630557887554486,0,-2.4028398751977154
-1.3488360431750825,0,-1.9204375183177689
0.380851336507499,0,0.24884605372507484
-1.3981109159760101,0,-1.9748622331596404
1.872305525802934,1,13.564489582480144
-0.21314189096591862,0,0.660185155610801
0.006071841400665523,0,-1.2238248259646858
-1.013365536778374,0,-0.24880313979618218
-0.11615899026106602,0,-1.7948396846788406
0.6476545305480461,1,9.879297451539166
1.004708547816171,1,10.183415704072539
1.015472330839652,1,10.29443238726082
0.3115644507763533,1,9.703061699193094
1.617439099975429,1,11.620771568447141
1.2696313892244375,1,10.757517781940003
1.0281924587945017,1,10.781629805958724
-1.7775779132781575,0,-2.542123239719347
-1.9724881511214027,0,-3.7219898556305764
-1.1502108912181082,0,-1.3344533558246452
0.6540943756538091,0,1.2202603379584556
-0.35521004446981674,0,1.502945916378907
-0.3903749628027531,1,8.681840554915635
1.538347552918455,1,11.984529046088896
1.582251392527355,1,11.512456650620233
1.636701056214343,1,13.117787548388941
-0.7444876939398908,0,-0.21891479293101587
0.764223250957047,1,10.27634534306241
-0.9134672749025214,0,0.11385901700597989
-1.2375606677022009,0,-1.245235942897411
-1.2614701706105231,0,0.6737879264682163
-0.6315695165456239,0,0.38377948681178703
-0.2801695208807131,0,0.9206115472471438
1.3237966842202735,1,10.939379986604132
-1.5204356261091516,0,-1.8802698001469913
0.9397033895795768,1,11.226523856148344
0.1258196567572214,0,0.7121781677096459
-0.8482186292960301,0,-1.553804514939825
-0.02872166186870162,0,0.12762074974711637
-0.8002317208919094,0,0.21761542907048614
0.38432782095322393,1,9.898083497671383
-0.2646243085790232,0,0.36966227150013914
-1.342377883684485,0,-1.2974622116891004
-1.5336677017772131,0,-4.05044892568346
0.1867827282885206,1,8.69236677810255
1.6096521331444138,1,13.060272667899632
-0.6241692537692578,0,-0.36596444427168434
0.9320004288904928,1,10.594470338059551
0.6346454197590679,0,0.12415279081514616
1.726219657237924,1,11.746625977502692
1.2839240691965634,1,10.591170915619045
0.26642103562185193,1,10.338404781801302
0.6281219929364292,0,0.554904893810553
1.5935458663361395,1,14.21172543680415
-0.4019248616522608,0,-0.5102063721954782
-0.6928211765688905,1,11.504361666248759
-1.9567556654592146,0,-4.606518658045699
1.306204296765857,1,11.602903267390527
1.2039228016134595,0,1.050373600270171
-1.5821819275993945,0,-2.106203285572824
0.30742952453080097,1,10.008869578021425
-0.14407320733245044,1,9.375889737895433
-1.5251636179635542,0,-0.869955339316372
1.9222729082428942,1,12.708912117104264
-1.1412164501465782,0,-0.42561995887500725
-1.7310632796377554,0,-1.837776535277941
0.3793895180076383,1,11.411507075306723
0.9554667085321307,1,11.407900193244974
-1.8702262158112521,0,-2.6983587782555443
0.6348705549080886,1,9.490213697063265
0.12916750380581776,1,9.215302378771316
-1.5869399644998063,0,-3.136836589884985
-1.3099044922145517,0,-2.3580652359846117
0.27189718926432205,0,0.008646380643490253
-0.8145695459468465,0,-0.9976597388293293
1.7532629146052643,1,13.893930113182792
1.2749609179362031,1,10.457279049690769
1.9342688260546521,1,13.712688556748974
-0.9613166441983441,0,-0.708834394835999
1.878894531191908,1,11.91262125472022
-0.27506452083376853,0,1.0790350732808915
-0.6099248187449815,0,0.5820335418909117
-1.798601892122587,0,-2.0986883831314995
-1.7889389685615895,0,-2.267626385646092
0.7680450237866188,1,9.46704721750507
-0.1682840222638884,0,-0.7424318259432959
-1.0939134958555772,0,-0.20252636617481806
0.45588122530093056,1,11.590291937329106
-0.9885675269995553,0,-0.09706769769415702
0.3105270173776904,1,10.993438275631657
-0.5631650120692386,0,-0.6151775843608979
1.2942089064472762,1,12.181735787397402
1.2827846430671173,1,10.635966045598426
-0.09059840751039472,0,0.2397874521454468
-0.5967235626599376,0,-0.4724014631663135
-0.5497608137636218,0,0.8060771572401964
1.2228581026728715,1,11.817081949800285
-0.687282068809552,0,-1.6391022052448325
-1.163762505172616,0,0.5372309349353199
-1.6612466324987727,0,0.0841044913295339
-0.1332275164623664,1,9.6434849513279
-0.07147160432063249,1,9.87301588306153
1.3636348416116286,1,12.507269275449376
-1.115045214215744,0,-0.6264148027785172
-0.47603490532640036,0,-0.057911261966892114
1.2336229555747638,1,12.835648229012204
1.294494442995894,0,-0.26969472509538495
-0.4615556960849272,0,-0.838126579884938
-0.16350390685327643,1,10.415637475456148
-0.7868564366028683,0,-1.863132941628279
1.7302195136772482,1,12.21683491537251
-1.5254249370336788,0,-2.1569374719542824
1.73499769200588,1,13.57313358636378
0.7354658073413729,1,10.891763422425512
0.12628861074692477,0,-1.682220172098
-1.8693637568620165,0,-3.959388659090903
-0.09761523271196682,0,-0.6905213588703101
-0.36900757998907086,0,-0.24169912943048083
-1.3551247520995098,0,-2.3417977307025444
0.6256384140026277,1,10.574092707405592
1.8846036294731432,1,12.65261534689456
0.24875524425810047,1,10.596318320219918
0.8590131057757833,1,10.31408015164403
-1.7261981897359329,0,-3.544903462136703
-0.32933201673202106,0,1.3704176970915336
-1.5345660593420165,0,-0.38914279400691365
0.4511833421460416,1,10.336268201416734
1.7539286328566184,1,12.45856898931846
0.647110929886554,1,9.079196864441652
-1.6927878067423139,0,-1.3542542248972902
-0.5813351800596687,0,0.7244082510208681
0.20265351776340612,1,9.190165387741652
-0.38716897546699114,0,-0.7158310126881493
1.3345760419006893,1,11.645422628482587
1.2586840188399568,1,9.821613647088915
0.44732408041288574,1,9.419068089463806
-0.506168219469179,0,-1.1054073998130503
-0.9786545049470234,1,8.52300565053218
-1.5765027271474827,0,-2.6791535721609874
-0.5804092660537838,0,0.8082414930966562
-0.3473099311691219,0,-1.77549346960631
0.7032917004162944,1,10.607415074674426
0.6326392971902939,0,0.38454873035069304
-1.7195674414349722,0,-1.5739611967222684
-0.4189627382753689,1,10.22027876931635
-1.2728845311305523,0,-1.410025377647535
-1.3727491787327772,0,-2.108741667830827
1.3092085989489837,1,12.112421219356344
-1.8323391331349699,0,-2.5790607259653875
-0.32326849639151467,0,-0.5100268451936946
-1.3271853769339272,0,-0.2599543891676014
1.517320862713896,1,11.300757322330682
0.22816205310014048,1,10.004996955742001
-1.074477454492608,0,-1.2247267862945832
0.009709148665505651,1,10.533842362029143
0.9259454388124633,1,9.402749864581718
1.832472035677735,1,12.77808949449513
-1.1182159830183243,0,-1.3536663210232562
1.5447270885173805,1,12.106711776963124
1.737216456669961,1,13.009878946354547
1.665682178128265,1,11.20655427471358
0.5416574274476393,1,10.485890574990126
0.5192826177388308,1,8.593290047296339
-0.3871574672647089,1,12.162957479970814
1.0095915292151516,1,10.003052661889688
0.12517607340372772,0,1.0502413600049172
0.7097522849131779,1,10.379934648146676
-0.2861683846048182,0,0.2300780010724821
0.9259858561725562,1,9.230919270442737
1.2978860704181963,1,11.936590756830148
-1.4142549735887355,0,-1.3656906677434808
1.331718862296912,1,11.651024828701836
0.16118612716122893,1,9.911379562927687
1.3786636363608973,1,11.440265302098176
-0.27479317463594155,1,9.10245341237949
-0.4838380584678599,0,-0.20952414420466417
1.6602429300688897,1,11.868263065781967
-0.9953229298063948,0,-1.198588353788679
1.3768493011445724,1,11.439581986395941
-0.06391770996238355,0,0.36325638875870697
0.05638177020503887,1,10.250861625847586
-0.7661268740420639,0,-0.3271000274911036
0.2921688024760627,1,10.423579200674633
-0.6991552148951548,1,10.071284379990315
-1.8429223430333908,0,-3.0320892054894286
-0.9120055786225758,0,-0.21313120405239913
-1.9744838263736373,0,-2.6658448873506213
1.9134191482274265,1,12.2976055440522
1.86298883927899,1,12.914367049603445
-0.4193788101107798,0,0.30129473248497785
0.913483417358584,1,8.798393108701749
-0.6167756063583001,0,1.265270016517073
0.6843726283439042,1,10.41508627482208
1.2217201721839164,1,11.868671638342526
1.787024978768963,1,13.973156731367055
-0.399150896601312,1,10.38065628144648
1.1331919318241908,1,8.494985746822564
-0.9362861974715249,0,-0.2626949259717564
1.9613292151745934,1,13.984319578655075
-1.8969216049425954,0,-4.4997242398202975
0.4141152260044838,0,-1.7541648525926186
0.6380239266053085,0,0.591530948120923
0.7521822282965154,1,8.963593780488646
-1.518449684843644,0,0.31088050310797555
1.7541191338925217,1,12.961791627145208
-1.2752668837996688,0,0.3145248643085836
0.4910136129593643,1,10.09035370774305
-1.1092956835076602,1,10.069024184733527
-0.7711343319149164,0,-0.17601287373736185
0.18583416691249743,1,11.008781760303822
-0.3312263257416941,1,7.943498532814589
-1.3590975960939748,0,-0.36707818758520583
-1.3162543903166068,0,-0.4714580659145423
-0.3274208473488014,0,-0.17170213767320644
1.029131913102003,0,0.13581934919615746
1.5918585873911542,1,11.717793533493507
-1.6634893509624686,0,-2.0188342532983348
-0.4275843697623958,0,1.1749520830015001
-1.5990177451084935,0,-2.5784196640994876
-1.9336300774696085,0,-5.316616277179981
0.6468747305758265,1,12.619922352611006
0.40979776786635114,1,10.705984096829223
-1.3479235447404552,0,-1.615731331124264
-1.0647486676277436,0,0.5852994067840521
-1.9051689854219265,0,-2.523872370767496
1.339788822777615,1,11.694765678572017
1.8987623841942058,1,12.945750982794022
-1.4581618528212368,0,-0.8828755856601943
-1.0740991449388075,1,10.469970653895391
1.4736380957877362,1,9.880010318375998
1.7058551918247393,1,12.706464761241747
-0.32149046877275866,0,0.28156169879979875
-1.7975101109237035,0,-2.6378392087207865
-1.8424326652287224,0,-3.08093877107337
0.29579946427604176,0,1.1990139059981562
-0.4284195644272839,0,-0.2506337083631903
-1.885390289689382,0,-3.3537806231429097
0.33300956925022707,0,0.33412992831107885
-1.9547898536439101,0,-3.9128943173637976
1.1494878325970919,1,9.373420683590302
-0.7742687091865137,0,-0.01795391798726978
-1.8389679879630716,0,-2.8840575916854436
0.35340888393261327,1,9.656904921570693
-0.40926234226778124,0,-0.16658975057687095
1.895201653428598,1,10.223712277206987
0.17679465001480876,0,1.2111690269110433
-0.8990432758519669,0,0.5376913604548359
0.8377554585358991,1,8.95615153901556
-0.9140319898291547,0,-1.057283304693565
1.6169731656302604,1,13.562392173991073
-0.5011121179704943,0,-1.21776864985241
0.19947425110482087,0,0.4824272271533318
-1.7977075847030846,0,-3.3968897756672347
-0.2955150481910769,0,0.3972384186295806
1.3294541586439799,1,11.225008811309612
1.2225952214533677,1,10.630498596248469
-1.102725764585895,0,-0.2819376587556313
-1.0956837159577493,0,-1.150743830113002
1.269221248852947,1,9.238075710514394
1.721593680677302,1,11.623580403374392
-1.6185563149079858,0,-3.1679444773139864
-0.19976544229509896,1,8.39189489904268
-0.6501828841430841,0,0.23197163090852263
1.4827538218297573,1,11.457194112282163
-1.665900341279925,0,-1.9576821944717195
-1.1554962297678504,0,-0.25064148294950583
1.0098733503459774,1,11.271425568091928
-1.7948246040751377,0,-2.483998084097658
-0.029858477142842954,1,9.020378093361764
-0.23157186128111995,1,10.57331644370846
-0.6623952840450054,0,0.07648597372956573
-0.42171073872430487,0,2.15260627138003
0.11976234772093175,1,10.008777216743214
-1.3545305664464675,0,-0.8597147620028348
0.2879835131343711,1,9.917116276073246
1.2217293171999453,1,10.960686199547439
1.0406437191606361,1,10.54486366244049
-1.3844003812249053,0,-1.7612698299554819
-1.4030021210341044,0,-1.2034915183484818
-0.9273025290203467,0,0.2230713654046213
-0.5557010946358512,0,-0.5053079582575721
-0.3661776743660696,1,10.811023622355417
0.7187888673333811,1,10.899994136139684
-1.7732782713366584,0,-3.6683130473006162
-1.8613091830957345,0,-4.187916383446548
-0.4323577482243639,0,0.407742386543601
0.7886547685519218,1,9.657726519816
-1.2262586281740697,0,-1.9676794649882061
0.5660179250250068,1,11.807566808010161
-0.9606874482388021,0,-1.4096465734289607
1.5443444352540654,1,10.318035086024096
1.582759777066466,1,11.198814934087327
-0.810851182874694,0,-0.03491087849434027
-1.080024984147038,0,-0.5563476359406684
-0.35478411173507496,0,1.8648847788291203
-1.0378736592794051,1,8.672617778952485
0.6895353731668146,0,0.40007931711867967
1.304258738193142,1,12.237820195188261
0.692368523644868,1,9.506935945562134
1.2974017889973979,1,11.79565089827331
-0.4120313511701035,0,-1.8671463479759465
-1.3747321171645566,0,0.45970940289148765
0.9518037895903686,1,11.425891781060695
-0.5581019794337845,0,-0.76759319100077
0.68508330091653,1,10.99058597777271
-0.9174242320729373,0,0.9270999472437303
-1.6750814607733093,0,-3.638722360562765
1.9703271819510535,1,13.224713558020424
-1.3751939682776029,0,0.04572856682815285
1.9536839758539242,1,13.79596258887407
1.9091197302657892,1,13.915286917348688
1.1752724156321586,1,10.881878702660234
0.6376918483279903,1,11.02114782359169
0.3112282010043388,1,10.5280048880913
1.4644061815113387,1,11.67641614907189
-0.8422419135220482,0,-2.4004238277052448
-0.12927515006049184,0,0.6389304031968794
0.4775598774660077,1,10.783697950069524
-0.35523809652203564,0,-1.2619533496224609
-0.2900541836389281,0,-1.1838002447788352
-0.6788613299916624,0,0.36117105542478656
0.25692726673814414,0,0.2028051607346027
1.402298112060464,1,9.403973964374623
-1.1938864879747486,0,-1.6728836789773984
1.7377321550137657,1,12.93756932539515
0.7563506149929187,1,10.89301820022992
1.2930928507201207,1,10.496764023970899
0.22476277052004656,1,9.858220828375094
1.118066805696254,1,9.819480670854606
-1.9351984106421312,0,-2.2997284687342625
1.2735216991181408,1,11.207323648630895
-1.839444563658534,0,-3.779620406298868
1.55965350545145,1,10.740642005041181
1.9678509889545732,1,12.543302627713642
-0.8237301512928887,0,1.5320913484523457
-1.1587257748568254,0,-0.9513907722821896
1.0614534554321629,1,10.198439924069337
-0.9878946363189871,0,-0.6953046917959892
1.4622495326888139,1,10.933061957644282
-1.5886296313700932,0,-2.111657827207744
-1.496179214482567,0,-1.639709263789446
1.9166062204024623,1,13.535214440026383
0.6953555930800186,1,8.905511161187654
1.3875488977158112,1,12.228149337076799
-0.702682490593928,1,9.273561371078047
0.7059349980824177,0,-0.4827640336801001
0.3769673092343888,1,9.322958331113044
0.412600480491788,1,8.982648685754533
0.7301298381508863,1,10.462409969873768
0.30143669251639427,1,10.908676856150866
-0.2837505227893362,0,-0.734412214388957
-0.8963092224778126,0,-2.2031598550369957
1.074325323652808,1,9.592865064448368
-1.0949102799872552,0,-1.1045907852078698
0.7694172246176567,1,8.99631328945285
-1.0666687094026934,0,-1.205549990093048
0.5013206798178156,0,-0.48853026005090544
0.9883130685161157,1,10.467183659082439
-1.1251444443738432,1,7.832857217421935
-1.7602267965547669,0,-2.146828550318424
-1.4761050280233037,0,0.052806488980484456
0.4239878690841019,1,11.467226446302389
1.3977856249029421,1,10.781455881747194
-1.8200127150583025,0,-2.3456920153216902
0.936605036166585,1,10.961062352621397
-0.6347254161997915,0,-0.171383093654562
-0.08588652032190991,1,10.176688870458188
1.7154381993822625,1,13.20707799283636
-0.6721139810566181,0,0.7315663592448786
-0.1386522642420558,1,9.186994979811313
-1.9452703409572756,0,-2.9328346956502926
-1.6736051199806465,0,-0.6773830358229038
-0.9656336354608639,0,0.43197991245485845
-1.8885910367157024,0,-1.831627774668175
0.5255013041930039,1,7.489039661573642
-0.2944065727935099,1,10.582950183907588
0.19258081091208812,1,10.267822427680665
-1.3014112564146818,1,9.925003277099885
-0.8162718822535355,0,-1.3975670477111968
0.6552978994109004,1,9.634556392374682
1.8612108945215993,1,14.124252640779645
-1.7983329055911632,0,-3.9675739801644614
1.5615372834210643,1,12.14613948865046
0.30752480524483383,1,9.997602959052163
0.25567826702249485,1,9.812426353227364
0.0011141408310413325,0,0.5726986427883869
-1.7224236563832664,0,-3.670495167268643
-1.6404925930553573,0,-2.9875766960263013
0.40364802263634436,1,9.893634739101325
-0.6361657142577668,0,-1.3299126655028033
1.6690722663107227,1,13.555774423232702
-0.37363785056211096,0,-0.8248480389605258
-1.4268741651894357,0,-0.6662068137406996
0.8588753340081441,1,9.441278619576975
-0.8265863142359606,0,0.4218167499204221
0.1018812294235727,1,8.391680078176938
0.7913311420206801,0,1.6563831505743278
1.6010564448082816,1,13.18719243234149
1.1687647792067044,1,10.245689328046268
0.7054442714908964,0,-0.6501078897503009
0.7185327295805743,1,10.643287886555628
1.7836985761283461,1,11.311384180573658
-0.8167036100138558,0,-0.23762052176606605
-1.9955516232152504,0,-4.780957494365035
-0.9121817624072053,0,-0.6338121941638039
-1.128434481493024,0,-1.3623029074705997
0.6473383404559927,1,9.33726393826277
0.5348463990621162,1,11.781293417413686
0.37384553081889527,1,10.806667898924234
-1.9350262271621852,0,-5.10254797226318
0.9151122178025899,1,9.507357977341625
-0.7058783500580339,0,0.6815920577296912
0.6602239560265244,1,11.112581226332594
0.22631371400861333,1,8.620712960610833
-0.6290762982883713,0,0.5741304686018991
-1.461694931583569,0,-1.296464551963705
-1.6223244093580762,0,-4.0765973702194955
1.3260733324488942,1,10.762732688330397
1.673590168326232,1,12.207619425172503
0.5991521870571983,1,10.156034632981644
-1.5862635405580665,0,-3.316286343857748
-0.3918911324470371,0,-0.7931085616176345
0.9157568004206289,1,9.761037903511642
1.1192835360402724,1,10.165441046948354
-1.5271255108356456,0,-2.299711560718916
-1.9998771246184703,0,-4.131895703919456
0.84854818352242,1,10.615128394880925
-0.5736152960551775,0,1.679856111192909
-0.982074673526959,0,0.3972976471213937
-1.9484101208418982,0,-2.3815132288013747
0.16119762704599871,1,9.521338648948298
1.404602941703927,1,10.381654039979937
1.8305265850903516,1,13.868314758000109
0.2629798024531569,1,9.99288268820999
0.05784531095957668,1,10.730414577648585
-1.6597744580430356,0,-3.1685160961186325
0.19549120617039906,0,0.6523126240742706
-0.4800836841384215,0,-0.23057441269060835
0.42854112353430773,1,9.578449267358243
-0.4450946084938132,0,-0.4108444363955531
-1.038803506198533,0,-0.0700596236441442
-1.620138899086494,0,-1.352169520682726
-0.7403262216444171,0,-0.569294234323763
-1.6134206628489909,0,-1.7556589996018486
-1.2924121967040643,0,-0.7385605766584253
1.9493446343181837,1,14.442037574182944
-0.2235857723735255,0,0.9813266000943693
0.1274870660200662,0,1.8122574078551885
1.4944741149488614,1,11.203748371724421
1.9822756019627512,1,15.354603190196237
0.3308577973787261,0,0.13518336080783516
1.2498952841766866,1,9.881515887436969
-0.6922359026532989,0,-0.8163409357508544
-0.7770241702108356,0,0.23138951464949625
-0.3891851160217592,1,10.694286739514665
0.6900290506945965,1,9.14800739069921
0.7287667570203951,1,9.42964011504084
-0.7390422614021968,0,-0.7349429880976045
-1.4671603034534852,0,-2.442442840895167
0.5295850258620343,1,8.194178797265561
-1.486696551244942,0,-3.8623116051159228
0.3139700329173203,0,-0.3663319750271405
0.7736885122252359,0,0.48364190698162346
0.8024459855778066,1,10.913940939644858
1.013888442638387,0,-0.841210737295697
1.4914376862626582,1,10.3134277146156
-0.00016403214084625972,1,9.472071396893437
0.9209967581182847,1,10.393953308557608
0.4766909414633469,0,1.0629418555549006
-1.2534402408092697,0,-0.26692570667112114
-1.8972414205223673,0,-3.7824121405977102
-0.8618344572922649,0,0.04008781345974838
-0.22786517464952238,0,-0.8494549082042496
0.4684237777146252,1,10.125736723993588
1.3998373220128215,1,11.309098489256668
-1.2150171331753374,0,0.5074576631603547
-1.4978008404060916,1,8.81346637109123
1.85391978989731,1,12.415193342685043
-1.5678217624943716,0,-2.68745878801606
-0.08603571957124334,1,9.666590042667664
0.3422549151732075,1,8.45557959674832
0.16549768362975303,1,9.772246069873102
-1.6558713718682272,0,-2.4137843464110063
-1.7718923439855225,0,-2.314991918594295
-1.5780662901558573,0,-1.3527985363374904
0.34235073549045003,1,10.118978851655362
0.17737955053728438,1,8.372797804543513
-1.065036831853023,0,-1.8250840092276488
0.5510965673823662,1,9.478581136539137
1.2802700082225975,1,11.701531160829113
-1.833684160613625,0,-2.4642636401396505
-0.007480225807830365,0,-0.2494384823682153
0.7572416484107611,1,12.576837237150471
-0.9907522917212517,0,1.0753112627537065
-0.7689163788274036,0,1.0126152607367194
0.45455161195753524,1,10.7476172379637
1.5917411737749476,1,12.474991279183111
1.2396976812115974,1,11.338190938041455
0.33252087639833405,0,-1.786645689558125
0.9208868710289968,1,9.339186700437992
-0.5407101191688053,0,-0.30117980151015883
0.5638621123950309,1,10.217509791251201
-0.13527363548977211,0,-0.1256942060255064
-1.2402554541697564,0,-0.6816245196721717
0.8069530955090287,1,8.159432604666186
0.22585854939528804,1,10.511425060504093
-0.5655136721856344,0,-0.028289695881560988
1.645356760314523,1,12.039704021317831
-1.916263528693067,0,-2.591010955958754
-0.736907395002016,0,-1.2456157191033548
-1.7724744088894138,0,-3.0211557293842692
1.0661092648865087,1,10.890282424203365
0.8084298164551704,0,-0.5888331111271277
-0.6745911250547318,1,7.843161855653971
0.7026516088282921,1,9.020416214046014
-0.41625109521620063,0,-0.10078145489486501
1.0250151656897373,1,10.28944946936992
-0.1832653490531757,0,-0.021343641415291534
-0.3508810886733378,1,9.319123347924254
1.738919661953204,1,11.316844965820774
-0.9964836004371991,0,-0.35773566830644277
-1.5182106400137383,0,-1.9162330857782917
0.3381724530378327,1,10.657171686429713
1.8772872491367156,1,12.560290039542467
-0.4886431450912534,0,-2.0791891714765156
-1.751852945484874,0,-5.29266846264551
-0.6427789307617302,0,-0.534256013829104
0.023726617278233775,1,10.12791584059548
-1.3523079734711452,0,-1.468820237237188
0.6324088722259682,1,9.561312660266227
1.9909975560408024,1,12.354845690281415
-0.19304209607422473,1,8.107040914224726
-0.5810857730791494,1,10.269169873613084
-0.39718333266213346,0,-0.25892997862415607
-1.5394152864191954,0,-2.1875710443335863
1.5330944057048952,1,10.259925076790367
-0.3406973779145921,0,-0.9860297734413189
-0.45090235430063474,0,-0.0007327905906618568
0.6387610917218973,1,10.414928240766166
-0.2318663162755059,1,9.829527070795987
0.5929338752313842,1,11.483478479488433
-1.75421483947685,0,-3.2745899849296376
1.2548933748889097,1,12.274948224587785
1.7620158115176103,1,12.952131759652682
0.5950615446375438,1,10.213488565678603
1.818263715435243,1,13.938188040461338
-1.3942707425201468,0,-1.9793521676853856
-0.09033524207858523,1,9.670427952442665
0.40722693578178903,1,8.81022442443262
0.32694658968474677,0,0.9526868477371581
-0.39415288364382706,0,0.30488833585165853
-0.6476623625349545,0,0.9619570080999627
-1.4927039097983248,0,-1.4581318723240186
-0.43303019775088725,0,1.0624423534798477
-1.3493567395780595,1,8.024281051119244
0.9374627059688736,1,11.399177796678266
-1.16467625802164,0,-1.1877395870303034
-1.7657387788618646,0,-2.750107764911457
0.20946455126893726,1,10.732950683628879
0.3809189308776064,0,2.355476765091294
1.487652245122022,1,12.466221310548674
0.30792644967072746,1,10.928944727533977
-0.6180765851062171,1,9.336563649492556
1.212047526105282,1,11.04728277884681
0.16111557274968424,1,9.906223870033504
-1.682878861475233,0,-0.9753587106830495
0.2634022412529866,1,9.863203326095116
1.6320741816866495,1,13.502192215747593
-0.4147494980071178,0,-1.3373187192155964
-0.8146967924007997,1,11.128407622274796
-1.4261221719279198,0,-2.31164191697072
-1.3942179122585707,0,-0.501186616295623
-0.26891406263272444,0,-0.8740536921780798
0.38271929664611815,1,10.64637648194556
-1.677538379321593,0,-3.3229969058874405
1.7582743561006628,1,13.75435876855577
1.0205344697807837,1,11.376683996610014
0.3464956731346507,1,9.420112581316948
1.3137546837559633,1,11.711822856528496
-1.6792529727515468,0,-1.4202221431953201
-0.09264448906750244,1,9.076283362488756
0.5203725074466536,1,9.036452353021943
1.314611624473157,1,10.064653621019346
1.1338782401970708,1,9.515899510217887
-0.8917230011464015,0,-1.4306284956417383
1.7635206782368171,1,13.667067433595232
-1.5026166342765186,0,-1.1384967336206167
1.5005344744846085,1,9.993302307011975
1.8837609984184742,1,12.832148239616672
-1.2913859071094977,0,-2.2346442387146674
0.8882642568151411,1,11.211956392722911
-1.8388579248880061,0,-3.5586014211586576
-0.3783086994433802,1,8.428501284815379
0.06513319679069607,0,0.17030322613620738
0.3225809036385363,0,0.62327574083655
1.743748992994238,1,11.69737595330706
0.6890027491767787,1,9.898627425464317
-0.074888195123052,0,-0.9026054801921837
1.2387001450635573,1,12.19436454829375
1.8021312838176358,1,12.49501217172324
-1.9117354052708366,0,-4.215278726152526
1.9300850890241548,1,13.543678449270487
-1.6554714437452787,1,7.523969986415606
1.2575471170750454,0,1.6828514625289426
-0.87866098979435,0,0.8768642546923623
-1.471281368984513,0,-0.3687952357911717
-0.2405774411446604,0,-0.3888693716414232
0.5758263177904541,0,0.40057871182490445
-0.47619261990609996,0,1.4345093312239752
-1.7817383668692042,1,8.6988529748411
0.39784455863486645,1,9.155579321928307
1.609613104442699,1,12.677381770150204
-0.4671385362109932,0,0.37223645799072524
-1.1346688894766919,0,0.19595948759149417
-0.22969061626873843,1,11.237558584428859
-1.8065491558048765,0,-3.9889208538500154
1.2819503379210992,1,10.362698152480256
1.305363243800747,1,12.019760747026616
0.35200185371851367,0,0.169838203376509
-0.5875884442464421,0,-2.3286766535137904
1.1991334577831334,1,9.19584717795217
0.2187480991534687,1,10.667806769510886
1.3037292342000648,1,11.947091676216449
0.5258351703320825,1,8.723209698533894
1.1376218928511892,1,11.83531334405046
0.39425197287103986,1,9.833492871330044
-0.34343572713733517,1,8.957272074695622
1.8317834397045503,1,12.512915185531542
0.16445529951537896,1,8.779480665597257
0.42035807416215354,1,9.421227843841974
-1.118049442341003,0,-2.56769818974114
0.5026031577091059,1,9.9896483262854
0.2864305979317754,0,0.598868427293414
-1.2606464082119002,0,-2.3491531138339212
-1.7616516105874251,0,-2.716548976501397
0.4174372788590843,1,9.231718004944286
1.0547690774012821,1,11.255536073307129
0.0936054836880329,1,7.686002993696876
-1.0929094987214172,0,0.05917533201401037
0.6660879067721397,1,8.330006045631528
-1.679577093561591,0,-2.5789663801895633
-0.23266518079218157,0,-0.7152155586442854
-1.3465329664063193,0,-1.581436744036635
-1.2621637957604666,0,-2.5347404740697237
-1.1908242033671854,0,0.8158061960809548
-0.4531717718240884,1,8.666904190151728
-1.7953991775184095,0,-4.101350712453355
-0.40882623628360726,0,1.7606552031165896
0.04682978845880337,0,0.32275298561978044
-0.06682286013469918,1,8.745594284659921
-0.46886359838783775,0,-0.18032353893895608
1.35658643228301,1,11.012551679538879
-1.4186932303179836,0,-3.1153460181667674
0.02278697512549588,1,9.241743322007297
-1.7518343321737828,0,-2.714503510917798
-1.715377284488361,0,-1.257347415722092
0.2954633987083852,0,-0.1759330697456539
0.2640736995512838,1,9.895562371383004
1.5121340513778279,1,10.913617924926118
0.2314947026402927,1,11.102093658309341
1.8391640816194008,1,14.01283055188119
-1.805220606400281,0,-2.1521110330411637
-1.6079692608770357,0,-1.9669157716440269
-1.8237365537184744,0,-4.631461144599836
-1.25889259866584,0,0.08911674728094687
0.16508044376671238,0,0.05957909716198686
0.582288725709712,1,9.79012393279213
-1.8176593682053248,0,-2.554210225021854
1.7838835593823972,1,13.062563006464165
1.3686615066015242,1,10.21271385951491
-0.8135500713716275,0,-0.590027499250412
-1.6912498790941282,0,-4.322855923084347
-1.320451707123771,0,-1.0651383511836776
-1.4922223449801093,0,-0.33125851857871447
-1.5068648828042126,0,-3.5063903135778505
0.07424675466293573,1,10.128832715420343
-1.0166102300263988,0,0.14314704776354448
-0.5674411338834222,0,0.7250019571384362
1.9580213335372898,1,13.007187878136696
0.737256995701379,1,9.098136508005393
1.7959226681880054,1,12.3091770548928
-1.4297737798675376,0,-0.27053868348300236
-0.4714421006697229,1,8.238053546963277
0.2189272131294171,1,8.789279499791714
-1.692967752445048,0,-2.8849106213834026
-1.9832502254881685,0,-4.876011886063695
0.6817373351876701,0,0.11675136159428354
0.5672780672057414,1,11.50580223002319
-0.35684476000155296,1,8.77346157156221
-0.04142369587186945,1,9.853598283574694
-0.3382279976316416,0,-0.027597302803886906
-1.9039798206204446,0,-3.78568214981649
-0.6585135751301503,1,8.278796068206532
-1.2916709784108407,0,-1.715346440116661
-1.606303243594525,0,-2.7071362862810275
1.8268817355573992,1,13.682109997997756
0.39743890016866246,1,10.450968560878968
0.9146251369464107,1,8.83066411372967
-0.73854502693553,0,-0.5885555914123194
-0.4274114820239392,0,-0.5392950958253364
-1.052304024413106,0,1.372064136296201
-1.612137316138301,0,-1.8026485623337354
-1.2838734502336648,0,-2.1355626463267594
1.1900561811859434,1,10.065900920298601
0.7101832207351033,1,9.800548678918412
0.1877155039419076,0,0.3656748513615309
-0.09964050853292772,1,10.484426319172355
1.6897371346244978,1,12.612761163147857
-1.7090602088853264,0,-2.7057509458504487
-0.8775967470483361,0,-0.47395232244621555
-0.6002485857171438,0,-0.23710351832442955
1.1297032488511514,1,8.93797036965191
1.9700584806478854,1,13.761735324782048
-1.0373179409713877,0,-1.1353458953471232
1.4972293365483225,1,10.02533605172717
1.3224910417271651,1,13.574389458895416
-1.1013704094329335,0,-0.35668678715680774
-0.4026696792031097,0,-0.0195417505563293
-0.36130852282992354,0,-0.39471129315945214
1.9128826741062332,1,14.229956203342006
-1.2764323944844067,0,-2.202132926581492
1.1966318844191282,1,10.54404097886283
-0.6632291433075603,0,-1.0980391448398
0.9234813831046416,1,11.11534356439732
-0.3199559828173486,0,-0.8431183857433618
0.3134390524661601,1,11.116724570976737
1.3304470933045245,1,11.07822980624584
1.2166622599355366,1,11.674982626898064
1.4656927341588006,1,11.974199896629699
-1.761530698621364,0,-1.6737615914930606
0.7682022121589793,0,-0.708505228542702
-1.4400504931129485,0,-0.5875258743389766
-0.336725727926356,0,-1.8816783445375735
0.1943536602187539,1,10.046797456066777
-0.389042061012677,1,9.424636585092912
0.07844670321202996,1,8.595699992009665
1.9861052351944766,1,13.023687138347688
-1.459130745148581,0,-2.1939460252617535
0.7018241813457022,0,-0.023707411760206576
-0.41599613445753914,0,-0.5608442964255427
-1.4679608043706849,0,-1.501634944560438
-1.3650529465027619,1,7.898042639300121
1.7970924249824676,1,12.425034297902853
1.518405986847048,1,11.461319514152857
1.6281678416600873,1,12.340176134401913
1.966131103309546,1,14.649055782641598
-1.1667384399659282,0,0.059534979416092315
-0.578242650543753,0,0.1408120662502913
0.6768761196994668,1,10.585312231787452
-0.064789840557411,1,10.311730930929302
-0.32644186648666595,1,9.667964300913921
-0.5687550026576278,0,0.8085919277718515
0.37512252777380883,1,9.111911949164288
0.302373714560328,1,7.965677525383537
-1.3541686637430397,0,-2.2831081974416447
-0.11304064992624374,1,11.402398587735807
0.21388710483939954,0,-0.2905407176273136
0.2811477549255619,0,0.2852405362023812
-1.1595712283505928,0,-1.0535329037241488
0.9690855690091471,1,11.016712462912874
-1.8992036207157215,0,-3.3544767474436137
-0.5806725778273494,0,-0.1664877857100695
1.1208505941425342,1,11.317844028794209
0.25557168422160936,0,-0.4573313653658987
-0.955350269956559,0,-0.06389351301218499
0.7798124773721908,1,10.062383246911489
0.26956377662429354,1,9.902367622787256
1.1849744378255487,1,10.01335197177155
0.9401007447592935,1,10.199469892029011
0.4404316881449386,1,9.501474935024405
-0.047289298756743925,0,1.1298673027571466
-1.4672714973299064,0,-3.263505537195214
-0.9546679284584649,0,0.45422208232033817
-0.3236021083316589,1,8.238798784013738
0.3971971480255547,1,10.568547655714035
0.05483142086121928,0,-0.8376478092981045
-0.8472618961618821,0,0.2622176355208733
-1.9741425688411578,0,-3.9682115970750584
-0.015043112396744274,0,-1.4323550579810849
-0.8574960457510277,0,1.0433603465121803
0.9384332028421403,1,11.189865136322688
-1.904214938918066,0,-2.9491991069568995
0.33931124522316347,1,9.379163067305868
1.7658969500242616,1,13.564464107987236
-1.302362931554002,0,-2.387752547403069
-0.11340203699761853,0,-2.228375298852376
-1.6343120327314473,0,-3.744929830342885
0.5027276490454105,1,9.14154042226455
0.20212672238490237,1,9.24929208094652
-0.37053790314867063,0,-0.46028068791907484
0.08550808589496484,0,-0.39012063275888126
1.5862986338760408,1,11.345997731572606
-1.2148227907557319,0,-3.0127291158206435
-1.909741953178611,0,-3.290400252242181
1.4466595387964039,0,1.2491270185215426
0.30846832955162595,1,9.318332214257502
1.5626338218473697,1,13.305860036400773
0.3877808936526903,1,9.786990721660871
1.24064435983881,1,11.013330656393435
-0.28130654657940823,1,10.784719783823348
0.9994397251530751,1,9.009299216276037
1.652165867559424,1,12.232308923239074
0.2884918548888251,0,0.8045530892039422
-1.2768593977504819,0,-1.132205480816396
-0.9248095398792073,0,-1.6988247558524998
-1.2054216924103769,0,-1.3582392907837977
-1.0125718896170683,0,-0.33010926080348735
-0.7743382025958545,0,-2.3390243485522824
0.2205351470127539,1,8.652701951154677
0.35196651785533106,1,11.995337777669526
-0.2940010110325555,1,10.471884004600046
0.4616831192833417,1,11.53267473985532
-1.6737002975545363,0,-1.4779277625654879
-1.6488470517673601,0,-1.8473737937063535
-1.3126821585693662,0,-1.4400431632326023
0.07230999216137901,1,10.381402919277035
-1.1440212852067457,0,0.7013254130103963
-0.8668623860296907,0,0.49983688140196925
-0.3987486553080237,0,0.13510968903444825
1.2474644960415193,1,10.798284889210676
-1.9445514563485595,0,-3.1781235341894596
0.5975152809464896,1,9.574621193196316
0.6755061241627414,1,10.65259401157544
1.1946231214265461,1,10.154482413042047
1.7310117562412528,1,12.239482397287631
-1.9194486042028407,0,-4.563601343560202
-1.3848651779471353,0,-1.7677459658072565
1.5446851762239722,1,11.15912214535891
-0.16592575125193854,0,1.689631310734358
0.258362555733854,1,9.1141272494057
0.6521088148925895,0,0.5234885976578694
0.7162664179825495,1,9.236853476052719
1.7269616132660328,1,12.622138097672389
1.9877976696466786,1,14.217147201988242
0.880629843723761,1,8.490364476318863
-0.8511151631793967,0,-1.7059741326871443
1.5190096091773744,1,10.79780074623408
-1.8031163418369536,0,-4.234408531791843
-1.0756765885020152,1,9.461763202251841
1.5895428698548595,1,12.250686701015816
-0.9752339422425802,0,-1.5268353099315886
-1.1173957615130061,0,-0.5733768129568725
-1.447498827439011,0,-1.940516639488256
1.436447030587666,1,11.382492054903324
0.00023303676434682785,1,9.371576710400412
0.6995728122166192,1,10.658842941016255
-1.0437344636998813,0,1.0664166808883293
1.032161684044866,1,11.32414493617039
1.040022179848394,1,11.955858834032593
-0.7496079003667995,0,-1.6134316219705256
-0.3572694679588686,0,-0.6985103028000116
-1.1612388902791966,0,-0.21771541492974544
1.9062440932916171,1,14.97171717958004
0.5824103082336465,0,0.7492177297823475
1.7381755228620621,1,11.599510919066239
-0.7864578254834673,0,-0.6778756741187582
1.127563651987559,1,11.05019653135851
1.063434575538968,1,10.436655888371808
0.7666226074661662,1,9.426503513800355
1.8625559010672017,1,12.940455384040526
-0.4257786555747378,0,-0.05303018500953205
-1.4771307056409708,0,-2.6964082170475807
0.686835436976243,1,11.146513948972826
0.9172392019088247,1,9.946234576031411
0.3002422938352587,1,9.940956509781914
-1.172728427466415,0,0.2286307122548341
0.01782376667742147,0,-0.12499583491951592
-0.7512410537234824,0,0.7683724556655187
-0.29013388733324375,1,8.958587741397254
0.5808743033786556,1,10.53095375346888
0.9808589707633382,0,1.3111568739237418
-1.0711012363946275,0,-1.4442826538872722
-0.3786985574121866,0,-0.20552466423882523
-0.9233537160334833,0,-0.5512930027945042
-1.2054735445525235,0,-0.6662376485185364
1.1335488799833535,1,11.203068834724942
1.6370107777479697,1,11.282228050975268
-0.5190712572616931,0,-0.12998283264530858
1.0051156974950675,1,12.099031042298297
1.5879811574576443,1,13.056070254368313
1.3844968421209263,1,12.120767428602477
-1.2687464458430964,0,-1.2139413042134473
1.8251675260534452,1,15.168863163749986
-0.49329423828215013,1,10.969795274490092
-0.6430373553046547,0,-0.0955281536865064
-1.7502746908888787,0,-2.4605388437600446
-0.05530538358046799,0,-0.4589342356251558
-1.5639455374362852,0,-1.5192755568113716
-1.005840716290296,0,0.08426268871629317
-0.7322295129308745,0,0.5063119748975912
1.2353052939667362,1,10.761841180970565
1.501954601583586,1,10.220406042502216
-0.7901347301541213,0,-0.004857302965553034
1.4347924849782956,1,12.183646555937282
1.4289237494791642,1,10.480251406572467
1.058603801539494,1,10.50232536725696
-1.4132195439392738,0,-0.06976777735876372
0.7612913876029159,1,9.017133702383347
1.780096258322275,1,12.53659915225375
0.7301619150686283,1,11.681777103457637
-0.6735326035686642,1,10.00494261177421
0.0023172697233251327,0,-0.5260118220186728
0.5829001734042145,1,10.091995164161071
0.042281634914014266,1,10.825954926492482
-1.5201882330761207,0,-1.9600619565199509
-0.7517438213919174,0,0.3851698419610624
1.20958412221453,1,11.119857642553335
1.4456721843820697,1,11.827782759037573
-1.450799869137719,0,-0.8652949680854597
1.8095470095948984,1,12.667816911299834
-0.6847095286055627,0,-1.1050159573938565
0.6492549549228799,1,10.61123647413756
1.0073005838267246,1,10.378626905304804
1.2477849385515336,0,0.5232689180649646
1.7829988089037205,1,13.360537452910222
-0.7483218078847096,0,1.0678223897842702
1.434025818206218,1,11.319908507549936
-1.4732523862551719,0,-1.590377425358047
0.8201636254143709,1,9.094081846399877
0.9679109180559435,1,10.230699811230934
0.7108929648052817,1,10.400922011760624
-0.9907410554593881,0,-0.5066838770821802
1.4921725880608134,1,11.299064265914474
-1.32456614651842,0,-0.4361177404025294
-1.7854608339166766,0,-2.7879011834049368
0.8698599624476486,1,12.917895652336938
-0.09809713906906525,1,10.207247268083124
1.3963920798347043,1,8.614917174425909
-0.4664114357669642,0,-1.162763093714378
-1.3268856459691487,0,-0.6359550842652181
1.345768769879479,1,10.57534679103976
0.19563852656028669,1,9.422513709016286
-1.2432168304385804,0,-2.199980405596559
0.881535994345783,1,9.865790856441443
0.04445455395800213,1,10.193971681582813
0.4172519289612793,1,10.422157322107996
-0.15640664717367248,1,8.978191257525488
1.3148359352720256,1,11.941946046664675
1.3182508627321994,1,9.954049420128968
0.8375552872975449,1,10.731728148302858
-1.578394490414151,0,-1.6291033411555431
1.3554154476162754,1,10.310693261618711
0.6840519221316392,1,9.106727666803346
0.788096664017198,1,10.627032422062104
-0.5480686383845135,0,-0.6421967370476162
1.5171182246280268,1,11.555436496549747
0.9014864009394299,1,11.053644779371682
-1.5496381338832221,0,-1.3814965681789677
-0.3688878623753493,1,9.058956676602621
1.5455214478405668,1,11.792265315967953
-1.811213193210484,0,-3.9055515122404842
1.845666478568198,1,14.01355630647254
0.7166502732782511,1,11.720548216312421
0.5255039105735064,0,-0.7725352171350615
-0.9177629740480344,0,-0.41767787613384166
-1.0048328450432917,0,0.41017665274044357
1.7682328779543819,1,12.788531471406571
-0.806910183063509,0,0.2988140459006952
1.1020211868759975,1,10.72078153039339
-0.4275128071716834,0,-1.0958713673157954
-1.442983716861184,0,-1.3833667785717485
-1.9571388092185642,0,-2.621021091349861
0.17702934806100323,1,10.317066065704376
1.9031152741957307,1,15.070071167735787
-0.5234552247631821,0,-1.843218630901577
-0.5712306640278206,0,0.28584988966778
-0.6236335286022316,0,-0.7692793801141067
0.0821753492194337,1,9.124646295231074
-0.2373404663028258,0,1.3277338553657494
1.519658506908058,0,1.499715809719247
0.02208316689396117,1,9.648460123274404
0.031031352754275154,0,0.34359082585960415
-1.4465136211177736,0,-3.665862201230315
1.9309581636415438,1,14.954750693780632
-1.0001084365246813,0,1.4042676416887558
-1.7065437301615893,0,-1.5698629573621343
0.6525849959008352,0,0.5509470055089986
0.38146548062749064,1,9.811179221687183
-0.3394173840290171,0,-1.0947634661890302
-0.31123106447728777,0,1.178990152138829
1.1402556841857248,1,11.65761216581911
-1.2171494396014038,0,-0.4514584423764094
1.281013275779559,1,11.38469708784175
0.5949884555800726,1,10.405908720964355
-0.3241209048819025,0,-0.5429618770608796
-0.16788553366452552,0,2.4988028546774994
-0.9734111712556168,0,-0.7467913474302637
1.0084573307878992,1,10.086089394830893
0.051498969221071,1,11.120674603381905
-0.7165818290006256,0,-0.21318440129088168
0.38420046304380095,0,0.009361399115876322
1.9829378082052922,1,15.313067092919182
-0.25895088137378464,1,10.669933197502974
1.6827656031144782,1,13.111962289068869
-0.6199326403017356,1,8.463164341189739
-1.7810691723000565,0,-2.42442022243082
-1.1830315745262845,0,-1.8334719631673044
-0.3252194266892632,0,-0.47219285813846956
-1.121460285621724,0,-0.529573987909281
-1.9990918471269779,0,-4.030763358687879
1.660006150990109,1,12.941391730625497
1.375517644923716,0,2.071972900721615
0.9691689259477885,1,11.300798407577364
-1.3287416174158855,0,-2.5171836718500824
-1.5185456951600558,0,0.6117894802222636
-1.7295810021104674,0,-2.6115567961399244
0.8961167550916849,1,11.57273553927261
1.7152318427515412,1,10.00881058054359
-0.27785671634785203,0,-0.27605467402267114
-1.5234373120158073,0,-3.2285254049587193
0.049571282928426275,1,9.138695536097439
-0.6046723701654795,0,-0.05998702724556633
-0.5007003026000092,0,-0.3975124199853843
0.4853224966228291,1,11.371172934212973
0.8748724530488095,1,12.103806476122601
-1.5575856045073566,0,-2.8562423369636543
-1.8576390767740945,0,-3.6929569351436573
1.9773212107428595,1,12.834376176509293
-1.0690866043377927,0,0.5449459608008911
-1.7846779003661637,0,-2.6831230626865494
-1.24049868361632,0,-0.92213145654709
-1.8441686146061431,0,-2.8235034793879823
-0.43275642153131333,1,9.648306204348046
1.209607137805297,1,10.028447969952634
-0.6350222009691175,0,-0.07698261215733837
-0.2232663724865338,1,9.727426958062827
0.7023470942697552,1,10.520254982321935
0.035576280279520756,0,-1.631956054574323
1.4457827440852968,1,11.69740955728303
1.464142700183026,1,10.880105484013194
-1.9603572180353854,0,-3.6155218709742316
1.1121852259327967,1,11.592951690624517
-0.15706559903330453,0,-0.5581851240546137
1.9553621652146522,1,14.934826644688112
-0.06707169649825939,1,8.259086550205234
1.94758378155319,1,15.237501893978697
1.0182774448229464,1,11.766414369993422
-1.0055804615467747,0,-1.3950071274493503
0.1535799171478307,1,9.12358581658497
1.968542557914331,1,12.319252541703584
1.4301224310076948,1,12.383857863025169
-1.6105324248351156,1,7.580877855024648
0.8254879872399843,1,9.877486411659905
-0.6176816565167478,0,-1.2406471981422786
-1.9720709524786075,0,-2.022781022751429
-0.38607612389200163,1,8.99846582576157
-1.0609823131001148,0,-0.5729989865006856
1.2754770820818861,1,11.253469417418023
-0.650677564616938,0,-0.5364135371902876
1.3100947758152683,1,10.523398769190734
-1.9976082446608188,0,-4.354928066978172
-0.7687233998955234,0,0.3382002957836143
-1.0353391427689522,0,-0.9019612184155448
-1.065730555725556,0,1.020327100148458
-1.7272535209381492,0,-3.353586844135808
-1.251502918357993,0,-0.22598244911030507
0.2221982795424795,1,8.249086483274615
-0.8345557086490221,0,-1.0675520629733528
-0.3304208706834082,0,-0.8343295030230289
-0.49253247861124594,0,-1.163654827340679
1.5036196999995783,1,11.983218498480445
1.6211959960420619,1,12.020288441170289
-0.028172113376559782,0,-2.278838897504952
-0.6793761987375824,0,1.8387517110189193
-1.5727971839905455,0,-1.7692909109077395
1.81361151752838,1,12.98383082883525
-1.7590922203988102,0,-1.4115534194184554
-0.8093988897268782,0,0.723731533155118
-0.8077351953199834,0,-0.5616711127125731
-0.7183948554391404,0,-2.137891679831011
-1.342852626910363,0,-0.6463659879768862
1.1326457236947887,1,9.76368168614231
-1.5100085521360431,0,-0.4822402911643242
0.5396266366126512,1,9.302405141144835
-1.5046158931767302,0,-2.1549935233927253
-1.7178574496281738,0,-3.877909151738618
1.637718014743506,1,10.933983002080204
-1.2394849347251773,0,-1.061199927524295
1.2850006182388172,1,10.85865406528489
0.17852348442854327,0,-0.4730377851605733
-1.6885739215649216,0,-0.35428849604211843
1.82179276575227,1,13.626846679162306
-1.01215533203243,0,-0.5082122012555177
1.438581381410426,1,8.731258123995785
-1.3247599768617433,0,-0.33670136236769077
1.4157715285674115,1,14.413428909954131
-1.947084748378824,0,-3.878784735373991
0.04712182627792272,0,-0.8104602069135703
1.0777703176862272,1,10.789287650825328
1.7391820699711333,1,11.19889046575597
1.6368085448259482,1,12.6546819773092
1.2784994781905796,1,12.545111602855295
1.5527653986452163,1,11.200989995681407
-1.203121256651694,0,-1.509400248375171
-0.863262817153085,0,-0.4013573487566584
-0.844125900315766,0,-0.8019595689569589
-0.49178427599320473,1,8.428213342309006
-0.4267173184592452,0,-0.42408767369091155
0.17822129861870195,0,-0.5841788127886514
-1.3604809465342345,0,0.10749205334254963
0.7649866551439573,1,11.379211566875963
-1.329733842781974,1,10.221700542185676
-0.7587660715818099,0,0.5833043424771566
0.013380522424616181,0,0.20578410929460722
1.1857622460939092,1,9.959201865570364
0.957876932954909,1,11.765555185659922
0.582137425642089,1,10.446427961277632
-1.3769069576793194,0,-2.5532505517517166
0.18818138246231086,0,-0.91053623073462
-1.6502139928004582,0,-3.5106816885047945
-0.49054729281339693,0,-2.1110507883594245
-0.34593387884016336,1,10.367823188321358
-1.8407542422169847,0,-4.3564592858342674
-0.9040476021201127,0,-1.1253852677247338
1.8225978690659574,1,13.066049834216951
1.814530431318758,1,12.799296566524479
-0.5906917829898428,0,-0.8164929795107274
-1.8275995642067038,1,8.466727932177244
-1.2836202426872738,0,-2.5841527877259884
-0.4311288262658395,0,-1.5234335509248762
1.7911187918769191,1,13.330893850669767
-1.4352037458512603,0,-2.104256329036085
1.054063374672849,1,9.920310567788551
-1.5652698425012317,0,-2.9965461220890592
1.9250303095651073,1,13.905033725452942
-0.4735340035634601,0,0.17254055559123518
1.100938155596224,1,10.786327313717718
-0.6296356687554727,0,-0.7077636421271039
0.5106755086352348,1,9.315559795515469
-1.231935661039853,0,-1.0979269473947473
-1.4159159228121498,0,-0.45278698457274746
1.7522565582725251,1,14.258226335091237
1.6705891116177338,1,13.442552142584612
1.5498757608515294,1,12.367227150950932
0.5017338006663739,1,11.045328605242945
1.233072844865113,1,9.755488426297793
-1.7238522523545003,0,-3.275127345025875
-0.6608438324372834,0,0.38009844035326684
-0.7451875009713751,0,-0.3250638204292011
0.542581287810453,0,0.41737284044213474
-0.576168906117438,1,10.883829619878176
-1.4059728734252768,0,-0.5656069879368696
0.38586830165417485,1,8.937763294184997
1.257535682676326,1,11.006175251046376
-0.4715060221601073,0,-0.9732347030244803
-1.4709251396060732,0,-2.368580127520791
-1.2132472107487078,0,-2.603800022137731
-1.050066779322464,0,-0.4453225009738032
-0.8004096280218551,0,-2.0411680134215193
0.5711802820252365,1,10.48730614119042
0.40378193815087604,1,11.391363885019326
0.7843194462681566,1,10.771575915350912
-0.5499920618739473,0,-0.0312955402915298
1.2959906075199132,1,12.622815629934841
-1.183649355376959,0,-0.5017159430679994
-0.12383700992738422,0,-0.8636928770229017
1.2037548861657212,1,10.997242410825713
-1.279365409069523,0,0.9126742981978202
-1.5605475450368682,0,-2.992846294672008
1.534735870751959,1,10.42734544648207
-0.6282813489632164,0,0.4909055574700208
0.7354804996361279,1,9.974869141011363
-1.898605582944246,0,-3.953956647324231
0.7601875536377984,1,8.960471116374306
-0.7355947538121179,0,-2.1491272668988004
-1.777036585650233,0,-4.26224555025233
0.43925104619246813,1,11.657300399146589
-1.036784735707307,0,-0.5661059088986091
-0.45277103179248,1,7.991226123334145
-1.6776767508539456,0,-1.176907949492866
-1.4113469956202187,0,-0.17079731464693326
-0.808091058016625,0,0.965387716881636
-1.6409619977593715,0,-2.6318866702711787
1.643305058745261,1,11.950022206907311
-1.9758118272640863,0,-3.718991227118042
-0.06455912454275436,0,1.4009119706345519
-1.5070101674697942,0,-2.2661710770554824
-0.7692836420882059,0,-0.9820432441978535
1.704238239273062,1,13.17059547848488
-1.3532217869040526,0,-0.029761362139704595
1.8633292788733304,1,13.181945208652637
-1.1768224920423132,0,-0.1444574039422647
0.9662644338673183,1,10.563531350479831
0.18670905958924688,1,9.752009758283624
1.5379149103870366,1,10.98944634214541
0.21597302201252377,1,8.851177058761376
0.13823687662523465,1,9.38655475246869
-1.2181679985264005,0,-1.8798991982040567
-1.335082551793365,0,-0.9063733568923806
1.6659566044620568,1,13.529403250004227
-0.6886472045998637,0,0.04071905733641873
-0.5116709801484163,0,-0.9876829109380217
1.0392946337135536,1,11.416665470752248
-0.6447060703087706,0,0.16289677317525922
1.808249786556011,1,13.45110402335121
0.9517110759952012,1,9.911640332638981
0.38971697029368,1,11.162971545941561
1.52358064217901,1,12.89660802654462
-1.801576366602069,0,-3.107734997618569
-0.971749231243165,0,0.2596421143882598
-0.1398546631163602,0,1.100121420541792
-1.092085842113916,0,-1.1166111276048365
0.9756207492086078,1,10.383076753103952
1.6768321242149007,1,12.437221111684316
-0.3049195202763064,1,8.888004756230687
-0.6314695995524202,0,0.3157620429358221
1.846202928550265,1,14.168882081932388
-0.22059026868983667,0,-0.14925298480521143
-0.043806398202867136,1,10.339808022101725
-0.5934005106323785,1,11.294105465957408
1.6381938920485535,1,11.793041584915743
0.275821933127403,0,0.37075695211808396
1.0486983487265786,1,10.006850359950473
1.2472268734035454,1,10.372971093990502
-0.6326038323309673,0,0.21531315402167533
-0.2652226747184798,1,10.232041279099956
1.3938870976250586,1,11.909176264241635
-0.546978593296759,0,-0.005665304634132298
1.1757405338074052,1,11.277794570771917
1.7639692902977484,1,14.409891507680271
0.4928414922720279,1,11.119764214666139
0.9665091498075555,0,0.7898090967365916
1.2203892481645395,1,11.413700311089174
1.38015859558657,1,11.015587082716188
-0.4197866485728161,0,-0.1961766670223043
-1.7949461632960073,0,-2.3990463198231002
-0.3924949150530419,0,0.0574178606899257
0.6950249191363591,1,10.960887919227641
-0.19859845687682887,0,1.2631565081130194
0.9958526034415942,1,10.392038709846473
-0.5720702821253445,0,-2.1028256601356827
0.5389765644161182,0,2.1124741229407573
-1.2543207805841017,0,-1.6392188075444845
0.9974777465798277,1,10.691387857588907
0.18278387525210338,0,0.730545686341272
-1.1837424458135977,0,0.5796162498644587
-0.832355306008771,0,1.517699939977311
0.9944348343273295,1,10.127825484147417
-0.06959505735391724,0,1.1895212260868298
-1.1358742384277112,0,-0.5347783993655704
1.8690847614811905,1,16.008006773105045
0.8605000792675517,1,11.419027834864254
1.8285393301591846,1,12.879437810796887
-0.29157981855862714,0,-0.8054676989621483
-0.09959863723311813,1,7.372916271796068
1.5918208647400767,1,12.69142833270574
0.10019736098153853,0,1.0089517242520238
0.8291156476226687,1,11.03044107221354
-0.9913084900178801,0,-2.840490167626158
-0.21309412518943782,1,8.73715080343091
-1.5062005367585796,0,-1.227689957834584
-1.1760798564921533,0,0.9721681768132655
-1.9962263389294757,0,-4.032954530983738
-1.842939793405359,0,-2.0381870559248405
1.9091352927077172,1,12.444799010442837
-1.0305852194529508,0,-0.34016728555873643
0.6532428380160078,1,9.86471778778542
1.3563987951984462,1,12.435352723977132
0.20264183694625704,1,9.464324282290217
-1.3874219996641752,0,0.3416607670162657
0.9124657493446655,1,10.072144153514838
0.4010056403983322,1,8.962378964839507
0.9250023573895003,1,9.35942227033188
1.0789864914283487,1,10.005657296598034
1.9016414707389804,1,13.808963573300337
0.2942531201068399,1,9.402758963256096
-0.6334355492375927,0,-0.947557403998107
0.5938582276009483,1,10.994525327832271
-1.7262371630294955,0,-5.783221134100699
1.5895892732863453,1,11.578400728563514
-1.5224759546472129,0,-3.098736800950986
-0.688628648456727,0,-1.03183153277594
1.2629815225044836,1,11.25105493564383
0.3892495133228473,1,9.824255960707912
-0.42545791889023166,0,-0.33407297809495645
-0.10625736249991435,1,11.18890902283673
1.4181895728087213,1,11.412557000591159
-0.6399824557604314,0,1.6749956524922174
1.4785987392486852,1,12.328488153340894
-1.647462276093234,0,-3.20242472246203
1.107193748834523,1,12.61273419809463
1.3901905322189454,1,11.621467111135575
-1.272729388650645,0,0.8409388112251819
-0.27861387051119824,1,9.723090660157665
-1.3380009013453775,0,-0.9254439090359348
0.826416515976871,1,10.714320636591765
0.14139107224662695,1,9.83329953101947
0.5412933868332841,1,11.351219079077682
-1.2140521321751554,1,11.037872583268367
-1.153016551790322,0,-3.059863573738851
-1.8340106979603745,0,-2.26961645210654
-0.7117298592170811,0,-1.0747705324061576
0.2389786453346998,0,-2.58598432390605
1.4317396559893152,1,11.98446438452982
0.6677097898347228,1,10.668118149766855
-0.2584147064009943,0,0.6714989456941082
1.8124804575765512,1,13.348104430632528
0.8769808023033274,1,11.212266142010636
1.7206608114502,1,11.944108742304616
0.11035189308866267,1,10.264006296468008
-0.9643829008274416,1,10.249711642087032
-1.788693254541112,0,-1.5084375464999202
0.904339405935402,1,10.413643312919344
-1.5147880079778635,0,-1.9516987508367871
-0.7888994869121313,1,9.699270416288044
0.12988363153558957,1,8.807502447253166
0.2576663511189907,1,10.778177771277997
0.4023327879485441,0,-1.4247537662035552
-1.3349786786011975,0,-0.798614086078002
-0.481050380713405,0,0.028914415729716085
0.4687769084678668,0,-1.4994652830644506
1.879275458535139,1,11.824550149436062
0.9105245507987547,1,9.52374597345166
1.6904150283758312,1,12.071241003006874
1.0488482332567082,1,12.057389135978191
0.36686787556960176,1,9.913953581218943
-1.2319065234546218,0,-0.38827984305923113
0.6667426075700522,1,11.414804158462417
0.49351826383962827,0,1.133268013611919
0.4098766818290658,0,0.027369701804147363
-0.04085652804703699,1,9.294440624453358
0.11462641595710243,0,0.4996076102698011
-0.6622298915275837,0,-0.8307817578969802
0.0772507705692127,1,11.815035156521743
-1.209776377286087,0,-0.01749098229892876
1.220697589441507,1,11.118178632975297
-1.2568921812051688,0,-0.4801335138877919
-1.6601348404421343,0,-2.1094189052441887
-0.2550158945713705,0,-0.37662186782701423
0.6332297580242474,1,10.625566139138034
-0.24913270026583456,1,9.749376627280775
-0.8929834721947656,0,1.5806472236942848
0.23268473556176295,0,-0.6864043701334063
-0.6119906583512003,0,0.3941922094708934
1.7314707605065323,1,11.812740380575685
1.6905805584142883,1,11.622728420311896
0.009487279888381828,1,8.213910562785324
-0.6884640239269659,0,0.2483150821022269
0.9485296558265564,1,9.894234189665148
-1.8531482260677334,0,-2.0986127062939186
-0.10092397582539503,0,0.41278140452536066
-0.6547064229186659,0,0.007907813723709384
1.6821435404102187,1,10.969403702430023
-1.9519878909092698,0,-3.1338821905861294
0.21125950287339634,1,9.34256816489409
0.962654324266504,1,9.013208796494803
-0.059928049903835046,0,0.43040586759360994
-1.6583878793491134,0,-3.5387835502739917
1.8898455601116089,1,11.28368235516066
0.0720417255043917,1,11.29732140344876
0.45674497727604546,1,9.486910146356976
-1.0535608691699707,1,7.670790660903773
-0.06600765957278476,0,-0.9627356087298645
-0.28340203216671256,1,9.267567443252657
-1.700416631992065,0,-1.3140792520624376
-1.575358585810131,0,-3.617794526772765
1.3498900784750982,1,9.890980744748864
-1.040720191173639,1,10.41680174740534
-1.2201669140054778,0,-1.3580294987737893
0.019645805000557015,1,10.227956529235755
1.0749885254500517,1,10.13020321722928
-1.7522139256840483,0,-0.6693004360655541
0.30723167855302336,0,-1.2751951564889472
-1.5231582286377066,0,-1.4847562472898561
-1.8541557966975262,0,-1.6842386959683373
-1.7890241913511304,0,-3.237968183734682
1.3366564328337653,1,10.440294832772873
-1.5281100654877537,1,8.982942558340604
-1.8193945423508322,0,-2.007211913497568
-0.24840045142835088,1,9.192432815275193
1.3759738877680991,1,12.764765122902983
-0.9503664940427923,0,-0.3779627405901389
-0.3131495298963345,0,0.4934071631873346
-1.840309869744995,0,-1.6280447170015022
-0.2036859434604965,0,0.7645549682880668
0.3104523225485347,0,0.014711622060463649
0.28362821500857915,1,9.339816124304768
-0.6702932313025394,0,2.557926616957657
-0.7378672773474579,0,-0.989881403657693
-1.5735055242536085,0,-1.6298075175471651
-0.5328067174149265,0,0.4343620031878591
-1.6020213245081414,0,-1.4984622274289436
1.0663837788482065,1,12.734349079540653
1.8650971909927434,1,13.29152231222593
1.8802978266668275,1,13.228849272142469
1.4602843975015753,1,13.109255567322025
0.40316859735847643,1,9.896882357211247
0.8034627889755197,1,11.135363025285578
-0.8591767892783437,0,-0.1227257653517213
0.5230816806904826,1,10.99253626794779
-0.17740180224049018,1,10.72265673559702
-0.07193064089226997,0,-0.40329818458474614
1.0311062415006318,1,8.7041131871556
-0.8723265776109934,0,-2.00580876464887
-0.7278415532219205,1,7.966833166876948
1.6985671645145466,1,12.359097244633189
-1.775102820596111,0,-5.149291209413929
-0.05746280634663847,0,-0.16008519072389726
1.6512032016314468,1,12.384747005647409
0.441452031272628,1,10.899241507550128
0.18562829684852833,1,10.507577850018711
-1.0010232830825792,0,0.4003485723857987
-0.6268980437422069,0,0.2907192959018554
1.4081936632187717,1,11.07268909069572
0.23687252707383255,1,9.900662348321346
0.0589687750271195,1,9.148458564280823
-1.6016811458398843,0,-1.8263758570650719
-1.9358873741795075,0,-5.211719316630902
1.8547407547481964,1,14.256248224415256
-0.4920553308526334,0,-1.0161617233025895
0.41285224839801726,1,10.189030030935891
-1.68113970725086,0,-2.0541660033600513
0.7324571428921862,1,11.359202155361366
1.7302668348238437,1,10.908893241588736
0.30266101198967865,1,9.688403229580377
-1.4955387104983577,0,-1.122640049839249
0.3268861098939069,1,11.768648143640911
1.0653888524186095,1,10.56580889604861
-0.37433385370392536,1,9.379427370262773
1.5193509917658714,1,13.780644513489817
0.5947318134294579,1,10.90774075641139
1.59699567315681,1,13.410118305560308
0.49402124498934885,0,-1.1492560585518392
-1.474848111980703,0,-1.0828987073629723
-0.7612331555792435,0,-1.3038834014113676
-1.1928202069901723,0,-2.1536282541543743
1.6353059908674492,1,12.76846870413749
1.0416002691499306,1,11.216879672579939
0.7055934756400242,1,9.693632225289123
-0.7961347214735133,0,1.1797299963635892
-1.263820911799146,1,8.621665477607076
1.0258043519556472,1,10.269732902001092
-0.10336821648368133,0,-0.036591019079968985
-1.0968417913974835,0,-0.9027270698529088
0.46648791266110035,1,11.32801857155452
-1.838664591446192,0,-4.149678517445844
-0.695318983486986,0,-0.9224255998527581
-0.12577202163546142,1,8.807597684382456
-1.4081666635623766,0,0.4873667515597351
1.9386179103633583,1,13.318375788105731
-1.163610541641543,1,8.443725209578366
-1.4785874798269378,0,-1.90356713954997
-1.1858605044524144,0,0.015238959445066924
1.076244532638897,1,11.287073727532112
-0.2979773629126288,1,9.411592264169162
0.26166375901015204,1,9.609371613632
-1.915963372054557,0,-4.972140408089604
-1.8622747657067418,0,-3.0905237909047534
-0.21669780069193534,0,1.2772295951376158
1.266620972806494,1,10.434261020216514
1.540955514830261,1,12.465346288349703
-1.6531737296174391,0,-2.8411611583755274
0.15345240840409113,1,8.906157672236954
1.652918745117082,1,12.938282825304677
-0.44810898240845454,0,2.3026588737980904
1.3182633257134744,1,11.688874606507826
-1.4652173824022552,0,-1.9866659305276015
1.7415779586711948,1,12.291818682369579
1.0056932701252106,1,12.417774006875451
1.7653375711476067,1,13.057743799166797
0.7064689342100259,1,9.410382720842811
-0.546384272002292,0,-0.1437826887874185
1.7527246900988898,1,12.90736400594964
-0.8977328947632861,0,0.10746130160383682
-0.6713099117530699,0,1.3607735594431392
0.8032336720069613,0,1.5350153840906362
1.061265198101545,1,10.795881687527693
1.7176139353966153,1,12.492155069222912
-1.180790363775162,0,-0.42718211693346947
1.1919921408768959,0,0.23858470168445223
0.9541842135878538,1,11.414386207808704
-1.7448217749856085,0,-2.859442144800463
-0.4511074351591722,0,0.4450015971798618
-0.8689381717596056,0,1.3852061462869574
-0.7820383025838784,0,0.31366545038200866
1.9317875182188033,1,13.835228408967174
0.5711096539197116,1,9.575750886154804
0.8707046311739983,1,10.251978093601988
1.9064705492600367,1,12.328606885619948
-0.49119287016944524,0,0.4739449878559961
1.2073606738112237,1,8.745635349483575
-0.26187614678201854,1,10.959426948163616
1.478134687259919,1,12.34645860878177
-1.2773698347547873,0,-0.9439434533996233
1.7907447082571184,1,12.338233274657817
-1.1249131663564813,0,-0.7280091493287196
-0.6951179720762739,1,8.058033296056676
1.024768936427122,1,11.3618818560966
-0.4249794337383732,0,-0.20220177985855597
0.4328455070657866,1,11.555779110376875
-0.221705995722286,1,10.38654146691346
0.9694797483591273,1,10.687036406918692
-1.0866749905255566,0,-0.24065875392680575
-1.766168051052492,0,-3.7301583744561126
-0.800282410107735,0,-0.7072650764679691
-0.10276534052627895,1,10.13240629586311
-1.3279197912292857,0,-1.4733718731780407
-0.5808108413744453,0,-0.6744781947739351
-0.4000679268257259,1,9.685587374495316
-1.7704326252469058,0,-2.730520139023689
0.33322899273681816,1,12.337243400933914
1.53737371188515,1,11.491413811562289
-1.3930283481877903,0,-2.029034721251528
0.39123205360605606,1,9.877212490046016
0.658956819643385,1,11.644662361229498
-0.32266127832284663,0,1.5562955388125406
0.8043903494570799,1,12.209335983681218
-0.35707382603595184,1,10.03821174022606
0.018549151909739603,1,10.641595460710441
-1.970587821782292,0,-4.876133912185066
0.7668804565387553,1,9.872062585696384
0.6453707157788977,1,9.019314758706633
-1.8463964906946218,0,-2.674090237737031
-0.5269995704194677,0,-0.034768649670773664
1.9161273631666695,1,13.743762690542669
-0.3170537497255328,0,-0.8621464282123702
0.0077816205273668615,1,10.850687560292295
1.6397206326388742,1,9.797316516518826
0.8690475034630256,1,10.076143084417684
0.32828052449689427,1,9.911044495437737
1.19121872536429,1,8.823568404174718
1.457465065823893,1,11.932105264390115
-0.17244771305093254,0,-0.17582826757888692
-0.09956654027265843,0,0.5606233695655238
-0.45579625739265683,0,1.9524827072794935
1.8668245600738422,1,13.577597348413482
0.7886650171614016,1,11.217933170998048
-1.6671077351677108,0,-0.9356999967142623
1.4518384932520738,1,12.022145099103948
-0.0777602366549277,1,9.13388932305006
-1.7249843743100501,0,-4.206574150082964
0.1988690206532442,1,10.378310623754228
-0.3313428840971917,0,-0.41844657648287414
1.5109976194504995,1,13.008490830476333
-1.1840215855624505,0,-1.3050673035816418
1.3058584379687317,1,11.09911110621015
0.2307547647418109,0,-1.1528671093431668
-1.7815587871461238,0,-3.171123452938656
1.8873812053019385,1,12.418787038780543
0.050460976412799674,1,9.148537198222211
-0.83649258307367,0,-0.3454694766546712
-0.12237263204296767,0,-0.60783423631926
1.431431134069956,1,14.095735885953914
-0.780387502459746,0,0.5982643406814496
-1.2292944140531987,0,0.1558067158871148
-1.4837150122764742,0,-1.7440257061325488
-0.808562406439155,0,-0.15855602313954942
1.1201923481601739,1,10.273233038801566
-0.11349453921895325,0,2.623649938293491
-1.09007358522584,0,-0.7565094673644074
-1.3352600015610032,0,-1.7940813940373554
-0.6690820939584836,0,-0.903768494993159
1.7596974915428354,1,13.059832693227943
-0.6278931496399025,1,11.29724866609563
1.9524963038185414,1,14.80865353314836
-0.05907817693857531,0,-0.7564284858080407
-1.2833443268393965,0,-1.8377598585722588
1.5645603671740376,1,13.161172385561272
-0.15857850746069246,0,2.0993874753968655
0.8386853740180977,0,0.14996026865125903
1.934846332836607,1,14.828298117749318
-1.799298598720104,0,-4.378680623538661
-1.6132217608497315,0,-2.942716774220499
0.8818269658510247,1,9.333264369891568
-0.872699986818112,0,0.07988734191546376
-1.2627944121996038,0,-1.1858334046789136
-1.842552480721082,0,-2.8896398635664675
-1.9126131520551928,0,-2.2791386439254593
1.0979424124791635,1,10.00860627603188
-1.4622662905218,0,-1.469332384520729
-0.12911753611539645,1,8.660991499873719
0.42358726071793207,1,11.201787035125907
-0.286592797724615,0,1.0846440020804977
-1.8915733906550676,0,-3.0221838358605315
1.1340060103516354,1,10.84908474781178
-1.957947101833386,0,-4.262098700151226
1.047559577509936,1,9.179236829507287
1.5732179751524908,1,12.252410825235303
-0.26864031577131087,0,0.7465072446481598
0.14216989239119293,1,12.020808399768871
-0.09206642952938493,0,-0.39393970374580983
-0.4431655255062448,0,0.2266637201791437
1.549698141481441,1,12.975254105601932
1.575734042679962,1,13.100757666452122
-0.6567345414338619,0,-0.7640958453290662
0.46027901605879196,1,9.769597220165679
1.7076302485834565,1,11.96457515973712
1.8482339957654061,1,12.25491035906089
0.03583616168819015,0,1.4716924239688909
-0.18870077886269288,0,0.05935418183099225
-0.8852227362858969,0,-0.421084270037922
1.83548749276164,1,13.339600000901505
-1.4287427821085306,0,-1.4044885969117353
0.3193183041909,1,9.795302140516059
-0.8697989299254445,0,-1.090580604313675
-0.8839668386088135,1,11.219915775890945
-0.38012565049524616,0,-0.5977354877919906
1.9951717432626181,1,13.040588272979267
-1.7801347726407117,0,-2.9010722198704855
0.3141672728141258,1,12.173019541262885
-1.6697113678588913,0,-3.1490975637533705
-1.3819166800379241,0,-0.60990357746943
-0.2417482329084053,1,9.74660424481366
0.041840525385765215,0,0.2448438717573404
-0.964830366541904,0,0.47310173118699206
-0.7341714765023353,0,-1.9175508685612652
-1.6521319189762678,0,-3.1511210868254604
-0.7871208646229979,0,0.6641787864800992
1.8662337575221764,1,13.34733708514264
1.7788295266899268,1,13.026191506119941
-0.66048683945206,0,0.5673172814473151
0.2834157451150463,1,9.12178112092137
1.6383815644437774,1,13.254021562860464
-1.9752647094364133,0,-3.0336324688224305
1.2427342813503675,1,11.19794946989378
1.793478211155676,1,13.352550541456342
-1.6346970626657717,0,-1.0191731554145818
-1.3542092558683159,0,-1.8355695278694195
1.8429852110854217,1,13.791293723437978
0.1501605745613852,1,11.746050160909727
-1.9432134621131052,0,-3.028237095762084
-0.9694720049458834,0,-0.6779849473885762
-0.20022530292456153,1,12.31419215696275
0.7716356440990708,1,10.460538754685968
0.9326415125471983,1,11.804206808934557
1.9816860517018244,1,13.469588027381459
-0.8499552024649639,0,0.7607885446756496
0.15288040747390097,1,9.455361544928296
0.13329419143842003,1,10.32456837996226
-0.37741896221105,0,-0.6336208449250343
-1.3233524246303192,0,0.7423878076179238
1.9098262527353702,1,13.261853483203456
1.4132687466663443,1,10.303448881528789
-0.0066678868230511945,1,10.095118373672731
0.41298169073611923,1,10.572312606159725
-1.0909557857613508,0,-0.6758203250191998
0.17514828156698758,0,-0.810633723569062
0.7798805324859033,0,1.2744837979345711
0.06066811354635515,1,11.259291677417876
1.961140682339765,1,12.12338754520953
0.44536662499090474,1,9.167142599756009
-0.5161051496313238,0,-0.22816369827115812
1.0886081104633525,1,10.114111413132727
-1.3181499536734318,0,-0.6192009094962843
-0.4619367451749339,0,1.790191892392809
-0.6121641984896566,0,-0.49561624759738776
-0.27277161956889096,0,1.5665745026991313
1.1271193037149052,1,9.247612155917222
-0.06330787134637017,0,0.4556879471344343
1.176057801063851,1,10.21859831336528
0.3059556125594636,1,10.49171000516499
-0.6317222613697786,0,-1.8828614993618897
1.2399149747338898,1,9.667725431769364
-1.0468413177876337,0,-0.09829201322913272
-1.102468080800818,0,-1.2999905306813715
0.018011696219343065,1,9.676885315741888
-0.9566030161516443,0,1.398596568020127
-1.9636518601951347,0,-3.6482792424540254
0.5931901091952061,1,11.005880752495516
0.04437528588959205,0,-0.7592284584524343
-0.21792874202735524,0,-1.3463787308667141
1.8678740584732614,1,13.177727544321401
0.28479673585165477,1,8.521080411628198
1.453726311157538,1,10.837504977175843
-1.4421990551793593,0,-1.2620881734713107
0.27682585251771075,0,-0.10065396120663221
1.4719185069236116,1,11.929007557317403
0.332423029119592,0,0.6186856111013604
0.8720567125080061,0,-0.8641326026735514
-0.5118257287511705,0,-1.008974632508927
-1.6302019318517336,0,-4.344762564170088
-0.1683988194917143,0,-0.3729110481789594
-0.4220824366445699,0,0.6991582083440916
1.4682407295157893,1,13.073842774046955
-1.024018790590111,0,-0.3464185985018977
1.8669369101404323,1,14.626789688745221
1.8325524792179846,1,13.460910412657723
-1.0094734277142452,0,-0.4068957649196643
-0.6077921780907181,0,-0.7235535355525148
1.58222296349554,1,9.595331783095078
1.86648888358443,1,14.47440851095422
-0.22624358865582384,0,-0.05901524546481505
-0.7160118174364087,0,1.2047565892310097
0.10437605300616815,1,9.050935436315763
0.7510768254629392,1,12.640667586678232
-0.9061019385000808,0,-0.6207514889747792
0.9458926984762912,0,-0.26903774818122
-1.7933705715414359,0,-3.0984215415594774
-1.8028220289423342,0,-2.7592801518024426
-0.4548491794178191,1,9.883046626347506
-0.5861072317571177,0,-0.6160006816689344
-0.7374671385313909,0,-2.00398117667747
-0.03592094932435996,1,9.195649246213474
-0.7170656707537151,0,0.8900841174193164
-1.2309683261276323,0,-1.8123554017989703
-0.7621218036455963,0,-1.9382801048900757
1.8996170912409398,1,12.3719272191378
-0.3555463320206056,0,-0.11111916159991089
-0.22114889256665693,0,-0.7646290131751914
0.30617995980456003,1,9.734514520233066
1.9333630736569063,1,12.814898727185238
-1.033594894256948,0,0.45763967174680775
0.7251284421297353,1,10.681489859832206
0.8639387741668965,1,12.540377286127363
0.4292976671722637,1,9.65783772937391
-1.6456866414534237,0,-2.5133730046778626
0.7074891033103059,1,11.360565615496263
-1.743621155855298,0,-2.2594829800756804
0.3845705981995877,1,9.08693126661804
0.9583247088869706,1,10.996477435542484
-1.1561204375201983,0,-0.376114753330852
1.3664880301710962,1,9.48201851218868
-1.878584777867983,0,-3.96614940488792
1.3752514546332244,1,11.490838117602182
-0.15868379742893968,1,11.444281834789454
-1.129648240273422,0,-0.022776522422981116
-1.464887420024128,0,-2.1357920215448742
1.8132286703294902,1,12.27256308462624
-1.7093376496753732,0,-1.699468213354518
-1.2036263202562973,0,-3.298182942120407
-0.6087106102678161,0,-0.9203536707934171
0.48093939584448187,1,11.464929293367954
0.17920434110439354,1,10.299694980888596
-1.497426030350744,0,-2.437488903104454
-0.8410880650471415,0,-1.4995885258860866
-1.0449929156559037,1,10.269163209831772
-1.1458285820386345,0,-0.6743810829887489
-0.3554226540800518,1,9.758840110142486
0.8161258103666276,1,10.645775482078186
-1.1301882711310562,0,-0.5572111155483098
-0.5332844811880744,0,0.012074797199745108
-0.43633029263535095,0,-1.3657221992510844
1.9058261177416407,1,12.434720112520203
1.8186654275162755,1,13.755938340421828
1.2005503310083037,1,11.424340693895104
-1.0333643167232593,0,-0.16961488595736968
-1.7278507436333213,0,-3.1657343809019065
-0.732383449117501,0,0.5687699914340719
-0.9328218022646766,0,-0.776595295772041
0.023703200585575512,1,11.301540119805743
1.1109116402711723,1,9.938678742702761
1.433291755515432,1,10.946936090239587
1.379456341642034,1,11.16103479846042
-0.561297755107729,0,0.7588806007773492
0.7489373738427316,1,10.174964108180996
-0.7486632099031199,0,-0.17212924386216583
-1.7563778270592691,0,-3.100683766094762
0.8062610624117692,1,10.530149770359078
-1.9606897897208486,0,-3.8394747374265625
-0.36326965016604573,0,-0.8082717943148716
-0.6824829227916971,0,-0.031652968557135064
0.7735101540754097,1,10.382211276741396
1.0649818910415156,1,12.953744652367643
-0.7836214561148647,0,-0.8516223881032737
1.246508057779414,1,10.129025359675236
-0.824332957980265,0,-0.0010430941654525072
-0.2146945600537551,1,9.002215543698215
0.9080741080565358,1,9.301348164743574
0.7716809168991543,1,8.792865999374422
1.9494738892488002,1,12.929863940155725
-1.0993559031362725,0,-1.4142193945208783
0.6492716541583294,1,8.853589254181122
0.4387276331031096,0,-0.20806016423685555
1.6603938179601196,1,9.92279504563543
-1.3745514334204998,0,-0.8067672143588267
1.0071926543477319,1,9.95407279047245
0.2730744650750734,1,9.600397857990027
-0.9013365208483783,0,0.22074872484704589
-0.10226034341130363,1,10.371209232085759
-0.6648936117208089,0,-0.7768752951582082
0.31725361115384354,0,0.467756520446674
1.5560024432586634,1,13.432547289478276
0.27721993764880803,0,-1.0015312811286534
0.5268896733063362,0,0.8269103510942505
0.0749913884588378,0,-1.11289487284598
-1.7953379742180964,0,-1.717975124797632
-1.068565772495623,0,-1.3219887865331406
-0.03199308227166897,1,9.249861426168927
-0.7590588650211809,0,0.930536531218461
-1.2729456089552231,0,-0.3097595549950908
0.016531367673753294,1,9.320909691483353
-0.7087608262085987,0,-0.05065139437549418
-0.9675694273063411,0,-1.162866600215507
-0.1440583302384768,1,8.405767434487169
-1.4668629676713074,0,-1.38882984604107
1.7109829323016292,1,12.14799709937272
1.470808391676956,1,10.645049665332518
0.8304823429621413,1,11.591107298423545
-1.5751446896461752,0,-2.8660507969256797
1.103509017878772,1,10.815867830724821
1.231829312436076,1,12.014502597795047
1.0710584708573507,1,10.35828571516157
-1.5441364515230354,0,-2.5750620234506787
0.5756318282710589,1,10.393116683745095
1.3372991829975942,1,11.651491994986745
0.30941360487867087,1,10.891371827628298
0.585629500912356,1,11.971633758270984
-0.1665460822947753,0,-0.45960080905769807
0.11482927953621047,1,10.196611061375734
-1.8624925665930991,0,-4.49962058309268
0.5558520878931383,1,10.752248238356357
-1.6742111484353632,0,-2.1626760255477997
-0.2599416226391065,0,-0.1874714806565912
-0.8293796093303687,0,-0.9033134109503962
0.18171180084685234,0,-0.3454270981479386
-1.4663346579071717,0,-1.3400774325587672
0.7665736078932728,0,-0.7409376098348661
1.1800461477138815,1,10.514492809709376
-1.346582201027374,0,-1.2041896833644434
-1.5827476505924714,0,-3.522082881506269
-1.4179380688505634,0,-2.476713879658404
1.5085102475940069,1,11.056380812491529
0.11275704702542466,0,1.5689485378352768
-0.13095601596998963,0,-0.8318480563903
-1.573152723590583,0,-2.0024182661937577
0.5982240270278472,1,9.066480063605768
1.4719983675803596,1,10.81834452620719
1.3127434772938118,1,9.690114050754747
0.5042188359232052,0,0.7343978046219269
-1.6988851333933055,0,-3.777216479467427
-1.5504118912959481,0,-0.9564112345946175
-1.8027640515607013,0,-2.4615567330374635
-0.9700831340301228,0,-0.531855688336188
-1.457354131358489,0,-0.6075975263107993
-0.9598078389902645,0,2.6610988663242736
-0.4597677771241533,0,0.42893131146349767
1.7719311362845427,1,11.661640868160102
0.4415042391267683,1,11.532047985862178
1.3398951427318493,0,1.3888810560590643
0.8414060028493289,1,12.408966006769628
-1.549987477893473,0,-2.367942595766563
0.9436816254957954,1,11.702134785730204
-0.8996044737635023,1,9.635823582565658
0.5564313879788254,1,12.742868349039352
-0.6361521054280459,1,9.589677205375366
1.9906890530586367,1,16.946062633740596
-0.9457940820128887,0,0.01680714363641883
-0.8834781169029213,0,0.5021725880505314
1.7226890222495932,1,14.256507914361704
-1.9014223814547093,0,-4.224962253186534
0.7867559514927875,1,11.212591883709887
0.9013055629435125,1,10.073335220285939
1.3455143096415974,1,11.369084324045856
1.8977572425539013,1,13.500431055588214
1.9024076766266096,1,14.014964833527642
-1.7388929697341444,0,-2.098803403417088
1.28735729101161,1,10.491566486582334
0.5852397346295253,1,10.225078098709464
0.5893685374923647,1,7.768024315255168
-1.4866002935412208,0,-0.6525051152438909
0.6007486657826133,1,11.802346487863952
1.9299303224049913,1,13.78476724962654
1.6472742781577878,1,10.628927497988569
-0.2434773567805979,0,0.7357308184535102
-1.8402081068556226,0,-3.87957848599168
-0.5508260399991807,0,0.09875346586428045
1.3055612464022208,1,11.798167281573642
0.8059964058606641,1,10.80825018521082
-0.1626253776241744,0,1.0787047720855851
-1.7795938593646756,0,-2.671565576670597
-0.2924210887067895,0,0.16085913269418112
-0.12390024112846598,1,10.73583936143173
1.7142221315765438,1,12.447277595191816
0.5643444143286378,1,9.401965088659608
-0.7533883333814044,0,0.23820908317844183
0.10127305780288554,1,8.871656362288194
-1.7357787687113597,0,-2.6957783168566145
1.8902729425989473,1,11.999320386200262
-0.559760392277096,0,-0.6425079695505935
-0.08853058034745676,0,-0.5136878131941829
-0.5788641030523096,0,-1.0812000243710251
0.7300469204648006,1,11.295077895729456
0.6489286333183721,1,11.15462623968052
0.8612892421165426,1,11.63347317322217
-0.9274270815523167,0,-0.5866939733515074
-0.7373260753437361,1,9.365968446391415
-1.4989950756151682,0,-0.8805258466532596
0.6220398873844504,1,10.248756968280604
-1.8408114906573898,0,-2.9953574295630085
0.39072934209383625,0,-2.5139750898374724
1.4787835394065354,1,12.3734170844291
1.5633285931585341,1,12.534359623473957
-0.20384895852015328,0,-0.009651833475534253
-0.16278524714770493,1,10.813690948345767
-1.6921232679679306,0,-1.820810342236875
0.6830601017721429,1,9.462662967577758
1.285037681491382,1,10.841219145229925
-1.0213797815811478,1,8.459454603736283
-0.3147964734665414,0,1.4466413218874061
1.3553573470610814,1,12.222071822854637
1.508481870649152,1,10.902371149485942
-1.0272800789430963,0,0.07682894306523369
0.20228253816545694,0,0.2827308560670758
-1.2300273974566918,0,-1.616448601302516
-1.5924849434417738,0,-1.894950504557668
1.6444820055678302,1,13.081988363115292
1.2820300169284367,1,11.993492413509662
1.0401396072126956,1,12.894642225217085
-1.8049347247474383,0,-2.8457594182572787
1.3749151708410299,0,1.06177519803709
-0.24782369637846502,0,0.5545300213846217
-0.6304195068165614,1,9.691764041205426
0.18590544410150578,1,9.418308083327391
-1.6345870291057767,0,-3.109489145414685
1.0265861974095953,1,7.113293402554808
0.3297403075531835,0,0.7527655428204443
-1.25363961250733,0,-2.6230914357033255
-1.2470712009238176,0,-1.8495676413931825
-1.263005393709303,0,-0.7149185381769028
-1.771990449792264,0,-3.1034876375705474
0.3511937974867392,1,12.17095485852215
1.3613927103540324,1,9.752355920746325
-1.9300071440504456,0,-1.3558473205579902
-1.8039814201149058,0,-1.554807923870569
0.2910811067477832,1,10.921427775770763
1.2779827415442093,1,12.482938371108965
-0.6930444377254656,1,10.238173706403458
-0.6015424047691114,1,8.187911961263891
0.3853859899871037,1,10.543470899734164
-0.9031484435034121,0,-1.849014148458703
-1.8935665356892635,0,-3.9231428966039936
0.9409140724063842,1,10.338422592328543
0.5025996517658124,1,9.152417428934319
0.32302399622263644,0,0.9628973593963308
0.9667365159672925,1,10.237988483659965
0.70092335024815,1,10.581487789034934
-1.1764720472867154,0,-0.8235826885852681
-0.5900758122265954,0,0.023450069232604967
-1.4955594332855,0,-2.55942469490814
-1.4805719463284759,0,-2.796817358364304
0.7047829854261569,1,10.021270899436464
1.434400427929993,1,10.509528453545279
1.850930335444556,1,14.564146716777886
0.5133884701977776,1,8.691221230832198
-1.2635947065561721,0,1.3282294312061316
-1.5773986182042772,0,-1.6604057676322088
1.2514038861470311,1,11.049183459871697
0.3150259054399971,1,9.4753655442981
0.4731400840548794,1,10.709879966075196
1.125848355018837,1,10.50925081556961
0.8131089109298064,1,10.56926608755635
1.3378330114243866,1,12.039048033559684
-1.775144378160486,0,-2.127552595970634
0.9900825469860193,1,11.725132067518278
1.4034110292883817,1,11.919893953366184
-0.8554598301667427,0,-1.2642853679593433
0.5617890959730114,1,8.008862946174492
-0.7433517446521116,0,0.005656117453277126
1.831884265929816,1,13.299181731066719
-1.866305710257985,0,-1.3243320989953729
0.31917137533182016,0,-0.09958356438741145
-1.3339858118019396,0,-0.812433676249083
0.8488808207086347,1,11.08302759152465
-1.2964388663253517,0,-0.5760891118291357
-1.0584669524065697,0,0.2510158551592442
-0.02251675581696766,0,-0.8182150161717852
1.6593397999875124,1,11.308053880658557
-1.1531425114081166,0,-1.0472493381062296
-1.423039915527586,1,6.385075384242066
1.0359073274161226,1,10.516238553407334
0.0024781293357238887,0,-0.6595830847989607
1.6471404495270856,1,12.556618370839201
-1.4135417713606309,0,-1.677267935545934
0.5837115720921573,1,9.084008057125578
-1.0684834153927398,1,10.700936179782099
-1.3729582853934428,0,-1.2115040017539174
0.7337176606290821,1,11.060354213135634
0.3747384796349329,1,10.20982652226415
1.019309833449325,1,10.993522785908391
-0.7621496942152706,1,8.417648507162228
-0.20811337447124023,0,1.2735966863955022
-0.3781132946783261,0,0.8516522851025083
1.9363578558660568,1,13.611328916449281
-0.8310041730424484,1,10.001069675741006
-0.8207310466129325,0,0.7261838690692504
-0.5818071646855705,0,-0.47047094364621433
0.25837632516128606,1,8.425543970731365
-0.9907090229450191,0,-0.8394565911737594
1.6611597615170957,1,12.444334600355944
-0.937257740534946,0,-0.44410779424913943
1.5832629262407787,1,13.301965760949404
-1.5860997454136614,0,-2.9549877894106333
0.6262508095986092,1,9.289514046002727
1.6279420737529748,1,11.099135792318881
-1.3250022464070819,0,-0.7343663832251954
1.87330784039702,1,11.76094923742125
-0.18846655833795323,0,0.7404092655408624
1.7828604337640979,1,11.900607834057059
0.707280174520188,1,9.403804412433967
-0.7936525205057938,0,1.5202706195821039
-1.2467899003315743,0,0.26352159494589544
-0.7850598150996024,0,-0.12271028829574768
-1.6279303629493,0,-3.468173890997087
-1.424528134626681,0,0.5690389407097451
-1.5813582386140754,0,-2.173567986207737
-0.30822582503376905,0,0.23293976290287086
1.1823135050303457,1,11.73829123548991
-1.4344657831346392,0,-3.43873964917378
-1.4787182673106565,0,-2.256725716956546
0.573715798069323,1,10.026344484925442
-1.211268072127735,0,-0.7578485844439732
-1.6095598475640336,0,-3.388536431201139
-1.3326056871776895,0,-0.8569081928677502
1.6949255835071044,1,12.468308404851486
1.2858850111047633,1,12.730423250268787
-0.5837417505796236,0,0.9008344948629319
0.6232830693095712,1,9.85181127222792
0.1491026946721523,1,9.805587909792905
0.7084970539302557,1,11.192318221626724
0.7306846098510373,1,10.478680544911567
0.5149360602399717,1,8.697136592337564
-0.9355945258507656,0,1.6843105279133448
-1.8439743169487275,0,-4.1248474902340515
-0.17773287203956478,0,2.4761623438799805
1.5638955387628153,1,12.340418736357329
0.27798903407430364,0,-0.6247000848583624
1.3295641668076317,1,8.80812977679025
1.9664973718449126,1,14.579097176485718
-1.345535183446895,0,-2.768332716403391
0.7671105565679293,1,10.58300096275036
0.6971742948000985,1,12.103064181759752
1.9198217894331138,1,12.400279793082339
1.9424029358112014,1,14.40232975547145
0.7467144468965179,1,9.396577826194102
-1.025540832071223,0,0.5938514569298445
1.1942233525223962,1,10.917405090401756
-1.5718834631558476,0,-1.9609820778993552
1.1227972166865148,1,11.915028710363469
1.6407844965787857,1,12.833930928358894
-0.468666420926259,1,9.143840090292061
0.5225411799323219,1,11.858453169464257
-0.2794290716126948,1,8.453264520349
-0.24893978004748618,1,10.26798357033917
-0.7585164435675198,0,-1.0410698450348321
1.0485184818012985,1,9.089141187056615
1.7447062566660207,1,11.52126184484565
1.7630034369378444,1,12.690627477566101
-1.3008748605002647,0,-0.7509925000471493
1.4989745986262641,1,12.74297346678193
0.9497257657084885,1,11.904352871877565
-0.988650397238843,0,-0.20548093798755185
-1.7308615483139418,0,-3.035921497292717
-0.9280109324624881,0,0.6394138085455554
1.6488329471261025,1,11.626658433769913
0.5327146995830891,1,8.479973678468193
0.8842186435914874,1,11.284671418356998
-0.9713905955636166,0,0.8656099198052347
0.8775526222992811,0,-0.4839106229923208
-1.887513974888305,0,-1.401508354576182
-0.49871461690794483,0,0.5210330993999839
0.5070133941693249,1,10.499129064038078
-1.415613737834719,0,-1.9351043477615475
1.292014297787739,1,12.09566911281327
-1.0598748047523254,0,-2.1196751479927958
0.609124451273785,0,-0.2267879320080349
-0.37921142969868127,1,9.239571214159648
0.3841743819105887,0,-1.2805826101406117
-1.5701977894843675,0,-1.0726904337674403
-1.9323488003135707,0,-3.266529570638268
1.6382577095212048,1,13.003141873359317
-0.9214799649312688,0,-0.6695259966297923
1.2787080111218363,1,12.030483563959493
1.9974012018888008,1,14.061569220127051
-1.1542749680043554,0,-1.2410958657955904
-0.9393170352665776,0,-1.0532762216289793
0.6514391505386627,1,8.155322815894774
1.861794538402485,1,14.391120868719268
1.6632573927629757,1,13.351543713875655
0.011502080262339565,0,2.927369659068428
1.1804411301068987,1,10.48781798416159
-1.4570165876003958,0,-2.2133419188328354
1.9097527368160492,1,11.781147391332953
1.857412936143946,1,14.1639876991563
-1.3450841684833161,1,9.513028713416924
-0.8023075007875735,0,1.293558322927291
-1.5993800099729323,0,-2.962262180129129
-0.9131296044072812,0,0.3356792416359217
1.2638231576608265,1,10.487279544499033
-0.4867375713389621,0,1.2860588520625569
-1.6464121314129665,0,-1.6952272572549294
-0.6310979008843818,0,-1.6813723060507892
1.9255333369651204,1,13.43843236442949
0.5187343810368117,0,-1.8783222890442504
-0.335356214375369,0,-1.1821394277898432
-1.33384594601092,0,-2.2893501634299493
1.9447071891347791,1,13.036389047129276
1.283396037052515,1,10.79425847972889
-0.8740907901963224,0,-0.1693347564086947
-1.7197252171152422,0,-2.4284591174704344
-1.7734977704897679,0,-2.8129460808755757
-1.5184874019778647,0,-1.4182817270483488
0.3230743344576865,0,-1.2329338723040606
1.7150536848219695,1,12.59551600812974
-0.01302628797606209,1,11.43445792134086
1.3717819298247886,1,11.124896957285225
-0.21645352056076872,0,0.4896021116962897
0.8343341830713009,0,0.6920203679821033
0.9274909491460033,1,11.261200587573473
-1.3041451763866454,0,-0.8219026638651747
-0.5551357640967529,0,0.7598255477496784
0.5492086261520956,1,10.590120309721017
-1.7172135672625353,0,-1.874593938228016
-0.5538392489481736,1,10.357185894411394
0.13919786512476984,0,-1.0054407957344706
1.9848979721785547,1,12.739305977942545
-0.10186574951023708,0,-0.35375597014745813
1.2642270284572943,1,12.56192858159284
-0.27173085973352906,0,-0.1816850293614438
1.1855628904788356,1,11.142748997865018
0.3816592064804336,1,8.06049063307564
1.5463817660095933,1,12.042670604250922
-0.3562297905995604,1,10.063305298101238
0.41721767928591547,0,-2.637006293632363
0.5200747224753095,0,0.36122325376207176
-0.3304682327981068,0,-1.6690256510588983
-1.422751825250074,0,-2.165332475497507
-1.6257623723506578,0,-1.1540569253825674
-1.9333137976014676,0,-3.4556241291175587
1.4941370569808585,1,11.21933971730084
-1.0541003510452218,0,-1.1196951696415351
-1.1539730028729278,0,-1.1863384381356763
0.9441416017042621,0,0.5816944544489888
-0.719935547650433,0,-1.387216743735138
0.024178769647346332,0,1.1244245357570049
-1.3499557388101748,0,-2.377630183816901
1.838982885847877,1,11.382532009402635
1.4063256000689495,1,12.381834550457672
1.4551584918600131,1,11.103717715111117
-0.37290500571197915,0,0.04453185180109774
1.0494448548286912,1,11.232525930990109
-1.4244953784408794,0,-2.1647207588993065
-1.9655239896328789,0,-3.6595434823045787
-1.9201082696878875,0,-2.8913277402385376
0.3464069496182418,1,11.664018917429965
-0.17842037900823682,0,-0.5138987946525247
0.07206139563407898,0,-0.46276009853916966
-1.9701474383311224,0,-3.2602182350411257
-0.30925352137029716,0,0.19380481004918002
0.8722726448034432,1,10.194802733865062
-0.2292251921302566,0,1.5866677566327232
0.928876825248889,1,8.718285839039137
-1.0679241424126609,0,-2.030708888199098
1.2525680179269019,1,9.311711725821102
0.3537249618138092,1,11.22380923312959
-1.156947602280375,0,-0.25957991681186077
-1.0531180965846683,0,-1.954729464230535
0.5121218582781482,1,9.944123400680748
1.3197583728497735,1,11.121677005533831
-0.3374888718833793,1,7.771560602389281
-0.9667982834896311,0,-0.26355552823542827
1.4680464276424017,1,10.40439163763867
0.6770731670033396,1,10.861863220666798
-0.20765805086769396,0,-1.1514185471108307
-0.04839921888279264,0,0.21910313331370573
-1.1829741282544144,0,0.4668267989371402
0.5072105202593757,0,1.0398032072555523
-0.5650299578284455,0,0.4169694755248511
1.982580706697397,1,13.815056316296543
-0.0792659389524486,1,8.499646745435507
-0.056457575241547264,0,-0.4391858183688226
0.2634071496426875,1,9.783131862857886
1.6670240124749869,1,12.018481731462444
1.203272399439001,1,9.33756543346657
-0.1954797208086343,1,10.430699877879421
0.874797063891184,1,9.15381225978584
0.3449419951230466,1,11.566630401801001
-0.030531805195004313,0,0.1480069545797253
-1.230736908862598,0,0.0471558217880631
-0.14425494618043633,0,0.9570922044515884
-1.0167256519097014,0,1.5524212031134894
1.6593685994066187,1,12.466420166580617
-0.6583727460146123,0,-0.5327486213774191
1.8090560581334891,1,12.589449055347492
0.1322211603788448,0,1.4972584152774309
0.5261775147046412,1,8.752604068030346
0.17176177795731107,0,-0.8755909108998744
-1.4824775321331964,0,-1.3920580531764637
-0.49671512396823614,0,-0.21407370059591185
-1.6034155508895043,0,-1.093499276004486
0.49181617673352696,1,8.720787785962463
-0.21250321919824433,0,-0.07174407724938309
1.1119398862837473,1,10.500395227626091
-1.1181180760025207,0,-1.7711728890913423
-1.3417357662826603,0,-0.3290730507856582
-0.3746710761449288,0,-0.11808215559199585
1.7063415328735245,1,12.350018610021872
0.841687260049647,1,9.473437928196354
-0.3243055008283253,0,-0.3869198455408228
0.06908867901724225,1,8.978537299694905
-1.6631479552916066,0,-1.4364180635954944
1.9383035855044524,1,14.67393943038358
0.6656292187796757,1,11.827519116765556
-0.8583837261463101,0,0.11781510332575501
0.34323357686097733,1,9.680999458389596
-1.562070535724024,0,-2.374739542997532
1.8633466752303343,1,13.725474547578314
-1.3008600484665362,0,-0.8998181110023991
0.5921212722208566,1,9.929592963040202
-1.0181821498442782,0,-0.7898506929253313
0.870245530594143,1,11.500720762612234
1.1072854689611242,1,10.246963554492343
0.6936789156457306,1,11.513571757465476
0.4579978410207701,0,0.23017147068922847
1.5698763758080467,1,11.566608637501643
-1.6854931560409678,0,-3.1794171940049667
-0.6763409368792193,0,-0.3092164357748287
-1.0068500814766161,0,-0.006979997803015503
1.9520558482616863,1,13.342162953020953
-0.44244088133250603,0,0.807030781555107
0.9304507969615949,1,9.975804788544535
0.7389006555240183,1,10.076925756891672
-1.151675050090489,0,-2.050459625451016
-1.0440092791537947,0,-0.009484925856131476
-0.8748617457878636,1,9.398022120166084
-0.3554908869624831,0,1.5564081454160454
-1.0626997373978928,0,0.10474028117383838
-1.9213940690126088,0,-3.4621584687129383
1.517572227228782,1,12.972679763060064
1.8624393255235363,1,13.635212093913452
-0.6337184518737282,0,0.8810097484187462
-0.6459724822981086,0,-0.9971473430250923
-1.971632748902516,0,-3.3710103244017233
0.7210027533214962,1,10.690126688045309
1.301759582994515,1,9.55822551785183
-1.4135667985599873,0,0.09435130593561869
-1.361334602531397,0,-2.421766613730786
1.160332999885751,0,-0.5178420446645122
0.46516299341657863,1,7.201639665096041
-1.820557769489132,0,-2.5432002430652383
0.4901879618491267,1,8.415826793515901
-0.7643291086249357,0,-0.7401796315828202
-0.5250993781166162,1,10.765475730555277
1.0789256731875208,1,10.820031136650321
1.2437407706904424,1,10.338268506740729
-0.39857349264067743,1,8.37766163143924
1.788611744025419,1,12.753389621477242
-0.3741491281917111,0,0.8290871499927795
1.0873441409204396,1,11.343629330742868
-0.06449094174296377,0,1.786646724364002
1.5901293060883361,1,11.356871314631013
1.6310449746007145,1,10.852507066252608
-1.6503327685156646,0,-1.9374707386686887
1.7459733252409029,1,12.872653720758708
1.3021393660816627,1,11.099072610059018
1.1652428572506675,1,10.044680073708001
-1.1963546412579102,0,-3.509529020631252
1.2204768350186597,1,9.902375735855282
1.4005309387401472,1,11.93063001824743
-0.8433986621833962,0,-0.016000119422303116
1.809040313449295,1,13.925420956991294
-1.800559414403343,0,-2.5735376900053994
-1.4003629870114414,0,-0.6370502159493473
0.15032455220605723,1,10.766430498364981
0.30316988448923876,0,0.03440764233576576
0.5806003332036136,1,10.125357995523519
-1.9321234827381342,0,-6.515268632409351
1.841467098488521,1,12.465624371744054
-1.821647629063424,0,-3.6358805491524944
-1.4277521891063905,0,-1.564023237660203
-1.943941929895772,0,-4.603329854244044
0.26743373317637875,1,10.947127551249492
1.729067535683889,1,11.703164632568337
0.6637886643218569,1,11.248670392513892
1.2906298739217092,1,10.113762492346144
-1.9468751861656797,0,-4.29342268485947
0.16806119391890428,1,9.322561054572983
-0.16174808997791246,0,-0.49834987205834164
-0.004128223116827812,1,11.178637910864538
-1.7111472586592482,0,-2.8322255533095197
0.7377414442772299,1,9.899106683152937
0.012881659434537784,1,9.258204440612479
1.0605953994450559,1,10.336718575904099
-0.058837463753138586,1,10.216346666340606
-1.4024734550942717,0,-1.5944456864966756
0.5930278163112881,1,9.953986923034645
-1.310454551579335,0,-0.1091855963930699
1.4895782534192596,1,11.926219870667502
0.45246495627696603,1,8.89543051852551
-1.371184465772183,0,-1.3742793102562716
1.8493522299248273,1,12.624137993197476
0.07346185334128252,1,10.521224181272574
-1.70840619251338,0,-2.3901815275545273
0.5073316176602689,1,11.195600678469546
-0.9872043719487591,0,-1.221092385292034
1.2147738075092098,1,10.703885751944474
1.2712882942647625,1,9.963197343387417
1.9157894234186474,1,13.473909284548826
0.007478124098014849,1,8.463419192410306
-0.18017248108905148,1,10.31856017523414
1.0139024217859225,1,10.465685306856793
-1.4701173746322937,0,-1.433457244595117
0.1876620551724968,1,10.791439095398182
0.18499040052340376,1,10.227967809008065
-1.6421075087584511,0,-3.49076300071855
-0.3280636579723457,0,-0.5735268264031191
1.4131391942688079,1,11.33081133457963
1.424614487978641,1,11.11754691461539
-1.603049340321276,0,-2.265689836709025
-1.6371164690086766,0,-0.5724066167160546
-0.9492180919922588,0,-0.3272744169254281
1.499064250215974,1,12.066603430779777
-1.4843896597060042,0,-3.644162981222534
0.879987210509785,1,11.086725796176946
-1.5953375215475871,0,0.8218136746010245
0.4925514149913015,1,11.405402321341802
-0.5757308035234208,0,-0.535607765118389
1.155655851863468,1,13.052769990673951
-1.0652382046985456,0,-0.5768838031420425
0.5568073175598394,0,0.3928609847354663
-1.0572698616964602,1,9.141645318172026
0.8546411324486152,1,10.01880097271193
1.494712138242995,1,9.421621113205227
-1.4927928034929598,0,-0.8757983660014775
1.466382754382014,1,11.279567361025949
0.3743010176571917,1,9.838159332691776
-1.491558036531904,0,-1.3858307785222617
-0.28983257856115197,1,9.573248373722922
-1.3565588260596084,0,-0.9843781664654423
0.801391555466278,1,11.460398727752471
1.0354725376717986,1,10.959931929159582
-1.5768139189088042,0,-2.1137465795566754
0.024559410778577373,1,9.876512302801626
1.2585002241036687,1,11.197214262300914
1.744652166203986,1,11.82304558759867
0.054071466967080095,1,10.207938746286324
1.8011168944456282,1,13.606002368299972
0.14275588182411925,0,0.08897072442746444
-0.42323802160036816,0,-0.462040300837658
1.392812514211582,1,11.063873572198654
-0.02806915816764377,1,10.652157782778819
-0.11238995774190785,0,-1.1008860316054414
-0.0387500423606868,0,-0.8164862367151392
1.3871400074789815,1,9.727636841574522
1.3277661667522085,1,11.204400007390252
-0.3859200302391552,0,0.8331493168004096
-0.6668005605178999,1,11.183244397813123
-0.0322879038434829,1,11.548649012983834
0.2910900389484361,1,9.321858383730145
-1.0466511574880122,0,-0.32326103063115874
1.1758203388623625,1,10.410504903189448
-0.054068937070308465,1,11.647564918309273
-0.6638178063201616,0,1.1571892877440693
-1.5727160281440375,0,-1.7769345500838174
-1.0446193583855723,0,-1.1893155305571899
1.7971246870239348,1,9.454005374859234
-0.7796012527218936,0,-1.6705121067481974
-1.3245628425318587,0,-3.014243473920301
-0.1573088333800272,1,8.551821042468562
-0.7716490265590052,0,1.649111413121264
-1.8593629989152234,0,-4.509164891952513
-0.707419130882331,0,-1.237954055902544
0.1764344957578743,1,9.082221993975505
0.2068494880798677,0,2.6029699335807477
-0.5737643152924452,1,9.843104591071251
-0.21078897498959748,0,0.989521379081455
1.8620716729390656,1,13.403586129720404
-0.4906060910787535,0,-2.0434520714129443
-0.9670927469600681,0,1.0803938336787258
-1.0261318237329595,0,-0.13913421492434375
-0.16894154918346338,0,-0.12412388026055966
1.0380805948677763,0,2.3194511651438074
-1.1760472632461072,0,-1.1598368755528454
0.8371845085630722,1,10.148966895957141
-1.9154007066023349,0,-3.858675341257251
-0.3242680880642159,0,1.0592429241550196
1.1034602608111475,1,11.485623082229374
-0.6450681769022744,0,0.14440824992106183
0.25494840578159783,1,8.956518108634576
-1.1800830686963568,0,-1.1919231039690803
0.9679815645046892,1,9.401409437506413
-1.7908835869249615,0,-1.7115504261761008
1.4101705795020014,1,9.827391896832701
-1.2072144543133274,0,0.7146940920655707
1.497592126833323,1,12.967039343651082
-0.5898830347979307,0,-1.0211573293615248
0.8907342978979464,0,-0.06312658757125766
-0.7230988088552461,0,-0.901474423904056
1.6236466849385902,1,12.570385676770881
-1.4934514979265026,0,-0.25304692488397396
-1.2859208429096052,1,10.122424840771789
-0.02787949936479084,1,9.567058691684274
-1.6722462438474155,0,-1.0833339013780738
-1.2160792611929523,0,0.27262337494425093
1.7750655288480575,1,12.60765547541947
1.9059586445915486,1,13.452408878841783
-0.4949626826783122,0,1.4810841116279254
1.6931440840557426,1,13.48526118263945
0.17929870269372694,0,1.2276660340785315
-0.9210301365049318,0,2.194730785766778
0.8095948843223946,1,10.812589021089249
0.6356072262994288,1,10.454056282969018
1.9565012764349334,1,15.102580383976026
-0.9398108503628668,0,1.5727795599530503
0.6882380106469417,1,9.551605455320217
-1.7919049798822124,0,-3.078693387430384
-1.5454158452131224,0,-2.8640367832217057
-1.984326500195627,0,-3.5639440773859685
1.9978427242386925,1,14.876328905752553
1.209094788589911,1,9.934916722181265
1.1468920589341631,1,11.888084289410532
0.03890430115271881,0,-0.4532974708724377
-0.7997316683782403,0,-0.7905332418667409
-1.3949428621492963,0,-0.22724740357872109
-0.8613010446141454,0,-0.9446141218380004
-0.4961151122834435,1,8.53544706572222
1.0252403879211762,1,11.28248134760204
0.15864715561260967,1,9.870294191889501
-1.6900654937780692,0,-1.2156262628661498
-1.927883964164351,0,-2.7497277543469965
-1.5906712818637474,0,-3.760684537179617
-0.35800514521048266,0,1.2925920782285691
1.7327716681960732,1,14.501071387274383
0.5496099248368864,1,11.116614138160164
1.2073035995020605,1,11.95373240988609
-0.13450162198180582,1,9.75111130576613
-0.5533356672198289,1,9.438594389299423
-1.566398509133509,0,-1.7092163554459627
1.5037320887448198,1,12.620032522619864
1.1326401161116113,1,11.621250678226284
-1.3275276096090995,0,-1.6075532178698857
0.04904225550504204,0,-0.5391001216811339
-0.05050076831502048,0,-1.4902178431353448
0.5003662107461144,1,10.709557354992574
1.7847475759650449,1,12.452718289398447
0.31908576704991853,1,9.715199177517814
0.16086906711447435,0,1.7299567335495305
-1.7987082682613442,0,-2.3113377810294593
-1.7483700959279043,0,-2.349308413376299
-1.2506128346928445,0,-0.1478022451376766
-1.8701169132330069,0,-1.849600781725786
0.9734115822800495,1,8.84368763092967
0.8933212159758526,0,-0.20918309018456843
-1.4557750622734282,0,-1.774733036698329
1.3443156031811236,1,10.236371188598268
-1.380855860615552,0,-1.5817039410114324
-0.7952976520105648,1,8.19735287019362
-1.00409240335454,0,0.4160154993501044
-0.5107716057078089,0,-0.5841315883931874
-0.9813449364401525,0,-0.27157977778132875
-0.04419629424619176,1,10.051265455071844
-0.3703684745812583,0,0.5320171594894508
1.9462779631173062,1,11.225358852835505
-1.7762945994870973,0,-2.3520386261080555
-1.4312744944505935,0,-1.7411080259683884
-1.78869642436559,0,-2.4545449542882296
0.5033647799295031,0,-1.115682904909211
-1.7819628903451217,0,-2.41554105344168
1.3457589495044933,1,12.517141772472618
0.04775452272771119,0,0.18982071176097456
0.10803049832613487,1,9.283389563117462
0.24637803084877685,0,-0.6660535568012326
-1.316745174775157,0,-0.5652568465532283
-1.2092387875420498,0,-0.31446550253844885
-0.7247307085079813,0,0.16621516088403096
0.3739856632874057,1,9.988628774078034
-1.159528896239142,0,-0.5765375349391462
-1.534673091466955,0,-1.8721566116651414
1.8804675456737288,1,12.943934317377575
-1.9120727407615083,0,-2.7378132514254854
1.2107896213440865,1,11.197632599957975
1.1521405983000883,1,12.05523348293222
-0.811143544619616,0,0.8500178711503628
-1.4574935359707464,0,-1.2705870500681895
-1.4174854131783063,0,-0.8286712078556041
0.78972646894877,1,9.289076257821073
0.5712263643446946,1,10.015605977518273
1.130982697005547,1,11.065995176118692
1.7499246895964187,1,11.096605502447385
0.767709453066368,1,10.655657516223982
-1.3765938537942262,0,-2.2635569733649428
-1.0262295329383573,0,-1.3899691953404565
1.3687749234924582,1,10.75274500693948
-1.1627756966631657,0,-0.8165705488942782
-1.7099107321820743,0,-3.8277425354313372
0.8131202161690019,1,11.125446579480334
-0.38989457803943184,0,0.14778278488150423
1.6801602101836144,1,14.29647336107752
0.6010202843746462,1,10.408632346495457
-1.638324088833357,0,-1.6279124330812196
1.791426269014643,1,12.02066555846605
-0.9657709454390164,0,-1.6322040996736327
-0.651150038374857,1,10.48111349531303
-0.39095834526583184,0,-1.123168649698242
-1.795102814382747,0,-2.250414886177456
-0.01393831107758059,1,11.706523118268244
-1.506726035698831,0,-0.7645336253827588
-0.396118693246593,0,0.5393691203659778
-0.5971608480316628,0,0.1630230086097083
1.0913603337060134,1,10.26598188634135
1.2126820465309245,1,10.777122603095295
-1.386348470443648,0,-1.8976832696981965
-0.5337952504830952,0,-1.391453324879466
-0.5065873558726732,1,9.970424396262889
-1.3943582242556598,0,-0.24759087019896553
1.193814020204762,0,-0.4380914693633716
0.828913313341693,1,11.683268474708763
-1.238472854811861,0,0.2673901044635727
-0.5331123656248038,1,10.321241212659695
-1.5767799005739431,0,-1.5550772253456628
0.5128263883721758,1,9.881187938382944
-1.5145123018055213,0,-1.6949378089871359
1.9437366744996711,1,13.20824220623896
1.1227282987514493,1,10.73924815993575
-0.43904580166401974,0,0.0975106598423258
0.3142557291174177,0,1.8967614239640256
1.645367264865635,1,12.792812681590503
0.21639712158330449,1,9.795663622790721
-1.3020060544081793,0,-1.2024998860273866
-0.4851865776753628,0,-0.7703661877458617
1.3725794601189816,1,10.744523140686484
0.5768520639584716,1,11.006671848885272
0.6028975373352012,1,9.615605137644174
1.4672859427539566,1,10.96194457610026
1.5758922298500186,1,11.364301404057661
1.6791702871177452,0,1.6381260099065678
-1.6206032269873756,0,-1.0009544723599355
0.1765040078524036,1,10.145452449209166
0.9620380848732744,1,10.162876809717725
1.0277073805080552,1,10.572004894483964
0.42686480788001546,1,10.256180788763734
-1.3328506592653033,0,-1.9311920413059438
1.1896822157666573,1,9.452309051501958
0.8804453340597829,1,11.679756280012198
-1.6554569138038548,0,-1.2803972100607246
-0.14476070130249497,0,0.3762858157982693
-1.3040904019127857,0,-0.18970789261208498
-0.6500918171481125,0,1.7769933510932954
-1.9276756311772583,0,-4.116960775524288
-0.39868052635696705,0,-1.1517184272525423
0.1995076846248418,1,10.665487155007803
0.4783303713083473,1,8.587895011173593
0.6539613805148403,0,0.17781101007870564
1.3451652524098399,1,10.91858636984718
-1.1381483708970799,0,-0.06328050943069341
-1.5180727102461282,0,-2.2315080477432168
1.4061486875917026,1,12.589926428806944
-1.3735487404294004,0,-2.0425768540077733
1.8990403253447812,1,14.130106647452124
1.370152917594548,1,10.61969335394387
0.0035064235583965875,1,10.548454516780621
1.9256856996881009,1,12.555831052483391
-1.6104930835679832,0,-2.112672113268557
-0.7877369552995934,0,1.0776845764270506
0.5528976601624458,1,10.199514452663852
-0.599972526107285,0,1.0750920163403912
1.7134902079231673,1,12.489170862492061
-1.7374956472887297,0,-3.1277043544061347
0.19764732824385822,1,10.175842988265305
0.363465069580458,1,10.642404769833668
0.6109124951088964,1,8.208460683729069
-0.9773351066727423,0,0.05551765971352979
-0.5417342899205422,0,-1.019328190134248
1.3747221186599106,1,10.110579009677867
-1.2202289241193607,0,-0.36985852506989014
1.3074713886934481,1,12.456051958565547
0.2506216916109696,1,10.224277113459161
1.0487500447763285,1,9.221340494480494
0.8544294650538862,1,9.641327481621374
-1.169954018460484,0,-1.2189792623755018
0.27525094573549147,0,0.2065238703701838
1.4708926112203695,1,11.51927667424276
-0.2715350527922826,0,0.48521948927531494
1.866363080893267,1,14.25053449519489
-0.19113959959312776,1,10.341252998007134
-1.4288574533284613,0,-0.5605210162538679
-0.44226127968930706,0,-0.3129623672625328
1.8068096255621486,1,16.24512459974497
-0.7211166026405831,0,0.3656869763812719
1.4723926394682514,1,12.28007814325825
1.5250027267275592,1,13.530979384923516
-0.5992539026721557,0,-0.019418805371627046
-1.6669693677974715,0,-2.961584610010592
0.898231636635273,1,11.668789703263
-0.7539508039440559,0,1.1508543849814274
1.1316944570302896,1,10.878205152421373
-0.22938060695826756,0,1.7535930544424085
-0.058933030629513716,0,-0.08338814946131826
1.1116376269941473,1,11.61912949688221
-0.4705466757534884,0,1.4634395449687274
-0.22749061870834186,1,10.092442470265997
-0.4952381249215114,1,10.39606686038879
-0.5306379388908802,0,0.9513074918342851
0.10378630760583762,0,-0.3656259360388439
1.2351977780046028,1,10.128127278383628
-0.5529267523097365,0,1.2484592169316562
0.09701888215094678,0,0.3072224377072094
0.6829093017704033,1,9.653652997340153
-0.9222422147853799,0,-0.2980808878346404
-0.8899087803904298,0,0.15615616743747573
1.7336525080938192,1,11.035991192761653
0.8941382933243545,1,11.073417208737176
0.3087467048932355,1,10.423161770766074
0.5908802176824479,1,11.75824887279656
-1.8828022275863265,0,-3.556205761924537
0.47241186224678744,1,11.429832212119775
0.03803549289680763,1,9.95538197161763
0.18299871911774268,1,10.142238267816639
-0.5623046926767317,1,10.192054653551049
-1.6741044091482324,0,-0.2526905888209452
-1.2266430655517913,0,-2.1623268108442875
1.802978852850687,1,13.425576375525354
-0.36520175091626417,1,10.017877535069264
-0.13326737667654331,1,9.970281411614112
-1.789160840586244,0,-2.280627505164005
-1.8497350818240776,0,-2.058451599756858
0.8687257881870307,1,10.859439027984164
0.15237865648444515,0,1.2369737604331128
0.034823936865066685,0,-0.2509400770205398
-1.0275018783093253,0,-0.5909499666891804
0.9790029265196889,1,9.468289924448483
-1.3270536835660325,0,0.8143874934326127
-1.2402610253559199,0,-1.1406266246960235
-0.15715131460689813,0,-0.2991554230595803
-0.8548805515522364,1,10.294280497531384
-1.0101480750674146,0,0.5917023504387846
0.5809505782133266,1,9.405955217209014
0.603886980874178,0,1.296800074021767
1.298068279199717,1,10.790308538480996
-0.3291657321080965,0,1.4127869876564638
-1.707659635895399,0,-3.0307633585418423
-0.9053344603141693,0,0.36442746331649245
1.9200218527872677,1,13.58177465846227
0.38503430093080837,0,-1.097836904132259
0.8389483392040811,1,8.879275862546823
-1.9705686814983419,0,-4.5689508103979355
0.07282292873008345,0,0.9927499884251483
-1.8498853698727875,0,-5.108379249813545
0.2769208483657919,0,0.3445638324901545
1.6830833985443014,1,12.630784371761997
1.8736765220016314,1,11.606628452662799
0.1622107015556966,0,-0.7947610747512937
-0.16718077899113615,0,-0.8011211579938489
1.780068376993976,1,12.872892452090824
0.6944393279867804,1,11.63378106996392
-1.7404028818463622,0,-1.5608801439909117
-0.13709768933000976,1,9.638403122809809
-1.0390199261427844,0,-1.3902609154670842
-0.12078271420527376,0,-1.5592548494214455
-0.17813771197455308,0,-0.3814349095123868
0.32857921125896805,1,9.11895019249281
-0.5729180386029951,0,-0.13017388052380072
-1.3429182021762878,0,-1.2091851520566315
0.014877738359825088,1,9.524415714108207
1.3208115373830482,1,10.697462157895306
0.6560489122704092,1,9.44738696238516
-0.6465285362991366,1,9.35239631471051
1.742092091035429,1,14.07943980107728
1.6488302849967287,1,12.759097103768598
-1.162606402463605,0,-0.2543703165417215
-1.842329659518548,0,-2.114655020612746
0.9652348334030489,0,1.3731667656369455
1.310441045396613,1,12.54994559125734
1.8714582638054211,1,13.865674680044812
1.559345576353243,1,12.10096453464591
0.4021390728256593,1,9.441744829871192
0.12020935684952327,1,9.176716538220038
-1.8886357949496548,1,7.513927102197603
-1.0133742126208887,0,-0.6313857970005295
-0.16154099306829428,0,-1.3619874969476211
0.5140156003342713,1,7.974872456899707
0.22900733327364264,1,12.153632890146259
0.9705439587267621,0,-0.5288315769197636
-0.8809322764518366,0,-1.0280587973150126
0.25981043060989295,1,11.236846714638014
-1.6474310264368315,0,-3.4441624131367545
-0.34533790566717215,0,0.5108178019548617
1.000643331818404,1,12.32294245072324
0.773603413716176,1,12.345316504326004
1.962570948688716,1,13.332153991448653
-0.888435496048976,1,9.637334206815247
-0.007242803304083445,1,9.603615937006202
-0.6818783449040131,0,-0.1764727167682915
-0.23758754376330105,1,11.291565914968658
1.4278005194775525,1,10.056054820727116
0.7368363007539465,1,10.847981227613952
1.5297647653903268,1,11.594465002852147
-1.1859555666724542,0,0.5344833981271079
1.493444471365752,1,12.980891545056936
-1.7609509032864623,0,-3.1374401637142246
1.5543971217486097,1,11.767047571404888
-0.6837048821570884,0,0.7329630110672596
-0.7416494663437341,0,0.7793511000280227
0.04835430679465569,1,7.527567219818559
1.762760750892927,1,13.628286181030528
-1.8088745412743785,0,-1.3128613730578014
-0.5910760997170188,0,0.15235695520184572
1.426287954733343,1,12.400923311587965
-0.41578209025813306,0,1.2428170151253959
-1.203372409611732,0,-0.649711186227874
-0.3008232746743529,0,0.8006193625138043
-0.45778999403332277,0,-0.035283411393158146
1.6616648058668138,1,12.241868060504206
1.0477375029723883,1,9.913537524477194
0.0204622229760254,0,0.17302673072687455
1.9534822668862843,1,15.614191805059752
-0.13888987489630678,1,9.096165471504877
-1.767048676718899,0,-2.1418973873714755
-0.9509027127400604,0,-0.10895563150921783
-0.2557180791227496,0,1.4664668444366065
-1.3723895034155196,0,0.37047778146548693
1.790260505296172,1,11.944644206196653
1.0673955912710924,1,10.033844244556775
-0.9268511982889094,0,-0.9176934803449818
0.36321813407166337,1,9.539759826699253
0.8857966284382881,1,9.949065327451997
1.765115715627192,1,13.096791337443522
1.5265413967016426,1,10.927284590423248
0.060768904552854774,0,-0.710679288783017
1.0986104791720703,1,9.872390893609916
0.24857901531034,1,10.500304531149306
0.2108155601821604,1,9.940916317424547
-1.5410321666472324,0,-2.071107746357898
-1.4954493679353917,0,-2.51406786106799
0.11813446008982975,1,8.396770255860979
-0.9245538200839736,0,1.2363795327048022
-1.9158523901581255,0,-3.8047865724402903
0.8913568156008491,1,13.064591503654444
-1.8700536132393402,0,-2.4970913373666996
0.3811073644162182,0,1.8569293877949737
0.15677517650925754,1,10.995413925400584
1.8752587623112178,1,13.455779350390383
-0.06314744260943339,0,-0.5977834614155239
-1.7455942544888106,0,-3.6363394320033477
0.2067518712258467,0,1.1240699594903607
1.3643846824644057,1,11.534966174116876
1.9873971371257597,1,14.541359359125991
-0.27862730524371004,1,10.80380814374318
-0.71880503001303,0,0.17027805505131519
1.6266131878079957,1,11.68004634566972
-1.2350314836955145,0,0.07080400210010696
0.4617156601317065,1,9.851027736756384
-0.3771423032762091,0,0.0637475986311814
-1.8356705401777789,0,-2.375426358078628
-0.610846102777209,0,-0.17292681445616528
-0.9390859099893016,0,-2.2319295011881626
0.7443646157739474,1,11.2468057868796
1.7951619907676726,1,14.147479245525908
-0.927811250485449,1,7.769538304903908
1.245863756606727,1,9.92360901695814
-1.778560732246362,0,-0.7891616479805834
0.15248404015925265,0,0.23380741087560675
-1.7177997451604217,0,-2.5309213606207783
1.7361319645225572,1,12.190101317729948
1.0654051222295609,1,9.57396167350597
0.6317996448183694,1,9.931680339742298
1.295585526498657,1,12.061770006599886
0.5900791822806526,1,10.087052891195894
1.8757775886971646,1,13.910284789585095
0.855831791459086,1,12.07913331415367
1.698634438328987,1,11.870106863571372
0.06852756804255211,1,10.303035804333263
-1.5317423480725494,0,-0.7925199027213283
0.11271088569206844,0,-0.9321877083615662
-1.4925086877476268,0,-1.484290052335456
0.3699739167056202,1,11.89764566879944
-0.07002775788934823,1,9.659577915438785
0.49030159133112683,1,11.127279722989048
-1.9598120757806736,0,-3.9048220865126133
-1.2206380333785436,0,0.8902377988977227
-0.03467827235147647,1,8.354511259419894
1.8020142463565394,1,12.990756386797793
-0.46556383857936634,0,-1.5293101034757268
-0.30251189578546134,0,-0.7147187694656824
0.8587843560264887,1,9.609862484731808
0.4151710291444721,0,-0.231175418181015
-0.8042953996066671,0,-1.4484371144931019
-0.3567344177302889,0,-0.09443846952903316
-1.1292008045710702,0,-0.25945233891789354
1.8640858365208341,1,11.70677451795186
-1.477462473770561,0,-2.247505480347802
-0.5126528617343222,0,2.4736262256007207
-1.8966441111199552,0,-3.0821228006237145
-1.1128820322658144,0,-2.5068969737561893
1.1218845535206197,1,9.305550081081659
-1.1952990708444822,0,-0.6279814734317923
-1.6797463898841376,0,-2.2690764397126806
-0.10218728062190685,0,-0.5879763337718766
-1.960123061061926,0,-1.5721622146996315
-1.6609353822946673,0,0.3277123326819815
1.2305034782519004,1,10.667193176274736
1.0858933794384256,1,11.513180290648755
1.660555281619584,1,13.212610140213814
1.418061743642998,1,12.481662687723645
0.7327022529592724,1,9.556591229872552
-1.7906685707973486,0,-0.9314347346264176
1.13139447194663,1,10.655525502980037
1.3820432433622418,1,11.741873456204717
1.1963285830878179,1,10.858137487697785
0.03391614123210429,1,9.86033333464849
-1.0683926454020733,0,-0.3313607942270486
1.3813199027549068,0,0.13192446780247424
0.9086512389605539,1,8.403959599222805
1.9230446975554063,1,13.342426195828727
-1.3772296089762683,0,-2.1865656146809083
-1.0973416677917798,0,-0.11318309976729513
-1.1528074004739892,0,-0.3322301286249389
1.1701590704853468,1,10.814613191487302
-1.2523708141995273,0,0.4994451491864128
-1.7333606807067756,0,-2.6102027781556303
1.9942432263425145,1,12.507407841047007
-1.9007311542194034,0,-3.6571049655194217
1.3409762406354626,0,2.3766510894697803
-0.5385326337973888,0,-1.9623465894662748
1.366461839031261,1,11.181704715008452
0.21848196484457993,0,0.5806765839197102
1.6065249179454404,1,14.725400337266077
1.7047719456585066,1,13.685502142926017
-1.963607274876896,0,-3.65297645740604
-1.698351296028847,0,-1.9286005711705312
-0.9985650817165781,0,-2.3955460698682716
0.6772616654540067,1,9.105602143431877
1.553088786046024,1,12.524046580451653
-0.16023219482414897,0,0.15911046742934662
0.4278924650970617,1,10.327913022010213
-1.2460005888177554,0,-0.9331041855467664
1.2198673355267413,1,10.90253694792207
1.869312445413879,1,13.368927009879293
-0.9256042683416101,0,-1.4525377941568791
-0.020696193597814716,1,9.771068595229625
-1.6555355579745048,0,-3.5128488910637925
0.23654662585187358,0,-0.6129785555712695
0.011133767386722226,1,11.195905699279757
-1.4222540633796896,0,-1.61922477842966
-0.23173514752769986,0,0.5896172500082033
-0.663581391653747,0,-0.030806248264644273
0.08732350122075738,1,9.615441271151985
0.34261734171519675,1,9.011540643153616
-1.966017685571162,0,-4.199606537568982
1.0440239317982214,0,0.7521641650700674
0.8520571674469632,1,10.889450799418638
-0.5348544551739112,0,0.045834147911003334
-1.788256257724727,0,-2.209816656577616
1.0197301591402015,1,9.010012895190226
1.8207006419125298,1,13.884429107316583
-1.0393936159119432,0,-1.6897051166605985
-0.7059015450518484,0,0.8076303091290176
-1.2647484420727402,0,-0.5091327652294124
0.3077444933793587,0,-1.8556168335623586
-1.3806344214101802,0,-0.5788862972984536
-0.5752242261544822,0,0.899931406804556
0.7880520557370518,1,11.50257888509534
0.24046393203739358,1,9.238353877155792
-0.45414974268825903,0,0.1325761982529713
-0.3190015927698324,0,0.6782182604247183
0.248443530492918,0,0.743994354984438
-1.9765410884513548,0,-3.451370275477971
-1.6859605261855606,0,-2.8227763632366885
1.5250322710520465,1,12.761345394539537
-1.688484043634837,0,-1.4130957727253248
0.8272143848420206,1,10.1287463284387
1.6801526564362104,1,11.587907540975106
-0.9172655827930756,0,-1.1137860312012595
-0.518034251761943,0,1.2953080125659713
0.27568562337886515,1,10.961154791889374
1.5268358785543388,1,11.759661340372766
1.7676223490416807,1,12.562284881037261
0.9582529924450722,1,8.671770568165398
-1.6535209565812239,0,-2.344873015551288
0.6766166221394032,1,8.9637657913872
-0.35878511250935174,1,10.135906854502625
-0.11719600203575364,1,11.184442408907726
-1.8034064386192918,0,-3.9130381947510378
-1.2357514426145673,0,-0.7049599019605985
1.162054430134591,1,11.782381772117864
-0.1841646678085609,0,0.21717227329615427
-0.7933510334754046,0,-0.7736528575223907
-0.46392370414016737,0,-0.03953763148896324
1.4175980533027208,1,12.381640066029558
0.9959960696198276,1,10.756595979420496
-0.9107384112756689,0,-0.38107404459562944
-1.5299926391505068,0,-0.6346195273938535
-0.9920071134237132,0,0.02681162577883972
1.6830258042189348,1,11.180746701480448
0.3263553513990214,1,10.648792359740643
0.13392083497913143,1,10.950759675811033
0.3855743987698461,1,8.791344826430615
-0.535886937013939,0,-2.3456861103281583
1.228428081278051,1,9.88493815439097
0.09314499720099922,0,-0.10209562512802914
-1.5330083889248178,0,-0.7915844456937948
-1.4837395006837482,0,-2.524165607957096
0.14743658601047338,0,0.5567227215056456
1.7462808722833567,1,9.770257905314839
-0.766591513295205,0,-0.04494184072725049
1.4781646754368731,1,11.20813287852297
1.0563823463155173,1,12.688030373441606
-1.0087502283723726,0,-2.4053268145232316
-1.8546370067350302,0,-3.2041789335645623
-1.592610939430469,1,6.082021806958711
0.9139757353897608,1,9.832037833807245
-1.2013210478374132,0,-2.5680115713867977
-0.5149163179784249,0,2.232526589027808
0.006796664025699339,0,-0.3555477110762578
0.9018726738006513,1,10.155750542966093
-1.5470751069634985,0,-1.8941505196870965
-0.37453437889015406,0,-1.1585458852359494
-0.05970836342921837,0,1.05513230085599
0.16330825588615872,1,10.64237182730975
1.2734425655808668,1,11.950481230755285
-1.3132872198271324,0,-2.3504904301397334
1.2313258073064892,1,12.06876068029671
0.7715137107866088,0,1.2494566462235757
0.22348325679583736,1,9.773187874499582
0.7981114816102877,1,11.149212374323788
-0.35192904419337445,1,10.250877704198528
-1.4464096561275017,0,-3.1070169990001384
0.6630609610614693,0,-0.03704857982687179
0.09868922674248903,0,-0.4810294427855673
0.557499202171102,1,10.172056158280615
-0.6480048758860399,0,0.8850743206041218
1.6274663093593436,1,10.513950208235391
0.34947947430230775,0,-0.4222359124607291
-1.6583900628365047,0,-3.1023373704285517
-0.20078403718228532,0,-0.7829385321969141
1.0254242189745373,1,9.716005082985962
1.1765382469290895,1,10.882477328483922
-0.02161178894496496,1,10.52317040573446
1.5789902833252043,1,12.316702389595168
-0.9293262512228098,0,-0.21563683755452964
-0.35760521104693366,0,0.5988789447575634
1.5943876422758803,1,14.406850188001314
1.5850268658863156,1,12.126930968256792
0.7428510752987236,1,11.226101310431012
1.4359221884888806,1,12.444527693403877
-1.6449069321750693,0,-0.4475336550500897
1.4599799048311053,1,12.1165226135414
-0.717520373799093,1,8.970981343553156
-1.2866739502871347,0,-0.7601816477339127
-1.0425206546318146,0,-0.31539268643649554
-0.3281259679444517,0,0.7975184967767548
-0.9952319815821311,0,-1.3662786886740033
-0.7177296559340038,0,1.0814569325373864
-1.4600860557134316,0,-1.551106021616558
-0.8152929377640059,1,10.568415596633896
0.28913525816800467,1,10.32175889585183
-0.23258516763574422,0,0.11629983096301147
-0.6131249550563553,0,0.11861276627107968
0.9858085154284559,1,11.151005452805455
1.5740398855732716,1,13.90857663315326
1.0271568916095881,1,8.524474211788084
-0.6719971915292833,0,0.3882726273067646
0.9777686713502147,0,0.5113566572696547
-1.3920792701037952,0,-1.5259511225649223
-1.4787280476348363,0,-3.979998687063089
-0.6174918518553643,0,0.46248403691373524
1.230809476176228,1,10.807301057083764
-1.0146070110307925,0,-1.356660589690226
-1.7469863644052817,0,-2.6233874653330402
-1.4731618591745796,0,-1.8913224832698505
1.4349798741183206,1,9.73503860577566
0.5351331389891505,1,10.164807082445167
-0.9871953465200933,0,0.09903562091381823
0.22118330131272534,0,-0.5438230441103333
0.11031848970140157,0,0.2623841300262458
0.621743913762645,1,10.228284346236277
-1.0672497823135347,0,0.4376816795813303
1.4576119487775907,1,11.444752533650643
-0.7625257516799486,1,10.57940824730774
0.7765266159049475,1,9.920767528248428
-1.9355014145111404,0,-1.6580325689262316
-0.5093714804234111,0,-0.5029221838061337
-0.5931607281647668,0,-0.7893478556609325
0.17393771433205796,0,-0.09786093507283188
-1.709054952891214,0,-3.2239815775498606
1.1605254949044332,1,9.532852705585945
-1.1288767929297259,0,0.00830305122640207
0.7081512595280408,1,7.114912498049097
1.2128484929763728,1,10.174517600157586
0.2475078249660525,1,8.665817265400593
0.963532826887942,1,10.589439174576903
0.6474412488600221,1,7.946581596884712
-0.5778808113919696,0,0.4513602851396186
1.2354341561342612,1,11.598909992233853
-0.8211945204578881,0,-1.9095085944824417
0.2848516710060687,1,10.202159202703125
0.981590956566158,1,10.988950938642782
-0.4841763607499696,0,0.8835484294868171
-0.7889295695302998,0,-1.7144481103173386
-0.1626159593087091,1,8.388255253330133
1.2718539773966144,1,12.531332692998182
1.719687052582659,1,11.720945811880966
0.1803336514395606,0,-0.5244719294727334
0.6458648212946074,1,10.767802991103524
1.6130944889556567,1,10.929494454486134
-1.6058125943482304,0,-2.336250960583559
-1.0716856885353399,0,0.2763233124708411
0.8356000250063298,1,8.870617199855634
1.2949778476491987,1,10.585813633988568
1.4281161133223117,1,10.32960894953435
-0.33957129258026963,1,9.206486825281315
-1.6426403908325327,0,-1.0304929721408778
-0.24887409080152034,0,1.3973562132902448
-1.0770616391717849,0,-0.3668948888068986
-0.8352141800135033,0,0.24089419217665714
1.0890702273500232,1,11.150713819924242
-1.6978916558964525,0,-3.1197076347572748
1.3103248699228085,1,11.363032475499468
-0.2893236567033237,1,8.692582231734466
0.3842557244023803,0,-0.9302013380925382
-1.641391075057284,0,-2.297890461288751
-0.6505636865708815,0,-1.1986410399001972
-1.6411963239406169,0,-3.4830290540610953
1.8461748915244383,1,12.434318096210392
1.2290465973050018,1,12.0746052974147
-0.1614689825741591,0,1.55503422547955
-1.1055898067053156,0,-0.7082571692531463
1.7338204209994088,1,13.188246535064323
-0.6216136170921129,0,-0.6835909573576988
-1.356062273250501,0,-3.3124815652087367
0.25265755381581956,0,-0.8854581771081066
1.7750964813792645,1,12.488291644578863
-1.9846788379987097,0,-3.7678061617785006
-1.047500626984005,0,-0.6756650977994804
1.7537905616416305,1,12.415492522194437
-1.3156561325713518,0,-1.713301220096148
-1.5470261934407206,0,-1.5073786479469407
0.2807488631992179,0,-1.352827476317073
1.4473752931793196,1,12.318112516916674
-0.09156072922429548,0,-0.5867346823705712
1.978257026738099,1,15.938053544211174
0.7166867981519713,1,9.868743951789245
-1.703700371158209,0,-2.9527517741824454
1.9713285267279015,1,13.26773934665653
-0.36842305287923827,0,-0.49520666132316926
-0.8503898646180699,0,0.2997428488223845
0.2315167343115423,0,-0.03607155311161492
-0.7827696327165428,0,0.7472691136091358
-1.6541699715193907,0,-1.7987132274532658
-1.9942866276832931,0,-3.9343251412357656
-0.2016665883189508,0,0.3688535047300449
1.347453688906369,1,12.419586531449625
0.2892607425203062,0,0.6687974432461345
1.9968291957737634,1,14.261562314141818
-0.8526134174112001,0,0.11283904677747791
-0.8781797409597787,0,-1.4913107933478529
-1.3610021590642232,0,1.3111857468254453
-1.3437456469386593,0,-0.6850430311496
-0.8592536159598088,0,0.3107140125721086
1.1713601810941086,1,10.774910287975727
1.6230271625457915,1,9.840134906086115
1.9003486788307251,1,13.166044857119754
-1.0708413836141895,0,-0.5380204506081815
1.5251901824563667,1,10.951114762967316
-0.6869796428906518,0,-0.993660148174374
-1.5486378219324624,0,-2.196284826189743
1.4800997020806625,1,12.39275244677269
0.5444225385744743,1,11.3364365793296
-1.341076415675753,0,-1.034990592593108
-0.2806749699479898,0,-0.5784342938660353
-0.8509692204917294,0,-0.670498631029088
0.947178274840788,1,10.524412926631632
-0.18633507750292777,0,0.21479527648652894
1.9571197804255398,1,14.183154586206065
-1.7810200709616195,0,-3.264086651953903
-0.5799389354550133,0,0.43176594243018857
-0.07239933156009037,1,10.450047488301998
0.012534218993279111,1,9.604908228065437
-0.7362567104574529,0,-1.9190438115472757
0.9169609963902721,1,9.500561730500982
1.498988293955899,1,13.251683120696317
1.754877207911452,1,11.008583080089355
1.2203735071981048,1,12.226280389468721
1.4023207892263976,1,9.650253537274182
0.20218120247998206,1,9.230982077541288
1.3035529057072583,0,0.7328122672680744
-0.7859843634081911,0,1.539523745000649
-0.4060849515631424,0,-0.007351759308930818
-0.7323479447258228,0,-0.4103965334148669
-0.13045065820829826,1,9.063544002938551
-0.8576815350454545,0,0.20649812389681704
1.8464457690177873,1,12.634882555022683
-0.7486214879773274,0,-0.4387804094469705
-1.6078218475562407,0,-2.4365374739946377
0.1072686642016536,0,0.7204793215852052
-1.7716036862192945,0,-2.0183720605704396
-1.557827334765678,0,-2.7806764297746374
-1.1224424432150149,0,-1.3343277219343055
-0.14259900047143326,1,9.272671536755436
-0.26699627076388843,0,0.17383535502878344
1.1987674480111647,1,11.76803527375803
0.9578986155364535,1,10.636134726344029
-0.29472682403719475,0,-2.2034482552968546
-0.6651831696974804,0,0.6125918369674179
-0.7341248637540057,0,-1.5468152436987064
1.095980349176036,1,9.942990570854636
-1.791710375114921,0,-2.6774663114633537
-1.9487134019575767,0,-3.783989764440025
1.1821775677065922,1,11.698807666756888
-0.0914144960438028,0,-0.6111345899487938
-1.4764754457856961,0,-2.5759570635826186
-1.057736261621995,0,-0.9033435625963797
1.7300158123895302,1,13.565948823642584
1.4380119024995919,1,12.116489626156284
0.8391402008958901,0,0.3825909276934912
-0.07109907865069376,1,11.325783482273689
0.0812945047655429,0,1.1451248722246457
1.9009781411358344,1,14.223281597627466
1.8630817755371485,1,12.055463254838116
-1.1389238168566629,0,0.044562968879723996
1.2444182652212725,1,10.761180392758463
-1.2110293353319328,0,-1.2829872290927895
-1.1458500884641944,0,-1.4347862560795777
0.7043721366583071,1,10.00301706970538
-0.3799956056498064,0,-0.6531888033454706
1.7261776284260808,1,12.741490722513216
-1.6439610604159647,0,-2.394434291627753
0.04610256323797213,0,0.22058748690714533
1.674086121772485,1,12.899138574076542
1.6164546419180206,1,11.81747269361121
-1.3738831463370351,0,-2.0339331603523325
-0.5334491996141741,0,-2.0823039299362733
0.476485600186785,1,10.824744011013221
-1.3624204609143913,0,-1.1856900223780127
1.8720886881829548,1,13.104393261849324
1.6589973149106414,1,13.454922386864613
-1.3321992838621233,0,-2.4706848180544565
-1.5153781549560583,0,-1.683695426649273
-1.6583660687669388,0,-3.2444595945616577
1.6377746561465245,1,12.852512103725585
-1.2255047608181568,0,-3.146410744892187
-0.3348602858225811,0,0.7852414845637441
-0.20459453739198796,1,10.758378133495778
0.3960441768542702,1,9.108047527480249
-1.7130586250103002,0,-2.447205389381031
-1.0929655303979362,0,-1.5543372518542284
1.7259615476757042,1,12.998367223845406
1.633640429074278,1,13.000143418756444
1.1251625896227688,1,9.707243107511236
-1.9223950175271383,0,-4.848952672657716
-0.6919729260155916,0,0.9307696530740972
0.5118349413716312,1,12.00821457273926
-0.8992391529060972,0,0.13087070454220134
1.6383467802151093,1,12.767250459846439
0.5355578473297675,0,-0.2552356370612064
-1.7123731307342176,0,-2.330500853609555
1.6360223553428122,1,12.540184765444412
1.8310666327048901,1,12.887031757211172
-1.689150326433098,0,-1.0599056787981493
0.12944093944525958,1,10.177829144709065
-0.7865428711433182,0,0.06230275917500644
-0.4286436940743905,0,-0.20134156416378943
-1.2813951281786324,0,-1.1123476808583028
0.3122884080496502,0,1.2339380862719407
1.8319174129955624,1,13.219791463041414
0.012290401086436198,1,10.16929598076881
-1.6683416744220754,0,-2.139598952380135
0.4800053339096335,0,-0.3092147934945189
-0.6391080221949719,1,8.461535252064934
1.4237007583651913,1,13.015440657859626
-0.2612874067341191,1,11.059374821398025
-1.2286415642310176,0,0.3216895150840452
-1.2355775092354202,0,-2.0156671717743295
1.0750567228846415,0,2.0661670229062348
-0.9376496067705604,0,1.5546862153726242
1.068933576636892,1,11.655514316804116
-1.1764507569336025,0,0.8336970870302932
-0.7132545251947624,0,0.616420901387924
-0.13805211024120245,0,-0.847923128523273
1.7727833987738029,1,13.293349115346492
1.7269256990152986,1,11.55473869876337
-1.1725124983108488,1,8.596649236466625
-0.5671238350277088,0,0.22507856664697032
-1.4024024461849107,0,-1.197056848506806
0.0399403172539885,1,10.46310726331109
-0.15766979722133367,0,-1.7940488107742532
1.6030406498029297,1,11.905460351864894
1.7200215111642905,1,13.093317956802043
-0.46573043597083164,0,0.6978640799458419
-0.03304822792404227,0,0.8137549331877639
1.5849449965845324,1,12.241989309316237
1.2268312309802458,1,10.544036813962757
-1.985374754621403,0,-3.411417771805609
-0.71976174326567,0,-0.48615190815441206
-0.3129030322554964,0,0.8857384837342248
-1.0811348652670731,0,-0.20453569413667555
-1.201713536416245,0,-0.9294286731351015
-1.8488619736172813,0,-3.9289688679920367
0.5734789002790421,1,11.21377775149002
-0.9499588380673374,1,10.130417666893852
-1.7906112862747476,0,-0.7676387603562573
-1.0760827578877454,0,-0.09680795770577555
1.2076558113445062,1,11.490559168251863
1.4059567265861865,0,-0.07568142011115553
-0.06773501922678937,0,0.31032899428209565
-0.3357173183652553,0,-0.33544695114849976
1.911414774007127,1,14.31811537995054
-1.1977413616477204,1,9.475553925156197
-1.138562868581566,0,0.24729919475422446
-0.832531291854401,0,1.8440779181537788
-1.3089707268756507,0,-1.919760383221199
-0.48253760718325367,0,0.8905289179083015
1.6433369079590152,1,12.902554998846998
0.46139136251429713,1,12.028405743454854
-0.3522138055509454,1,10.683537704845874
1.7376431782848591,1,13.224733615589425
-1.8061430700967107,0,-2.0945040962900774
-1.1588952883925545,0,0.14304573607489646
0.2635544204070359,1,11.463523520165941
0.46221049277271664,1,9.22999445795214
-1.8417699737495474,0,-3.516088061735045
-0.3878449683714713,1,11.706115578116338
0.5966158593234909,0,-1.8525320935723706
0.7922821856136064,1,10.16393290172713
0.5525596100650771,1,10.233914322909012
-0.7177471025563018,0,-0.36178950255891107
-1.625919505608362,0,-0.5682039448772676
-0.2915502143226636,0,0.46354667522553133
-1.484982250527778,0,-2.0246349554771736
1.7904946340826684,1,12.235638131579533
-0.09931653590948697,0,0.2813357605456018
-0.7309633025725297,0,0.9706745047371939
1.0652162844756004,1,10.742750971491056
-0.008205629670944514,1,9.86557938948997
-0.7598639039501998,1,9.08534620365888
1.2478709695632069,1,11.34561991712274
1.468608604004488,1,11.90232628845612
0.692032665154708,1,9.441491842261357
-1.8121423103693308,0,-1.948994423899831
0.2652915206661284,0,1.7153788636055938
1.0531796479891264,1,10.633084750304874
-1.4539879516656713,0,-1.2347864818393786
-1.0853169944615866,0,-1.7441391074778259
1.5299804202725458,1,12.527909274977581
-1.9195131125877039,0,-3.0720781731107287
1.010908551303904,1,10.190437491253856
-0.10490682994230838,1,9.25593020798103
-0.21291136464157256,0,1.8427444745583088
-1.9716138700204513,0,-3.449318864795666
1.2775929238659711,1,10.12500019134875
-0.5607003974537341,0,0.7674064132137376
0.16306252520217157,0,0.2318251791119113
0.7092027453426377,1,10.237245662894484
0.8105183057516632,1,11.244788212611455
1.8239202353042892,1,10.421040978582981
0.1253598129464364,1,8.193945408796294
-0.4011217961022897,1,11.346948737710333
1.8148145059668317,1,12.859670576103566
0.5684409401020845,1,9.665066487606246
-0.8073985748937775,0,-1.6009255094182158
-1.4941430183857154,0,-1.4739604219685203
1.3702180058607252,1,11.603546166148803
-0.5512735888233937,0,1.3570479118601435
0.6418788854577246,1,10.50467495473311
-0.11673432253640748,1,9.696396736691577
-1.2042808808198466,0,-0.46760297661990374
0.4067464344818603,0,1.1431351686770717
-1.7572677241972707,0,-1.8219927714664792
-0.3466301605152311,0,0.6006105566561827
0.18645975865468412,0,0.27782319505123804
-0.25581210352568373,0,-0.5896973627292762
0.9946887010039633,1,9.459276478940728
1.3116998181812498,1,9.937420694684622
1.0849722961327122,1,11.032561931096408
-1.8447482087527916,0,-2.6406475124627926
-1.2234849182161112,0,0.17857780831444314
0.14643003705509727,1,10.563301710794505
1.739288161775205,1,13.681652029374174
1.3398271002084674,1,11.0720397411446
1.3701380334072066,1,12.056907614944983
-0.7871672249613004,0,-1.2453476073799976
-0.28220841168518973,1,9.928576385150082
-0.1171762107362504,0,-1.8322900344137514
-1.3705136666003583,0,-1.2555385374441042
-1.8757274790221747,0,-2.0749497572548274
1.7876115978420675,1,12.926416440727317
-1.037149657345973,0,0.16400472552679246
-1.0402043851054747,0,-0.2895784454743731
-1.6664837849249619,0,-2.884478703808343
1.7140310077751142,1,12.331180005897295
0.3189484597590879,1,11.195907507242186
0.6681474285014155,1,10.865811572791532
1.64630754905221,1,11.61342137244694
-0.617519324396842,0,-1.5052109037018506
0.4860292445523364,1,10.264252573357384
-1.8448021810844502,0,-3.7210829237635807
-1.2529098870754827,0,-1.1608334463713312
1.32498322035977,1,9.708634791831294
1.067073425353343,1,11.648262138575895
-0.5974292341714125,1,9.796404466821894
-0.4927574889031501,1,9.994836762270053
0.13421773421431782,1,9.168278710592368
-1.9990359812594618,0,-4.271603380964839
-1.0350226558478886,0,-0.4319355662355981
-1.1670727655671422,0,-1.4080681151840055
-0.9980682130009462,0,-0.7129696636650813
1.2236233701337653,1,12.302329010223602
-0.8813045738142273,0,-2.092295610212998
-1.2339147117994074,0,-0.7547839547238999
0.017053843172126104,0,-0.7854635870364709
1.4625801454909277,1,12.900822334775437
-1.0346011846500005,0,-0.734445653776449
-1.6858550288288052,0,-3.4428449138340684
-0.5743810566013412,0,-0.31035809824126354
0.9906072982599112,0,0.8356771250687085
0.20276217877917846,1,12.779790487730395
1.2671734782973898,0,-1.0924416684281721
1.8383685904369358,1,11.907358258251675
1.1706499070064682,1,12.107360608432383
0.4152123153750136,0,-1.4731680780438043
-0.026633647790478054,0,0.009622476544182204
-1.8397236546069333,0,-3.596713697355852
1.937287915256165,1,12.99497854426272
-0.4660755096998299,0,-0.22281456367076602
-1.3910871443325328,0,-1.6786453933746288
0.666835421585827,1,11.20532229412813
-0.8628468436181627,0,1.0070979527679176
0.34311308372419047,1,10.446500730021466
0.34707163137836483,0,-0.21516863607351291
-0.21708071638852333,0,0.2533550109064489
1.3444744621801705,1,12.02016936980341
-0.9401317537782279,0,0.5862316554691014
-0.20546963352906333,1,10.365709612088772
0.15076851436388594,0,1.5293751225176377
0.6544988830691985,1,9.52367139269899
1.135887402022358,1,11.872740084528239
-0.42077086848697576,0,0.6671115163598629
0.5841877763863841,1,9.489684069550526
-1.3975561877259235,0,-1.1321418435974557
1.7305924021699144,1,12.892948489772946
-0.46776477431598584,0,-0.19320681508729917
0.9180856879057537,1,10.233983143054983
-1.9186356724712894,0,-5.056232805715129
-1.179251428380772,0,-1.5092207379437435
-0.051669822705687984,1,9.76155889452425
1.5130098709293862,1,11.159221853396057
0.1090205998027085,1,9.144983813266037
1.7194819291755161,1,13.603017054423999
-0.06481241366881463,1,9.895938786256103
-0.038203613056200236,1,12.16671384114321
-1.5210128459978725,0,-1.5366689594974767
1.2106249766088792,1,11.927308944117652
-1.01213835013175,0,-0.7265514737112602
1.5984499574892603,1,11.38037883529098
1.6432968813215845,1,12.481648899846263
1.7732404474965988,1,14.08338846354489
0.08092195641236,1,9.911192517719435
0.7083751391345774,1,10.624507854876914
1.114063520246654,1,10.948913452752734
-1.4759415253981376,0,-1.7055989307836552
0.4038287799899889,1,9.986103265584196
-1.8628083947867533,0,-4.230498528658405
-0.009735666445096491,1,9.988911005107939
-1.3806292735190904,0,-0.662540439154179
-1.2683082961516612,0,-0.7243920075770502
-0.5398097332295939,1,10.105531721002103
-0.27025133313398797,0,0.7151424373515436
0.49268969812874897,1,10.254733432202107
-1.7022863262459373,0,-2.452508620983603
0.01476704494977854,1,10.735162017053414
-1.2694994789875955,0,-0.8863814233200216
0.29590070012696756,1,9.776358827848602
0.549618449044734,1,10.551284746477643
0.22683702621141544,1,9.970617548159922
0.9531820419132306,0,0.15149617684434313
-0.6575630230363947,1,10.013260673717037
1.0604263665325235,1,10.763317733156988
-0.2689316731672253,0,-1.113349864021668
-0.0632620067096128,0,0.33310387744699405
0.5924085090442857,1,11.95046509287892
-1.9265664640031042,0,-4.554989433862514
0.6159768856809933,0,-0.3857164314453764
0.4743405962884615,1,12.83338930345641
-0.7606115329868803,0,-1.0421509469444687
-1.656822860402042,0,-0.9876506525853352
-1.6362582003478354,0,-2.419116655598458
1.6928949879409143,1,12.485968312749549
0.7571172849033485,1,10.085832070061834
-1.4915895449170384,0,-1.2335729506024753
-0.5731073227643746,0,-1.6738723006633223
0.3699319756063857,1,10.211572991156967
1.3422868203625948,1,10.80585998996978
-1.8253562851479659,0,-4.904049533293829
-1.0534674741199646,0,0.5363232346995399
1.55899596118152,1,9.787042448468982
-1.963337799264734,0,-1.635588276941002
-1.1944035888244504,0,-0.23501485473979733
1.8360967038918639,1,11.733975733120563
0.45360738608868445,1,11.384760698946739
-0.9533145334499742,0,-1.1835696907947038
-1.7320356224166096,0,-3.3028317616473633
-1.8872346382111114,0,-5.161809258811659
-1.021019681452291,0,-1.396159806115529
1.525943278355642,1,11.030412893968105
-0.33634538280996207,0,0.7991210089762388
0.881333476663972,1,11.509481180978913
1.673140141519831,1,11.101103748388761
-0.3678381535887336,0,0.24565481573336523
-1.2348905158504118,0,-2.7818306310192735
0.06847172342767793,1,10.274505285512216
1.6323347482394177,1,14.336771803815935
1.2174976565508024,1,9.122536290329244
-1.7366806265473849,0,-3.6336326788890077
0.7702912003103273,1,10.95580079152321
0.287590089835815,1,10.857087484140115
1.629852705385702,1,11.223669787379299
-1.510074332598811,0,-0.24814800579481777
0.13614445281862642,1,9.185683307484624
1.5178507740475693,1,13.421933776891034
-0.359904853033028,0,0.44534217972314366
-0.07202032906853173,1,11.271028269913556
-1.7181572893321668,0,-2.165227418349546
-0.8874254382043567,0,0.3075297296125282
-0.7019734033242107,0,0.537177982256695
1.7804897949795477,1,13.9669909828426
-0.8693305578353638,0,-0.36131983368522513
-0.156525058921392,0,-0.9018212744194188
0.6852176942571191,1,10.081923705577893
-1.3512665103684904,0,-1.9011409031748057
-0.05423045143250205,0,-0.6021518521399868
0.9541561579036304,1,12.089115789407595
1.4674208521082641,1,12.202644128827702
0.5050370986497068,1,10.641145487400207
0.6762140612677916,1,11.227248208182633
-1.4948661096617242,0,-1.0527218625538999
1.7831059889853886,1,14.701740791005165
-1.4697036900620706,0,-3.6819455776805414
1.0986917487271932,1,9.665535735033826
-0.9407347128867247,0,-1.1169383979538026
1.7343725748050063,1,11.232821697900539
0.8798381574779182,1,10.453470809620285
1.0152548519134759,1,10.683165814042693
-1.1237633077604667,0,1.2657673791125856
-0.22784009345935674,0,0.8978754259821888
0.47125277835714563,1,9.54480128406845
1.0798944728264037,1,11.124030868194197
-1.5841624963504417,0,-3.814764103833802
1.8494612658181135,1,13.305302805212419
1.560882682218224,1,11.99021928128452
-0.9186056380176626,0,-1.2896737970952676
1.291040972129328,1,10.874747651226132
0.07329569215929377,0,-0.692340607574308
-0.15277407375192542,0,-0.934328185369477
-0.7422635767543784,0,0.4700221453873025
0.3238743465263698,1,11.050897527588795
0.9195564708143911,1,10.898776707754836
-0.356268380148967,0,-0.460714736031989
0.5168767720331684,1,9.406491215456409
0.797251684621215,1,9.8463706880555
0.8444872680611435,0,0.08111884632814462
-1.792135607475279,0,-3.7500360587289516
1.4389912227402677,1,12.543680483958237
-0.16698674093980825,0,-0.20460190826156033
-0.9503356732151422,0,0.3357387717804725
-1.0329419700812736,0,-1.9509794314914726
-0.06794354862419816,1,9.311502683893794
1.5473261578758368,1,12.711711651468104
-0.4866096732694123,0,0.8159340737523499
0.9989029871341732,1,9.295826340388166
-1.6127250760511256,0,-1.7941850724543542
-0.09577319139575291,0,0.3288750385521222
1.9667445615709425,1,13.095553374281042
1.081751211169348,1,10.989922882896403
-1.157886046237548,0,-2.356640666406536
0.0057658947916428005,0,-0.9268917571254831
-1.0655009454057338,0,-0.005869544997638365
-0.361756290949963,0,0.005829167369659459
1.120336094939859,0,0.7845169136156177
1.0848992611616146,1,10.463384005811717
-1.0875984883904595,0,-0.10634148709441993
1.6888932726194406,1,12.993763111611134
0.37027273105930725,1,10.81688065937129
-0.4803028361519419,0,0.07026847404283616
0.007742323123442585,1,9.611588391620703
0.4202850137509748,1,9.480103056307115
0.23956212738314164,0,-1.0499724212686907
-0.054379857855287206,0,-0.40287022658183663
0.019731216357600445,1,9.393619517844614
-1.2943523582884553,0,0.5173334191438259
1.2509316172187175,1,9.931810014412099
0.16704127976406147,1,11.0396925762873
-1.4756805531811876,0,-1.8744833484798524
1.0646284063311118,1,10.396869872725956
1.7297759135094033,1,12.989040718226494
1.7892275969478484,1,11.44542126460577
-0.523929070355309,0,-0.8718847708671627
-1.4579325057569839,0,-2.7906055306659336
0.07359850653226063,0,-0.38005897085037926
-1.5495630826031173,0,-2.7695585445042172
1.735949674050469,1,13.932803811231686
-1.265681490579416,0,-1.5971224753074882
-0.9889365601953437,0,-2.86208360299108
-0.3734538924601183,0,-0.3604751888181979
-0.4673421257634969,0,0.7564196376147551
1.178651569591556,1,12.448971336807489
-0.17473271779615063,0,-0.23216064825319413
-1.3169269599866524,0,-1.6588710544257714
-0.9311604180557036,0,-0.41813780921162524
0.03645354075008811,0,0.41508036037272555
-1.4101843302954604,0,-2.5310442796626154
0.44662270258405634,1,9.8000939643075
0.26298922620458365,0,-0.040439957958402654
0.8588092655290307,1,10.362512083251163
1.7508184615174707,1,12.53890608160433
1.6490182444046226,1,11.306273635132415
1.7843024722753253,1,13.179116053079529
-1.0211376119051963,0,-0.5769541039896771
-1.4737387734425815,0,-1.6474155719559413
-0.790893198014206,0,-1.3298847589628136
1.5803406910652584,1,12.613619849359903
1.888213898493953,1,12.41813805194825
1.437299804281904,1,13.101046950775126
-1.5599291154898256,0,-3.077203824780769
1.7897119922391727,1,13.628501457725177
-0.3065678905968561,1,8.07741050683042
-1.9627588369505853,0,-6.038994631478162
-0.2304250370072256,1,9.439115616607182
-1.8157233212981296,0,-5.252785359546444
0.1755116846444702,0,0.7324264123891607
-0.6457838902517947,0,-0.15646129327840544
-0.10626026562380497,1,11.400430722755141
0.45268144297246815,1,9.87918845325967
1.4752043832712811,1,11.848340769624455
0.6476063058877144,1,9.867606529276816
-0.2638045260872772,0,-0.8831099954790311
1.2777114146814603,1,10.636187272089762
1.6223285502925289,1,10.930991227968567
-1.5209601342712111,0,-1.3718149533024828
0.1277319102111658,1,9.69319458461249
-0.8619521610302234,0,-0.4204462371685097
-1.8117552084922104,0,-0.14977395049164244
0.6741867804559414,1,9.750168533237105
1.4510831098369024,1,11.841489701774284
-1.3483893820904238,0,-1.279925100783901
1.249654630495602,1,12.133347520490002
1.4135829341477666,1,11.650780854481651
1.657361770665934,1,12.004837753528717
-0.9388596436557903,0,1.8787341692550248
1.615812260759557,1,11.249636479038966
-0.717348981054271,1,9.621590678269753
0.20935205382201127,0,0.9210702038986001
-1.7979701166708715,0,-3.724279874236376
-1.8244756465250256,0,-2.27096433596986
0.8814928509288116,1,9.863001556890271
-0.22208008808883584,1,10.99775981441684
-0.9748304985231298,0,0.5138234918411411
-1.2383460159003592,0,-1.0395858651356644
0.6798139634368723,1,9.156613751135495
-1.9983938238986405,0,-4.3818463324893315
1.2235646767874169,1,10.901089481247821
-1.6830015754802847,0,-1.4952749756070973
-1.2340415403675222,0,-0.6190552613485252
-0.4550544188036416,0,0.4907924533973887
-0.060565041135585584,0,0.34921782943172874
-0.5800195367442327,0,0.7486531564646328
-0.7171513400628244,1,9.615171382951706
1.8556640482927538,1,13.359869385356832
0.566318724973577,1,10.119189054515141
-1.9062681785304472,0,-3.9015099221051397
-0.2792963662227472,0,1.0008138474442168
1.5000347989758809,1,12.678259423287804
-0.7941752543573282,0,0.9553399454158025
-1.621774620902447,0,-2.896457084124209
1.0335390863596712,1,10.9028239496491
0.4240553277443251,1,11.130494478264922
0.28125003130601556,1,11.51402008419533
-1.7856937615703683,0,-4.3556544039243
-1.4380039608179307,0,-1.4896783017037916
0.4901975848524551,1,9.869679465048405
-1.1687046341646568,0,0.7926909650929996
0.016280318993697307,0,-2.2093476605332594
0.17952674411757386,0,-1.044423567179966
-0.8659712389162424,0,1.1083340253428433
1.7937006221659715,1,12.415772135365676
1.3698564273423006,1,9.983812455383568
0.889494030531194,1,11.86392081560984
-1.6880245343623637,0,-3.8367658950068364
-1.5754799227639222,0,-0.9332424386532456
-0.0288746165401772,1,8.43973183347956
-1.3571466032360573,0,-2.692359443893606
1.9130618541178963,1,13.700858621576769
-1.3659190638903622,0,-2.1225304768233597
-0.050128658144104055,1,10.272272083051217
-0.5435157726339783,0,1.7217650754739107
0.5575456858163919,1,9.931644652325234
-1.4838543644423003,0,-0.005805588646164983
-0.2787342878304364,1,10.31346393023429
-0.9011798687714254,1,10.589937003723584
1.5510060986867522,1,9.512332754810151
-1.8376571514612197,0,-2.466564524674334
1.654909976025837,1,12.748936926210746
1.3319765542120017,1,10.821501535992901
-0.8097171342367382,0,1.6300886913516426
1.1571626187084187,1,10.281526642134487
-1.8751457586450098,0,-4.905541368214623
1.8674622011735744,1,14.038264957886488
0.10637977035915736,1,8.576925619173892
-0.7868758957382189,0,-0.16701961286833644
-0.5496671496212917,0,1.2568277023936263
-1.7343785861580105,0,-2.1100869845250725
1.9573980561681568,1,13.502406272143888
-1.8428322193972302,0,-3.4802835385791973
0.6196284925914362,1,11.384292545823074
-0.22905628917416676,1,8.77407609972964
1.7956648727548603,1,13.670037055587105
-1.0160010387728193,0,1.6692211161768444
0.1283472957520453,1,10.544493889240018
-0.07057516566898814,0,-0.23819414148361734
0.8114657762004054,1,10.107100252104399
-1.727959072190318,0,-3.06008724427899
-1.2248434799065806,0,-1.5698256064794036
-1.1417407196286007,0,-0.6263948455011362
0.9526030193667587,1,11.111705535666228
-1.2434452146930397,0,0.6494933513729011
0.2939670555639067,1,8.05616184651247
-1.1390247179961852,0,-3.1779190010587692
1.4464998003359137,1,13.143379802751706
1.7687418179585541,1,12.823844824734634
0.07397189976896179,1,10.109711144127195
-0.5907644631632869,0,0.39820660677688796
-1.0637688999300035,0,-0.788742397851589
-1.800875993907825,0,-0.9451028136349988
-0.9259996952100185,0,0.09481772164829227
0.6169431197812716,1,9.669809861583076
0.13446772523684336,0,-0.3569669113032396
1.7761651131237097,1,12.658158519920397
-0.41489095003319765,0,-0.8128143349537652
0.7754533693135781,0,1.9226382543785145
-0.042709010099514444,1,10.123919454265843
0.05030486369684661,1,8.829563049995029
-0.92890274158353,0,0.004445413551326272
-0.18019689263200123,0,1.4361174051264844
-0.11686001194917095,0,1.0600184382291291
0.8265700869957358,0,-0.4774466597288295
1.7625599967444554,1,11.62872878258339
-0.6827148900699829,0,1.2682157093796194
-1.8311981256748062,0,-4.6945764037383295
-0.0148194979974412,0,0.37091593194202704
0.17784532859667435,1,9.434287234679578
-1.326237795472339,0,0.14727878028400365
1.0418584251042668,1,9.510718272141098
1.9397164337659665,1,12.852622449392372
1.7830988680338438,1,13.451657831931193
-1.2115758447053913,0,-0.09372993619463954
1.5014529596030428,1,13.052005290654684
0.8179745456467389,1,10.746573305386605
-0.1846137447723537,0,0.3463385831181496
0.16244397729891613,1,11.05125942884714
1.3984006999298324,1,9.996694148990104
-0.07946024144650732,1,9.120097748439072
-0.5071705235794925,0,-1.3520242423743125
-0.027010027896056776,1,7.3143019394850395
0.3165192161401964,0,0.8580128836750583
-1.2436893848866046,0,0.46783857548272345
1.6036309210679627,1,12.617969365822859
0.6967477953184553,1,10.549194858536756
0.5330756693499556,1,10.160704406732329
-1.6020150952774475,0,-2.0006038694473887
0.4166957526903672,0,1.7313999882728226
-1.5161573510460307,0,-0.1934355879035965
-1.6852092992184038,1,7.022030879062346
0.10924358256957323,0,1.1094542078651133
-0.3888578638140201,0,1.2000277855301555
0.3552410806248929,1,10.6728083714801
-1.6431113277710456,0,-1.8304674567228345
-0.2760677486109664,0,0.3427529223605903
-1.3008531398193681,0,-2.582678490624392
1.9484003436964663,1,12.127637597454749
0.2446008497406975,1,10.790608570337533
0.7497474437634692,1,9.11034519399681
-0.6983268772695688,0,-1.5595585581166487
-1.6210443408826234,0,-4.20534830685172
1.9034834511341465,1,12.97269043042483
-0.8549638584672672,0,0.06186261808328758
-0.30476725930570314,0,0.4407669520928625
0.5994556868103,0,0.958301445005194
-1.9012108092555549,0,-3.8275593844679836
1.2410365220691477,1,11.062983746318631
0.14631276011448113,1,10.847384144852853
-0.8871312517247114,0,0.1148910582222824
-1.753568058830123,0,-3.280980817961723
-1.3500063381022342,0,-0.9305598502116161
1.5801354354137476,1,9.988431786596614
0.7440968957435641,1,10.206118910272737
-1.0003931134524406,1,8.881008087248697
-1.7375969402198819,0,-1.1045370963494046
0.7624612495465453,1,9.244403224788847
0.2896309038710605,0,0.12882658317093465
-0.3819219021670599,0,-0.4566871446102726
-0.5455542032397447,0,-0.6394115614867557
-1.1327428962835668,0,-0.3493829934919412
0.6784450261500705,0,-0.2620633917445659
1.882672111175482,1,15.18851311410188
-1.2971390166526966,0,-3.06585626608181
0.38846648006201345,1,10.660481793519873
-0.3032597770160952,1,9.901260371361507
-0.21324511302134042,0,-0.05516434409778274
-0.9834108794887424,0,-0.1734043270283549
1.3005395026456763,1,12.097620957345955
-0.05897758341103554,0,0.26497047823603526
0.17362340879305638,0,1.0039469161835075
-0.780956348810697,0,-0.19174780399586872
-1.272766137332201,0,-2.0650080413678378
-1.656358447188718,0,-2.361272912863955
0.8564765636996636,0,1.4670610472250045
-1.2150628732485775,0,-1.307627145524885
0.7603014167551909,1,9.136945644151957
-0.4384942158121845,0,0.5772982753271934
-0.3369007960413941,1,10.317492039069764
-0.12329001562891317,1,9.228189280741935
-0.5291659674898272,0,-0.30714527596102353
-1.5975200911096397,0,-2.220162829826008
-0.7614727599886169,0,-0.21438453795087395
0.6549374427757537,0,0.7870311432443147
0.6631376058754839,1,9.740604608043487
-0.8551027710400225,0,0.38561840102008127
-0.15958949376924814,1,9.464478462599244
-1.22621108795225,0,0.7444458212475379
-1.158511673880657,1,10.910405970219301
-1.9078116463735704,0,-4.328380540278626
1.5869861996309784,1,10.772930304695116
-1.1571733397003752,0,0.20345125365890415
-1.0898644922541467,0,-0.3893895651071046
-0.8815942694194727,0,0.2090769466805723
-1.490367713218284,0,-2.3099545395965904
0.5570515327254513,1,9.953974344527383
-1.6994281872896537,0,-2.798856198390481
-1.463190294694599,0,-1.2620899687171363
0.5790269063603715,1,8.851345785307803
-0.641357518074229,0,-0.23124227552091198
0.8317913068047562,1,9.031970109850054
0.2296989786805681,1,9.490495868105697
-0.9759153077539477,0,-0.5620838970694192
0.6033118019573123,1,10.61723199222543
-1.5349052788284774,0,-1.217747679893928
0.14564153232012167,1,10.762459451633534
-0.2514075798198614,0,-1.490735267826713
-0.9285056687302369,0,0.8638434533934749
0.41601999095800046,1,9.391201385091584
1.48533436936113,1,11.066694252898685
1.9956187990523069,1,14.242517885597877
0.431051074973698,1,9.703044274433637
-0.3811765026833194,1,10.334134199449174
-1.0991715991351936,0,-0.11660501844846582
-0.971615642419553,0,-1.2217962001940976
-0.0821800874009373,0,-0.18400355650191905
-0.530889194877163,0,-0.22893074697217902
1.655258090499777,1,13.225876309681228
-0.5268181293771619,1,9.461731281269595
-0.506221635418258,0,-0.5735577320556591
-0.46586195026409216,0,-1.0721703483335159
1.3464808414706324,1,10.311078064591838
0.6031532833876074,1,8.759105994228223
0.4566754012755707,1,9.344556578018661
-0.6634279104645513,0,1.4475655614567735
1.2716167073297577,1,11.719015204675069
-1.8465445545771955,0,-1.8707598779722898
1.4831886893524526,1,10.681244609258858
0.05099959917571839,0,-1.9476644443547768
-0.4069990605463487,1,10.282672660908057
-0.011330877129257289,0,1.853597166804836
0.6696621221353243,1,9.664818379317364
-1.9489382939284106,0,-3.599568735231315
1.486207425832991,1,10.071841623027067
-0.2130418987544287,0,0.023371773322346488
-0.6281339211996873,0,-0.2489036027773487
-1.4470177374637716,0,-3.6079708768848846
-0.24213850256623148,1,8.95556522184021
-0.014708914862484601,1,8.883268276180658
-0.38541322202608885,0,-1.608351803030104
0.7146403753075883,1,9.457632618922931
-0.31641388496309597,1,10.492931044087445
1.8456703113862933,1,12.510454482978185
0.3971100712943674,0,1.1798006861038546
1.2299117426076358,1,10.567473564405264
-1.5625763875620846,0,-1.5814102177999798
-0.4108348282163772,1,10.46280825120027
-0.6526091942113892,0,1.3949072378158718
0.2779295525463672,0,-0.7053756337025199
1.4444540802457024,1,11.949248374741032
-1.6866471289519733,0,-3.345695529032188
-1.7097008078211569,0,-0.7766977397254051
1.4012708326303955,1,10.336050696351297
-1.1485996558465703,0,-0.37398671941843975
0.6750130177992548,1,11.713242701255314
0.1715125294432207,0,-1.1939990429131369
1.3315743795489179,1,11.775598033616413
-1.4996443606543859,0,-2.679079969126982
-1.480868137109555,0,0.7046144269948542
0.22727344111323022,1,8.11449857852823
1.7855146134334836,1,11.328856689352136
-0.340008966516983,0,-1.1411751047843868
-0.6922315989812202,0,-1.2551730050464012
0.4267572927915433,0,0.5597308664586974
1.7217944021801244,1,14.351875422134619
1.3477113313784947,1,12.379070538630097
1.9819344429328796,1,14.126485089430949
-1.9097256671904916,0,-3.47285162964531
-1.548567421148951,0,-2.4631419027217776
0.437871053466488,1,10.433049731030279
1.2823057573353989,1,10.845449019819684
-0.8590226307729338,0,-0.12753403238120634
-1.043155647863125,0,-1.3084722048820001
1.1479031975248035,1,9.55445694531082
-1.7744725845870737,1,7.231781448028552
-0.5224694096696596,0,-0.06794053100251608
0.023236890369318974,1,9.404073411063125
0.2413946974012937,1,9.24052311066015
0.9144606271711075,1,10.940759761162559
-0.5806171062773671,0,0.3570804724957751
0.4507373786984288,0,1.9223370026358944
0.34150169116382534,1,11.400843371484822
0.19046440261498843,1,8.80961223233628
0.5619331725688488,1,9.897894681309994
-0.9622033157276948,0,-1.8101895757721658
-1.661404985661484,0,-4.132196153411341
-1.5229133118410263,0,0.4294693505241125
-1.1016704693843957,0,0.8117599952429726
0.0007917420911409678,1,9.370196084818673
1.3617710021840805,1,12.506024008544875
0.8051733683535365,1,11.65271893198199
1.1561624168081885,1,8.852263648753183
-0.5960975042956345,0,0.7446973278886337
-0.3813850334057993,0,-0.5193906941637412
-0.4252724560375487,1,10.344638349986774
-1.232507262381994,0,2.0737272336777717
-1.755133367425712,0,-1.1179757414117584
0.36366437130890716,1,9.8958355002879
1.9568667336823444,1,15.168415217818499
-1.3326811801989487,0,-3.1055580992672214
-1.813260720402905,0,-2.477350222113595
1.1181267272957318,1,11.226421865194563
-0.9896559732611032,0,0.22104912646477654
1.3185752214117135,0,0.6377774707664738
0.8157466681380616,1,10.65339007285578
1.7826941482032184,1,13.688672295342919
-0.364291056973312,0,-2.347134042409137
0.6478793578025366,1,9.819796150803834
-0.14058087674691722,0,-0.9047014160816177
0.522354789234174,0,0.7334029846609476
-0.20160437596905068,0,1.3737412826751363
-1.2454710143037007,0,-1.5778387986006648
0.03158966401352359,0,-1.0886777733523867
0.11433680574976934,1,10.117911302542616
1.2424153930406443,1,9.805682709231267
0.9420828231743248,1,10.191625718134139
0.6551664957657763,0,-0.19126936271766595
-1.5464516177897099,1,8.730923477217967
0.8824651626548601,1,10.658803146861045
0.001220625418059118,0,0.16139691448776752
1.5763981444246369,1,13.595549726410566
1.679483736522171,1,12.638360545609432
-1.7793736375928582,0,-3.234737973533872
1.282566241417915,1,10.75970503626477
-1.8492104383093175,0,-3.926065567806392
-0.5313214972199094,0,-1.0936329910237246
0.1691999024843165,1,8.613079558271238
-1.4075968054914902,0,-0.26022357470230206
0.9852552502763072,1,9.759900326783645
-1.9665811833114457,0,-3.4869034152655347
-1.3256038062638527,0,-1.4645586072288541
0.3231873194139028,0,-0.01234553048150342
0.8575502481491695,1,11.469119097666312
1.6665724107756645,1,12.491078532507702
0.8219866077384954,1,9.355017800937075
0.6871170810194638,1,9.598091714757384
-0.4226354145973428,0,0.8222003124905504
-1.9948622978927943,0,-3.4860743700632737
-1.5193629650575122,0,-0.8312838960231355
0.13821817902415656,1,9.762818844916872
0.7005195433776787,1,8.775838332459898
-0.33020686441415004,0,0.4886456762022921
0.9227160461135608,0,0.6456213872367247
0.08744918132871504,0,0.27934326481617905
-1.7032952176227512,0,-3.852556116664824
-1.2319349961282047,0,-1.575048061387796
1.3599928929757716,1,10.319340031433772
0.899650986497758,0,0.7634427561077881
1.57904794804998,1,12.402387168231538
-1.5297710035162537,0,-1.8334724247713963
1.9608901384602957,1,14.737484382362066
-1.1623731442002656,0,0.7054638962782696
-1.952880494853432,0,-3.370835031250226
1.9896917562142167,1,14.60953979920301
-0.8757044582195475,0,-0.8773206550789945
0.6720778100502396,1,9.42635645514399
-1.2932707432947792,0,-0.07178559779933891
0.3209141287965669,0,-0.8582174453334478
1.616139945818237,1,12.807668042993262
-0.7192753302862456,0,1.5334101027407485
0.6810159041774368,1,10.811403562467762
-1.248385644806334,0,-1.0537161979074292
0.499181594874901,1,8.721869337755042
-0.6541985927299594,0,0.023312208520504224
-1.1551669656481933,0,0.23836254406900592
-0.7472717971854594,0,-0.3876038850747727
-1.2846357259688026,0,-0.03851614281401905
1.6076644313515311,1,12.442596655156876
-0.41125245473148464,0,0.25656327642835114
-1.0188827801025306,0,-0.8456506374306398
-0.20636863593626842,1,8.539561754215791
-0.7178553327740178,0,-0.6100721070590284
0.9776770152533039,1,10.03420311026682
1.8848796475419776,1,13.923713970496712
-0.2478653732094127,0,-0.02283870868392871
1.4441335998889615,1,12.58905411279398
0.26345229423847805,0,0.2904957548589291
-1.371057339623066,0,-1.7930054022603157
0.7624909683253662,1,9.406777479814286
0.05373798850328049,1,9.396702901344009
0.6024260930084138,1,10.270084330691873
1.5587496502866598,1,11.520854172404707
-0.2382617173758157,1,8.916797815731728
1.6047104928694225,1,13.072857453884104
1.0026760571266196,1,10.656336194994543
-0.045580296488060945,1,10.2746721469816
0.4128885426318547,1,9.21257022486807
-0.6976754699239542,1,8.78860512331826
1.9343891989550968,1,13.456872315609225
0.669404652201584,1,8.121765559206924
-1.8246125900134804,0,-2.257446937288845
-0.693512377007965,0,-0.8707990281641274
0.49325773503622994,1,9.792300847000107
-1.7746668888030408,0,-2.36768642197071
-1.904463234723429,0,-3.678360311411252
-0.1999030418887897,1,8.827631358895031
-0.66923928122932,0,1.3558305084286235
-0.24680556786733643,0,-1.540098840873709
-0.9492267604799793,1,7.335813313840241
-1.3411290122280763,0,-0.3314951082171791
0.7565734279213507,1,8.757101392478852
0.058284465071201996,1,11.252881872996488
-1.1993831550025327,0,-0.48578009520574705
-0.7216422949600068,0,0.0950997621626623
0.36723163065330366,1,9.455733957229338
-1.7110826069100886,0,-3.3302574346713385
-1.4101879629352818,0,-1.7784252808225485
-1.7070175835704395,0,-3.36426485760025
1.2492693308564755,1,12.182518999946803
1.009636932848037,1,9.771846390962075
1.0132517275170283,1,11.026489427826556
0.8653013739041122,1,11.329153401726208
0.6775416946794768,1,9.274332536111842
-0.09203233848730008,0,0.37620166370273167
0.5691126540284599,0,-0.8017150903033958
-1.8465537808481014,0,-3.321679132881054
0.48585769062713835,1,9.598710286954654
1.1115108221475087,0,-0.0088289762956123
0.0014334415375607534,0,0.1577863733884319
-0.5699466862910523,0,-1.3066873552845684
-0.8902930607960835,1,10.576393097422395
0.5712082006483299,1,9.01164886382466
0.771204794519635,1,8.96225110581525
1.4838703994501703,1,11.381349333389856
-0.6306636701560371,0,-0.49792138642342443
1.0790892295423422,1,10.983821065680171
0.24542329675735175,1,10.092223666625339
1.5313459627123165,1,10.168158321418264
0.11124843318248301,1,10.987255241782373
0.07051931359186892,1,9.72283588880155
0.3115083257636364,1,10.25657328337136
0.9972614205697377,0,2.6980585899799574
1.8587619153138437,1,14.497449638899603
-1.7057465831369374,0,-2.2709664787782176
-1.7862615904359314,0,-4.222809475230784
1.750201349629354,1,11.324277586181715
0.11950250207282442,0,1.1628976360417798
0.4596120582677443,1,9.646729223788961
-0.07030559362108457,1,9.831411386204863
-1.625370189570102,0,-3.2924429124467727
1.0723575136746661,0,1.062430330911989
0.9888985803543475,0,1.6249448691571193
-0.753186714028752,0,1.3099123951392069
-0.7750430190863984,0,-0.6809307663901288
1.351365523622074,1,11.87880274327999
-1.7105709690346935,0,-2.597697510915483
1.5244205934262633,1,12.651547174570405
-0.9733532404163423,0,-0.46505267564963276
0.3719389910219757,1,9.201600665894334
1.743976716007111,0,3.972270757758606
0.7124900061465858,1,10.279384083284251
-0.34228075013185366,1,9.628490106322737
0.7581368356216607,1,10.395657842415567
-0.6240814547345193,0,-0.8581731978695177
-0.8909663346032555,0,0.06161822901660419
1.9867331117387188,0,3.724625791053502
1.0031609247191509,1,9.70996148343874
0.5788799095272705,1,12.473891226105607
-0.5788414271227249,0,-1.1042648788836735
-1.8033566833798074,0,-2.5790602504937024
-1.8757724958593776,0,-3.243177285851593
0.21672502179519526,1,8.979492482083272
1.0481308841562043,1,10.238396258723968
0.14951676177542028,0,-1.3408803152844386
1.3631402877564582,1,13.332949767045694
-1.8662938676271135,0,-3.518157665787176
-0.5329916942962396,0,-0.2585194649870872
-1.0517184353032878,0,1.363543981935332
-0.21090812737151188,0,-0.8286676871874148
-1.71049442722351,0,-1.2078657365016061
1.8165265662842902,1,13.589585291955043
-1.1069783957225563,0,-2.6572315329429603
1.6892311019343391,1,12.039021200121677
-0.29642737985327283,1,10.42358257415698
1.9420965330208722,1,13.698112391061006
0.21623353384084298,1,10.043315273084863
1.7233314567032298,1,11.951871583045214
-1.9786040452231086,0,-4.585865227847172
0.9929552247236004,1,10.181100381718354
1.6122026124100617,1,14.056525696706073
-1.4411177320841837,0,-2.404146863907111
-1.615496593071394,0,-2.590290804657964
-0.3017095712561777,0,0.015114359516473982
1.7347156245317406,1,11.14693268677292
0.16954624076175495,0,0.4343851051332159
0.10982585488692864,1,8.712657719274299
-1.4354955268027125,0,-2.5662672795247436
-1.9968419556271249,0,-5.116335822704549
1.240560362981845,1,9.31402396598833
-1.649701748055047,0,-0.9765167811876954
0.5353992749412959,1,10.59832550297373
1.6584658180607659,1,13.203199703226337
-1.165392347366276,0,0.03988044736375185
0.6610913449476432,1,9.976352070390497
-1.6852056931699622,0,-2.422444043868296
0.4150205753504519,1,11.049454577131664
-1.344273116187189,0,0.42383115765245427
0.9438142420607121,1,9.162277296655049
-0.7950748208243672,0,2.2686626741566833
-0.14643596478141507,0,-1.3172212476891203
0.3977221681104868,1,9.569501378671962
-1.3149063573350417,0,-1.0626542691656728
0.9665512744704836,1,10.617391140423509
-0.7894386374527418,0,1.7178377329503707
0.649487439651014,0,1.148894987454038
-1.3668677972025054,0,-0.8640435076088566
0.752470636825401,1,11.248522283111255
-1.487247708758153,0,-1.2990736073152604
-0.2985740149200655,0,-0.6887235101152199
-1.0111757050444927,0,-0.03131313253434287
0.9935009977127303,1,10.557867973884873
-0.9518599819725018,1,8.725933818547876
1.526869225581585,1,13.042607974766707
1.5672808456264513,1,11.870454693804474
-1.2142347391088566,0,-2.0156138794982312
0.4553837800308971,0,-0.9154376634457186
-1.6491294331201427,1,8.292486837427614
-0.43385160159348324,1,11.008600951268326
0.853286918005089,1,10.792290774183396
0.6376929873996651,1,10.61589109308563
0.4988026776264318,1,9.25172864360125
-0.8698365453502257,1,9.763818593367548
-0.48790020226239195,1,9.611818196427775
-1.5882154211988553,0,-2.198045881821066
0.876091281734404,1,10.224423513345233
0.015555187165094075,0,-0.6599338613249928
0.8350625293826184,1,11.042823400588414
-1.004225900812509,0,-1.515481613061851
-0.7022470854597351,0,-1.4717848671940703
-0.6631386509595414,0,-0.9310112731949696
-1.8970303610111352,0,-2.530049419210674
-0.6358085086775058,0,0.21064498589706282
1.213218294072134,1,9.109625267907832
1.589193982998954,1,12.604058199116086
0.07287326254370985,1,9.951685417659817
-0.17799321912311905,0,-0.4202022238723188
-1.876701525202519,0,-3.546859492471621
1.5168173503415305,1,10.411268346976101
-1.9479591462965091,0,-3.522568359371486
1.7790003208408471,1,11.547576086684751
-0.04313500524763736,1,9.649953840281958
-0.6322620257010936,0,-0.47508541731566434
1.6968737393706403,1,13.212881992287613
-1.902436027559613,0,-3.402963759832722
0.3256995794763484,0,0.7232661817252589
0.19573009799735042,1,8.808006639494494
-1.1227183951544717,0,-0.815391505606413
-0.2844502745991577,1,10.518808730486024
0.6090560237750808,1,11.355263574397778
0.90852478752771,1,9.235770545360856
-1.9971325651736809,0,-4.823771381464953
1.7474137203640612,1,13.173111307187181
-1.3418985104287504,0,0.40342060055127726
-1.0656782631105632,0,-0.31924968580975893
-0.9461062172246071,0,-1.5333985850567777
-1.8487194537918588,0,-4.249687215765053
-1.5077915056387003,0,-1.5790879396582613
1.945399691776648,1,14.038836973070252
-0.7391330504908558,0,-0.4231743189152505
-1.5387956386438026,0,-2.9009216475097084
-1.5720349553015067,0,-0.8410649641884236
0.8778398706798876,1,9.989513134535372
1.4182746561305635,1,11.953397030741064
-0.9721908019661205,0,-2.2326034148604688
-1.9163619506590601,0,-2.3177107303211795
-1.1076399262185768,0,-1.3642731519283608
-1.7739372368129707,0,-1.4464757662555807
-1.586420253479834,0,-1.3835575802049753
-0.2739675206094305,0,-1.439021717326251
-1.0803265165534697,0,-0.3849007004528483
0.06378351410169358,1,11.656662491964417
-0.9860249869712385,0,-1.0772464169825626
1.7621492044117906,1,14.394211805313061
1.623775871705058,1,12.526396312177626
0.2672244200418641,0,1.349898853645788
-0.5823040320504553,0,0.06076252505946951
-0.47541247186105773,0,-0.1777015783301484
-0.3525908674220122,0,1.8152457285957246
0.9103172885397761,1,11.098581666618086
-0.19344401792464838,1,9.761058572615987
1.4269197860235896,1,11.87656266049938
1.7763791437214582,1,12.237857049603448
-0.6562153864842646,0,-0.033405379334535495
0.24277792550272048,0,1.2027766207654058
-1.6197738526697423,0,-2.2867275125912077
-1.198123808934564,0,-1.7344748736953484
-0.34613693315935956,1,9.012381864299263
-1.1751891363928846,0,-0.7378908499666084
1.5062419631548702,1,10.901101300428916
-1.3668549757636077,0,-2.709583521090252
-0.17735671378763218,0,-1.2013776412188308
0.42279696183950266,1,11.212888719420272
0.7674556326433777,0,0.08363873333315303
-0.46772252109397305,1,10.006603318423446
1.4763962748989141,1,10.64247520450516
0.2732766043117021,1,9.428710115719117
-0.24196887820979285,0,-0.6208381539260532
-1.7310374637918535,0,-2.8702879687758953
-0.14124212621933996,0,-1.6598076774318034
1.282943363262921,1,12.145501222452875
0.45816407288526184,0,0.03166245506889425
1.3286498149164734,1,11.374825707024492
-0.023953317602777524,0,0.9143315123197818
-1.5261531796220726,0,-0.9395723530470146
-1.9454406166564757,0,-4.256573600227845
-0.7871218131256352,0,0.3606325348326702
0.7919618859911699,0,0.8425395223136786
1.161039615766775,1,11.098529173236374
-0.8169886615186823,0,0.7884627733523888
-0.01738431646701155,1,10.799529534171496
-0.3155243822636735,0,0.7116634980093035
-0.35790886259428856,0,1.3423572833279835
-1.074605147199398,0,-0.5918047788358466
-1.4545155798821665,0,-1.4808290059871514
-1.2132457670751475,0,-0.07372431127062573
-1.7786704513466156,0,-2.9920157307128243
-1.2074770327056918,0,-0.3986435583352369
-1.9631964094984822,0,-4.343324351516232
0.509033602543913,1,7.786452468747733
-0.7344983704492685,0,0.3997475045901669
1.8925788457076345,1,11.840790867459233
-1.2251317968948086,0,-1.6185456383946613
-0.6166857187616244,0,0.7027485552256979
-0.5686353654338672,0,0.7398295616366791
-1.9661940157501578,0,-2.6253014230334566
1.3568318121578358,1,9.229236682659117
-1.8720221594227011,0,-2.9842064895927547
1.7607193389169655,1,12.471546468647135
1.5682974043744826,1,12.916874197839908
0.14208766434385423,1,11.477794218693603
0.17438229964516827,1,8.693736449027696
0.6151116918246253,1,10.132250207156627
-0.4517999522604521,0,0.7865207241876765
0.5888891335914219,1,9.764112207367283
-1.8209264452460525,1,8.726805240205326
-1.7838094906010937,0,-3.239489306417743
-0.17107832152182256,0,-0.30270527903000777
0.19848920442413975,1,8.930602579639325
1.551270561343276,1,12.020440692441566
-1.581357464368415,0,-4.9954418631085735
1.2905917087755574,1,10.827057823925927
-1.1598106508317216,0,0.48890360590564363
-0.42366540595987257,0,-1.4347887044898044
-0.7335902606903484,0,-1.8156951994899009
-0.3993789085384041,0,1.084372178205577
-1.3980180077096578,0,-0.11447833231050941
0.014280297614219783,1,8.64431393439001
1.206570359325469,1,12.611015848346732
-0.23386395848441222,0,0.42605647998510066
-0.03754569640720362,1,11.048717399794898
1.395070341125257,1,10.565687944604523
0.8242324585521232,1,11.769033910704925
-0.038182365920861105,1,9.73195591051693
-0.9692174072432813,0,-0.7672678011420833
1.5397069873798666,1,12.307467754527096
0.3080816067622334,1,9.622595544490059
-1.1154095595572264,1,7.785431778215638
-0.9235209894479586,1,9.737936113864192
1.2125323557449836,1,10.573110545682313
-1.8234177516501782,0,-3.799208630535987
1.9683687481152803,1,15.053725427823245
-1.4785932811408329,0,0.7760482046366173
1.1842741015877496,1,9.911350072700793
-0.4208987329132685,0,0.16015877081099283
-0.03113526685013257,0,-0.39845468639509984
1.5226023098583115,1,14.053337390055232
-0.348355241643147,0,0.4705980917124809
0.14997501469293795,0,0.9286423693263286
-1.8028013503633202,0,-1.747803205027109
-1.9906101045301874,0,-3.8137708688010514
-1.0208005079930964,0,-0.7182375941742716
0.7223323716750691,1,11.707375848364784
-1.5149404265634532,0,-0.960539467708731
-1.5449521647818023,0,-2.6897050502802387
-0.35615756785638686,0,-0.7468003394236015
0.591348154432906,1,9.713741875037385
0.848287968991722,1,11.464429378191166
-1.2861973036065009,0,0.4095671235964422
-1.6816474105118302,0,-0.22606901947068447
1.7615881357821768,1,12.024570481981531
-0.9573344697515931,0,-0.298486868583198
1.4133859904348953,1,11.011530515905473
1.453965801851273,1,11.354508209881637
1.0900903670501778,1,11.577554415370313
-1.3246655733897197,0,-1.2081001037108914
1.2872058370168014,1,12.382242617950817
1.0770022369663468,0,0.10832721134712853
0.3868919604248684,1,10.770372387551113
-0.651191859324189,0,-0.5808258442310078
-0.9499655829338236,0,-2.265865210007831
-1.5124431516785641,0,-2.751313439274422
0.039028267603485656,0,0.12415945438581531
0.34104350203938605,1,11.941331320460476
-0.5626440379368511,0,-0.5486451830106593
-0.09856372927652579,0,-0.16966719278824513
-0.5459421705229333,0,0.40830994789457226
0.564024229282805,1,9.49029331368008
1.6050368311862533,1,11.583643311318548
-1.3443189518122205,0,-1.1426077204385972
-0.4743647603875063,0,-0.4899375722251137
-1.4365255841965547,0,-3.2652041328249544
0.499775081631328,1,9.412245653693194
0.9154820379543831,1,10.998555804368428
1.7276509303898235,1,13.224330111535828
-0.8845122949561404,0,0.9902292963376504
1.8008448234617207,1,14.175643781371743
-1.7469493127173008,0,-3.565885445499152
0.4120554534583527,1,9.289564936127345
-1.77146912262668,0,-3.480807246506397
1.5750967510477794,1,11.801790593698787
0.1192362282802164,1,9.377577491320581
0.6773934030511843,1,9.980887952556298
1.3262957036418102,1,10.294320063634606
-1.398757510064125,0,-0.5839448897848672
-1.8456337522474646,0,-4.091513765271862
1.5155245836514086,1,10.742867702580865
-0.7402670901642701,0,0.31739765213641646
-1.484084368291339,0,-0.9120526980846534
-0.12615505165165386,0,-0.22612626680014158
0.39322430278407516,1,10.89938937842849
-1.8761175863099595,0,-2.5050078661661392
-0.9004173669716491,0,1.534131454053108
-1.868800502892416,0,-2.5303876181797853
-0.3186584432180042,0,1.6910242852186197
1.5804001162649772,1,12.035583826241302
1.9306096459742768,1,14.997562057635754
0.5481902140145101,1,11.503135390294538
-1.3534492248616328,0,-1.3822546705266976
1.623397559997223,1,11.450626523512392
0.06499129280024185,1,9.487461429140167
-1.3850027515883276,0,-0.9132545656680182
1.6869066778066455,1,11.250469477305437
1.029876202892412,1,10.092435653493894
0.9268210908926062,1,11.595298760609682
0.8367228151776187,1,10.959730907755883
-1.1986407156142307,0,-3.2137062804418353
-1.1559732331698958,1,7.895004380489306
0.75317199370902,1,12.372511584594033
-1.1211089995584125,0,0.4750146474822119
-0.2453132127878046,1,9.409691485811283
1.1280073023757655,1,9.229206343400918
1.1358100723913638,1,9.483127075714082
-0.18695290989656144,0,0.5058939107604983
1.1687597531009803,1,12.775190894595637
1.354487184792227,1,13.155752669852589
0.619103005137041,0,-1.457037952810235
-1.0862965907663193,0,-0.936708145176105
-0.9039528784578099,0,-1.2263715880647714
-0.7406353783650585,0,-0.06618404106137873
-1.532783569064192,0,-3.1316411905072563
-0.9073615185202195,0,-0.9193359807869167
-1.1619231027498715,0,-1.6515971471335842
-0.17868500076559135,1,10.520752029129728
1.6337501914890598,1,11.665494866983227
-1.5820787329841677,0,-2.3511279638618903
0.8810716957895823,1,10.85290086707832
0.7491320176525109,0,1.8527268252592781
-1.6169832053465694,0,0.0018653167207145493
1.6902896196232002,1,12.870658161936337
0.2738888086272784,0,-0.07830109643380523
-0.545097915457263,0,1.2352643614444407
1.0261543339812267,1,11.707431067187837
-0.9705381663934638,0,0.4247144698899668
0.7740393481852816,1,8.652537341413629
-1.8411551697110111,0,-1.9124466944522174
1.3576321504370878,1,11.609371427837344
-0.20731661191472606,1,9.101842437397332
0.5467716574317669,1,9.409855163572955
-1.1150487207732653,0,-0.11115650892231133
0.7082948506337918,1,7.666030601564639
1.0889611035731064,1,10.520191630467467
-0.10714725246240508,0,-0.6556776130040187
0.4709076962471772,1,9.295271934824207
-0.17469630471040576,0,-0.4598588862224299
1.576365477031382,1,10.479177076993947
-0.00852327794272334,0,1.0524797342237115
1.3672348361152755,1,9.15001245346032
1.2054082330809943,1,11.045022052521592
-0.3579807146065739,1,9.129504472623413
-1.0796620325700998,0,1.354313802795498
-0.37567146976091603,0,-0.003822640935195614
1.3048695031008806,1,8.98755767625453
-1.0894698567224306,0,-0.09974908808460758
0.09774538343099737,0,-1.0921097735290415
1.22438699184299,1,11.902642720916818
-0.5860900994864848,0,0.5170612206924523
0.5688385480107896,0,1.5646271163456642
-1.017473703804742,0,-0.33963946843266385
-1.5628822185273603,0,-1.089599908446948
1.1775369003714253,0,0.8591364574283441
-1.6041255063651727,0,-2.653536617346951
-0.9144744196816617,0,0.6833841587192091
1.4204376879897604,1,10.202484268256107
-0.6141228516853312,0,-0.15211447846456674
1.8921813980566444,1,12.818770681348624
1.918937339095439,1,14.375165228854867
-0.9268959181857732,1,8.655154509224928
-1.8360871110004382,0,-3.5037556047079703
0.8202531368215165,1,10.319852894665035
-0.1960539894066251,0,1.4839551720725246
-1.5969886241616948,0,-2.568974374412555
0.8300912759121712,1,9.885095755407347
-1.875300363552315,0,-4.645684332375881
1.4807867619689685,1,10.640487595778737
-1.445389883546785,0,-1.0968382694833574
-1.4907524850131,0,-1.6244131445130239
-1.297310808125662,0,-1.0435938425928672
1.8410654339682662,1,14.861380765024872
0.772677441015384,1,8.558378058430673
1.2054861418545468,1,13.193725968410174
-0.4094600570689879,0,1.1439501479474314
-0.6547490899801778,1,9.533862719786459
-1.0620639728673202,0,-0.20776061079020403
-0.07740788675036425,0,-0.6830769975373792
0.207314934136674,1,10.323688353673878
0.5270993746110215,1,12.223066396696378
-0.9715259840052219,1,8.895218204292922
1.7946163236119625,1,12.657907903238543
-1.3209660071714566,0,-1.9092768250682361
1.8626126990656493,1,12.634891782915059
-1.9405755099699848,0,-4.056635979241598
-0.07549723273261755,0,-1.0951007494511515
-0.6665286475337489,0,-0.41166822125464075
-0.20350634427899683,0,0.050018305303290815
0.28265831592315616,1,9.608141690030335
-0.25764336794916387,0,-2.307646546130207
-0.34061259879362016,0,-0.17407612350773655
0.9308936616532262,1,10.35606738434863
0.7435051003458586,1,12.103046443057496
1.3330851281433915,1,11.2113421480631
-1.0001640750420178,0,0.4353399195864961
0.43811403901625434,0,-0.3836530472595638
0.3407791415714154,1,11.317961751640388
-0.521048756509245,1,8.984726618534765
-0.05576983238927635,0,0.5049024713832099
-0.7448714267770851,0,0.6337255921388001
-1.4326224095320592,0,-0.7765559826273115
-1.1447951573490687,0,1.4139907563722807
-1.5779454143951956,0,-2.548837057300722
0.7322783007604965,1,11.610118659673685
0.6429095724366061,1,11.28851290333355
1.8024254863194913,1,12.977270162717806
0.9187136545889651,1,12.226974178391426
-1.7918166449754742,0,-3.022967586248615
1.5369806957158167,1,11.837728728154609
1.450700651782903,1,11.521039610418656
-0.2267187169092053,0,-1.2790125181803162
0.34345220211168614,1,10.781770744705735
1.9043133298900754,1,14.058307887026729
0.12921745539266505,1,9.896399461860074
1.621287313504359,1,13.893370213813089
-1.6678449687592543,0,-2.756947936069974
-1.2357925251652686,0,-2.6734381847008564
-0.2369802262347287,0,1.895551610771475
0.3390272333492188,0,1.0305931116057134
1.264911407451201,0,1.6379713378269276
1.9530484605727474,1,13.385406986593996
-0.4445940141035343,0,0.29815152161912806
-1.8103374554396603,0,-4.226907409487077
1.2046860131812993,1,10.649018381293516
0.4175228763312324,1,9.132694868058726
-1.2058285645271933,0,-0.6147696845648656
-0.02068617351431934,0,0.9234640325150522
0.9692409821348975,1,9.40764091197979
1.081647148274575,1,11.357654928841903
-0.0015263520049519919,1,10.199748258609647
-0.7791418794845635,0,0.447358641170037
1.894970328153974,1,13.160111596130042
0.6534504438259714,1,10.843526249904754
-0.3670499226148052,0,-0.7205320835605965
-0.8781471031813903,0,-2.020840300256726
0.9244119320142485,0,-1.0589597116117546
-1.0312662176249292,0,-1.0511472947126874
-1.3131600441052473,0,-2.744723053336049
0.11933555584828115,1,11.551222292381095
-0.8400504294234326,0,-0.3792365404555789
0.5156205796944602,0,0.9878152057313349
-1.528245300503066,0,-0.9975658439477585
0.6197644182692863,1,10.125445356938352
-0.8668138880091911,0,3.2108842758346836
-1.999028262261949,0,-1.066527170066765
-1.4922557693032945,0,-0.26960544993444135
1.7344615113403763,1,11.703750878239044
1.4694185564614313,1,13.019344445948082
-1.0655638718550526,0,-2.3534670983044217
1.1134876181819648,1,12.087027832964091
0.434286372695897,0,-2.5151675659945867
1.8836188457994778,1,13.022602091296358
-0.5055773618637636,0,1.1445093071919916
0.7258424500686851,1,10.576404032031984
-1.7458571103043257,0,-4.139276121687737
-0.4150106127343762,0,0.13455925369771515
1.8552706447527219,1,13.578571747671909
0.1559234978004822,1,10.206680863517862
-0.8484819866606217,0,-0.7127003453204683
-1.5189161474855726,0,-0.8970690290700452
0.8141133607261217,1,11.41470084356287
0.5794241737189072,1,9.943075658421625
-0.5042451455849015,0,1.4555493501832169
1.8037654074633371,1,12.778077460590849
-1.9111887480485987,0,-3.980258912341748
-0.7851045934726968,0,1.114945022371622
1.6842779451983256,1,13.709396288967904
-0.7162582467222385,1,9.196161692069207
-0.9909886645793184,0,-1.251855332878352
0.13688163972498923,1,11.765667247264679
1.2952069996821516,1,10.983732524776487
-1.5874129564865558,0,-1.9967592621811578
1.7720828385829446,1,12.530168572629702
1.1802915247246561,1,12.14373586622272
-1.2749989777937922,0,1.1078380526064058
0.8480318447926507,1,10.374921076162689
-0.4601651094497714,0,2.369001632199363
-0.39082128769472524,0,-0.5843548208734334
1.1331603697554655,1,10.444716623118168
1.8511392319229287,1,13.844752227675803
-1.4933765086112243,0,-2.4822350099937216
-0.3174790524847224,1,10.644212494513514
-0.07623356766278588,0,-0.518716197825502
-0.4947527321800096,0,-1.60467843269541
-0.5472435051350999,0,-1.8244460203410122
-1.7909253297536138,0,-3.195909397364205
0.7421544822504931,1,10.621998544943162
-0.25514233151981847,0,-1.3694943232692922
-1.220824789424293,0,-0.7311752475615416
1.2641340092082736,1,11.191486785075774
1.2102429926065117,1,10.718672189631247
-0.054433487644424794,0,-0.9263276251455234
-0.8061973554089579,0,-0.02175874471074149
0.5523709031858095,1,9.9419321031082
-0.8473914568903878,0,0.6774991829675796
-1.0559682787051519,0,-1.8815452693220964
0.9220586161053066,1,10.505928404985138
-1.8386990411161972,0,-4.379992963898537
-1.6209261158616242,0,-2.3664858225849197
-1.972847303905641,0,-4.934365609098825
-1.3882272540982954,0,-2.2549575992030064
-1.7240399651581622,0,-2.566040040794924
1.9832094711196744,1,13.334473925842943
-0.8447601201836417,0,1.1652761183849267
-1.402927949323011,0,-0.20146139019098497
-1.0360149680163282,1,10.248760851637574
1.7445022861605386,1,13.439467095111954
0.08064089209758274,1,10.130526106449201
-0.5407276147685725,1,11.225745339211237
1.4935658316368774,1,11.371834911094291
-0.42003891780387015,0,2.0823176378728077
-0.6599657201692168,0,-1.0859170891981071
-1.1708699098010578,0,-1.931419650560926
-0.488812704362354,0,-1.4533720986914853
-0.7332625759322959,0,-1.41799475229531
0.7092158371925641,1,8.549007377736325
-0.8416691813170916,0,-0.08402564902159337
0.3087989856902458,1,10.868544929522391
-1.7364313398721092,0,-2.5837010922846733
-1.2348433732139426,0,-2.3267590550870008
-0.37037891355460495,0,-0.4950838723287949
1.7477970156347817,1,13.51106622500349
-0.4909920571372184,0,-0.40111129160016895
0.6562964847993364,1,9.342960313249177
-0.9796511103144074,0,-1.983877898699498
-1.491865696107073,0,-2.0829390711890716
-1.7658535996797995,0,-3.4557393454133747
-0.7783460058289946,0,-0.3221429182667015
-1.3693558928123681,0,-0.8074845625820611
-1.3039582079355032,0,-1.3910359519195585
1.0430372335478002,1,10.75218120877123
-1.9366477162205031,0,-3.1597945508241603
0.2312405029417377,1,8.776373514299044
-0.48215447762614083,0,1.8299973625698833
0.026199999634188842,1,9.258581384846382
0.2513209488584116,1,10.524493244153497
-0.7465292221708872,0,-1.3440068292679817
-0.8195645592628589,0,-0.16510243397486993
0.9336073973396228,0,0.553608688558651
1.4851079524846287,1,13.29683599310732
-1.2296734701658885,0,-1.162311691179174
-1.6095249578594042,0,-0.7853244606341421
1.5911832255681038,1,12.30478807811788
-0.6004181454104054,1,11.743881062293545
0.20526956265125662,1,8.224225277129296
-0.5618274219199861,1,10.393498754865965
-1.4967906546157947,0,-4.349586430415113
0.3573265797909122,0,-0.035257332891572485
0.10056340707851863,1,11.021500969191198
-1.1880257632352111,0,0.6072240003365988
-0.19252382139088864,1,10.73505656527977
1.1877900160625834,1,10.547331665662533
0.36170441243156537,1,10.568789746555549
-1.6123306917320206,1,10.420660152350123
0.19208598891654027,0,0.07892239156568036
0.8109531971583475,1,11.227696128971072
1.1708136231230055,1,10.37312602557333
0.516470314537067,1,11.139309859064506
-1.389367341836865,0,-0.4349208378072008
0.8406930663606427,1,9.686572480156848
0.7093673843260655,1,10.955783695350917
-1.9022924682374671,0,-2.6171448071617425
-0.3530093296390273,0,0.7179474838867684
-0.6681990121505068,0,-0.19031800345877317
0.6776482570145737,0,1.3846827236756214
-1.1354567507563171,0,-1.6668759455565665
0.363487691897034,1,10.033760643955496
1.6528238472566894,1,12.369016642040561
1.191209488834431,1,12.0165241902294
1.6858309448661215,1,11.429112440252473
1.91402386773076,1,13.747096271968053
-1.957319491975349,0,-4.241675999249832
0.49096510550991024,1,10.168625435864463
-0.34864240896437426,0,0.37110434211182486
1.439417961340487,1,10.212756017917718
-0.9927411919634732,0,0.7748698277207773
1.9241179564603046,1,13.989594867745554
0.45483187817498916,1,9.188449979326228
1.1741496089153238,1,10.46817815215047
-1.6576017887089267,0,-0.7830530744210613
-1.2661684609645398,0,-0.5990986683536633
1.0336146921368128,1,9.587256207398507
-1.9120539118427056,0,-4.278691998010221
1.2675119435751312,1,11.642975788211237
-1.9442039252323542,0,-2.9296808639166283
0.6284753562450933,1,10.48698343456221
-0.5396243190727765,0,-0.37003102160249546
0.4459794108767965,1,10.854035645986237
0.7841256279564548,1,9.929170049063183
-0.6300991232547832,1,9.020226085739848
-1.5681502075566578,0,-0.3415006651933017
-1.7214165290069374,0,-2.0617190232220564
0.3557440902501914,1,9.237719481752883
0.08262141493644615,1,10.134537235886457
0.9688040364845301,1,10.481945100165712
0.038942040015748525,1,9.650112034113702
-0.3102168398764835,0,0.21862309809160504
-0.4076512870550766,0,-0.9623993191284487
-1.8942123896093301,0,-2.524615325071104
-0.6577711932133714,0,-0.14845778291727874
1.904080630097977,1,11.842189779721513
1.4942223049083552,1,11.43992308567275
-0.6824877318631293,0,-0.7748142889497912
0.3511816202654887,1,7.031249051998756
1.3891869821419758,1,11.184640415823988
-0.23490265299972535,1,11.030296967886652
-1.9281685449993962,0,-3.6921202142879794
-1.7019581527254397,0,-1.7568543183182785
0.04157088539482645,0,0.008530937500697187
1.8777575027035134,1,12.854090561101811
0.7728381688754711,1,9.49919846150259
-1.7163352342457219,0,-3.8107906159764537
-1.2425564968325489,0,-0.03345504281012901
1.0852925728674,1,11.369910047224591
1.365759039824979,1,10.995481944867638
0.4707783447543634,1,8.027904418666779
0.5776926785192664,1,10.56848030412778
-1.8866501984664614,0,-4.262494634011446
1.314121038326034,1,11.27856945080626
1.1531008326833185,1,9.225358455803992
-0.9638594235866114,0,-0.35572575996232514
0.8347068798620279,1,10.159467908010003
-1.1405815743000076,0,-3.1516234890618926
-1.838679355793948,0,-1.490091358595008
-1.195453829638491,1,8.820088091918203
-1.285484492982802,0,-1.3213846076144176
-0.6490080130606111,0,0.39799218393708674
-0.3262020112981676,1,9.93197719042047
0.03415556599083169,1,10.363999909623685
-0.0929844979666874,0,-1.144784564435239
-0.9173015761388426,0,-0.5281096785376223
-1.8833173257037021,0,-5.249271371410623
0.4204064889486028,1,9.799504491917054
-0.4170206806105825,0,1.408806635496435
-0.8053113704498012,0,-1.7671193643314906
1.4677641713220493,1,11.230277128207101
0.9869732311926391,1,8.356781880151505
1.431062193489769,1,11.473310820345837
-0.02006882115015607,0,0.4661705551943527
-1.47627499149289,0,-1.2252121479041036
0.7848857444850896,1,9.6398946424659
-1.175704880251299,0,-2.9567476000818
-0.23508132363313283,0,-1.2480545555331504
-1.739996844204446,0,-1.377522138957146
1.3012336096919297,1,11.980609257107993
-1.4962374358099977,0,-1.766172620036864
1.6123900281972388,1,12.258240304632864
1.4569224090462285,1,10.518629673526927
-0.14166894224301574,0,1.2892112497571098
0.9774728172159626,1,9.747815198529887
0.4777802952726131,1,10.4918081749936
1.2123025693509795,1,9.562945582661204
-0.2727795968563518,1,9.811644702908735
1.1432339369774,1,11.995531409411342
-0.15017273173940815,0,-0.9486264339318232
1.7638631513711753,1,13.4932345952591
-0.05451159669940964,0,-1.0808471631763048
-0.14952291226508185,0,-0.9035824807151852
1.1402874462540509,1,10.732357214805864
1.2863107670433518,1,12.035802044564184
0.21795645728468305,1,9.706991370302749
-1.2808087460196984,0,-0.43198954615572827
-0.12896707616968195,0,1.143062759855045
1.8722900116387136,1,12.510479544494968
1.0119447721567405,1,8.992966431073455
1.2446504155165288,0,0.6085625022859388
-1.8686980047230395,0,-1.989688332252011
-0.12856214946336042,1,9.18628043507683
0.5864845346302214,1,11.11581455394462
1.3201307345122988,1,10.887825190834066
-1.8029053856689141,0,-1.1739308948074583
1.4097555425674924,1,13.646303671140172
0.19360374696764682,1,11.035090881393993
-1.2107441176957603,0,-2.5340185106458377
-0.7309791342012,0,-2.5985208130516515
-0.872281792993757,0,-0.27067170454249045
0.12343613715390322,0,0.9075903742380391
-1.7932572803554727,0,-2.3823429771201576
-1.3658553660003059,0,-1.9976361122494777
1.2507721735031296,1,9.492387707780681
-1.4695840370127558,0,-0.6571226384242446
-1.0664149221674921,0,1.2522131807059003
-0.18651757758337073,1,9.326699779492076
0.06848355245332183,0,0.8253732409129049
1.0544419184566345,1,13.189123483920493
-0.2106702933352489,0,-0.19439538411949628
1.1594584841421551,0,0.6098698414516152
0.4733852281818298,1,10.612773333071164
-1.5476010423047102,0,-2.1376571294133973
-1.3746742464286457,0,0.04035189666217498
-0.25186509820091674,0,-0.4119960864862783
-0.41244242764384165,0,-0.06612906926984743
0.9741770785491783,1,9.019812822170419
0.32294855918940746,1,9.781257568007272
-0.4474676759910028,1,8.947622713553649
-1.3169588661984575,0,-0.795989992752971
-1.0926515906980194,0,-2.316483725448126
0.30200407387623596,0,0.9936599559067878
-0.30624478040083014,0,-0.8855337503166432
0.05971003544268827,1,11.784235141941462
-1.3172902587910653,0,0.22784104441667763
0.6516250093782632,0,0.6739903953009445
1.4101549634238681,1,9.86408284369248
-0.9682419728523977,0,-1.081748660845535
-0.033943096672693684,0,-0.8963088469622349
1.9021093160836071,1,12.669808201223649
-0.6670330377970894,1,11.428393006042326
0.38018537969504473,1,9.874832381802664
-1.6392171991990225,0,-2.8601791939889636
0.4240600099177727,1,9.290219216545687
-1.6414729067815284,0,-2.7432573876010746
1.8369417412952882,1,13.63186623157632
0.8626506082892456,1,8.69388727023741
1.1526391525428257,1,10.863863552829736
0.8164174430865474,0,0.6956332297699035
0.35891614430586305,0,-1.7122467283396636
-0.20034887565797854,0,-1.42154789424948
1.4334935190442497,1,11.425138202668583
1.8273426701722522,1,14.491896823753425
-0.0038553083836747604,0,1.2027280954945392
1.726140196621048,1,11.963099342071333
0.33333163995407,0,1.4278066706248669
0.15353674758573277,0,-0.3178169986690767
-0.18206906817857327,1,9.66877541294238
-1.1628489538795206,0,-0.6921969601351398
-1.9851213567277632,1,6.928074297568159
-1.033975092575755,0,-1.1617119032312013
0.03889268641426069,1,9.60198011650456
-0.48016019096098983,0,-1.3035189906351112
-0.20605908798946482,1,10.34665184407794
1.9225928782561983,1,14.486640140575215
-0.5989105173226896,1,10.887212026366136
-0.19126824255956842,1,8.629920876280117
-1.4659377945887218,0,-1.9580273170901594
-1.8081690702520494,0,-1.7104142106756521
1.1016380583699785,0,0.9006466783056026
0.28273270028791453,1,10.045405263190471
1.04281922417558,1,10.577551511784435
-1.4005488044537935,0,-0.8321555708250845
0.2873150847307637,1,10.297774855880284
-0.9854301026344978,0,-1.0538479536537064
-1.0877527323999203,0,0.2375417326178989
-1.953895943788059,0,-4.932588465440618
-1.4786371057237124,1,9.705702227204553
-0.7629275540012186,0,-1.117988427625259
-1.5324849576362438,0,-1.2516382932855459
1.94343376164375,1,13.505348338256242
-0.7654694059041973,0,-0.7006386776391356
-1.4787042131906873,0,-0.2590713666925175
-1.203670748688169,0,-0.12904698471533527
0.3508129133659059,1,9.962635889802346
-1.743825904540846,0,-0.9062538152188673
1.4497365205646275,1,12.503230895762348
1.8459987169485892,1,12.339838044657885
-1.0130103173304765,0,-2.780118774728517
-0.19961892563656258,1,10.102883319142194
-1.9114621958820117,0,-2.1084449273546344
0.562840898908886,1,10.699801814699061
-0.34429576778964455,0,1.5535573843158352
-0.9197661355937772,0,-0.9873600092731285
-1.172651557533566,0,-0.9234875878510864
0.6160923106350418,1,10.023983390757342
-0.3351318758707422,0,0.22240133241600665
-1.281362843880352,0,-0.2844861101293914
0.7564363259472962,1,11.848784555507327
0.2602891321467746,1,11.85151157228438
1.4346882197179847,1,13.14310187697574
-1.5300964044940284,0,-1.1220459189879874
1.1426664077778246,1,10.40375957189244
0.6940671472690361,0,0.3930746392817642
-1.5399562526876087,0,-1.1707436173981352
0.7792829194868829,1,10.371690258770897
-0.23381084448067835,0,-0.9201852481969376
1.7799391422233724,1,12.357215128439265
-1.4335545975284028,0,-0.6049918194610647
0.5713335632629519,1,9.846747310936495
-0.4720798181482162,0,-0.028430519811977632
1.827258682363511,1,12.972072141487805
-0.6801004188388942,0,-1.0494850120872932
1.8487436379672006,1,12.988096303311867
1.6059434044029963,1,11.613090298042739
-0.9184670587573747,0,-1.0792082129442648
1.2141671073057108,1,9.836654666757491
1.9824168072140238,1,13.794822402778355
-0.9893479913148706,0,0.1339785208817289
-0.2528913227067213,0,1.1124933866987219
0.08072294626703869,0,-1.3938846891188417
-0.8202754567845427,0,1.3304418745525988
-1.938940641415881,0,-3.3517692731942903
-1.1194830232098933,0,-1.8285204294266455
-0.8722524626329662,0,-0.735513293652156
-0.22560119472725138,0,-1.8831268557025131
-1.3155900863463925,0,-2.760255116059614
1.4930174267666905,1,13.385468368879366
0.8196445309253444,1,9.57602468565003
-1.659198089761352,0,-1.7469426008724185
0.6003698045597257,1,9.997008710293446
0.6146259056224816,1,10.133901805768758
1.8248846945745107,1,13.406646429365072
-1.987916514575355,0,-6.0119568723328864
-1.0082702007767712,0,0.8060339586699364
1.711165917501262,1,12.406512883993821
1.7285356615931322,1,12.07800966204777
0.8823456774825496,0,0.811474478988442
1.0630532841901599,1,9.8795500453613
-1.6340681682814115,0,-1.9734151025745141
0.05550333911293448,1,9.834686365334466
-1.0736680348440024,0,0.09216769146700898
-1.275127825545531,0,-1.2505939632053962
1.2412131964933302,1,9.92609260918536
-1.4598474532778103,0,-1.1932384321864145
-0.12539345201445906,0,-0.2716003375131148
1.7543129583441321,1,10.878551775481826
-1.2566717777386298,0,-0.7946267962061118
1.9119736949529385,1,12.957303253289478
1.9771519430442361,1,14.210228432110817
0.22246861872961166,1,9.150452583668208
-1.3194290392913683,0,-2.354875944492334
-0.7355804482364174,0,0.9811208799640379
-0.3020286692938594,0,0.8293722562744895
-0.7627031025671083,1,9.771582105857958
-0.8774576804939369,0,0.09997572255014309
1.8889188368654302,1,14.18025944552363
-1.3865406903370174,0,-1.3429985320385678
0.9333116348674491,1,9.197983878113366
-1.9983588422433005,0,-3.690691813330196
0.3847306776095074,0,1.0306951551202803
1.6637720158162095,1,12.895956087128102
-0.8482636236271239,0,-0.2458807067301271
-1.2578960989691232,0,-0.42989508643735663
0.6067191795137079,1,9.88842421112903
0.8504056291935727,1,11.351677525776639
0.7521220758079252,1,11.559913652837277
-0.7227324799145038,0,-1.4849394030617131
-0.9911903913626765,0,0.6290327625369555
1.8236751998481768,1,15.269865881954253
1.6931980330797178,1,12.952719631710286
-0.1707335604287188,0,0.981268856549923
1.3847754646174937,1,10.680628321727792
-0.19070608946281586,1,9.49282528579258
-0.3024439277099584,0,-0.22334224035046832
-1.3729482096028214,0,-1.6964439328991778
-0.2943757740321087,0,-1.324578780689668
0.14966775439922797,1,9.829014930671486
-1.9099826902852541,0,-2.647457729077969
-0.22354797929837433,0,-1.3041095435604266
1.1254248735808012,1,10.89185285147713
0.7201842254970794,1,10.335217898005256
0.54062795545574,0,-0.22230877485544873
1.63822171374881,1,12.69483089971081
-1.92787196069908,0,-3.1799922537516965
0.22819034476893663,1,9.633508183735394
1.1493953936388284,1,11.82012936198919
0.16534153080506897,1,10.562870465530654
-0.7044177896784833,0,1.3987075063719838
-1.4549977396320886,0,-1.606557099182568
1.5502522872647653,1,11.541082306559536
-0.11695043044958808,0,-0.2092658418935267
1.5124607879428056,1,12.9082223644224
0.34340848973267324,1,9.871551943779536
0.6967684664600031,1,10.081491982807051
1.2170446175138,1,12.862314906996026
0.6366221784005375,1,8.784528994872334
-0.4077806372842492,0,0.3229162155265144
0.05453353571460395,1,9.938625341305942
1.2121820987035195,1,10.639972406250305
-0.5053988145080632,1,8.982090876271613
-0.4475141729260117,0,-0.708730993378521
-1.6172395357679954,0,-2.5230063601109554
1.6583377408869908,1,12.776024608566969
-1.635854740218233,0,-1.3363494863476375
0.5928367097942235,1,8.325368337043656
-0.3472220847888092,0,-1.2224960545601598
-0.37752243897823057,0,0.520986009663629
0.7182073462907357,1,10.817492693687935
-1.7316250694804851,0,-4.059820656716561
0.37482313180573845,1,10.900618604026587
1.0881271438894191,1,10.630211127442042
1.3128510315463768,1,11.878472369992231
-1.3178784424248988,0,-1.9961851101159185
1.5896762003126947,1,10.618588131484056
0.6245843673897689,1,9.813173282961989
1.5274192032827312,1,11.517466093876589
-0.05887713155920693,1,9.679720028980704
0.1681333803888081,1,9.612179162898421
1.6761531081146845,1,14.047456277325097
1.599638173418687,1,10.346804376633903
-0.20735650652399196,0,-0.8493318755561642
-0.902349473457273,0,-0.7859457674743664
-0.4273182617429434,0,-0.015029283499794516
-0.44894268588100106,0,0.6657718044308988
-0.8525325000688242,0,0.5555466019205524
-0.9256815826681337,1,10.679921635462632
1.4442517459188777,1,11.987709999809791
-1.7205523172613533,0,-4.276696578676311
0.7104447283983766,1,8.514924122417105
-1.3087197941741908,0,0.02653669455383123
-0.6219764264237471,0,0.9623192735213046
-1.7538278634606526,0,-2.0612891657853836
-0.9201054525781518,0,-1.2097477523601388
1.0736842844689685,1,10.296349063689872
1.5400612981890345,1,11.427485619376654
-1.1138913923905318,0,-1.7157639462979106
-0.14580864296431262,0,0.2574986763660521
-0.11870380825117444,0,2.1546333443719345
1.4943012230389368,1,11.172712451243223
1.0511962115032216,1,11.877567289093829
0.05230887347219948,1,9.114731848275811
0.6829888018870935,1,8.622635052648631
1.3894202156374673,1,12.328625641186125
-1.9618441838978202,0,-3.9942190369785435
-0.38843987579980555,0,1.2419437764636023
1.6289726691083146,1,13.632175259959492
0.9612521233758056,1,10.165693229650746
0.17136549733629858,0,1.3455324078745128
0.11857810814053371,0,-0.8752212379562946
-0.6089196095822489,1,8.995312320703881
0.08208213456605806,0,1.0725509424892605
0.621532797853813,1,8.572242681593085
-0.3265478462848277,0,-0.018969339443993538
0.8566125855686959,1,11.563938229107514
1.4449289090415434,0,2.8251659285200628
-1.3812606072605553,0,-1.7503081405519434
-0.1938119087303023,0,1.0055905007410815
-0.3679196348596756,1,8.852167212028624
0.7498592161989124,1,9.54344903694543
-1.0005301389682826,0,-0.2703860946528973
0.561003659809105,1,10.466032081467823
1.509956966925952,1,10.673601423741534
-0.32747360082550925,1,11.844717691313456
1.6440627999168802,1,10.34444076283517
1.9726549557339137,1,13.892366645048275
-1.5756318002081917,0,-1.7599365247512206
-1.0677872480605655,0,-2.3556889487993464
1.8015190059283728,1,14.247518002278353
1.833310745925547,1,12.340428243235214
-1.609170898452966,0,-1.98496329975539
-1.9400059984914533,0,-3.3226875663149524
-1.355599906974311,0,-2.699817793533339
1.9840511335289932,1,12.832929586139626
-1.2800015335572525,0,0.5144480583802971
0.010190426888092574,1,9.934168886665423
1.3936709057220442,1,8.656418971886477
-1.9183935572471746,0,-3.8319900944403154
0.41795592903383794,1,10.003603875794285
-0.8918982045215027,0,-0.1353740173299396
1.4493396657589264,1,9.523353183001188
-0.8661554029436833,1,9.645785581320917
0.7470228811276356,1,9.375783439066801
0.6968785297895876,0,0.3902504779557598
-1.11402580456144,0,-0.1849468035134929
-1.8608032005265995,0,-2.821603799427753
-0.3630017048584109,1,11.380056845838572
-0.8432273921365212,1,11.890789121381532
1.2359109984548344,1,9.81030867243177
1.2014567538213812,1,10.485170059494852
-0.17190419122949807,0,0.7405217687614428
0.42604890129287565,0,-0.08812841303481067
0.4170380639477007,1,7.313479740258224
1.3086325937104935,1,10.927982553376896
-0.29999034350721,0,1.2206482910465277
-0.8982132808379637,0,-1.7570748853857485
-0.9398603274378101,1,9.805397607785153
0.14476911712881657,0,-1.9058444236457506
-0.20340718907114974,1,10.865821708096904
-0.23951691606025527,0,0.23469393568261065
-1.635450643641171,0,-2.7552527219228993
0.8744149627607825,1,9.91633997668831
-1.1450532480723572,0,-2.2497346029182785
-1.2121854791651145,0,0.1170432518936001
-0.3489667188904262,0,-0.8205989863283599
-1.0888866335287943,0,-0.14523357094681866
0.3354330692320615,1,9.056960309699164
-0.514146642662114,0,2.1304462643026483
-0.20435310962883957,0,1.5553978256394407
0.14867728641611544,0,2.0753878663926253
-1.1858579100727806,0,1.3567175603274426
-1.3769935085378808,0,-1.9399872133554692
1.5216876114944191,1,10.877627813447525
-0.2651051886743159,1,12.016818623384916
-0.35162556146984336,0,-0.16280855838776181
-1.857551398908634,0,-2.3715200122320526
-0.008094789650427092,1,9.379318452519264
0.21667888644400035,1,9.400853416993366
0.235363483818666,1,10.836477425988987
0.8281246772915374,1,8.314086226676926
-1.290072660035953,0,-0.29035090602565505
-0.9911074630775247,0,0.037694340945211846
1.2429218609216508,1,10.42991245647665
1.788682467373576,1,12.885525146351025
-1.4562690105307174,0,-1.3633144614317132
-0.009401781979127222,0,0.23702723666869707
-1.1432949890416526,0,-0.05707077693940754
-1.7597073265800702,0,-3.5395108389523573
-0.6979866474954584,0,2.527701192997983
-1.425249499263149,1,8.346825547272251
0.8397322937369851,1,10.165374537716596
0.13490165468577775,0,1.9459167698293343
-1.4246621160387565,0,-3.274838513338142
-1.9630336463779425,0,-1.8480199069423888
1.2326281960968508,1,11.029870658130418
-1.2952223753430099,0,-1.616609633331846
0.42486656888306396,1,8.918694332496269
-0.6523123476930177,0,-1.407884891542496
0.34194375326014237,1,9.678167411896677
-0.7373854920707039,0,0.0775112552112662
-1.6522417572309833,0,-1.6327331803035832
-1.1081999657689856,1,9.585522023951752
-1.2477657340836976,0,-1.4815430974630572
-0.28792259024142464,1,11.32757816933656
0.6331351337046294,1,12.800702413211035
-0.9447757002145698,0,1.0729710602028801
-1.9517202587975282,0,-4.076549175615721
0.07574945705902758,0,0.5022960578620872
0.42303795743588823,1,10.604028507691675
1.8514819760072387,1,14.777103099645974
0.35788321237298737,1,9.684738144063054
-0.11530976248743263,0,-0.9656840333499471
0.2936065035908153,0,1.1465064333711799
1.7116025194481082,1,12.913518074816517
1.313512582406585,1,10.0243503670668
-0.708085066544768,0,0.5280622341349076
-1.050982545371451,0,1.2578165558816787
-0.9494655505357055,1,8.878276065475522
0.01768415886085206,0,-0.8909988195152345
0.9761978049143112,1,10.495203533303805
0.012876828731848367,0,0.6803005621105671
-1.7288144166875496,0,-2.6584529800394963
0.8943228017599236,0,1.4920708997293282
1.2238805146838154,1,11.177322513936167
-0.8420085395211214,0,0.7131707448172796
0.6565029571334016,1,9.420650404927194
-0.2936323957824265,0,-1.2403800912833316
1.5564774229097713,1,11.545344506546718
1.3809022326429594,1,9.97016833263592
0.10172799323856907,1,10.40985084480765
0.7660221832543779,1,8.208043167583247
1.533398804088416,1,11.350022207254382
-0.017131959686897957,0,-0.2859599545951331
-0.7469970380447122,0,-1.2550503629291334
1.014664551638325,1,10.215967289021648
-1.119734980861233,0,-0.6976938772735829
-0.4458754079758318,0,1.2249116904158186
1.4629089484271747,1,10.524651670708776
0.8976893610772603,1,10.719037066435163
-0.384755979010003,0,0.5272796869933466
-1.1410219903665704,0,-0.7639346057585685
-0.5761264366710539,0,-0.5936561209869666
-0.863583403090268,0,-1.4610118795624205
-1.2956428482245843,0,0.8110738594898377
0.9733316542626267,1,10.53369530176635
-0.991720452599314,1,9.196760788640914
-0.18333011932894472,0,2.118469235061022
-0.45656221265556374,0,0.17470160533011728
1.9283095145425233,1,16.128589199207568
-0.4356310234071179,0,-1.4576546511159911
-1.6800700688129808,0,-2.6082515224302427
-1.640696989711664,0,-3.578304377419954
0.36301488541225924,0,-0.09820426436318933
0.39745420695306244,1,9.904484966218691
-0.3249640380693801,0,-0.47519028583036155
-0.2726252307518813,1,10.043757237599738
-1.7842696686365151,0,-3.2495138632845557
0.06618604155704899,1,9.889771630546853
0.01895790152140675,0,-0.7557888180706084
-1.4018027257722219,0,0.06551463342943076
-1.5846424555562897,0,-3.0983406767128043
-1.505710037602038,0,-1.4944810841557612
-1.595887014034966,0,-3.224891861942983
0.43883278214703925,1,9.207308889260961
-1.2140693903883255,0,-1.6230122356398566
-0.9942793912501462,0,-0.6232484522412534
-1.305711423394241,0,-0.9376203397421823
1.8313412177940123,1,11.964258754413091
1.4184698526073416,1,11.013514441756534
-1.0780206505939165,0,-1.6175446861927
-0.689734824311496,0,-1.1993749675566734
-1.1604286307800113,0,0.35224616407477427
-0.03249616215670503,1,8.60799750592491
-1.9215578701029856,0,-3.4728806887348007
0.6854720355871828,0,1.8591153941211844
0.09263259927056655,1,11.206555857567007
1.594555713204413,1,12.45252352983691
-1.3424292626863434,0,-1.2258608179904231
1.2164369842445266,1,11.63663448277197
1.167844057866863,1,11.165781650170892
-1.4912752431324523,0,-0.23559914626957057
-0.40576310342348965,0,-0.16712209206589612
-1.3193894354219324,0,-0.14728727183194312
-0.9811179981698044,0,-0.7979342799940989
-0.9470153006778226,0,1.4688366762061293
0.22494557610309096,1,9.843844765662787
-0.354356272958138,0,-1.6411828816637173
1.7909312160252213,1,12.94985252633269
-1.4945194322119795,0,-0.9044687774522979
1.8947685394007951,1,15.029930804080475
-1.0774454391429442,1,8.378451420417406
1.0914957455274124,1,8.905761523256727
-0.6441202953087144,0,0.36309333777805153
-1.4276744183307444,0,-0.9892116613771094
1.4315567409849597,1,10.055811843090439
-0.7645564030541472,0,-0.5530570601754532
0.6354216169073688,1,9.843525737296318
0.2657747403465063,1,10.832506686478716
-0.11297476243650273,0,-0.4144266010919528
-0.01672210940584362,1,9.564486762131297
0.9289516563691502,0,0.5154463816520565
-1.6489083435062377,0,-3.6197186540124293
0.6727226478316206,1,12.05300419499453
1.5832484055943148,1,12.91841320521261
-1.7688472119205434,0,-3.4690006889536233
-1.437386643065333,0,-2.6025167540917398
0.8665277468081256,1,9.2851655960461
-0.2508734070215297,1,10.578846810720457
-0.38580551674524655,0,-1.0390932892687985
-1.4521334618230566,0,-1.7803780666284212
0.027080162871152336,1,8.309187436573342
-1.493818755214491,0,-1.1254578795746264
-0.09351817475783841,1,10.578340541173093
1.0544611958466268,1,10.40165271847014
-0.966942568451346,0,-0.25847707688075394
-0.07685532728109079,1,10.795514026530496
1.9680638775873427,1,13.978103422244597
0.746601693416149,1,10.98893615903247
1.3654270852207944,1,10.104868439103651
-0.340609573757817,0,0.35893634762817656
1.0714436925034212,0,0.8084555547760057
-1.8379633082347127,0,-1.9024353664327927
-1.50835526983102,0,-1.6854835451506822
-1.1877176283197515,0,-0.9351015205254167
-0.39219230153912177,0,-0.5872951818831035
1.3829795133030527,1,12.813794312834204
-0.614935796848278,0,-2.472451080716273
0.6184847740618515,1,10.629462978534864
0.8372571792139336,1,10.273076023645578
0.3447294163533656,0,-0.1631286813314837
-0.5710321273194552,0,-0.4224228577260475
0.3082133668541771,1,9.958784434144642
-0.6309376288410151,1,10.352963722178403
-1.6645050457919517,0,-3.100858873880787
1.9712159127440576,1,13.964796351186129
-1.4912701854699564,0,-1.307447141725756
-1.7106064646557706,0,-3.456517317781835
1.5141229968286236,1,12.23948692596799
-0.7926613564284195,0,0.10990340854432681
0.6011878962940305,1,9.309677729902631
-0.6839770813510686,0,-1.3480714784283394
-0.4341829168221154,1,9.146962168536527
-0.951548111932814,0,-0.29540977657936207
-0.6278239768279592,1,9.800335983546203
-0.35719839765382755,0,1.371135817960357
0.8816642763693716,1,9.975543836408187
0.04614477693916719,1,9.11095034593924
1.7742608686279078,1,13.449708682348424
-1.832478424644898,0,-4.056735483932625
0.012273290528112657,1,9.209166302536048
0.33689915532687253,0,-0.7586259012691
1.6807879442970957,1,9.376800187707413
-1.8033659055142897,0,-2.365522244183
0.2939983397408641,1,10.952686871695535
1.4145197141118282,1,12.331818813759421
-1.0322890875230537,0,1.335414025747006
1.5051693940957498,1,13.212037492721606
-1.9238263629028327,0,-3.894111117309799
0.9298185165349189,1,11.511183466295014
1.7324528846746121,1,12.502245665098778
0.6287906465602489,1,9.698335126422343
-0.24388302407820817,1,9.237169302911107
-1.820475934109128,0,-3.2842732832854926
1.680455253290515,1,12.701716132472287
-0.11881510923370087,0,1.580299333140754
-1.884013022656208,0,-2.6150118091117758
0.7592842853150477,1,9.447560153493425
-0.07265098569496731,1,8.955679727491706
-1.502618730230357,0,-1.1278095963094468
-1.1429127627589617,0,0.15590970272990035
-1.742037278176615,0,-1.415798858596035
0.2971741588342942,1,9.744370963187226
0.488117917008037,1,10.527652125818872
0.0229691934217775,0,0.8558327148646221
1.2684085320104597,1,9.669286755219167
1.4440352852320544,1,11.783350074621234
0.4624975867325065,1,10.95381232086347
-1.9489740811702778,0,-3.19119754811592
0.7809186229909426,1,10.15746865469714
-0.3280031323185937,0,2.592300885837814
0.26222993290554797,1,11.93953472760162
0.5963224080755376,1,10.115421992382094
-0.599053542691693,0,-0.29721651285061457
1.668394020687177,1,13.022298233393018
-1.4641005330008752,0,-1.6267447329388085
0.6860472291241497,1,11.432990177663282
-1.9825616801736783,0,-5.163533127202378
1.6986044216207232,1,12.20975548496909
-1.549983467047634,0,-1.1766318826373663
-1.6204630794097015,0,-1.123839231403007
-0.6679694677910231,0,-1.6299360863527026
-0.5057348558436776,1,8.981261746189805
-1.1427997107084855,0,-2.422502591653308
0.3404866437084988,1,9.146558057546024
-0.2283436078321457,0,-1.283167456196583
-1.8632976438356503,0,-2.695440052616845
-0.7213917509787975,0,0.04129623345319483
1.241731654292682,1,10.803482354888132
0.7588061394474743,1,10.24455006467528
0.8994834143195218,1,11.558112277498468
0.7924676963340942,1,9.206567771201447
-0.7561079144678668,0,-2.1463347223249625
-1.6013443116928965,0,-1.3426546148198222
-0.910131263867616,0,-0.7679122773937868
1.3271412007406371,1,10.150314204542452
1.9218831911322845,1,14.103378822838222
-0.024611941033754636,1,8.032346340605717
-1.9611985803078311,0,-4.629267355767245
-1.4398207514630839,0,-3.8810908176916836
-0.7116776987349369,0,0.07886811126222412
0.314341394371799,1,11.58922028871603
-1.6996254167787441,0,-3.028055215768908
1.7734291948395264,1,11.997218514958634
-0.5396653068623971,0,1.7059680306055278
1.650336871699292,1,12.874873731008975
1.122087211028087,1,13.086837780122814
1.0217490900623245,1,10.694141056407702
0.42687831912892804,1,10.265531165289321
0.5071352682073784,1,11.51004360210882
0.5520129408649925,1,9.935476055367527
0.5148855481023284,1,10.31544593227632
0.214912925593445,1,7.5836644153833905
1.9456560739315556,1,15.420419807746496
0.9291622697027844,1,10.791966797442548
1.1077855535700847,1,10.572354930511814
1.4898512603346967,1,12.560824231926752
-1.1374409490966033,0,-1.9172556628526967
-1.6647833636197569,0,-2.8583551405866894
-0.06842225360560539,1,10.553175410319918
0.05632278247709266,1,10.044115496548947
1.3167271197996708,1,11.588082723874805
-0.22486568287065722,1,10.243618665293615
0.2834121021772509,0,0.6419253891669924
0.10828375405383328,0,-1.3201675281735443
-1.8471888649704358,0,-1.873257951644778
0.4608595863876559,0,-0.4349449112489737
1.312173143097009,1,11.187381243762587
-1.3699978076967847,0,-1.8864461034351834
0.3773269357063831,1,9.739455856776605
0.37444217778565747,1,10.255343632882616
-1.343260143774565,0,-0.47668553787135814
-1.506145705077056,0,-0.8070957663058886
1.9202077719059392,1,13.972604305690478
-0.4251233213878498,0,-0.6342113452724182
-1.0903130851058829,0,-0.2786261772816378
-1.3147018221825002,0,-0.8959028414593149
0.6704068543329402,1,10.20972073700537
0.43778118930911525,1,10.576174207130169
0.5742084919496699,1,8.818905118988816
-1.647975889954191,0,-4.264726606952841
1.5741383339937478,1,13.140286957394967
-0.44293441276380685,0,-0.17482363933027734
-0.7465223742785683,0,0.20791167089968646
-0.1505542110090432,1,9.130728059259168
-0.439735737009487,0,1.2197089078927523
1.4543080125565835,1,11.888018517556635
1.7170439007915683,1,12.351610949172029
-0.7861871342015752,0,0.042824430924567725
1.4557432298398192,1,9.800796441880802
1.1260925181322685,1,11.087119152102467
1.7232306893790472,1,14.045414650737095
-1.0169987512564487,0,-0.21065473726256578
0.30783660048391637,1,10.20072882675277
-0.9018216610382215,0,-0.6837490367776369
1.2963779619374969,0,2.172105307109298
-1.978703237715743,0,-2.642565942369736
0.25927665154558444,0,-0.42322917856337494
-0.643186274912328,1,10.22560744830566
-0.709265171688719,0,0.05381400197581787
0.5796252954596679,1,10.499138218670632
1.4059377972559757,0,0.6168059636117513
0.43678156557330494,1,11.18444061159835
1.41269191458689,1,11.97487197680548
-0.9416115524758801,0,0.7849737413175396
0.07800741905992448,1,8.884893472904077
-0.1978538437316959,0,-1.0604591819038696
-1.9534204019876151,0,-1.6675858683983629
0.2272485725629605,1,11.152997065861525
0.6460972965846996,1,9.31976632904815
0.36765761767628025,1,10.893001141726474
0.9451195951336859,1,9.956300312466361
0.28535811381230847,1,8.312908723142609
-1.7329989805969723,0,-4.702595889783467
-1.5342179036611543,0,-1.827628739138123
0.38589831017580956,0,1.589534663751333
-0.9000832321054393,0,1.1567869599251848
-1.6814194838609366,0,-1.1166856509699488
-0.28158902620581294,1,10.81884717455956
0.21729039233462144,1,10.322494355800023
-0.6850160466015738,0,0.9912432323810858
0.8817348089031118,1,8.331868776679928
0.5750824324049786,1,11.084883493585783
-0.6687265556333122,0,-1.2705308136725604
1.0194901156342424,1,9.617085619715148
0.5947801701321418,1,10.801057902274692
0.5497815148716083,1,11.011819088596848
0.21371080314827218,1,9.39517190715934
-1.9544413276457888,0,-3.08663450238034
0.7860287339075565,1,10.805752391449408
-0.4958328355633741,0,-0.37159757054459264
1.7704388406346223,1,12.928530137486094
1.2719390843088214,1,13.109774038182922
0.35077787812524885,1,9.740012724963181
-0.9912720727229223,0,-0.7341140316506927
-1.1851304268893337,0,-0.6822709229009428
-0.6384606492898035,0,-0.31308189210687126
-0.09372822567992589,0,0.7900906977768327
-0.8157379598442116,0,1.1978363488969996
0.05971798156993113,1,9.75343774511446
-1.3385182979472563,0,-2.0558507393325076
1.9108512513019997,1,15.463503694193115
-1.5683017801400245,0,-1.8088648998019283
1.7277765586174882,1,10.874361774411739
1.6543120456107796,1,14.125992003548383
0.10144192727799206,1,11.126709607935874
0.8996410873443375,1,11.965406617716733
-0.25580680810964873,0,1.4258778932630358
0.5201383101697528,1,12.71534817565472
-0.6376962503155252,0,-1.1665983674104778
-0.7953639208582186,0,-1.0472231807821675
0.3129191446780548,1,9.523056589507124
-0.007481303264078587,1,9.479153584190456
0.3181454765999243,1,10.139051974923232
-0.853357674851908,1,9.199385522968454
-0.532168672732019,0,-1.2649066165169456
-1.6644081574843628,0,-3.1798546297485286
-1.7908945109111771,0,-3.1657238871710494
-0.986171481307935,0,0.6647577090845165
-1.703012562677817,0,-3.0448928081421593
-1.5849011654610372,0,-1.1805980747685343
1.2517136215757483,1,9.659305385280955
-1.8445052119332428,0,-6.336585013425515
0.635771175738971,1,9.99531584287606
-0.909769004738398,0,-0.9865073735262546
1.4861827228325057,1,10.759557736760925
-0.060030861690001824,0,-0.9989584381669049
-0.7776941626886971,0,-0.9426930546790389
0.07055574275773813,1,9.012825685713612
-0.4721679238189247,0,-0.9493692083761294
0.25720425867932084,0,-1.350339802378117
-1.541868526694607,0,-3.9621877963657974
1.9879620112502043,1,11.718798446647444
-0.2977764892131298,0,2.447887086488755
-0.6070774411705253,1,9.824886132222662
0.8408393932650595,1,11.821783748203764
-0.5444023740186701,0,-0.25826446820590443
1.3330972201150306,1,11.040279102982268
-0.18291710255829896,0,0.3036105429750048
0.8782336530617396,0,0.9787589751613108
-1.5701871342324538,0,-3.1823079361479536
1.3844767422204471,1,10.947090944915681
0.9428719471124394,1,10.723891881826185
-1.1531328861521373,0,-2.7001950482318775
-1.4188559610168534,0,-0.1308482058376106
-0.7348306050975024,0,0.8643619656510131
1.9042823441276173,1,11.350964816920154
-0.9726737017317655,0,-1.3391209149884262
-0.1754911642134669,0,0.10214742785242763
-1.8799190971306547,0,-2.4800647938009623
-0.4110898817350699,1,11.491391151357536
0.28528006173241094,0,-0.625732655151767
1.8124984500318604,1,15.315335889545207
0.06694417976025768,1,9.951390681481893
1.2764293047107511,1,10.815697213993712
0.18851057027560225,0,0.5650742318881928
-1.8368599462579276,0,-2.788042232326635
-0.7399668992409039,0,0.052299062640545846
0.30219803132441303,1,12.009960055251213
1.8023758637244973,1,13.174932553748963
1.4365214390049332,1,10.497924119631207
-1.0865775432846094,0,-1.4811891854694017
-1.119560679923346,0,0.7709869824818412
-1.195308131544397,0,-0.17007598308955152
1.6899955852100126,1,10.857036625286277
1.4106646124068827,1,9.798068177945442
1.099533729011795,1,10.689708627962872
-0.4290595431030897,0,0.5769951404482699
0.01752281719506721,0,-0.6780449532635768
-0.1426730208193887,1,8.318377653889664
-0.9864075697625094,0,-1.6050589651666998
0.020112184595067806,0,1.6457551649967361
-1.8780138085889821,0,-2.8148471164418702
-1.4727585060101633,0,-0.5971375092015279
1.5463583846757856,1,13.013838154931552
1.006719068125693,1,9.88414026491801
-0.3085263637636517,0,-0.3877190838191308
0.06860144913550892,1,9.83215603906936
-0.5200044561600903,0,0.34637902831404965
0.9631194686426898,1,11.53619922482083
1.1367487169283184,1,12.60433346012297
1.0531407608126364,1,11.398324254816032
0.8904468993377983,1,11.17460159179776
-1.1819826452288167,0,1.1009669722780806
-0.6481200830380849,0,-0.341183307477784
-0.1206182600653003,0,1.188125542548711
-0.6768280342893775,0,0.4232563389067959
1.0197608006333159,1,11.1451828436429
-0.6825859030001813,1,9.626455664127036
-1.4470716528586514,0,-2.9093284716104373
-0.4038381918067837,0,0.31190427603859927
1.9196577311295213,1,13.886135329483706
-1.0964743482656965,0,-1.2345645034632409
0.4486346357729163,1,9.948414187736487
-0.2681078006411748,1,9.108470507744086
-1.7159017294026935,0,-3.3994918113431973
-0.04849357600776205,0,-0.4810204326900366
0.8086573145932499,1,8.935963037799356
0.05287990331127501,0,-0.5834042234059212
1.4884242549863242,1,12.362467186402718
-0.8442519333696694,0,1.1552428531586147
-1.6550033147841403,0,-0.19111899505018792
1.7462624466320245,1,12.262421381033572
-0.48721460188712395,0,1.14227979344186
0.3056222058145335,0,0.3504472380413435
1.1680125045207839,1,10.55937832518737
-0.7027453444976777,0,0.22867731168852257
0.8646581527104447,1,11.425349504174356
-1.4583246007286879,0,-2.0490182979333658
-0.8348250111779789,0,-0.8122288142164099
-1.4211574554539204,0,-1.8449277249881981
1.2449222336054313,1,10.33793571645111
-1.1094030590928585,0,0.5161696579304326
0.8696142216208411,1,9.56496449562584
1.7731935889826103,1,12.200036240739262
0.11108883627550803,0,0.3118885602493157
0.16011676904275074,1,10.232378290382805
-0.15586572760875184,1,9.58825664756303
-0.696439426425429,0,1.5147250716550031
-0.09737987630033151,0,-0.6310975315983665
0.4112301290670377,0,-0.1363143486675406
1.9439662886826374,1,11.746378557421808
1.751058237272897,1,12.379554013874584
1.448611833172487,1,10.196982199685683
1.5565221428194334,1,10.96927565910497
-0.1286032668318282,0,-1.9569230994899833
0.6297773087098593,0,-0.7676133586257089
1.5802668917448566,1,11.898094351579656
-0.42819694003458775,0,-0.28343728691127235
1.8470499133818752,1,12.735919592315865
-0.336855751723268,0,-0.3440155633002142
0.40433066157286257,1,9.528060239554646
0.8392188530894877,1,10.260922472952318
1.8023680523037533,1,12.817297488258324
-1.0215349037909358,1,9.741977544950092
0.9845239129545691,1,10.276181029539453
0.08326234457632875,0,-0.4333710805407582
-0.9257714375174357,0,0.38150483664585566
1.1064273591855622,1,11.28010743217671
0.20888912069538623,0,-0.027868288367063287
0.6438952825987032,1,11.328583282244686
-0.7083957256883959,0,-0.09509617465703492
-0.07490419268957993,1,9.838617225771317
0.46941700395226826,1,9.983127074324099
-0.38035674292062405,0,0.1376039535452712
-1.2065098406091948,0,-1.795337736884051
1.846561969261216,1,11.274567365127382
0.04587016017046963,1,10.281519395233335
0.9356814811508021,1,11.243630302287695
-0.3558112257757675,0,-1.0234815791997722
-0.5794729438971347,0,0.9757824779305314
-0.37134280613150006,1,8.327940918153242
-0.3632134248574008,1,9.417253444784404
0.17672046376781436,0,1.7087753230669478
0.1738794799254526,0,0.3585650283626996
-0.011384736468513346,1,9.697521719815656
-1.4608568603302476,0,-1.3065234981553429
-0.015698085997875477,0,1.1963412650118472
-1.323584398317394,0,-2.6045375676949227
-1.4954568548169394,0,-0.3543535282211878
1.730582869364671,1,12.101439555202843
0.419800052590817,1,10.74537604539456
0.6379602324983371,1,9.515599197612438
-0.3928253186665449,0,1.6534145441061392
1.6359235676594568,1,12.157903882889114
0.5517219583186619,1,8.755154538808053
1.0766794780943498,1,11.094140683425628
-0.5257501238891447,0,1.2285678466221832
1.840047523276502,1,14.303256523813163
1.2818451606332602,1,11.146617576961233
1.4157938520581745,1,12.23103505456437
-1.311222930296983,0,-1.5487645247506903
-0.9161471685151219,0,0.20656475285210535
-0.8574936012656917,0,0.047557418932107354
-0.9163631070125153,1,6.719989150273429
1.4216326484171518,1,10.43598228029922
-1.8724608191656316,0,-3.0746817502077373
-1.6956000440769028,0,-2.272480783737223
-0.9043405174803851,0,-0.3988766947767203
-1.2005081014022254,0,-0.7757233451527554
-1.0725615444686065,0,0.5907365453994341
1.1917727570132,1,11.200472932904889
0.25250637556818756,0,-2.3245763460374502
-1.976917354828128,0,-1.915386762704051
-0.282708937183219,0,-1.9178437670397974
-0.3684602925985643,1,10.93313099071082
-1.5442189222218259,0,-3.4055003863441202
0.7045671544058285,1,11.598318784835346
0.8083887535179644,1,9.986138897880062
0.8835728762083908,0,0.7291806823110449
0.9138837822343682,1,8.395470430259937
-1.9997886922708128,0,-3.269169122279888
1.8156832153868887,1,13.409188668365376
1.2568350682186522,1,11.609993214134427
1.6159267863571412,1,13.059386293287458
-1.9374268187702635,0,-3.4576757525395334
1.7354351831429575,1,12.402627609150453
1.2391541147524188,1,10.140455534233418
1.3488765718347944,1,10.784004672801473
-1.626850461112126,0,-0.9463511034604304
0.9551121156743907,1,9.59785571005551
1.839666758568364,1,11.269964200819349
0.7141893656726426,0,-0.805390909529641
0.2822456184984259,0,0.6172848880655809
1.782518710995988,1,12.52901112849123
-0.228251513062256,1,10.59854784668363
0.3971742652419148,0,-1.969134477188603
-0.09464682602253527,1,7.017034163437075
1.7313848854411966,1,12.859189283460417
-1.695661092937971,0,-1.4330459169006824
0.00447880330139272,1,8.289004822324669
0.7478097655417533,1,10.735138100530119
1.1676261536889476,1,11.986205619249196
0.33207458977654536,1,10.013925977235322
1.635670976485816,1,13.089143887800349
1.7679657875354868,1,12.953475640041496
-1.742723107225666,0,-2.909332458491373
-0.39051784183450255,1,10.791237738451207
-1.9061639131153822,0,-1.5501884034335771
-0.6823333705022283,0,-0.7166811278606497
0.14747287188240854,0,-0.08612802872507974
1.6431797220397955,1,11.227639704033935
1.3862172898616114,1,11.487089990043502
-1.490001093312057,0,-1.8103775103462354
-1.6278785010364172,0,-0.99847764031407
0.35706935502666814,1,11.442511076584056
0.1284718898351307,1,10.789045669258767
-0.9344894342799046,0,0.6387333153229198
1.5978123382153409,1,11.334774642907034
1.7094656378462139,1,11.542830521680246
-0.38955424663934934,0,0.40725945816083914
1.561210228454081,1,11.922649503384157
-0.4642044229481095,0,1.9491741630638584
0.9472673273188006,0,-1.4966457075865676
-0.09623112980910342,0,0.6191352353666758
-1.509667373971268,0,-1.1172873345202594
1.711736804948086,1,11.745773330693343
-0.18361362648985358,0,-0.9706723365844998
0.9379481612896146,1,10.073316586574542
-0.5313047422748314,0,-1.7165008228858423
-1.9244764856950614,0,-2.106422128117912
-1.5978785652326564,0,0.6608644597957483
-0.01512208204030241,1,9.658713942590841
0.7598574285054496,1,9.580069320028459
-0.6610586936828837,0,-1.4552992111318004
0.7819538367106014,1,9.14292678604373
0.7945423577278241,1,9.661351903499662
0.8157436293113234,0,1.4801812103458287
-0.029912583917966362,0,3.192993903084482
1.659544600486016,1,11.562440203874463
-0.043213928077537656,1,9.097906252915465
-0.19893922601344727,1,8.828070099551129
-1.202476723957492,0,-0.41857134375947563
-0.769379650574654,0,0.11650567523615932
-1.8306620299267866,0,-2.9666445089522133
0.5341411744646809,1,9.631893336015118
-1.0058570242916285,0,0.8503676051640908
-0.7833789820581396,0,0.5238879924936178
1.0832580866572847,1,11.356437382065298
-0.6911152673541845,0,0.20518637076622448
-1.0312164319474313,0,-0.7376903784462828
-1.323769003465177,0,-1.8750310850288294
1.0994336087278236,1,11.18437754461215
-1.4811749680398925,0,-1.2015968830190942
-0.1849849589985859,0,0.5640260962234513
0.027720464308777615,1,8.435576665706094
0.7495596507428584,1,10.549844316388489
0.5331339293319819,1,9.76709995727553
1.2428826917806992,1,10.081378902466342
-1.8209942642950474,0,-2.2907998566206924
-0.8142371008824112,0,-0.09264190349295226
-0.879463524898481,0,2.014010176045596
-1.415932377631567,0,-0.9348941166597473
-0.8432869845742275,0,-0.5970652035233666
-0.7609387434283863,0,-0.3285878347765969
0.08753784770991313,1,8.828434126150016
0.6548179157050242,1,11.371236720519196
-0.4755979455527437,0,0.26119672615459916
0.8778809252535247,1,10.670410085740482
-0.6553386456816801,0,-1.2049421955784492
-0.8388652907409586,0,0.48384853743687306
0.16475222342809737,0,-0.9331620093219993
-1.9051345587768376,0,-4.011288351160474
-1.6808435054639985,0,-2.248950957752892
-0.3281218256538918,0,-0.5986089110016896
1.771650845567026,1,11.988051328487176
0.8860471193736945,1,10.297673415298485
-1.647493721997769,0,-1.2258362221406471
1.3852720511234948,1,12.22423001249202
0.929203082432724,1,11.108561052951863
0.4437861028106127,1,10.52994080576926
1.2811718424367093,1,10.575894498107905
-0.3835606090281716,0,1.092658105882641
-1.113995796584589,0,-2.427129484350461
0.04809355643503732,0,0.4338448915993989
0.19536702237389525,1,10.84502339508036
0.15330548803964827,1,9.911509967784971
0.2602951659204211,1,9.286526199062461
1.7948196729567232,1,12.853836974969227
1.6089824923849254,1,11.325091746826951
1.5028681462357576,1,12.211459172117255
1.2056672436345086,0,1.8220328070235308
1.7737124290611415,1,13.236788902613634
-1.606021433282387,0,-1.6840738810243163
-0.939506954217042,0,0.34567869698690545
-0.019776217381660466,1,10.875885439361733
1.386137972493621,1,10.553374124970041
0.020662846090929943,0,-1.537988865593248
0.9921389573663548,1,10.766187544400008
-1.4441603790043351,0,-0.5815841680072763
-0.9903447480937593,0,-2.0665549562690737
0.9271043801506895,1,10.467265628335829
-1.3410639644491038,0,-0.07758427808238144
-0.594576261380293,1,9.778444327213013
-0.9405349687457143,0,1.105132843557465
-0.6005532231100861,0,1.2255399081309977
0.8332961963118812,1,10.10660062242115
-0.5286112754287959,0,-0.4415945963470297
0.2210532904317608,1,9.656064838915212
-1.6002724917823614,0,-1.9141916176327274
1.2200707729385112,1,9.734578554246221
-0.5204454974075006,0,-1.4288559131684324
0.5941366361333698,1,7.8333698586927465
0.9015584066473306,1,10.345243771408578
-1.1613563115531984,0,1.255696153797739
1.5386999398133998,1,9.830993120111868
0.46489700642781173,1,9.86607603774631
-0.28509943299407414,0,-0.2257940822189035
-1.2706592656871218,0,-1.1778535730801811
1.769203751604827,1,14.02567758254897
1.0202728165265005,1,9.64262699561425
-1.1679017490670045,0,-2.742758971491426
-0.649156901103102,0,-0.6710619303156825
1.238697032352293,1,10.282475656030867
0.7827106528613559,1,8.008845340456507
1.0631371708628974,0,0.8462977812408425
-0.23519559114827038,0,-1.19251778047799
0.8659050505686676,1,10.24152463297718
-0.4540251085443452,0,-0.4096361541565949
-1.1549483322472143,0,-1.8443120244037545
0.5307081393654398,1,10.965364449551146
1.9040557023951767,1,13.170048636941402
-0.7575961144186816,0,-0.16314028723695467
-0.15612163114984146,0,0.5845036050165572
0.6960054842794143,1,10.45708239875659
0.16602512848995143,0,0.14728829940141835
1.373711182836197,1,10.471961143730327
1.0469708258780637,1,9.46157217577979
-1.7668111845505718,0,-2.599810609799989
1.993684935695096,1,13.0003136177624
1.009609814877869,1,11.308994797848708
1.4556132651764528,1,11.412544213854007
0.6047908483813855,1,10.75921979509554
1.425140512187049,1,10.461476209771286
-1.5504681002851624,0,-3.0048230568971768
-0.6090486577627376,0,1.5659127864790445
1.505683774417971,1,11.557286822972712
-1.193379154932431,0,0.063438525112951
-1.687031605679909,0,-3.81263018577989
1.152475759780876,1,10.48233109481409
1.3419446225731848,1,12.510658135946938
-1.3493911272403976,0,-2.793146590982814
1.4173839311308618,0,3.699061445906225
0.7470711823886784,1,10.411014731599021
0.08033073286633563,0,-0.8186756625975393
1.32100077112554,1,11.504550325380304
-0.32300300272413685,0,1.0922860989616774
-1.2240241751064111,0,-1.742498465315879
-0.8605892935575454,0,-1.0007110471913605
0.020656073173259237,0,0.24913445818029636
0.12532317069270293,1,10.464004954413076
1.2223233057649345,1,10.714683342213092
1.1654108946093378,1,11.193760102383726
0.32546622881829945,1,10.870787259949624
1.1231419334619055,1,10.881700198529266
-1.232906166825316,0,-1.6285193846413657
-1.7997418916268226,0,-2.935682721908545
1.4945352905388005,1,13.425363296130303
-1.6977820249489217,0,-2.113827400621014
-1.0132462810240108,0,0.7201019236749738
0.7812757984975383,1,9.724103388994738
-0.36220824949076347,0,0.23888104789021775
1.5052558796620352,1,12.499615863515636
-0.8080808213509219,0,1.233921466788578
-1.9525146133225628,0,-2.494209999543851
-0.7973774377570235,0,-1.3727578877426645
0.31230019673932663,1,11.16708191557268
-0.49624649838682666,0,1.624897267778718
0.13949102303502103,0,-0.5735373924232284
1.5063924753400748,1,10.814699698561794
1.649940216921474,1,12.221383753136655
-0.9361037413835516,0,-0.2306515711444811
-0.15143810692039716,1,9.648194335562124
0.1965760609658047,0,-1.1829367617820972
1.7964498275529883,1,14.371186183668893
1.9944692766575387,1,13.106946646122447
-1.0583710046338934,0,-1.0996942827155247
0.9079194853832617,1,10.483332545489946
-0.48787575106721937,0,-1.5305428606861622
-1.967567212455147,0,-5.357435975757625
-1.9629899102563906,0,-4.213709054473458
-0.15773596975097703,0,0.8236678989732586
-0.0466603479826615,0,0.18795271887181844
-1.9097212137062294,0,-5.541806121765418
0.7477096670972099,1,11.598494434450421
-0.8239864456201875,1,10.51768506079271
0.2395724061437976,0,0.1978889471337991
-0.7963237073383249,1,9.911707113256002
-1.3314627405227712,0,-0.506787705234305
-0.37130504560449884,0,2.300723420369113
-1.070906540837997,0,0.26644453101157484
0.13920390767667223,1,10.29751628759674
-1.2046858788540802,0,-2.1012620862871105
0.03362390657850822,1,10.164538039103299
-1.3704859405245298,0,-0.5137329038239721
0.6838988379431399,1,10.04475164484054
1.0157507377656962,1,10.001214680152358
-1.558423063000265,0,-1.3388115819278954
-0.12879035185064325,1,9.010874311581235
-1.7165131973805057,0,-1.6608186231909166
0.3927297821680096,1,9.594723231670416
-0.9423828082814185,0,-2.5409212299292667
0.11049782735483138,1,9.54592061101078
0.06984403753716473,0,-0.05695439162961541
1.6974173847752017,1,12.997815220975772
0.19633289027489154,1,10.440835181668577
0.3319939188732626,1,8.727845613762724
-0.3933874969424789,0,0.09165494269575229
1.7963184127312672,1,12.364139017104431
1.1087436377584385,1,10.321274912344245
-0.8583788387886337,0,-1.3144649674470579
1.3768383431049283,1,11.254118083369377
-0.2704145592596401,0,3.122547793164132
1.3146685741343758,1,12.992548304892399
1.2915522731740081,1,10.078518185181043
-1.2445192529485825,0,-0.8978289031302337
0.8045645255343077,1,9.946421390496582
-0.8374281227738756,0,-0.15161159400830768
-0.8100293200293271,0,0.6505597501520926
-0.8146076924776771,0,-0.39960345735062575
0.9022729902397928,0,-0.344962410894532
-1.0806958328298557,0,0.5254098414540737
-1.996376659015639,0,-5.212331568564454
0.8609474139305324,1,10.508384077955341
-1.315261024659499,0,-2.623745677024631
-1.5820704187686614,0,-3.0059922132548516
-1.0499355176237595,0,0.16608291454524005
-0.48039791070918403,1,9.265174932977741
-0.09637469010719713,1,8.122990722237772
-1.8217198371494767,0,-3.7455277168983474
1.8822933305094418,1,12.504738187855946
0.8642522136782325,1,9.060402996502654
-0.7072237387026554,1,10.37322228613208
-0.7252109708584107,0,-1.7375181298060516
-0.20582980252616245,1,9.407702434925
0.5049792910521318,1,10.1977937296393
-1.414507733644129,0,-1.7578861607938427
-1.2442807449401907,0,-1.3674098470505307
1.4377383313342036,1,10.763262213008304
-0.9749803044437098,0,-1.6821882265589274
-0.4792200080992899,0,-0.6917877074228168
1.4850874038004682,1,12.295228106457188
0.6525913175992901,1,9.70491613570768
-0.6331524826332466,0,0.0400111450220349
0.7347981828984831,1,11.315487246795144
-1.9212671384743452,0,-2.9461512676621124
0.942570640045461,1,9.142428590512775
-0.051935837935042084,0,0.4478898382678472
1.252728589137845,1,12.030641115765789
1.8185506080258733,1,12.42488902975844
1.7031541979782734,1,10.8845746941057
1.637060173821363,1,11.752937230657158
0.04867982373554858,0,0.18811339111582384
-0.5594315434442478,0,0.5048671246748979
-0.1398587010773089,1,9.477885844822962
0.759584013253443,1,8.183639330580752
1.535991107484747,0,0.5354994352974585
-1.1720547879995218,0,-0.4451121796637558
1.672772633846812,1,14.331024354765429
1.2607209278795564,1,10.979959388101868
1.9154240607129385,1,14.826578437464887
1.5210070931267485,1,10.702441327940823
-0.8802506812323734,0,-0.9886660730204193
-1.5761763546238092,0,-4.298157054656709
-1.5510357120336455,0,-1.4960250058665991
-0.8351067256868956,0,-1.1848277886621763
0.45673489593815697,1,10.646740007673495
1.21728130438869,1,10.399551655218824
1.5970012279262589,1,14.058319289209912
0.4950135374769311,0,1.8538503096378094
-1.977474749007785,0,-6.1697356726869135
-1.254732893925866,0,-0.39648645572507857
-1.6010951845865282,0,-2.7955065403003383
-0.5467020977239598,0,0.5651865240744474
0.0054039745349836465,1,8.656253457002046
-1.8264112856857566,0,-1.6050175748955873
-0.6060880968173787,1,10.919371255557975
-1.2832813014987097,0,-2.47041310663888
0.5882806650354957,0,-0.07951625800080002
-0.14291052270263993,0,0.16093669861969545
-0.018729412264364864,0,0.7193149978799783
-0.28923284786615566,1,9.975953898055723
1.824078841946268,1,13.820967773681977
-1.141059499513747,0,-0.8136053030980809
0.06665703937549727,1,10.611920369050843
0.9440694734613437,0,-0.9471560700659853
0.22737765253825026,1,9.979886232957634
1.7160835428672043,1,13.677006503857605
-0.4881265774348633,0,1.3529349482930189
-0.14529677690728793,0,0.171505943674241
-1.6459107391410863,0,-2.3285394627292084
0.435996444207714,0,1.409474216713671
-0.8471521262075759,0,-0.4049148217068502
-1.3587638419377246,0,-0.109774363985222
0.17812517161803232,1,9.896182505955766
0.12924105351964243,1,10.041077946060986
-1.6965134351038098,0,-3.5461350912907275
0.7928618139778911,1,8.999925746802903
0.4950887626034115,1,11.038805774735533
-1.2439308690140112,0,0.7604121485585346
-0.12226055138382463,1,10.10479876603103
0.8812916659142398,1,10.1760470957315
0.11774296216510605,1,11.02345773672732
-0.41804369526571916,1,10.300836230033228
-0.7106461676762255,0,-2.5777671301227496
0.4415754665762144,1,11.03672350009358
1.7564347932409623,1,11.372451893694338
0.6869793619099336,1,10.150386407518027
-1.701016385454738,0,-2.9023950805370773
-0.1572601060714649,1,9.357396844389239
1.5632965260425102,1,11.95720463680864
-1.6221502967956525,0,-1.240612561617846
1.9555028485501733,1,13.770234141671779
1.7962775745816852,1,14.307841159148504
-1.6869020770804966,0,-0.8661559691935352
1.7336532817982198,1,14.130164990363689
-0.5474696389621512,0,-0.13789203564080715
1.37883666830345,1,10.832497758364457
-0.3264666491469139,0,-0.05109500914795519
-0.2365795491899365,1,11.118701507590256
0.5369723639101704,1,11.142778564866738
1.0979096771039334,1,8.066505590593735
-1.8648433962070055,0,-2.936778552305861
0.3726239821085371,0,-2.3421432844360375
-1.253068023610516,0,-1.0028391024854157
-0.6162019285471882,0,-0.6459911007071728
-0.608125335379134,0,-0.9493671967995609
-0.12375863911538554,0,0.848307883069337
-0.6634543524953065,1,9.20669699884038
-1.570555526197329,0,-1.946505849824846
-1.4174850458981942,0,-2.3564185861337625
-1.8662480577556093,0,-3.176238818838331
-0.11900365868498275,0,0.9588877556999202
1.817790779411954,1,12.125443897904043
-1.5372991054075338,0,-1.1766041649542156
1.785057972012328,1,12.90046913351988
0.9334460589283742,0,0.4539855691306438
0.5499952117366527,0,-0.26722252312755196
0.5811110212942516,0,0.8715249086398336
1.3069105935851284,1,11.78702945398064
-1.5723205424807145,0,-2.0769738816884655
0.019017294262166917,1,10.202681728654257
0.7883645530430341,1,10.98796780486897
0.3472817802942547,1,10.56246111305177
1.3311162840931785,1,10.872646204990286
-1.710913163954594,0,-1.3384050722301921
0.7628041579966638,1,11.086064316323487
0.13611092153887094,1,12.112499826718338
-0.4833565440802263,0,-1.6260335734288685
-0.6389000710638766,0,0.5715882748699631
0.4833305310967715,1,11.208544586823912
1.5639814985770593,0,2.917946300010921
-0.015296295595538911,1,9.74728515363068
1.2988926563076806,1,9.73253867635528
-0.39137447262412994,0,1.5096804184392878
-1.5904221488272938,0,-2.493184887124602
-1.7539770541654458,0,-2.993443529526603
-1.7946625147052897,0,-0.8235878705771387
-0.47939943216932024,0,-1.3282029035654732
-0.6510489966566317,0,0.6809095851927768
0.871748094490278,1,9.577452534643259
0.9712860063394633,1,9.682421089053548
-1.7965841246650407,0,-2.731777601370783
-1.1155069484439402,0,-0.01766894493273463
-0.9029525993644012,0,0.5821015150391378
0.1904479365712377,1,11.08492698352498
-1.421939104372199,1,7.8558953729815
-1.4642351223999985,0,-2.7131756392582127
1.775155556831832,1,12.454271006466573
1.216811629191124,1,11.248302888420907
-1.2773803916353188,0,-1.2477893595137992
-0.37372876837803615,0,-3.6576387589939454
-0.5775120029697378,0,-1.923485758896619
1.1640162962616292,1,10.54810948744285
0.04085166591248823,0,0.8552349407467106
-1.488601052026132,0,-2.55396687397433
0.9559682526249755,1,11.16988903180696
-0.4124480871003242,1,8.468814859251026
-0.9483030094714118,0,-0.1708257790177221
-0.4980055119171194,0,0.2010969961844811
-0.008973745572414593,1,10.468738587027277
-0.6275379343319623,0,-1.131844905207015
-1.0323769096329687,0,-2.0977877884439136
-0.40599188478407866,0,0.6925922231963028
-1.923308357000407,0,-5.083428142974019
1.0899913843852556,1,9.876589451312949
-1.3162204257296568,0,0.25154866280919586
-1.824381545477451,0,-2.8662176510792636
0.6147947716203168,0,0.4849417844107896
1.095744515294689,1,11.28254187606256
1.2553165263713728,1,11.578195839754988
-0.025963269357600183,1,9.978708084056002
-1.1785272612400588,0,-1.7198655857840697
0.948910708999307,1,13.111272377869884
0.7988523086173487,1,9.962265083455945
-1.014917063587307,0,-0.19166452225277408
1.613631023451172,1,12.540929493440578
-1.582514167668684,0,-2.5145359992980914
1.9307529583653027,1,13.173048219040187
1.4409912439098584,1,12.984310005381298
0.7515945819163008,1,9.473308281435108
1.7549995531193314,1,13.115149718522726
0.8892446732948311,1,11.24744172152262
-1.2381720118798163,0,-1.1632447293273063
-0.23137544754875305,1,9.899922772804548
-1.7139879026734586,0,-1.560732716124039
-0.4413703108475384,1,9.819659349260155
0.9664120789488346,1,8.3740831252559
-0.45422659627673045,1,11.457024920559297
-0.6788232981274636,0,-1.1318767309891007
0.3814228900412475,1,10.243222112873926
1.48881811599558,1,10.33226345678236
-1.8096672298155503,0,-3.4741148713169054
-0.45811826120105836,0,-0.4845590724112796
-1.3670370327389492,0,-1.1031816440308362
0.7814170029274785,1,9.361439238067675
-1.5771017582754605,0,0.021511495510547762
0.6592310343209782,1,10.167778288589329
-0.8552765168083707,0,0.5682253224792099
-1.2043327450511012,0,-0.8822469695915088
1.7454102312999416,1,13.65592658953671
-1.9259016930161765,0,-5.672328434283681
-0.24889091244172423,0,-0.7124544845791743
-1.9134920301528249,0,-4.024875293216486
-0.06562780758268394,1,9.469973171182389
0.0041895111776728555,0,0.518677874310039
-0.7133501144210119,0,0.40566431226647737
-1.4713528898999053,0,-1.666702208828528
-0.49444984906209877,0,-0.10973808918937328
0.6890517597302641,1,12.604089906485509
1.1295832345778365,1,11.045243986924024
0.12300240955256925,0,-2.224276780775387
0.3593375777590224,1,10.793311860808824
-1.1975345155013892,0,-0.2992202674215916
-0.8506786670894022,0,0.8515463187788548
-1.3524175597905663,0,-0.6384101182510834
-1.0028185999815546,0,-1.408994445232155
-1.100452879097873,0,0.22368223941116805
0.07779514556495037,0,0.09954136715088985
0.25075502316291765,1,11.054047811888763
1.779789683286018,1,14.366775613720039
-1.2177174115939078,0,-1.0247036845330397
0.5667028406459838,1,10.966795872634247
1.2690370759500915,1,12.055517095104387
0.24096585513221003,0,0.1657456539656503
-0.9799853899956972,0,1.4875152771031286
-0.9497990799199991,0,0.6171277964220543
-1.8429877877160004,0,-3.7153378440725024
-0.7782230938060732,0,0.024421265059955594
0.9784147160135204,1,11.328484835193342
-1.8099289711715585,0,-1.0444320469535067
-1.1228188699806774,0,-0.08692475664915256
0.8249299941271278,1,10.570146467085026
1.1306062512915065,1,11.986424642975935
-0.17872635975228635,0,-0.2223087968454412
0.7922973539145954,1,9.258694323125635
-0.44819132538043194,0,0.6587410379720903
-1.36034701990349,0,-1.636859275961655
-0.40740202590837393,0,2.6819593741314245
0.31987128081257143,1,10.269334170746447
1.7922131274115611,1,13.588188266476722
-1.7249961916452907,0,-3.1947846603965115
0.029576375379842368,1,11.264613358976078
-0.6843208871571025,0,-0.18718110756578915
0.03324677710677815,1,9.875481986801978
-1.9040982104938733,0,-3.5522618220918702
-0.7478985811936747,0,-1.5005736911597245
1.27947259010802,1,10.79675375093046
0.21576693541855008,0,0.5511883550927281
-0.1976700287355304,1,8.450751936533056
-0.8578997131386417,0,0.7059653964191535
-0.8078299088345764,0,-0.5319289755921062
-0.46759426563766215,0,0.19360830096561998
1.3422828398582416,1,8.975196685111667
1.8688528272330736,1,13.488574928624567
-0.24537847459850193,0,-1.0505340743331397
-0.42658864500895266,0,-0.3902732119007513
1.3862031032794513,1,9.76437001212894
-0.2923787174547856,1,9.105621393542163
0.2080726891826048,0,-0.15905413988855852
-1.0762333416050223,1,9.104958764761113
0.9740101431163009,1,11.346549996434469
0.12795327308312743,0,-1.8670236962664262
1.2361382009613666,1,10.893063561494717
1.1229309201146789,1,10.608910640134626
-1.1399809269198857,0,-1.1985418832778685
0.8625422022310496,1,9.40765077734079
1.2002176318054856,1,11.966647252139284
-0.6155710368704197,0,1.931085106931078
-1.3095635483909018,0,-2.836983573324016
-1.9894713776816473,0,-4.861345226911131
-0.19638538762740732,0,-1.0081475569359213
-0.5902690738446337,0,-0.38435176235647345
0.2196393353016357,1,11.261143531869717
-1.247835629644857,0,-0.4438280630715683
1.4386621906659007,1,11.334982169537268
-0.9689791374875614,0,-0.43853465988068646
-1.0942815796494,0,-0.9741875830971444
-0.07714377406257622,1,10.73841728241965
-0.0045959050229029685,0,0.8603350800358593
-1.1396590848596286,0,-0.14880970343322864
-0.9125570930963369,1,7.423487984461795
-1.3211790433790203,0,-1.1399275438224445
0.8738407132926671,1,10.147095631964076
1.0803561250163276,1,11.621782894382097
-0.15068601016286953,0,0.2373957873978647
0.8563480907400698,0,0.8707322944568938
0.943741567749782,1,9.924973792969052
-1.4468978892887656,0,-0.5751517547030347
1.864712099338147,1,14.475757699283312
1.284127788385724,1,9.431761824585475
-1.182066155216706,0,-2.1220279524092325
-1.255339857015719,0,-0.2266776327787151
-1.497355417681669,0,-1.850982556241202
-1.4464857498323265,1,9.51545741364727
0.9926471961147847,1,10.730872485187303
-0.1213829721935058,1,10.69197349606393
1.1317366909594688,1,9.977542606194483
0.9850195774008217,1,10.817658146818736
0.41845085402088644,1,10.379267502564076
0.7454664263147182,1,9.51824137340551
-1.9265771024834328,0,-2.573743995212231
-0.7528894127799122,0,-2.1087064862057834
0.5512887170376408,1,10.291480663174307
-1.9626201860550232,0,-5.073964092823328
-1.8680922252696264,0,-4.281906401191728
1.4075519298815329,1,12.380309543951803
0.7360994467682871,1,9.099500107242807
-0.9385210675186242,0,-1.5554739099091217
0.751851360474836,0,0.7928256512617009
1.169826676557053,1,9.689666575006015
-0.772822867559595,0,0.7874232946679276
-1.8558504900032502,0,-2.5513373544988545
1.731116498750938,1,11.816230226843873
-0.6192806468174781,0,0.8616259801780497
-1.5740729468611745,0,-3.888613861732175
-0.03257251442741049,0,0.4724741022564979
1.0738711826565353,1,9.37296223291492
-1.1134107415297634,0,-1.213437863870296
-0.9220397994665466,0,-0.8506494088263062
-1.0291400528056673,0,0.7364011527621113
1.9666922113267127,1,13.30218375982459
-1.2103850650778298,0,-0.9652458275540464
0.30208086786449595,1,9.575609396758978
1.7010585666278573,1,11.478451597555447
-1.412413724488883,1,7.5608778370153855
1.8834167914708009,1,13.649211731125462
1.7899089375824984,1,12.840842908902713
1.5382879482330503,1,12.582564895964756
-1.141773914679991,0,-0.9862988957452743
0.5362202240439333,1,9.867431394631124
1.0435658918449606,1,11.3339901019903
1.9441117127857188,1,13.301845904101796
-1.2783047116745183,0,-2.4840055734810313
1.0641035980771858,1,11.449998002473096
-0.6447953202915482,0,-0.8111813964119108
-1.2974941377279907,0,-1.0252733159702512
-0.31449223514458025,0,-0.6420662408031662
1.1753436485944655,1,9.839327352073802
-0.14060078518379138,1,8.09988853466768
0.150092400812194,1,10.340856275580348
1.9806376408004849,1,10.491032405014119
-0.4035628017702959,0,1.2654820649912122
0.4616030188369593,1,11.081194666851221
-0.5390231935385126,0,-0.9878077192704313
-0.42885741468518024,1,11.5488154648024
0.7825630137816324,1,12.300421893505986
1.751547904379534,1,12.413488005912619
0.16943580196928565,0,0.41340256361609085
1.0735997157951194,1,10.754993927288966
-1.6431737647321447,0,-0.7046850501182107
-1.1553678502722922,0,-2.163768098697956
0.008526563678129762,1,9.772630737249987
-1.9199531054849008,0,-2.619286840361967
-0.9885800849497648,0,0.33046887074214765
0.06960515929986455,1,9.957360436037998
-1.9401552069747972,0,-2.259257202587567
-0.9418148550958332,0,-0.18422372773762524
0.05612327790347793,1,10.113788572559306
0.2925969919249827,1,10.709568076944219
1.7030067722212219,1,12.408662102976702
0.5813824930024314,0,0.14851683662569054
-0.34105678988002497,0,-0.8071278133247081
1.7214047085322712,1,15.483865620051382
1.139531933551177,1,10.266447049686207
-1.1999643155490096,0,-0.1346784734095865
-1.476630554604721,0,0.2988733143232183
0.7032465429709318,1,8.83107742939076
0.23953266230793524,1,10.618046262840737
1.1586944551710228,0,0.8009785544124864
0.9552202003147459,1,12.23052485813431
0.5008461354300602,1,9.153606724121572
1.9455286865155688,1,12.92973793844009
0.13435892044163467,0,-0.04869542246022259
-1.5475769739931207,0,-2.346733553027381
1.3130942592639534,1,10.672751796164729
-0.992586550617164,0,1.5394672617711882
1.1092085925756732,1,10.809396604776046
1.8284283840002056,1,12.271670067415165
0.787182055857365,1,9.853874129564096
0.3841206437992044,1,10.433229804212782
-0.15845529729983765,0,0.3353783304921824
-0.542360536018387,0,-0.6570327688726361
-0.587980996112655,0,-1.7296705719588095
0.5454908228383624,0,0.030617930030782253
1.0050924677509836,1,10.43008274212726
0.7140682779376575,0,-0.464080832377301
-1.206359595225749,0,0.4019701117604496
-0.024051279426035244,0,0.5745709444500557
1.166560288732252,1,10.928582677903286
-0.09718368724377502,1,9.638829773587597
0.14649311894197536,1,11.734600511777135
1.0845441926832886,1,9.483367178075753
0.645061225060366,1,9.637610208922005
-0.3626203164704296,0,-0.4762091908274789
1.5816508447768758,1,12.277304827921654
-1.3497317253460857,0,-0.5685694195226006
1.982065794361299,1,12.55678217025287
-1.5245896860950512,0,-2.4564681178247407
-1.9402001155830444,0,-3.204177455974389
1.5600756045950588,1,11.233337394093436
-1.0201859665361757,0,-0.9326703589553977
0.9187985097868836,1,10.560465281466795
1.2440614997282773,1,9.982784677933044
1.4359455641284673,1,11.758027879106075
1.9663769426566668,1,14.41419401703014
-0.8238411598400037,0,-0.24118959148197805
0.8409733677090365,1,11.722767221725048
-1.5384005668766871,0,-1.0950255719086235
-0.3727628345726024,0,-0.0668198272756789
1.3918867732503615,1,11.026860295341667
-0.5293678157635666,0,1.680546792832805
0.3643815221424562,1,9.362733072982115
0.01509377489853625,0,-0.2721708363686102
0.5838061244481803,1,9.689672505916775
1.8915775575507796,1,13.781897737149563
-1.7770578939943915,0,-0.550760151238523
0.29584607000651886,1,10.2596196583319
1.452115117001139,1,11.208918725989813
-0.07446915300628998,0,0.1884650825674181
-1.6858912562337087,1,6.291296605535278
0.24215740966708355,0,-0.1806843268131649
-0.6717044367047182,0,1.5525521845641401
-1.3802328586482564,0,-0.6527112982988984
1.396138053133892,1,12.59164448888209
0.08639805196448647,1,11.013668869551474
1.7331056495162667,1,11.89402626569051
1.2240660184122762,1,12.829020319000948
0.7718871750946694,1,8.45390043085572
-1.9798979865387523,0,-3.5480987419856005
-0.2887061734470002,0,-2.071682071650099
-1.2100548733918708,0,-2.5992086282147073
1.643191644195471,0,3.1539385954573738
-1.301664061294559,0,-1.794056569966749
-0.855759793362858,1,10.931538507732345
0.06734707093799663,1,7.8257852851820076
-0.946545524007683,0,-0.5125361881351553
-1.1605412908835153,0,-1.9974835097691663
0.39639730041100973,0,-0.29737820111549285
-1.6442819089799046,0,-0.6744434609963383
-1.767328965116301,0,-0.9682810910668431
-0.5110188192557144,0,0.4462051283239753
0.8826578180314493,1,8.749213041840502
0.21922703309579195,1,8.798583193765266
-0.3084941261328846,1,10.145375481098537
0.26300625689832957,0,-0.7968125318392513
-0.5381940613869056,0,0.5800278170109137
1.7445853417284516,1,14.330815921999552
-1.7803804363569027,0,-3.804354342315281
0.6935659161193408,0,-0.7282472772809885
1.5651306593110021,1,10.736563443998504
1.2155388349410137,1,10.643741453360457
-1.263835860714213,0,-0.9571230761938583
-0.8162946040788466,0,-0.2503821171040527
0.8681917548284188,1,11.224888060209965
-1.6629177632769379,0,-1.9062578802749606
1.2474467993303362,1,10.911876498729528
0.8756277784191613,1,10.376597827650349
0.9184265969413703,1,10.472861938330437
-1.5990345189296344,0,-2.102098812199727
0.8710421792649234,1,9.653321490871667
0.7192725008798799,1,8.98298822922282
1.3236899632874022,1,11.301932221070075
-1.833616174974122,0,-3.5817449539030517
-1.9075573261288312,0,-2.945481989916784
-0.5079716004857571,0,0.006445417121654917
-1.4048468646033885,0,-1.371384722712674
0.23353791028088766,1,10.990842280687378
1.6693956060269954,1,10.92159235226394
-0.4340810786639371,1,11.728352983962155
1.3798015090904165,1,9.128489541230437
-1.999036501928534,0,-2.543426100816995
-1.3259414261632632,0,-0.964745513990622
-1.8783058413836575,0,-3.837405912453563
-0.6874112779397255,1,8.365950939741255
1.6327583827860113,1,11.576895605510451
-1.612191505604049,0,-2.258850064140313
0.42563910697520146,1,10.23347428462358
-0.19401624352222324,0,1.4419457795258177
1.7538728494632498,1,12.770932002758945
-1.5099234298516246,0,-1.4015596070417204
-1.1518885979910842,0,-0.41407637005168263
-1.881832125554027,0,-3.659596333103689
-0.264259001474505,1,9.798566098501139
-0.8886684017413828,0,-0.4578571779175009
1.4796237355612836,1,12.246114669030945
0.4197632527910202,1,9.124052641625207
0.45636295190280673,0,-0.4590544079782024
0.12764278752520974,0,0.3573790486675598
-1.632598651083196,0,-3.2522300598293024
-0.21992526509857901,1,10.108331611224758
1.9980207588340662,1,13.442458737745337
1.3409171633840593,1,11.710810208965633
1.5738362166684636,1,13.322988004212087
1.2929054369859978,1,10.535986061152819
-1.5878332262760693,1,8.756066880007344
-1.0902069837408015,0,-0.447280260794097
-1.9875133945743615,0,-4.309367691247247
-0.7859595004875541,0,-0.2361245694335093
-1.5655703906140297,0,-0.6206580085336626
-0.10882661879366795,1,9.82753573440826
0.7085099542956077,1,11.486938685691078
1.4980211801523082,1,11.560863790419209
0.9968686603635928,1,9.08289054867548
1.7543423831140208,1,12.552944483431581
-1.7844068384248448,0,-4.331177520233854
-1.9512806583338342,0,-4.032458947777695
0.6453524553448506,1,9.778269727058486
-0.8425903591110151,0,1.5177535585841517
-0.9859959355769075,0,1.1300809400167542
-0.6764516492248229,1,9.93063009890191
-0.9208157684305434,0,0.8209758132400091
0.04574562520634906,1,9.602305375045265
-0.23940621110347005,1,8.56589522461039
0.04971420550662531,0,0.5278879871324395
0.6908544460017447,1,10.526248186356238
-0.45147796411540675,0,-0.9835424656675167
-0.9947692514313728,0,-1.385497456331482
-1.3351978527650181,0,-0.2505974292170625
-0.6021035218694979,0,-1.7926698917604706
0.9672259009846882,0,1.0106135375359977
1.0268196404458783,1,10.226842248783454
0.6676215467368412,1,10.70834925382297
-1.0638872987725017,0,0.38622201793298816
0.35234498341879084,1,9.147547469422316
0.2827586463073919,1,8.871131141757342
-0.06293520756109805,0,1.4661617831419462
0.19991594553545688,1,9.946808564827888
-0.03283746950532773,1,10.327730131741326
0.26182546429643283,0,0.9197451081777761
0.862023818484515,1,9.358990485725187
-1.561487222386241,0,-1.0016802602343269
0.9985030085960949,0,1.1379110787367135
-1.4564553994896232,0,-0.07473912249367043
-1.7334880063585012,0,-1.1519659945080887
1.9043187448858703,1,13.516375734253275
1.8279670754817658,1,13.80709892553056
-1.7582538202377438,0,-2.6732313927922755
-0.2269862341001514,1,10.139396678048945
-1.255020246800901,0,-2.1172351993602936
-0.05862041146232766,0,-0.22459588647554093
1.3207089719983496,1,9.357072763405306
1.802447098971561,1,12.790428613820044
0.5370106138061495,0,1.397474428981306
-0.5843773311527318,0,0.6781477384052483
0.41330226257839353,1,10.147548027891583
-0.7519947755661986,1,9.585330070687636
1.6392945633282414,1,11.662307255303947
1.4816018524233479,1,10.707654629268092
0.23292700111864395,1,10.82498764393747
-0.7008043384785578,0,-1.7071257856386022
-0.8264412976680866,0,-1.8402409336542684
-1.8663280211797622,0,-2.346020669216641
1.263283404101181,1,11.21588059354282
-0.19846714784396813,0,0.040916566842685194
-0.6994682863989423,0,0.035951096746353994
-0.11555858000898445,1,12.009314140559994
1.274951961818608,1,11.09225762548596
-1.5015431691699153,0,-1.3994230170725872
1.4306239529673093,1,13.522076252602506
1.590035340433416,1,11.946382326556796
1.7868316601355527,1,14.578786863792862
-0.4100480303094889,0,-2.1414847139696
-1.1314383838493125,0,-1.8860871802105068
