X,A,Y
-0.50183952461055,0,-0.8669955428264751
1.8028572256396647,0,3.5158999393439347
0.9279757672456204,0,1.7058385492550934
0.3946339367881464,1,8.803813668057638
-1.375925438230254,0,0.40987678909044156
-1.3760219186551894,1,8.568744026239731
-1.7676655513272022,0,-3.7366819560293956
1.4647045830997407,1,12.328913737768495
0.4044600469728352,1,9.586627912589503
0.832290311184182,1,10.206530053716646
-1.9176620228167902,1,6.0696900983346
1.8796394086479773,1,12.503686723673441
1.329770563201687,1,11.899706861286344
-1.1506435572868954,0,-1.0480162742316539
-1.2727001311715975,1,7.532610246828421
-1.2663819605862647,0,-0.46440298529652524
-0.7830310281618491,0,-1.4456352301915962
0.09902572652895136,0,-1.1527746448583995
-0.27221992543153695,0,1.1825199547934915
-0.8350834392078323,0,-1.4875186092830557
0.4474115788895179,0,-2.2716640760623155
-1.4420245573918327,0,-0.8764365559777088
-0.8314214058591274,1,9.408771743947144
-0.5345526268252332,0,-0.29402839512748863
-0.17572006313185629,1,9.682786704959144
1.1407038455720544,0,0.9738148628828194
-1.201304871366561,1,8.380459169993555
0.05693775365444642,1,11.476207168039357
0.36965827544816987,1,8.549025911344428
-1.814198349120009,1,7.459325207391266
0.43017940760575346,0,0.6819242833395993
-1.3179035052508339,1,8.095834939775731
-1.739793628058882,1,6.343190661101693
1.795542149013333,1,13.911562669656409
1.8625281322982374,1,12.239704575964616
1.2335893924658445,0,0.33193894066130925
-0.7815449233065173,1,10.64862027106453
-1.6093115439744645,0,-2.049223590643789
0.7369321060486276,1,8.402958797132131
-0.2393900250415948,0,1.740199712558395
-1.5118470606208847,1,7.742188786338167
-0.01929235955491926,0,-0.4027608801676231
-1.8624459155391264,0,-2.974353280271606
1.6372816083151283,1,12.819599886093886
-0.9648800735999323,1,11.511955725666745
0.6500891374159279,1,8.477300849178844
-0.7531556956423562,0,0.6123408717979838
0.08027208471124325,0,0.743268314956987
0.1868411173731186,1,9.866096363754865
-1.2605821778978918,1,9.785698655691736
1.8783385110582342,1,14.247809250307894
1.1005312934444582,0,-0.7154980215603332
1.7579957662567565,1,14.466352634946416
1.5793094017105953,0,0.410808862657285
0.39159991524434057,1,8.894709738913239
1.6874969400924673,0,2.140909216989889
-1.646029991792322,0,-0.30494844289805134
-1.2160685503234192,1,8.79256847015467
-1.8190908443578477,1,6.958297084528855
-0.6986786769469426,0,1.2615479443126645
-0.44529084124207197,0,-0.34446515229612484
-0.9146038729044164,0,-1.5609698945063337
1.3149500366077174,1,10.719601010265125
-0.5729866932256429,0,1.2767321286534636
-0.876261961250477,0,-0.2655473152902084
0.17078433263299386,1,11.933148916987461
-1.4363031001009494,1,9.256412268102308
1.2087879230161587,1,10.23831232632017
-1.7017974252809167,1,7.586776224587816
1.9475477464020692,1,12.840249922652598
1.0889790771866297,1,9.97726373536068
-1.2051372738633104,1,13.603940166841669
-1.9779115315055904,1,7.149697008165736
1.2618457138193366,0,1.8656878136263613
0.8274293753904685,1,9.66006504835624
0.9160286721639492,0,1.9539078017374383
1.085081386743783,0,1.7382038908376192
-1.7038213930636386,0,-0.591481715239704
-0.5661370858229096,0,1.7423875100434831
-1.5365237618994811,1,6.707117187750721
1.452413703502374,1,10.42209790665478
0.4931925073102317,1,9.056193973508975
-0.6764079005894033,1,8.901321698751763
-1.7457665988559055,0,-2.336834955722857
-0.7560707131373512,0,-0.7829046884218925
-0.6992667118930118,1,11.901636943121284
0.9184247133522563,1,12.292027320707774
0.5502298854208525,0,0.07683026003577452
1.5488509703053062,1,13.813125969255005
-0.11114029935220282,0,1.4874482155189725
-1.5216230162467932,0,-2.2122412923541663
0.85297914889198,0,-1.6989128621500624
1.0431401944675898,0,0.3495736649071556
0.24510879027798493,1,9.362740730976308
1.083868719818244,1,10.843154612820094
-0.024817614542437028,0,0.08922064411673199
0.09093131752797623,1,10.06339359190365
-0.2898359265658015,1,10.511510927534857
-1.8983234930236192,0,-4.632951669876097
-1.5684342920267822,0,-1.5178030232810267
-1.874283257253063,1,6.268263662908682
0.5456416450551216,1,10.281207726001117
-0.7425760756946933,1,10.752674481964693
0.03428276465881108,0,-1.2243796268180585
1.630265895704372,1,11.885139707648035
-1.0028310834045002,0,-0.6227928930310932
-0.35846830785748107,0,-0.5373004757050409
1.0222045541721947,1,11.433881364621636
-1.0848073380335101,0,-1.3586927719822202
-1.692080360684828,0,-2.97772845240001
-0.8409941883449279,0,-1.0073246277848553
-1.3551148509839823,0,-0.1521678567889515
1.7187906093702923,1,12.046416868419243
1.2324815182576678,0,1.3961216933682388
0.5336150260416939,0,2.0516772054626284
1.4858423607508708,0,1.565349115499347
1.2146883075964579,0,2.00817735240019
-1.2537197644558566,1,10.686047416700916
1.570235993959911,0,2.9630107434720285
0.1573689676626029,1,9.985147304633543
1.2297606206562501,0,1.5719981292010736
1.584365199693973,0,0.7011685355031094
-0.7279861001125445,1,9.027053715715997
-1.559792301889293,1,7.497874898611784
-1.0882593498322333,0,1.5961947686817177
-0.29156884549497475,1,9.17502200329972
1.2720590636899725,0,0.2017044255524032
1.4429223330253738,1,10.458179103337017
-1.9721914778752372,1,6.724353705329435
0.042989210310262926,1,10.142661116251187
-0.33035598740488403,1,11.068732263731539
-1.111568758117079,0,-0.015459233735463429
-1.5205385306652688,1,6.861839160089453
-0.6495393143854882,0,-0.9442985173787426
1.7716388156500766,0,4.145653749379638
-0.7071882719169791,0,-0.38013606496510366
0.07516248697346439,0,1.1878041294742232
0.8120758355807114,1,10.118087725692353
-0.5454815904828241,1,8.95118950293361
1.8871283308838427,1,13.057010255398728
1.849789179768445,0,2.19668052941722
-0.9928708166985434,0,-1.0549350441607794
-0.011005976430458198,1,10.200925039979934
-0.7964867607329214,0,0.2589630103269316
-0.8606380224901296,1,8.091072329341511
-1.8524522105818688,1,6.8042137620338
0.4382573359195874,1,9.455472196484711
0.010716092915445952,1,9.351585806330563
-1.7940849950000426,1,7.245337181240647
-0.8854141430535543,0,-0.8975157136998654
1.6330635438666148,1,13.559743750832629
-1.0417524373321103,0,0.6227819284154442
-1.4204205116351076,0,-0.251087962234662
-0.04218895888974794,0,-0.4949477417283416
1.9426018164424028,1,12.702901167527058
-1.0317789139539983,0,-0.46716933735364946
0.6885421896235142,0,0.012867236477770105
1.0464784613148703,0,-0.03581489691494255
-1.0494498240304013,1,8.246362430183613
0.9128653944474383,1,10.338837999520443
-0.5288674691229871,1,9.521968222671044
0.5292233223743179,1,10.762458763252548
0.5341188430435788,0,0.7412935480457795
0.1430987362990339,0,1.1022649396021964
-1.6388409197823668,1,6.539905337199874
1.3412099823569519,0,1.60737221781477
-0.7168797401130567,0,-0.911673891859629
-1.253925958400583,0,-2.2062071057231987
-1.8368994337809443,0,-3.52763483984822
0.36357177275296726,0,1.0927342446240718
0.7102574473691297,1,9.806831885853507
-1.9336486842885754,0,-2.0494988813248627
0.048372233197123915,1,10.548935107960196
-1.0940168992082482,0,-1.048790109820426
0.5806911616377994,0,1.2579536048367639
-1.3025342839800342,0,-0.6595401699742596
0.7637509524098638,1,9.290194502502622
-0.45305861479785037,0,1.8123047523197822
1.746919954946938,1,12.92504225404279
-1.449916223416027,1,8.49474788712222
-0.635734595798966,1,9.015998567311106
-1.5461059150376437,0,-0.6684011502465561
1.6987744731142511,0,2.9684665972774424
1.509357413523924,0,2.3485168732842863
-0.9682334891393776,1,9.03862078391792
0.6399361841367162,0,0.9651333673531026
1.2688888008048633,1,11.93331906533677
0.22080324639784932,1,9.336604290084066
0.11860231342402594,0,-1.4161559794412442
-1.0325908363981933,0,0.030876252431891738
-1.6275889287764032,1,6.270874306671751
1.588863031813307,0,2.1575468062752625
1.6016722286533218,0,1.6071829668163213
0.5324058290930718,1,11.294122015310606
-0.6438808358051973,0,-0.5263147639614194
-0.6031617015493564,1,10.997556640643385
0.9038227154809575,1,9.854954910634728
1.5884410398103084,1,13.003924488683
1.5483456970604692,0,3.9163237102246686
1.1195021834304955,0,-0.366519413745259
0.568126584617151,1,10.383722210237371
-1.6634401400198047,0,0.44738545273317065
-1.353485143621545,0,-1.173150801745925
1.594216754108317,0,2.087660779531863
0.4257162386383597,0,0.8270761429769039
-1.9632117935334814,0,-3.7422251194444396
-1.5941138285358716,1,6.267293852986023
0.6540070764322232,0,1.2721550469429905
-1.9797536646151253,0,-5.882695994216356
-1.3567677943300054,1,8.334426484963041
0.1949351574663445,1,11.21112948943033
0.767580790770773,0,-0.13042069972794296
0.6078450380104021,0,-0.581404540369594
-1.1029227621577609,1,10.208444984177579
0.8487168853901434,1,9.454559235789388
-1.0510036500127997,1,8.19730040717536
-0.6984012073629291,1,10.104186418180106
0.9859656204720966,0,0.2963191958762313
0.5985315961888587,1,8.863535886758825
1.3968936419767117,0,1.9998400962854181
0.6304515692013735,1,10.589780140046745
0.2732344133418865,1,9.650444420290611
-1.62530092868763,1,7.561968000902461
-0.5291367877622659,0,0.3963173644245137
-0.9391905292730982,0,0.7761413686262724
-1.0240414264836657,1,9.180270717029822
1.8920422190097823,1,14.04127733687091
-0.4276091013329584,1,10.526106152587865
1.5681862207084531,0,2.8075553603298693
0.5245545039890516,0,0.11147673273475367
1.1792452141665937,1,9.907615048398915
0.010548372420768448,0,-0.46249856635097036
0.30761553850543644,1,10.35740788270892
-0.0299292247245444,0,1.818450973702981
-1.219028048807822,1,8.610224626713384
0.8898084610460213,1,11.15704441549309
-0.8769105502365768,1,9.334783669908578
-1.9027361342741846,0,-3.333868757778198
0.5818891836286713,1,11.613909139736743
-1.2915572823718042,0,-0.31294382348367666
1.7618343374116572,1,11.493120678750124
1.8157143080103495,0,2.420565189946062
1.659457560881794,0,3.5411279591684535
-0.5193651989782224,0,0.07183120373240888
-1.9381735338845303,0,-4.789230692458416
1.7132742503509015,1,11.695541924388937
-0.2872634067307427,0,0.6916409965090999
1.8666192761746783,1,14.246310741349337
1.8544799083570114,1,13.206722269046331
1.4120378218694403,0,3.883010178653813
-0.8222044317216572,1,10.5462389910563
-0.45960908559229896,0,-0.29202509881173866
1.4045466860674276,0,0.5697046678780565
-0.7323119793748893,0,-1.1712467445786612
-1.32202901325563,1,9.18012613580715
0.22720504983340062,0,-0.48291264007332785
1.7446190966431239,1,14.32878865585557
0.784119186699892,1,11.707366859854652
0.28024468035745986,1,10.644071347059349
-1.6112940249169259,0,-3.2706720809397365
0.46002890679667896,1,9.376458303041439
1.960215400417053,1,15.021686885517504
-1.4396639390539039,1,7.944986840246779
0.07331860945494695,1,11.122338800355937
1.5094922877118218,1,12.194343554639966
0.9630744710168178,0,0.49834965949308596
0.7880629639810719,0,-0.4581222265899271
0.8099363359484371,0,0.17141400642330415
-0.5620353951209793,0,0.10087902081386718
-0.8256326229420266,0,0.7511347219275687
1.2374446219140545,0,0.061694812725887394
1.240453578716723,0,0.6915416741373862
1.4682892743204148,1,11.627546021861555
1.6529622102258852,0,2.9208595140486806
0.04536959544375119,1,9.09158235686918
0.0060651787487984166,0,-1.3165696813291898
1.1931807158671006,1,11.523319044170597
0.5998557231110606,1,8.589972994266008
0.8078675090308134,0,1.5486070441601194
1.1831706777444042,0,0.6722299901511044
1.5600213672702652,0,0.3507549178772855
-0.6480193725938568,0,-0.6164813177127632
-0.49766818944022395,1,10.317493990363213
-1.624072240636524,1,7.325463799150567
0.3131205639846959,0,0.03537962144924789
-1.8562309048130317,0,-2.457829899918523
-0.13760792747015937,0,-0.2034932032338171
0.1705785388303065,0,-0.9345760113606888
-0.8538349914868624,1,9.389778550774732
0.363333042276043,0,1.4388220973436303
-1.8779990002438023,1,8.373325558366574
-1.8506072450031423,0,-5.1888571413606375
1.290402242638633,0,2.1653767802677786
-0.5592374343549484,1,10.162697938671162
-1.4917579493924609,0,-0.7358529657783831
0.08897304021921748,1,9.449863904006758
1.0799742123944434,1,8.861547373581125
-1.1367158900126273,0,-0.14989959263004904
0.491561903276001,0,-0.8815884468494459
-1.658610140024928,1,6.330299607118746
-1.7932731153255692,1,5.798169251604278
0.12541852627259198,1,10.6019001870048
0.16254048644042607,0,0.14159957788387487
0.5497196059928262,1,10.865526357945056
0.9043653348906462,0,1.0389049037824905
1.9034083178501384,1,13.027055603768435
0.06520139320478124,1,9.929665018910589
-0.7081741082350161,0,-0.6890159282637797
1.1807447790748147,1,10.612744754728421
-0.9166709949517031,0,-1.3523875082642383
-0.24411431717745558,1,10.383210688109333
-1.6861744746309362,0,-1.3219316973391926
-1.89859702633817,1,5.761478464183561
1.8505936587117002,0,4.4501308189122435
1.3439204820488233,1,11.327163847018284
0.7838968243747919,1,10.481929014648399
-0.3641882223429205,0,-1.7235812190156707
-1.306822719716617,0,-2.9231488343779146
-1.3742518293156558,1,8.846432286285506
-0.9990284073416187,0,0.29118809808972684
0.19690665882448188,1,9.332436811712686
0.8583836908002493,0,1.9863321351131216
0.6407895068709251,1,10.866493645910124
-0.8802644122162286,0,-1.249384485233842
1.8194611226527764,0,3.0424559937492615
0.951587666783074,0,2.907769531609288
0.21741621004560274,0,-1.2374253915047733
0.44688298493740897,0,0.5728921886011804
-0.32159975028884036,0,-0.33937550483122314
-1.0090760419953702,1,10.193158292300621
-0.5761092853949537,1,11.171667760591925
1.0313844418574765,1,10.162332505434746
-1.9424260454809765,0,-2.545492859967941
-1.535709437972335,1,10.410292154510483
-1.815989431912989,0,-2.9281262329162563
-1.8370847907241195,1,7.684917842959654
1.4218423360440289,0,0.8467827921725964
0.8146314375200947,0,0.289563949948681
-0.10330468365069922,0,-0.1772263191482238
-1.608663357395994,1,8.715488179121909
-0.03353649953267057,0,1.2046570765600564
-0.10611291687773727,1,9.889747737753478
-1.3071925203599393,0,0.4167887424966903
-0.26459340304810786,1,11.520785393286529
-0.40598106241050624,1,10.81339671735625
0.46340039220886586,0,-0.4662712493354825
0.5403746034705752,0,-0.5329328514901038
-1.818783960911822,1,6.179372621032188
-0.5015495414941151,1,10.886083189508449
0.5034396628569455,0,-1.1479694401097744
0.012545034320350812,1,10.6768386412665
1.425959364753289,1,10.36863509750941
0.63477452647578,0,0.9514337309170271
-1.3482622916742812,1,8.791776430738405
-1.7177250103982806,0,-1.2005032913868254
0.5696771128252625,0,1.23389380837882
-1.8939547578335127,1,8.038196355679558
0.3431023250938532,0,1.4810135848441321
1.7609209656998304,0,2.873800248595906
0.3018967115035158,1,8.85496461192163
-0.44732029517391236,1,8.902723567912663
0.5731528737694127,1,8.007293038610456
-0.16698843803393348,1,8.91400591871593
0.18246715726373974,1,10.071861212509834
1.7658592351061007,0,2.1935489026265733
-0.455589448796903,0,-0.22741707510256748
1.8447622552956568,1,13.631714705005022
1.621402567824255,0,1.8272248720982662
-1.2168354608428142,1,7.977294039371302
-1.7225547964993382,1,7.39118831953185
-1.5968879944902934,0,-2.9345636135342428
-1.927112697393801,1,6.150793251057902
-1.6222281569762864,1,9.208229531958175
0.7320270936654274,0,-0.07437194313588355
-1.715245406159084,1,9.247774268818267
-0.7240974788249548,0,1.2418076205273787
1.3795012438778183,0,0.7333064595486734
-1.9069122570566965,1,5.421810025492609
1.2578739303557431,1,10.942579354149203
-0.8725809009064003,1,10.821137336287471
-1.527340689513375,1,7.7283421429672075
0.7869486614566026,1,11.151764306620024
0.515771387119536,0,1.2770427732556822
1.5098880541082118,1,10.947067006279607
0.9402841752155431,1,9.739617671418898
1.2139237215393943,0,1.6070875863869076
-0.8718617097147741,0,-0.1795221687912027
-1.2902418248811087,1,8.239990229114877
1.0024590065634333,1,10.151517139229936
1.227338957069056,1,10.853888164796414
1.9620205680026932,1,12.211568903351399
-0.3495292923542941,1,10.744291982742753
-0.5119276568288673,1,9.454227389534022
1.1056518429679874,1,7.8920946679508805
-0.6367858389879286,0,-0.15297808877893
1.723029302414259,1,11.816119263216109
1.4336510073720472,1,13.162153226637637
-0.2840238904999266,1,9.40309893646864
1.0034842711659895,1,9.407601274538491
1.0181714963387294,0,1.035688219532732
-1.5875045246562696,0,-2.6608384957549984
1.6102116267182667,0,1.3080072433350063
0.02100948979142858,0,0.5095060196047402
1.3058298644309665,0,0.07287777278626861
-0.719801595877553,1,8.356256578336735
1.582092913984802,0,3.7060015136704165
-0.44319328506334754,0,0.5359726612713066
-1.9566493940788066,1,5.990297259287294
1.6215279056770546,1,12.128307218394495
-1.6348532928554658,0,-1.6789088603577174
-0.7227454496383405,1,10.784570437134528
1.8002478682032197,1,12.161229514044594
1.8024285877502244,0,3.2939653942975684
0.29375155249314444,0,-0.4940302692097219
0.5273488486791971,1,9.884345771301055
-0.2062179120867209,1,10.156308073810688
-0.8271569132077419,1,9.710355778662223
-0.6853418185203362,0,0.5746166310367976
0.6900738243081537,0,0.6513937863862426
1.00949811775072,1,9.006213717047855
1.1663161749033941,0,-0.5645570979776702
1.1584725711782156,0,0.40765241061256385
-1.6351755878052385,1,9.642559670759914
-0.02231878118967412,0,-0.8515973913064513
-1.7697649599334229,1,7.0202651792582325
0.19811552929494214,1,9.467541966824031
-0.23387799450649194,0,-0.5604408205127226
1.550816731033199,1,12.043122089528623
-0.5963399497916853,0,1.2947416714523237
-1.5317319342895765,1,8.659091585741633
-1.4280332717886566,0,-2.2596101107469497
1.046042526869889,0,3.3255219756339995
0.47287225326504423,1,10.131442270064678
-1.595509295508839,0,-2.608025005279708
-1.6635727755400103,1,9.110148857292366
0.80387652583648,0,-0.20933109107057063
-1.708947974543226,0,-0.8325803418063045
1.2874402371614249,1,10.19632482750405
0.8249689086259848,0,1.7107564602679541
-1.674604877432401,0,-2.1470008168130135
-1.6606491436592323,1,9.00122001290974
1.9465583140047018,1,15.589607319039413
-0.5029168169755187,1,8.803792509839097
-0.5174314117324363,1,11.206504502469327
1.2511982690300103,0,-0.4295302683097987
1.7889943095354348,1,11.815654360661656
1.9440042552914836,0,2.8699348542482186
1.0135127410357665,1,11.024180872660828
-0.49496165787633695,0,-0.027613719488399323
-1.665997133205325,1,7.5208377032403675
1.1085876637097472,1,10.827443889464114
0.2336169989432202,1,10.597664635344707
-0.30311196301209486,1,10.654323635924902
1.625417540378944,1,13.241328924449922
-1.5552100707753946,1,9.939258337750196
-0.0294995828365634,0,-0.021375208084429952
-1.9545854209303237,0,-4.254742106267917
-0.12535743202349492,0,0.6125511653947456
-1.7747868972726506,0,-3.939427514500755
-1.5247283349277123,1,7.548954323202149
-1.5298950128915805,1,9.208961067580356
0.5968412084642543,1,9.982174842161408
0.9841795170616932,1,9.268450268919114
0.3334750603886385,1,8.52873908437393
1.8486901938981677,0,3.207809721962847
-0.5005176819051838,0,1.0792022051882817
-0.8571516548725571,0,0.8136672773097284
1.4743965127578411,0,1.7134353031716443
-1.1056166459221894,1,11.333163066080164
1.8528901577624453,1,13.075852673151253
-1.9513821012407346,1,6.14610612798447
1.8795153068305561,1,10.752331103392404
-1.8273603521976955,1,6.501634308374953
1.5645724547922844,0,2.7669632948634053
0.11080443634519943,1,11.564641544414094
1.9718591844772013,0,3.0032850472575188
-1.7048137410584046,0,-2.0151743828299793
0.21541713760528314,0,1.0518771992545055
1.8772101424763958,0,3.318775382611709
0.09239137668059527,0,-2.2828861234406714
0.5175945525410501,0,0.316622856344162
0.7829947559384687,1,11.00145014497853
-0.18183574092890709,1,9.049570974994138
0.5102323203362538,0,-0.18773834979978304
0.33725724769240095,0,-1.1363158091233272
1.604632041963956,1,9.495691036203963
-1.8182144786341685,0,-1.9784167473841505
-0.8761472416310787,1,9.659971265168068
1.801645936306235,1,14.521681563969869
1.5610551355636653,0,2.759384464503003
-0.17737298885714825,0,-0.3569999431797951
0.48053039120614693,0,-0.02770115428228212
-0.8904752680754693,0,0.21312789940316929
-1.2475153611049548,0,-0.003867278346694314
-0.14520638024007138,1,10.32113980025686
-0.5865910878957887,0,1.0046733442483047
0.3346244474034883,1,9.722065802086306
-1.6890614521400606,1,6.5934706004311066
1.897579230664666,0,3.3515989747489296
1.9448429779184115,0,3.8832857474776334
0.7926468560789806,0,-0.9525297292203978
0.14438546537648156,0,-1.3352170705088668
-0.761889534854689,1,10.226257129912339
1.2551800788277947,0,0.5823968401625506
0.7389246902155171,1,10.035889117742496
-1.3495322426204348,0,-1.5886018769771215
1.6437087379753699,0,3.7410692964113323
1.290148971692676,1,12.33547755902994
1.7991996531676961,1,11.674758353598143
0.9028780335534399,0,-0.16478520823939863
0.45366078374315943,0,0.8966878014641667
-0.3270278548375245,1,10.584448877487773
1.730913933416053,0,2.5515056725700447
1.4642555580016334,0,0.43211421512863657
-1.8191253195752424,1,6.307519802709741
-1.894532102010992,0,-3.9167440272354463
-0.4941465324878016,1,10.216663784403655
1.2422133231273316,1,12.662153080346062
1.9491045172597778,1,13.015452000699604
-1.3983324355858873,1,7.606861554521551
0.3765228614085405,1,9.918103245513874
-0.47643657347591395,1,10.977665380778806
1.8796575912584128,1,11.873638049662189
1.3684756925428347,0,2.7350239649242187
1.3533148188445514,0,1.0672402928608211
-0.12522736082011887,1,9.264698096719103
-0.3407219906493393,1,8.380033254023115
-0.9063717122771751,0,0.3342242053937736
-1.7744980133962915,1,7.035020803711836
1.4588895050202129,0,1.723225486127434
1.2516040365203103,1,10.079515045896326
1.9988706931445224,1,13.67413194989791
1.9865473482956215,1,13.433244547643625
0.22172682241050978,0,-0.09514275146442482
1.075949660722042,1,9.953243743302254
1.779062919529712,0,1.2812438148381404
1.3985895627096459,0,4.0963572358600855
-1.0106075930272094,0,-1.8794850152117202
-0.19782345875962593,1,10.17758818337293
-1.48336233939402,0,-3.4039962475673717
1.8162041090348895,0,0.9984156081775204
0.4246985378035202,1,10.136127684860362
-1.0854287779861491,1,9.534965573764982
0.6868027376234269,1,11.423480729807908
0.4725129618315833,1,10.452295470912151
-0.567349127868638,0,-0.24112131508878296
-1.545769631201484,1,7.203665877099133
0.6862927823711984,1,11.660633257772673
0.08123080361517321,0,0.9291192444824927
1.0892735669425573,0,-0.6001087278157636
0.08065400444797355,0,0.03822605811981998
1.4087260012741605,0,1.5418669079912115
0.20762735509794217,1,9.658821659530531
0.24375188614154508,1,10.77909174277028
1.50661441063338,1,12.541655357390544
-0.38606853515041184,1,9.780742754280226
-1.463939086197437,0,-1.8495660914817176
-1.884869294746644,1,8.150740489624807
1.020549022694476,0,1.4643001584436375
0.48123820541385864,1,10.128085418518499
0.8163190723968943,0,-1.3572209820469459
-1.148143353964357,1,9.587239784771281
-1.454514097652921,0,-0.8405097366911141
-1.9418213373284723,0,-6.415505462428186
-0.5976497647736121,0,0.1451336105861038
0.35967074741853233,1,9.606572065024503
-0.4310238196010707,1,9.739107586874264
-0.25010031190508375,0,-0.9152028607783564
1.6166347779749937,1,11.964354676585465
-0.6069781319067986,1,11.28017939016153
0.05595795663924319,1,9.55368911156096
1.1346120509645723,1,11.695891854028577
-0.41382887071491936,0,-0.8417662127508151
0.48834680091149396,0,0.8169872995495726
1.4494548349869807,1,11.524249687801767
1.7980824946305685,1,13.258715676601149
-1.4117060762838483,1,8.60044882210203
1.7063505006459776,1,13.125757619384801
-0.03153482768184723,0,-2.567600797765243
-0.9670224468041666,1,8.128027669672086
-0.16345697504695478,0,0.41489686134789233
1.9201303011419082,1,11.496126208196923
-0.029527624028521604,0,-0.5305932279282026
-0.6849935588499672,1,9.784954129943657
0.5336034172669031,1,9.247827008416728
-1.0394175248872277,0,-1.2530489242445224
-1.6965466875653443,0,-2.1699780795364334
-1.484481112357403,1,9.373631189610263
-1.4878166441689102,1,7.394836372029769
-1.3923892259508226,0,-1.9248039402114192
-1.4446913094023595,1,7.761107588174545
0.5634989792128584,1,7.668084473361846
-1.2724796624034207,0,-0.8884906018639236
-0.6173308667045472,0,0.8170861520209963
1.5871536396240473,1,13.015708193001164
-0.10415343894851059,1,9.128668698491168
0.6702309540841087,1,8.89883901802504
-1.3107205151934807,1,8.895704313105048
-1.230843924765317,0,-0.10307628842585259
-1.8365255349340845,0,-2.942290125791845
-1.3242597477113418,0,-0.8718486073842397
-0.8856386438721655,0,0.7945030208937187
-1.2919580628930127,1,8.18262389951537
-1.6451898649717775,1,7.553553592832981
-1.5174565155975968,0,-0.1124985304999555
-0.1568849278690969,0,-0.19874181809582886
-1.17466512637683,1,7.922239151248833
-0.5429205558076982,1,9.25062753117032
0.013669083419427519,1,9.061821425770786
0.7615793145174612,1,10.578021749195944
-1.8427514406356043,1,5.975307175498004
1.1976415956361706,1,11.129950104604625
0.511601557963631,0,-0.6691129064313989
-1.6729638722045124,0,-4.464530971471904
1.494314496427109,0,1.9750038516710768
1.6834896021272527,1,12.53408396921381
-1.755688160580545,1,7.811855303697934
-0.8924894074111851,1,8.97156221051127
1.2248051191722453,0,0.1391497423592606
0.9930387615346334,0,0.8910975203781795
-1.2619159225744907,0,0.5142620532605449
-1.1626027066531588,0,-0.774545089320427
-0.5181115888344721,1,10.355044257427563
-0.06190805923591469,1,9.678293680918989
0.4730190861211838,1,8.509287792062986
-0.5243454417209104,1,10.89534813833114
-0.14986113546740842,1,10.90673142142672
0.9898837525350261,1,11.195752644031286
-1.8532671884376084,0,-3.3645605062156214
-0.990252222623917,1,10.111535700169833
0.8533983435382098,1,11.204521996462631
1.5808273507487973,1,13.595414405140769
0.0467097684626645,0,0.9885770603915406
0.12845394106126262,0,0.06488099669992811
-1.5713119546408958,0,-3.2480545655297997
-0.21035053270618143,1,10.15100457120664
0.13046906582009266,0,0.25768782962388465
-1.0301179854610814,1,10.162478497646713
-0.9230270762024761,1,10.960692024305262
-0.4908633475815094,0,-0.15428649485626536
-1.9197152088890945,1,8.56361773716631
-0.7116833376672869,1,8.060481603985956
-1.1542079720138214,0,-0.34947377390024237
-0.6900105912883414,1,9.037217543931302
-1.5209514727229951,0,-3.66642548807308
1.5621091229595798,0,1.7041431800988036
0.37436981421619464,1,8.569061782528081
0.7164092765779584,1,10.022417857044344
1.1566849544293532,1,10.808545263676486
-0.006231204283770886,1,11.11854128836364
-1.6523188476503052,1,6.236869456700141
0.1484261672741911,1,10.910080104155751
0.3473644720835165,1,10.119037309525826
0.98175789673732,1,11.501982124960886
-0.27336181508128243,0,-0.4419648857368074
-1.489678788817745,1,7.014850364071958
-0.8648963768051021,0,-1.5409903524500583
-0.5476708144054596,1,8.62605744490238
0.5836689653264049,0,0.5772332488556053
0.28311321867564754,1,11.488268222512636
-0.575613096408615,0,-0.6603105959733109
1.9460609951719188,0,4.314151052506469
0.4230992774275486,1,8.514428077034756
-1.051092833056022,0,-0.40030040513911325
-1.592870109518385,1,8.647819572199854
-1.388563443262672,0,-2.7867752196908895
-1.0161690864619675,0,-0.7285313713261117
-1.3572745069617773,0,-0.534264395263378
-1.253731903794777,1,6.080894063940579
-0.8596193252246116,0,1.0178471953870036
-1.3065056188209807,1,9.238604964512286
1.5870616985057007,0,2.7154452461950287
-1.6790650173534312,0,-2.7795791392187974
0.09804555828101869,0,-1.7222512289476049
-0.35841269204135395,0,0.5110421704286205
1.9295144676344256,1,13.509226017735624
-1.5518443913277906,1,8.163523317910654
-0.40857760381703345,1,11.053503899560688
1.8778817331014754,0,4.073182318815113
1.462028503575921,0,3.483800370067332
1.2682882837971197,0,1.173910067367764
-0.9683886918202407,1,8.854721406463174
-1.3164496504397367,0,-1.329146588786336
0.674572879697724,1,10.569145084680208
1.7175039565103432,0,3.5490201426292134
0.22705157205571913,0,-1.4611814228483415
0.2864507578795994,0,0.020289835677605332
-0.8800836253588633,0,1.2687085085901963
1.0779717327677476,1,10.386105132942022
-1.2518250057699065,0,-0.04983425040470102
-0.7052830543830253,1,10.317705102320911
-0.2982542455343329,0,0.9425949145916824
0.030441514737820086,1,9.190253563260084
-1.030361070339679,0,-1.3523399607985815
-1.5406527010431859,1,8.191816989189142
0.4424801697665304,1,8.511094521507717
-0.8454777870389769,1,9.428071813652574
0.3249528856904491,0,0.2700332564243274
-1.3825491389031908,1,10.463304277390689
-0.07543959258073007,0,0.4025035209252638
0.13035773020634345,0,0.6263360643110483
-1.7927058527102924,0,-1.7162180554596234
-0.6535828872243177,0,-1.104253282824215
-1.462341292244103,1,8.271351278578521
-1.746500118108929,0,-0.23822945840345522
1.959840929559781,1,13.68472922450077
-0.7105846201011081,1,10.937032824196443
1.2394977834185394,1,11.915892033918272
-0.9814373809449446,1,8.049216556024112
0.7260108888957171,0,0.501816474048453
1.0409114395587462,1,10.71065948805034
0.3825549624313771,0,0.35795192190708003
-0.11369524579936652,1,9.245152673219835
-0.35263634341092587,1,8.86115490191343
-0.6045269338280188,1,9.413526965509602
1.7181165769913034,0,2.438080273620041
1.3224776311509165,0,2.341456146520132
1.8601076426660503,0,5.035297452905004
-1.502811106057821,0,-0.30040742804294807
0.923469900814577,0,1.2539512332372962
1.7533618272841514,1,11.690820318226526
-1.2750677353373594,0,-1.4453972896510383
-1.73401493053289,1,7.603001261129154
0.9644825971602362,1,9.81615468416938
0.2978924527196476,1,10.590423127754491
1.3673151070330882,0,1.9986184989389164
-1.440910493494842,0,-0.95953572741484
1.1810692474395608,0,1.848885858994532
-1.1934907198090219,0,-1.7546072979105773
-1.345376228537182,1,9.715238195748444
-1.3429368082760282,0,-1.9066247981297344
1.2582988809255284,1,10.055206469225354
0.6607888827848005,1,10.676380206556132
0.0922616990764773,1,11.216266238190542
-0.56467806350599,0,0.3979864913211111
1.508802163252433,0,1.7381859914121767
-0.43021957030945845,1,10.270339397174713
1.2663977578863084,0,1.1519280298003145
-0.24346036571912633,0,-1.1331662031380902
-0.4922222823003697,0,-1.3022486352286944
-0.14928085732157426,0,-0.08048922458449297
-0.7944885033434317,1,9.829111504355387
0.9904375207050045,0,0.4971253837392579
0.01088156036991661,1,10.676102257883752
-1.0711492194127308,0,-0.8299739486136233
1.5982982930982739,1,12.60445157487363
-0.46443511450715436,1,9.805323911243018
0.17421144445595438,1,11.8260025882487
1.6258884438581878,0,2.2297425341695685
0.4969519836559684,0,2.402086559040739
-1.5324078371665437,0,-1.4472449805990018
1.7593284944539005,1,12.509091936318994
0.5108322122856714,1,9.167202741473393
-0.6603775413716555,1,8.413116599271047
-1.442911709346451,0,-2.493509190081016
1.176100757081184,1,9.933792613682293
0.4802910237140541,0,0.4502166592003354
0.1338443679052861,1,9.47503349401158
1.5755703322038306,0,2.142542179103166
1.154388844898123,1,12.051155502592419
-1.3933004810689953,0,-1.4402058710917947
-0.7531117288178071,0,1.865582768998303
-1.006043440742137,1,8.315068963420766
0.9757851702907079,0,0.31396664474861785
-1.8658702610568825,1,6.212699699213937
0.2795587394852661,1,10.94743079555607
1.0498347429627621,1,8.338747618819365
1.5070625470469978,0,0.26833321227849405
-0.6316730051363701,0,-0.2333689934043725
1.2850292186880514,1,12.612362155097339
-1.557473052179171,0,-1.6631567295584468
1.3858091669380728,1,9.979152965120825
-1.4900453506720703,0,-2.8512921218275595
-0.41085083775853093,0,1.6383142185823596
1.1891814631182145,0,0.21970720176679248
-1.4003302906049049,0,-2.3159346559391563
-1.082994419069434,0,0.8422629857983688
0.8890102735722651,1,11.362406869357596
0.8801461461842974,1,11.61496543486953
0.5645905315411892,0,-0.8600567445576941
0.7757937778684001,1,8.708352423455864
0.1708977733903847,1,10.13566211373023
-0.992803764372189,1,9.845842994136
-0.6172160259843222,1,10.247035845935354
-1.2736091327942973,1,10.445235842482829
1.6338022453345133,0,0.4467950634554494
0.33356717906448186,0,0.878252571453116
-0.39659433294544044,0,-1.127814623444645
-0.15197678542346926,1,10.853980221262338
1.7891333584472613,0,2.388549602470929
-1.3865943875356792,1,7.853064517383245
0.34491932806718895,0,-0.5893852940467993
0.023554715537863924,1,8.554396333591535
0.4458169417385913,0,0.08473261042311928
-1.927559264716638,0,-4.353581887166358
1.488495635776606,0,2.435268028734157
1.7284731299344496,0,3.222065974931369
0.26053273435683577,0,1.6969991829264695
0.786603295507569,1,10.609680811093247
1.6899975247091827,0,2.9340716625784506
0.8289545372535945,0,1.6849143431029552
-1.3898438283429546,1,8.029980362010786
0.3051534406672527,0,-1.474050478822722
0.4268601855314236,1,10.238983074799213
-0.3034773147904559,1,8.563391630992362
0.9457769424988913,0,2.8769345849316945
1.7374680590760594,0,4.07802845944301
1.7022740516271053,0,4.630347539827542
-0.19664251438347158,1,10.058645062911202
-1.547047816636979,1,8.69925477408693
1.9393647958493383,1,13.187631760546413
1.3555923457837364,1,12.128463798842493
-1.5013492751869326,0,-2.9076011132581043
1.6833675304694893,1,9.842008184074075
1.4795854482485131,1,10.828823710755131
0.07535222850428847,1,8.544740447789842
0.365101742979717,1,11.502260636390291
-0.40398918451947896,1,11.782710470898632
-1.7809534447118747,0,-4.22733884136584
-0.6592110334163963,0,1.1484825022889322
1.2114137943920458,0,1.8402740173162861
-1.9814719079815886,0,-5.459634822933785
-0.6660033132354233,1,9.462026116649238
-0.40732522563622675,0,-0.6139541681674743
0.1495824117516915,1,10.749668844222898
1.679422465651042,1,11.139592440114647
-0.614616022536155,0,-0.21495910432897575
-0.6121871924150892,1,9.199349832185588
0.9500049924389935,1,10.902035441934949
-0.19112823644077137,1,9.77971701080925
-1.1015807082400721,0,-1.2036188141245268
-0.1902419354692264,0,-0.21673919312665696
-1.4365719184808006,0,0.5536881739757273
-1.2944520539751068,0,-1.5013955279891489
-0.0065289090420810325,1,8.958994642563441
-0.32429820198180836,1,10.566380457848574
1.6593836042724002,1,12.14107646641928
-0.5504244035334676,1,8.50138584739435
0.3223534011121738,1,12.24824448260891
0.5290571516781215,0,-0.2784370084205983
-1.9476221736466655,1,5.928239041703528
0.6541494880668424,0,0.2997944134888591
-1.2878561325209943,1,10.662114795358717
1.8442812698778206,0,1.4567993024548842
-1.4053490889875482,0,-1.111800635510226
-0.3415035050919051,1,12.067358299442278
-1.6586013276854246,1,7.847357083105049
1.9874970073837894,1,12.690116062208277
0.008780041324970345,1,9.381603485462202
0.38154006928017514,0,0.2346534625228859
-1.73169409044629,1,8.734332600763207
0.9998418815967112,0,0.16042701547917365
-1.160377627617657,1,10.045441345693472
1.592217157762855,1,10.58289019736874
-1.1794414380719713,0,-2.2640683092898675
-1.2372491173453337,1,8.57021788219722
-1.8538013286076205,1,8.25266102464387
-0.11173221956000301,0,0.0681772020334598
0.2593645330504657,1,10.298534916578745
-1.7371654422865905,1,7.656919496748146
1.1021104667800423,1,11.77854583370814
-0.18684466100788955,0,-0.613482152730679
0.09756107731032015,0,0.6887494096456946
-0.23694901224708742,1,9.162465604617365
-0.39694775649869607,0,1.9519996188644793
0.23856132523287155,1,9.206397337837187
-1.37903901627715,0,-2.1936820681559093
-1.2722874780189155,1,9.519934129539726
1.4471424840540692,1,11.595106788590773
1.784461848534531,0,3.1679869866261536
-0.5067627348809882,0,0.16224331432921446
-0.9170213074257849,1,8.524033318298128
0.575998172956063,1,11.708909507828373
-0.3650633156076144,0,0.8692159883613914
-1.8984545773586206,1,7.937811609971925
-1.3753896105352386,0,-1.8292408008472845
0.8638889153895901,0,0.7388854463808558
0.6356957676406054,1,10.325813687361634
-1.891616029986066,0,-2.256298210731022
-1.1121113522682022,1,10.472523109178152
-1.0757008136477144,0,-0.4293132433343211
0.6875709743949137,0,-1.3554252209737716
-1.9211578489825434,0,-1.7656884163913844
-1.5835656720617046,1,8.570449263199986
1.1996643414927575,1,10.254838139014247
-1.2858213517826655,1,9.343594420266006
0.6109844314074988,0,-1.3970527008541647
-1.047268875813094,0,0.4810454262939856
-1.6022344289626194,1,6.472196060511808
-1.0273112360021837,0,-0.7629303872330992
0.8890677274226366,1,10.595832429829054
1.422785872425143,0,2.478926403641288
1.3208794582679664,1,11.258828760328392
-0.4112658815261807,0,0.6001821950610005
0.6723405462825847,1,10.123796110348453
-1.1800628183367161,0,-0.8538331603071437
-0.827409078955947,0,-0.1977472702200313
1.585343274084479,0,1.8031742444308696
-1.9479923059570559,0,-5.382568144331108
-1.6579658765821277,0,-3.047073946521558
-1.1684549794158907,1,9.447136621631628
-1.8938711845047211,1,6.354459594743442
-1.2742582596408107,1,8.80966261581237
0.3321662438787687,1,9.694971014424763
-0.3143017976300082,1,9.120877358296212
1.5706868443078994,0,1.4443876539707974
1.2697742469537636,0,0.7168136770604948
-0.6327305932084961,0,-0.1215130743562808
-0.9623062662748301,1,9.947814496673683
-0.4812303673309324,0,-0.23627259670529052
0.36117977005923096,0,-1.0060971559688772
-0.927745436708495,1,8.202657332634875
0.49659563139653606,0,2.6586692417152675
-0.3623533912350383,1,8.84639647319911
0.20818872340792094,1,9.485886713245614
-0.25549388345873325,0,0.5086613494961116
-0.8221369618323293,0,0.0830156480570387
1.7938132278486267,0,3.4069012071070532
1.0544231766390433,1,10.143441116177481
-1.4395472969341898,0,-1.2530262843687106
1.4738719035916512,1,11.662188444531267
-0.05027520700194543,1,9.687805094741616
1.5782089075763657,0,2.2108664171974817
1.1994210237892609,0,1.9181155614226846
-0.2991459821230662,1,9.964414741083555
-1.9101227667195304,0,-3.5001544947291072
-0.9252905624602157,1,10.672061436464357
0.16653685864346768,0,0.9636697701774318
0.5339128793045891,1,11.660035834559224
-0.9684492582671909,1,7.789618407745747
-1.4425757037087035,1,9.404101375830782
1.3397209471971965,0,1.8038806010918815
1.9376087228142085,0,2.7515565191663045
0.1027607292107433,1,10.252130482701496
-1.313282856606786,0,-0.08139551236111342
-0.9107706939225242,0,-1.2069025509379996
-1.926437293810133,1,6.867903292188984
1.657195226241996,0,3.1469280010694742
-1.5289956684394355,0,-2.858283817324697
0.3060659020570142,0,-0.12795012624401478
-0.903779117251176,1,9.931857441864354
0.21671201006317364,1,9.208957336204286
0.6056815534074569,0,-0.7680560165088982
1.3189672148288065,0,1.0122422222205023
-1.1743149129575872,0,-0.008059525207890994
-1.956016685366078,1,6.90187283666115
-1.452457479724771,0,-2.3934886485633022
1.6000745673924204,1,12.700454237247499
1.495560310250061,0,0.8366205765738491
0.3896524086812332,1,8.419410469705731
0.4020674417346135,0,-0.33464481602327956
0.6601466981850219,1,11.266813245486562
-1.2985148855062016,0,-0.43877898183095565
1.6576477836998391,0,2.275867312238998
-0.32491790043170754,1,9.566143458273656
-0.4674458870020102,1,9.559168078493611
0.07567082113135015,0,0.10900155419013845
-1.8121361328997798,1,5.956182343072939
-1.3348665249756824,1,8.46261425541201
0.9521344657054818,1,10.216014068671264
-1.6688053282994941,0,-3.6748118029780263
0.4126084378655528,1,9.196674160012144
-1.0186035612747162,0,-0.1179209084402878
-0.4428175438320938,0,-0.0339036254165989
-0.8452250529172005,1,9.389321541989737
-0.5773091341402035,0,-1.00763191634355
0.876183620736982,0,1.9131719171158852
-0.8115131375072999,1,8.894808347464728
0.26561856118758875,1,10.260962929659803
-0.09579839120360134,0,-0.488308674882736
0.6546846614505926,0,0.17658214563914623
1.747318957299032,1,13.125000060870802
0.9302883888410012,0,-0.9677038319134883
-1.140238485636973,1,9.252146754682084
-1.8752674597548613,1,7.893419577977852
-0.9509438228006997,0,1.3315354235630688
0.3803117228010193,1,9.897489601306244
-1.7942967460629986,1,7.153311290921138
-0.014535011195054626,0,2.211331493220695
0.38737139566755685,1,11.163988098532533
-0.6630244367321567,1,9.236982194206028
1.0836488149832877,1,10.017278108536793
-1.5736069874649128,1,9.008236003825337
-1.699448873056765,0,-3.465148769202421
0.9127550248144134,0,1.4679447764383773
-0.01803473517520615,0,0.33429703083711587
0.7536095857109442,0,0.7317185332331546
-0.2606906455850151,0,-0.2655920211337062
-1.0143918670435728,1,8.848275215968979
1.2764092706967989,1,12.501768986591435
1.197663515875917,1,10.6122257338454
0.778785883417707,1,9.825234644410804
-0.9114194510801492,1,9.54131150927253
0.3609226674763484,0,0.2165299593783328
-0.5561044122398928,1,8.883186639814497
-1.6336717066934634,0,-2.744911017324089
1.6692543018489712,1,11.707581302471167
-1.4527254763241544,1,9.312356167145731
1.8009494152832097,0,2.0346540244557323
-0.21597690816817705,1,8.239194910127944
-1.2594682846455214,1,7.033983129771063
0.16760378951343258,0,-1.4680260531143228
1.4917833435056331,1,13.021458615061114
0.9288995456382447,0,0.4169591136962277
1.226244591445799,0,1.423186244130627
0.6351334668428694,1,10.664592407341354
0.7691062580714099,1,10.283656491235885
1.3967826062612771,1,11.287781287511411
-1.0013279645632562,1,10.542531836567509
-0.042300145427438096,0,0.1459580704388208
-1.115162232721591,1,10.705696960079038
1.950672031986588,1,14.332101868894071
1.776237358746453,1,12.184235171505398
-1.8422927545259764,0,-3.6235440630371962
0.8223006900627539,1,9.550546186236954
1.7009932696626633,1,13.678356362219121
-1.2776986194906659,1,8.55201875689233
0.27178092221051786,1,9.211564734400335
1.6619531903521674,0,2.615008861085987
-1.8642160856568046,1,6.663476307943455
0.7896810689873597,1,10.540789565826095
-0.8106039705097969,0,1.6234985629983107
1.6975847815061216,1,13.359115701578524
1.884232980661471,0,3.3718386916135907
1.7770659564537357,0,1.3975312527997836
-0.10314313337014491,1,9.499488858371747
1.4481706039572537,0,2.229596420764773
1.3781975941402815,0,0.13785292957205186
-0.7235981070269775,1,11.951534402930845
1.3156618966027094,0,1.1530997166760493
-1.8519694611380295,0,-3.127085595334083
0.38507951392821216,0,-0.6380941978784892
-1.0799646508491878,0,-0.13305639837428945
-1.5177324568908848,1,7.093940873512295
-1.6921871934831634,1,9.74210569193713
0.785155103512559,1,11.559363013474151
-0.6405001449277354,1,10.85291691595174
0.8990670861150458,0,-1.0270613216227718
-1.7385746368042305,1,7.577869113689719
-0.7388386486775587,1,11.007426835675485
0.15796516950134887,1,10.595076251382386
1.1628926593558542,1,9.784192010524192
-0.7249899882717203,1,9.159375075704355
0.5035655057480364,1,9.61191048393679
1.5439109929447485,0,1.2366424951740826
0.46345275272921826,1,11.578550985843531
-1.068162100985465,0,-2.5303837413323738
-1.902396873773848,0,-2.7865763119726545
1.4803954956037195,0,0.32989241270329583
-1.9149223565984514,0,-4.472192338532828
1.4988066907367976,0,-0.3262575825109091
0.11574853610884794,0,-0.548279047711264
1.7562707940515847,1,14.2193289575088
1.1951329430946616,1,11.118353980740489
1.9917364421333499,1,12.752261682822587
-0.5971527381931594,0,0.9106779110864224
1.0687531557245076,1,11.841686989749121
-0.39227634556303137,1,10.073864595577918
-0.08049751878436462,0,2.0344883522076933
0.5100218528734803,1,10.887898150888534
1.494708456745355,1,12.352356475692954
1.9363338767971805,0,2.826655648003997
1.0730936554580728,1,11.245248250606561
-0.32893287133066496,1,10.198996529992252
-0.3145719908917193,0,0.5042646824577603
0.950329206355566,0,-0.2554523015826691
-1.0448914169267907,0,-0.4423063334758609
-1.5581035474744214,0,-2.708155102390565
-0.5815113694368939,1,7.754547274003259
-0.8510440333836731,1,10.69010920707255
-0.8147675181760397,0,-1.7728291048973883
-1.0655689958003602,1,9.50224308109725
-1.8316272414545525,0,-2.739422844592077
-1.9285042610663448,0,-3.259614742328029
1.9508895589441262,0,3.429434563177982
-0.2889074650565506,1,10.25915427998495
-0.4626934113612733,0,0.42143916566878
0.7185891307722794,0,0.920493872232441
-1.1269844485397433,0,1.0177532760164174
1.7998447358009013,1,13.149439632577536
1.1453800576622082,1,10.815358303272317
-1.642355990750962,0,-3.121719635677815
-0.32967689686028656,0,0.41803055113823323
1.5164732302486588,1,12.41109306683628
1.7789280891656412,1,12.622481519482065
-0.1303939550005211,0,0.5435039871300971
0.4536455568428308,1,9.754162639373718
-1.331864215631699,1,9.489720799079857
1.9646745045479062,0,4.704370972026619
-1.0733131944662264,1,10.280398815530615
1.7709270965405026,1,12.894819859661062
0.5985865959694738,1,9.067270406734536
0.4309471795154365,0,-0.5718962733172066
0.05075404406603434,0,0.5952226944080282
-1.0773207531289652,0,1.8236322967327445
-1.293887871977967,0,-1.4237992611399233
-1.1180551637192986,1,9.757026731599863
-1.254246951422982,1,8.45739729320448
1.1183378942670132,1,9.725374176468234
-0.5994989633330796,1,9.215954470351695
-1.7686292937464145,0,-4.848652035290826
1.8764105205632453,1,14.656777389504382
1.5351435398537028,1,9.578779800314546
1.7110091327808519,0,2.2407060899250317
1.9796312905857412,1,12.70090027580489
-1.3044190031220508,0,-1.9941205102205966
-0.415031924389365,1,11.340777724337283
1.0329539028163652,1,10.752144677127573
0.7840824722151689,0,-0.7243749611198302
-1.3844163746405798,1,8.083790634600438
1.263332499962471,1,10.242663802974016
-1.1022377126533573,0,-0.7131153882878046
-1.1047295407095077,0,-0.5012293926128433
0.1478976915736543,0,1.8971923101060457
0.3717597393668126,1,8.10938881786481
0.3203448313512447,1,9.981624708434259
-1.6340526504089805,1,7.502867387258032
1.5098434505215215,1,12.667488660526075
-0.9375998296451757,1,9.942699188127147
-1.4819403148687833,0,-1.0369172519747727
1.5549923194759088,1,12.225072766103779
1.8226059929190135,0,2.0952595599563058
1.4485104690618025,0,2.730885212322014
1.2380642988995123,1,11.747359369277103
0.6209679225560869,0,1.0352527676168828
0.20342948243655723,1,11.268259488025965
-1.6520529603543594,1,8.163218388229208
-0.3661871477172052,0,1.4564408325464835
-0.5092459319507441,0,0.3116078366572003
-0.9609848649586952,1,9.33721053743791
0.8936804547543398,1,10.350271630332768
-0.01649705968491677,0,-0.023846012998079254
-1.6758151363694083,0,-2.8725343797498253
-1.1192671922007547,1,10.930802797549827
0.7330350546383837,1,10.493240037062188
-1.6954765620387993,0,-2.3422045511291674
1.4048276561950748,0,1.7745165635523787
-0.0194138919441027,1,12.979850858196972
-0.077653690693408,1,8.868041681808014
0.3696311386380704,1,9.18021231809054
1.2987238637005967,1,9.714697151616424
-0.6087631683912278,1,9.6545992003495
0.7120646102362542,0,0.4260396424432541
0.26292785598316426,1,9.543765722017762
-0.9318869193223147,0,-0.9443582631417475
1.514519945420632,1,11.879385577868
1.1897040864277124,0,0.3398432666460155
0.633807338633702,0,0.4374797523906353
1.4023269163769676,1,12.493086857724114
1.4691768038392095,1,12.262625196868589
0.8334519068601391,0,1.170488730682912
1.3480533134546882,1,12.310791827391627
0.7898858466771346,0,0.5292408109264712
0.7205630870412016,0,0.028421172961782676
0.4744455128607372,1,9.281145426352762
1.010866558230565,0,0.12529943841473523
-1.3655795788277052,1,8.203042888304848
1.5234830367957137,0,2.499674819990777
1.487374110980928,1,11.992027852204364
-1.8830108678617634,1,7.358433867793836
1.3032670022590507,0,-0.053534174996271
-1.4845205301062192,0,-0.20404458179208573
-0.6595245829634324,1,9.429582042277513
0.9740330251664311,1,9.362035566792997
-1.3569604158067672,0,-1.688531576101657
1.2718680964762488,1,13.512483723096313
1.3285367118309677,0,0.7847232879969952
0.029870935043344815,0,-0.32508314496009255
-1.9744565131326657,0,-4.040792835413816
-0.8518474673003489,0,-0.4576894310187044
0.4677076735029688,1,9.269679570397484
1.924744712109694,1,13.708458332098921
0.5272541080666735,1,11.148882410518711
-0.9607856757433608,1,9.870834308196214
0.5360228123984454,1,8.965839860384662
0.1599415188634219,1,9.657699850211356
1.1193815806045744,1,10.149773624349164
-1.5720774446921664,1,8.110301759965788
1.044111610008112,1,11.899580754719054
0.1650663147044411,0,-0.14663402430557868
1.8519680154359786,1,13.08777168199541
-0.6325113358452557,1,11.651120227171397
0.5304875725357925,1,10.95085011941052
1.7281124220400699,1,13.15447502648614
-1.589961088037283,1,9.948439671689997
1.7489139489458045,1,13.164512803328893
0.7515428892032534,0,-1.7742851493053675
-1.7286517635793124,1,8.249855247241895
-0.796145732212735,0,-1.8443261578707801
0.8326883545811263,1,10.740685887430251
-1.7305975941249132,1,5.694714189856249
0.3286818407050931,0,-0.4491013727816786
-0.6164677721881731,0,-0.48092342828739876
0.48366207106990844,1,9.28645218483605
-1.8170318647499486,0,-3.3484125581407507
1.486147224609505,0,2.67373904786663
1.8939558767095876,1,12.682922164387737
1.875511421142766,0,3.8437370001238107
0.9986073269716988,0,-0.46773574119307754
-1.4796550394774721,1,8.190737561746182
1.0330527837160903,0,0.8750752265288465
-1.901652334164794,0,-4.434983589469875
-1.911505793884011,1,5.196097639235181
-0.705559123401835,1,10.316259659933726
-0.045427238381337,1,11.12303352674411
1.0816296712311728,1,10.553646557904633
0.7331815064260208,1,9.73974983027805
-0.21638917449300665,0,0.15060925459919802
-0.9054933348733365,0,-0.3157353045740009
1.9884980006308446,0,4.17428667163059
-0.2952747910561082,0,-2.5411171917748057
-0.19445190268129808,1,8.927219445647058
-1.3455047152333233,1,7.936830504353577
1.1792381949997175,0,0.9707935495808564
0.7747289031259545,1,10.418375915208555
-1.1169215488449584,0,-0.060507004162953515
-1.6704758175366292,0,-2.073140829273116
0.7219972082988524,1,8.887446270717394
0.6180448571245409,0,1.5650448334690288
-0.9069618920071627,0,0.8988940041999491
1.8034542490016414,0,1.6746225966864643
-1.395768432876399,0,-1.026891463333546
-0.27066079582959235,1,9.394661679745044
1.7744636806703955,1,12.932509830828964
-0.3210907322955108,0,1.0367581714579281
0.5541037906563422,0,2.2151677897930884
-0.4096224081488229,1,10.716912327270803
-0.9031391906053199,1,9.926607299458231
1.935910591839313,0,3.2878331173512385
-0.3626639747398279,0,0.15828515261779352
1.5763968147165377,1,13.318466151903607
-1.0801815764356553,1,9.325117503694196
-1.1475811838996668,0,-1.6417619102408048
-1.8754636684619546,1,5.081965965623699
0.6066673015035402,0,0.6246883660310423
-0.5258946251049554,1,10.174566060924063
1.4574329993585482,1,10.901966521417231
-0.10716037323377137,1,11.025398845907512
1.872773711658887,0,2.8623953149332633
-1.2578979371875154,0,-1.1298345860816332
1.4744926718224431,0,1.5862042397947311
1.106387411166967,1,10.326207857815357
1.083687378576208,0,0.8721945551271447
1.3791329124675507,0,2.4630757796722835
1.0440959637719955,0,-0.5733784001419251
0.5048812865256616,1,10.552868549292846
-1.4750204892704497,0,-1.4324316342759267
-1.8698952820349923,0,-3.115288418836182
1.6833913912627474,0,3.257047367294597
0.46660125808295216,1,10.100090876222618
1.1861491639047053,1,11.314655449517435
-0.07391059394979971,1,10.715662751065528
-1.530767244150422,1,7.702150885663054
-1.4992568311897982,1,8.614190413078726
0.7422611489158855,0,-0.04631261850892285
-0.2787764204021492,1,9.856485485354998
-1.1979010931986531,0,-1.1815356829017196
-0.03362181303425249,0,0.47106140060583557
-1.7431642516994637,1,7.433236427913479
0.3278856076575951,0,0.4121693565753971
-0.9240263822596093,0,-0.4119956626705667
1.1902364025487526,0,-0.7610392582329816
-0.7585521643057049,1,9.813132432762597
-0.17911940367279522,0,0.06066454310827761
-1.9535178403675975,1,6.515057335927294
-1.7102124488217645,1,6.905233358139884
-0.4300257743732607,1,8.76476963438357
-0.08024466113150597,0,0.6243482889570046
0.4000821924772149,1,9.758413173714002
-0.8333496851627871,0,-0.11812483765676715
0.7799275445061702,0,-0.04425019662989055
1.4404895887568183,0,1.4884535089001352
1.1194039555733992,1,10.252057731617072
-1.8415246986065714,0,-4.090585036517799
-0.07797221096868423,0,0.47349463828101673
-1.5802792863273005,0,-2.576322088680243
-1.0318199365498901,0,-0.3853132954490013
1.9466503730685858,1,14.09882508700231
-1.430017828393947,1,7.95102909779095
-0.004447386194575742,1,8.796114321644048
0.4726229372724764,0,2.478871083399884
0.8098598821764158,0,-0.2621892490487815
0.2385947339476564,1,10.63020845314486
-1.9609166103232654,0,-1.8305887962547018
-0.6941547670240324,1,10.622668217861563
0.07084657353884571,0,-0.30026501095656755
-1.6485340034206666,1,7.692802558434785
-0.597492275163277,0,-0.9392587002573446
-1.8671875648345337,0,-2.373175042089517
-1.685686011379917,1,8.171300844936196
-0.41230689519361574,1,9.450528719091066
-1.4691369838277586,0,-2.6276406115843582
0.2701633930462326,1,8.688625640180497
0.757859876549063,1,11.204153017291649
1.2023467964363315,0,0.989452129136797
-1.1993990230207596,0,-0.6477180033955544
-1.330069670963721,0,-1.9994519969979316
-1.581728638662399,0,-3.4421392482365287
0.5457209981745468,1,11.043874544091091
0.8259029059476046,0,0.3237196692646038
-1.8736554206974319,0,-2.381578306011536
1.7448489849747593,0,2.270161478885359
-1.7921148653941104,1,6.885336282839326
0.16518534120428185,0,0.7155518164972074
0.8362420778036657,0,1.024740461957109
1.4838764949843424,0,2.431231624146635
0.8563477285297112,1,10.018792099991273
1.2069123322791673,0,1.4935640451182213
-0.6421992298287758,1,10.976671610204143
1.259300454986049,0,0.893751016547575
-1.6795406144612994,0,-2.8823600409173222
1.5792666242421105,1,13.31215867893736
0.19036950461494495,0,-0.6509961859390897
1.2691910798499748,1,11.65171218242505
-0.19072686192679944,1,9.938108679141237
0.5743107807860999,1,8.253147670905294
0.10561064374445284,1,11.129183037342866
0.9263580870213275,0,-2.360381486878009
-1.6734800718776417,0,-4.327448284325529
-1.7585916640377448,1,7.807980536889467
-1.0115870639594142,1,10.009488434822295
-1.3618212795472466,1,8.099632414325193
1.4871342663688067,0,1.7922716104633718
-1.1231440505678227,0,-3.239826513756649
1.9034610232765252,1,14.155251065486276
-0.6524168329155726,0,0.11087561708058588
-1.2715283372452029,0,-1.0735363875600035
1.1587940285699165,0,0.7988578791250659
0.6348311020035045,1,10.62117598502019
-0.007217134187444074,0,-0.028901711457388544
0.22145420375052494,1,8.131374771852498
0.8768071130890553,0,2.533372817587194
-1.086181034674805,1,10.560068470680376
1.9853356642269677,1,12.627712874908472
1.8991726485871325,0,3.079884612194094
0.6013027453877475,1,9.872670820889809
-1.2018301962834195,0,0.21089031015836324
0.7209129697251653,0,-1.9719341094861762
-1.7112063640832966,1,6.995591207987257
-1.8773899911767757,0,-5.069154421922299
-0.9692684459551453,0,-0.7404003155056507
-0.14950817304273478,0,-0.47417184829170683
1.473090021633522,0,1.6779924776119524
0.9086762790652321,1,9.770269231675618
0.9708260847999242,0,-0.2935200034108638
-0.2980266622076986,1,10.606421343879338
-0.6162600298121483,1,10.337652225648467
-0.5158449480615892,0,0.48276620143566207
1.9505982549442313,0,3.533950753138139
-1.83956323435007,1,6.315726961983791
1.4681259844897943,0,1.4633424183292765
0.31470163428957365,0,0.5167456416116871
-0.24553832324163816,0,-2.184181339327246
0.901030641660546,1,10.759865594535821
-0.0533242343011886,1,10.30906237429886
1.4936929523266422,0,1.7284539971578883
1.602807456045034,0,1.90948613674784
-0.31311629250617834,1,7.4185313696265
-0.8926888110597937,1,9.204457864663182
0.3694013143734489,1,11.814642469802255
1.6494533824667639,1,12.256732285642341
-1.1573512439773337,0,-1.0824037879075872
0.4918663342539311,1,10.076405419276684
0.5262408803700822,0,0.4276386711413315
0.9324520896611239,0,1.064188358360687
-1.4737292594909608,1,8.170739809894071
0.8632998587283542,0,0.7466225305303513
1.636130082662564,1,13.866546820876852
-1.2812675645190321,0,-0.04544345304960373
-1.0498267003044894,1,11.761774262929396
1.8855803761665584,1,12.695238467307847
-1.276092189162041,0,0.6371880529631979
1.4175403734783165,1,10.633543852254236
-0.03088857420786084,0,0.3535514112841042
-1.0110757023872918,1,10.215678289547345
1.4829996050900456,0,1.1199942988141962
-0.21877897998933804,1,10.082728432443597
0.059269415718760765,0,0.9105652051395516
-0.5630665224009372,0,-0.7995293038575159
0.3718034057397097,0,1.6950820968599856
-1.345904509659909,0,-2.6036220090714908
-0.43567385339295717,1,11.898343443926816
1.87764928934115,1,14.311215183546304
-0.9674662691954898,1,9.457504571979126
0.6269466581651688,0,-0.27945372239403243
-0.6992397431012205,0,-0.6779700806407898
1.0938925027464026,0,0.5186806858306916
-1.4765053571266007,1,8.342063046601265
1.8792841803141789,1,14.5737687017667
-0.184841834465443,0,1.9654964007676592
-1.0557981466141442,0,-0.3890743109156918
-1.7060130106799494,0,-3.3282871965495513
-1.320968379649837,1,8.30175714509383
0.07909579422407065,1,9.817156632754203
-0.6519872942748548,1,8.831302092427213
1.3155334635304379,0,-0.040591685480704465
-0.27644990535277625,1,12.086563432542526
-1.0051429096494804,1,9.794859419178795
0.4685799464161202,0,-0.7816907481978838
0.8271088675417833,1,11.099519913064416
-1.3318323683962006,0,-2.3595332409270693
-1.3295231348467293,0,-2.27106571132615
-1.8533142922658281,1,6.0140998507333885
0.9456080602625621,0,2.077282637104005
0.6552181104872203,1,9.887766030744155
-0.10147649700074446,1,7.557770537026579
1.3766817958767885,0,2.514645924700428
1.2226806118002127,1,10.607540529167517
0.3414174575870086,1,8.170490807376016
1.4730851220530345,0,1.281598974226927
-1.176635159852927,0,-0.29350431941942023
-1.5523215224090885,0,-1.4662670566138047
-0.9210015539320415,0,1.4077980214981798
-1.7716525756427406,0,-3.6331576469948477
0.12467811200412804,0,0.04768915792562118
1.746422769179846,0,1.9637188854767291
-1.8426258373259614,1,5.329701014224224
-1.5115603439598928,0,-0.8412902545229003
-0.1912038868662589,1,10.459774464738368
1.7355000701116197,1,12.897307273396482
-0.735375580092998,1,10.227953003579447
0.028939234753569743,0,-0.6854607346832705
-1.8337085637984316,1,5.911394220014438
-1.4066271961516446,1,8.646071038520649
1.9465204918353876,1,14.848838049562467
1.8604747857441821,0,4.827969617573912
-1.9802400762623615,0,-3.0871752568486657
1.8072471416929559,1,12.98053753257899
0.5564797512620014,0,0.35594639198884326
1.4716731780800885,0,1.6052848903896955
-0.1810405774645636,0,-1.0289102046839695
0.06238411431700097,1,10.024768770763606
-0.04461367897231927,1,8.665128783316492
0.6674570301844174,0,0.02459845597829252
-1.4413949809747484,1,10.138769957115818
-1.8801056405092882,1,7.499963127587754
-0.7682802336352363,0,-1.1498596235006233
0.8187230509465868,1,10.201969004137977
-1.1925861915082066,1,8.317538782134447
0.6937297332996692,1,10.104418744593096
1.8796481844290818,0,4.361578980115243
-1.6243971368423265,1,8.509887143313337
0.6904084729005051,0,2.648690464391173
-0.2249991227817154,0,1.1867821566210752
1.4725690175100214,0,1.8006035271327478
-1.2914008422104564,1,9.600304963310716
0.7705038089046581,1,10.026271681496004
1.3524611585924409,0,0.10942371870535372
1.778456877896093,0,4.11832509221219
0.7329921131585833,1,11.205901539230332
-0.011300943966290777,0,-0.24105493622328195
0.4713889608048554,1,10.32630883052837
1.475619937914873,0,2.8474866039576803
0.28243898655531874,0,0.8576167567145461
-1.8784517612126526,1,5.222764133698673
1.7237947820279111,0,2.804720926496266
0.7581070041262445,0,0.050220464608952936
0.706053543108986,0,1.2889886418943728
-1.1372993904091313,1,10.29552284543767
0.6355418809306288,1,11.446959795352265
-0.4245423773833661,0,-1.1561532975488638
0.6049319081659683,0,-0.673426352319102
-1.5736278787680371,1,9.165691379355508
0.6313812184121441,0,-0.4657982028059906
1.9976549030826662,1,12.46451292957194
-1.8071518445577759,0,-2.418299761818709
1.9086967368852692,0,2.9295902735614083
-0.37236815710851756,1,11.763974850072364
1.4830138013490366,0,1.9270028776448636
1.1295419362330938,1,10.880830789806659
0.2680650439466712,0,-0.35961246634023347
0.953796837005306,0,2.024683372149475
1.5140622452053916,1,12.09396085800508
-0.3834387133958681,0,-0.4366871039161108
-0.6918673537470452,1,9.040324610404992
0.6703735422543389,0,0.07716011037028694
1.2313837677650343,1,9.955930450378007
1.049140539106463,1,11.606269771318845
1.191254595434538,0,-0.9630947945372653
-0.257666740748268,1,9.851932447307794
1.2713368647000864,1,11.637562794524483
-1.5191637785175662,0,-1.410888164755768
0.17795639184339818,1,9.285534830970786
-1.9769653580075137,1,6.796880885496145
-0.7016566803989188,0,-1.0587599325720085
-0.5341538605144085,0,-0.09858713883402062
-0.41530923356297844,0,0.6160249383131848
0.7818688267594487,0,0.7018983602979817
-0.44576759491861706,1,9.280672028086451
-0.2052255095098774,0,1.1931727228651297
-1.0498234765026901,1,9.508173948144101
-0.5069928334826397,0,0.6778362526192746
-1.090921490947394,0,0.8799428828371083
-1.7072163049262254,1,8.629604887629865
0.4137943735255116,1,11.15555553925114
0.672851194220065,1,10.344989463021694
0.477961384038458,0,0.8485295632856305
-0.1460238247977106,0,0.21203974466591832
-0.48085687928308074,0,-1.2649171342275407
1.453334598287301,1,11.837596985405206
0.07632714054487222,0,0.25658331830203845
-0.08327248948107613,1,10.583440642997461
-1.8974317367742572,1,6.456391380092513
-0.6350086894953746,0,-0.8894847500684304
-0.47921752485657176,1,10.601480065991845
-0.40470887641239806,1,8.65358422609236
0.32068947690932914,1,11.475309267855259
0.13441018690751383,0,-0.23020392737740464
0.4316203711737785,0,0.285732777642209
1.059533046168513,0,1.1532794959360255
1.251942954864374,0,1.5718114272379755
0.8724923049059776,1,8.923104952280633
1.8220947838197388,1,13.848790707592656
-1.9270696692945535,0,-3.2750267346716475
-1.2168880572658156,1,8.463744631794777
-1.9697485000874315,1,5.429110431167802
0.589898856618412,0,-0.23141638502052342
1.5921221957999476,0,0.7191562443314694
-1.026070813694803,1,11.182132779453925
1.7081381791852266,1,13.978099487806094
-1.7589304388417566,1,7.730778790496141
1.7377441072220572,0,2.40038194888229
-0.5935092510414623,0,-0.30164076361257425
-1.594316686203134,0,-1.2681877971941025
-0.05651296325469746,1,11.757736656352282
-0.9728937291179682,1,8.969170500009806
-0.8605083921523087,0,-1.4361783863595246
-0.7708401402948537,1,11.318626279287292
1.2121035913306537,1,9.103269750720784
0.15664510670101794,1,8.993391046238665
-0.7547692033759854,1,9.538154949438729
0.44133513324367346,0,-1.5174525674177626
0.8646026968927742,1,11.435310671909196
-0.9095039970658649,0,0.48073554479493585
-0.34580359389859394,0,-0.5954688458028852
-1.5124556266522098,1,9.549726342097744
-1.2754026018612787,1,10.411974461401291
0.7244714158599312,1,10.076951962426955
-1.2742466092174922,1,8.51483189595148
0.10065353466824067,1,12.260111894968201
0.8361850468897307,1,11.013494385823801
-1.5724923076210247,0,-1.687851416665937
0.2692488785156142,1,11.373305539787722
-0.973748865194545,0,-0.15971730078836632
1.8517075009503192,0,2.6689658902512727
-0.0658174131203011,0,0.08001720221281007
1.2239701991006324,1,11.955471030461945
0.20090616862504707,1,8.011869050482808
-1.8263498685807233,1,6.666025099645998
0.5326055023760894,1,11.458599132822574
1.805613368826628,0,2.4314977365981427
0.40644728058532476,1,11.579680982226488
1.2767554377071608,1,12.455366178185065
1.5368258533936312,1,11.749334433110889
-1.08768091220427,1,8.788070370357367
-1.1518206403670934,1,8.948586209593106
0.4439239554039669,1,12.708356201161322
-0.35588612077318116,1,11.85188708090535
1.3594452114668814,0,1.3815803943073204
1.6000924935920446,1,11.440201644305592
-0.5863144827891276,0,0.016263932435334916
-1.0525177641020718,0,-0.3391593178865771
1.1221020609754473,1,9.463067928315573
-0.9007758578074556,0,-0.28540221089401974
1.2904572740547136,1,12.396890654098861
-0.3050469854049487,0,-1.813549550952458
0.6701995971658818,0,0.9770999039310947
-1.6178587446613273,0,-0.742547900758054
0.49543729870629205,0,-0.4997527918908993
-0.19292928505108353,1,11.690585179335256
0.3464338527018964,0,-0.6695481880520047
-1.3279431690205463,0,-0.7297867812640835
0.9474949797767285,0,0.11853257840446119
1.4511883101729142,0,1.2210668481605405
-1.1330407996368974,1,8.655412547845282
-1.617141777919353,0,-1.4159566821435916
-1.9054456558146544,1,7.38973263352251
0.567886001773064,1,10.027147859648368
0.42837614435512306,1,8.679336608628756
0.18678965085628008,1,10.406428746992143
-1.0722116155360983,0,-0.19431311438446308
-0.4363760163779413,0,-0.25826325069504025
0.3779053407446922,1,11.894216080321364
-0.01293256456332248,1,8.436069653605704
1.9511420808595492,1,11.496671749413839
-1.4542409897730675,1,7.731438421128804
0.7805782161903752,0,0.948228605454181
-0.3827249275828315,0,-1.0838750992461788
-0.28720154029754097,1,9.007184211474419
0.8703910626327049,1,11.280717028741726
0.7697446052974786,0,0.6905873628472874
1.9650239748087532,1,14.170853332018996
-1.486422842183499,0,-0.8606616847348205
-1.5835614024633347,0,-2.410715063625156
0.8973552685149646,1,9.982312010654313
0.3135476680256364,1,10.825192043698719
-0.9033573337607765,1,8.28651882299657
-1.6823225240440536,0,-4.523382083632633
-1.6573670016142779,0,-2.7095661913478852
1.5767634986564731,1,12.890934694793685
-1.2325307011250284,0,-0.680628671922052
-0.706513751537917,1,10.680959208149744
-1.093374391092048,1,7.330158882328443
-0.5800147766722508,1,10.217933351824707
-1.7223046290156265,0,-1.9006002263901127
0.07623916363308147,1,8.649424144030586
-1.7295497456311404,0,-1.7247800860387217
1.2014260312894463,0,0.7555649929468041
-1.065151672358268,0,2.467103806483727
0.16004765841804236,0,-2.1751862382683105
1.520316350245833,1,13.126114939279189
0.6035094761887767,0,-0.2842518729912299
0.1318311462053412,0,-1.6160061379599304
-0.7026649875384976,1,9.299578623864122
-0.6679923477672083,0,0.12844554719368032
0.6779478207927605,1,11.193263569413876
1.9765574448846701,0,5.582951176143381
0.6473567593975145,0,1.557537237791586
0.2311336694800996,1,9.04079188009349
0.9226020409569844,0,1.5228215957254716
-0.1391775508651274,1,10.389936995354859
-1.7594306295968591,0,-3.3778463540377563
0.24918726351163922,0,-0.20417404008896275
1.8305011380215208,0,2.3569189216760345
-1.2987882305693614,0,-1.0583386850182517
0.760019563282663,0,-0.5101529322297145
-1.196265245363774,1,8.116047915737774
0.14331073789232507,0,0.4805907834282135
-1.6132942014131215,0,-1.4707445258462624
-0.19851625496725944,0,-0.1915086342062123
1.0246533155809843,1,11.905550448230803
-0.6097139030440717,1,9.626238523638454
0.6596468979488721,1,9.84074286140649
1.1817998431589167,1,11.485769871483301
1.7087112779178106,0,2.3620316455895227
-1.0614316725781858,0,-0.5131264724057009
-0.40273633676276743,1,7.4469003057903285
-1.3903359466783303,1,8.672924025539759
1.9699340086335009,0,1.9951064165558392
1.7080038716971813,0,1.2704098271837427
0.15982852112223833,1,8.666718883510269
1.368133177505685,1,10.237844746232735
0.08383190908816873,0,-0.5485592831487646
0.49434275201103883,1,9.573909829271193
-1.6435022715359335,0,-1.5553565556352535
1.0210816819872317,0,0.7546816778317341
-1.4891460654590607,0,-3.5522068281665176
1.3042705210101135,0,1.1926560100808488
1.1281123506815436,0,1.0360942737560812
0.8349787909719057,1,9.96250274061352
-1.8553584779009515,0,-3.2542873191274917
-0.7874865762186856,1,9.94613608900952
-0.9475497203566285,0,0.33922061554315364
-0.5594543701139236,0,-1.662431573161161
-1.6494290129446458,1,7.511951422925844
1.7478312921242511,1,14.17807343729983
0.21520896284950508,1,11.42164499884621
-0.7779027573679058,1,10.615569729854924
-0.4120739317028663,0,0.5018385923830927
-0.21118983798065738,0,1.6499250938273902
0.4023773334424692,1,11.950421959379442
0.06271771078599109,1,9.871043362363505
1.6775678928576694,1,11.39110188688656
-0.012146068376678976,1,9.72970678643913
1.9686320592932507,1,16.911424280437483
1.405699830980383,0,-0.18053052210087484
-1.1659579425706568,1,8.736925478522553
1.722380858575665,1,11.142112776968572
-1.5345344084580956,1,8.318006233948534
1.2697988339647663,0,-0.17898614285517156
-0.47750682609367967,0,-0.16318984964252517
1.511897281780278,0,-0.22212251505212088
1.4722267604298014,0,2.2131108139331763
1.2237016004704846,1,12.138558549416018
1.1601217452282455,0,0.39675013429624106
-0.7812834436078369,0,-0.37357920602544437
-1.6763228677949913,0,-2.518689772647539
-0.3880792849393542,1,10.1516872317584
-1.3059019400539653,1,8.848300968057956
0.7798043556098468,0,1.005214452140267
-0.6156010938488579,0,1.116393589448883
1.9024408034396596,0,2.628662714340222
0.5638883093813281,1,9.780321297270127
1.2899222545374438,0,1.974769896283981
-1.4699013090326063,1,6.990389322432115
1.4480579290904902,0,-0.45252538832309863
1.6910287620535773,0,2.6441305073154124
-0.05175232472425639,1,10.49627710686425
0.42501175100390975,0,-0.6839141915779398
1.0592392036119818,1,10.015575619736719
-1.3006454909583498,0,-1.860329453939016
0.010264305853769695,1,9.13307530135854
-0.4053478889107476,1,10.660195090841952
-1.4145040313510036,1,7.404416364702765
-0.5298623108338743,0,-0.33990336117375014
-1.7273107624580257,0,-3.482140496267765
-1.896752372202052,0,-4.867233113444817
-1.459334843380709,1,9.316235977739447
1.8524604463566954,1,12.658635401042327
0.19811814358006785,0,0.19232822811844866
1.8632886446128798,0,1.726448404698373
-0.2700084866794721,0,-0.751781881804046
-0.7527354676589617,0,0.5428339014920733
0.024567451360976378,0,2.5872788698066835
-0.2419532454683595,0,-1.983298201985187
-1.5773412629530243,1,7.836675367601866
0.5633052587608249,1,10.501652586696931
-1.1358472699616016,1,8.651193725269652
0.47835181959131834,0,0.9042503294852785
0.6008043695926135,1,9.241702271489313
-1.3919005874854076,1,8.805522437657759
-1.7546014915573274,0,-3.2229531360821393
1.1230463442737593,1,11.92764268923421
-0.1607983049227193,0,-0.6784433111487941
-1.7673448179780968,0,-3.1120313750199964
1.9794652686790686,0,4.8237413456494656
-1.7688777560145335,0,-3.7953846849038664
0.7801409154342127,1,10.306154679423111
1.9347157010536544,0,1.798406859565486
-1.0432795831362975,0,-1.6557030507847084
-1.4310025252512153,0,-1.0830494762893152
-1.5144602423102844,1,7.2725271889910275
-0.7868994097296178,0,-0.7882011915252921
-1.5958167559574132,1,8.461108096900148
0.7686453667765276,1,9.647877734013878
-1.7508328074797492,0,-1.8606729570493274
0.03768851259915884,0,0.21568955431963402
1.9867874154119072,1,14.356930168294193
1.2558810780240752,0,2.2313768278347226
0.46087775292404354,0,0.36877019334092465
-0.7749855168535533,1,11.30611815113525
0.4955833451665539,0,0.9721206245277302
0.10816585564660652,0,-0.522819667565471
-0.2956664644385141,0,1.2802246922242453
-1.477158493039202,0,-1.347711836994478
1.546416860961867,1,11.454374881437545
-0.20086140471470992,1,10.274333788112985
-1.2215099527169397,1,10.20102752991142
-0.5289625964908415,1,10.381042849185233
-0.3434809898842919,0,1.8021310279971854
1.3101515822674972,0,2.2109662985446077
0.9344575222456082,0,0.9311492621307569
1.0772195745653592,0,-0.4010642019887457
-1.9558749422854111,1,6.079219726323249
-0.33538400728095397,1,10.05280173529743
-0.0746233934587055,0,0.6964237254059915
-1.9232308927077733,0,-2.9195065832707625
-0.9607471650198631,0,-0.2738612748017435
1.04115929248854,0,0.6846648488657547
-1.4515611770840038,0,-0.8087844701258207
0.1412405258103666,1,9.142822569953264
-1.13919251193105,1,10.956316821771484
-1.951516901424427,1,4.2367368561962175
-1.035194169601834,0,0.9007384871386841
1.9034950196402152,0,3.403274837485233
1.2061484475319584,1,11.879928623289452
1.8383065772841336,1,13.470000468742423
-0.048583824294550215,1,10.345977072573284
-1.561055205289986,1,8.652191948556297
0.19183795589477182,1,10.812584280257196
-0.1824906617601565,1,9.668130444609016
1.3774283309584638,0,2.3415025821453757
-1.6076696768630216,1,6.837936414223256
-0.04703545191288727,0,-0.005382602384667419
-1.399805341224063,0,-0.5354578584960623
-0.7012962924397601,1,10.822563039190744
0.9494283095511986,0,0.8887028879556196
-0.09592748252493388,0,-0.39383380423123454
-0.4964468594169227,0,0.835530759910214
-0.42209488571985876,0,-0.7069673152610723
-0.16221292637605345,0,1.7492749166673176
1.1400661753482275,0,0.6562301122127077
1.5683387557609376,0,0.38918510128430084
1.821338746015713,0,1.8262571194544404
1.1476135450211804,1,10.799356824183429
-0.7383724170079491,0,-0.06145277026782062
0.7525388243461686,0,2.182743577508029
-0.2495875037784323,1,8.953726770134216
-0.9813175118157953,1,9.566965638957647
1.3634863177036904,1,10.20800384894084
-1.8462946041507,0,-3.639482852469154
1.607047968541694,1,13.759155621584702
-0.15409014150106337,1,8.861834436272895
0.5488059072331217,1,10.669689279956026
0.6374156888231308,1,10.522397961115137
1.5804709628261455,1,11.949748666772988
0.5466787286688293,1,10.601126178452692
0.45573433904024707,1,8.887306213605155
-1.7333918377572402,0,-0.9477930128846637
0.07363208778081631,1,11.925045100092545
-1.3993239967318334,1,8.677091187863304
0.9497350748859423,0,2.851435088245177
0.04888768325069792,1,9.601030489367805
0.7209111168334132,0,0.5877653752287118
-1.833308397590463,0,-1.6490037387502852
-1.6608319358167871,1,7.250407092612248
0.865293552250729,0,-1.0576121698582188
-1.7116626560053065,0,-4.119122317304777
-1.7149730889389656,0,-0.461155148232113
-1.9515660990604502,0,-4.245401964124211
1.8260055931979204,0,2.858485198565572
0.9500334378360278,0,-0.6840313102572364
-0.5869943659917434,0,0.847211189758126
-0.8138576748493791,1,8.948905000156985
-0.6011870810166018,1,9.400094679508113
1.0986141247247274,0,0.9625082235336095
0.6454824442816576,1,9.070423423822016
-1.2592177285301283,0,-1.1769085245794713
-1.3035626586636626,0,0.29465347673462716
-1.6064174011464107,0,-1.6444873943193272
0.6412108788053525,1,10.262359664832461
1.0574906488869438,1,10.80615345317781
-0.9398142866999839,0,-0.8041810001956159
-1.9162201558763488,0,-1.5219317743754024
-1.6713133300942906,0,-3.146387071830679
1.8714401393801219,1,13.488087516128902
-0.818220890090319,1,9.841132086177911
1.0768925913525345,0,1.6331974126623523
0.4986542754170551,1,11.16517064908749
-0.4722414413884164,0,-0.08467655368363591
-1.1772509512177796,1,9.47487879042075
-1.5144543273623743,1,8.591779802058248
0.4600518721554665,0,-2.223457189491795
1.098535122551152,1,9.073855184059651
0.5756170141645227,1,9.490297325717037
0.12120853299663326,0,-0.5607083082822183
-1.832195106273455,0,-4.274565941110753
1.8739551103775351,1,14.039973918856294
1.1948567666182983,0,0.8550565840157208
-0.828711853196141,0,-0.4992590056744687
1.9198813174354026,0,2.282132498948967
0.4075263585452884,1,9.989295662619181
0.3296906328289859,1,7.391233256234681
0.9922927177181284,1,10.325571640156848
1.2470791523605502,1,11.032916415976407
0.6259144293260106,0,0.36452187955670234
-1.4876170145352,1,6.789846750617271
-0.6469299760220064,1,10.089440689434044
1.712334561304199,0,1.4689279522644343
-1.1015375526245923,0,-1.4807643928357295
-0.5113319046499467,0,0.6510848849550612
-0.271692468223216,1,12.004085989433824
-0.24238004122219126,1,10.044239077245457
0.45175832997810206,1,9.229003223722662
1.7723033509788304,1,12.972125291947812
-1.0372291526699802,0,0.3810806137960068
-1.5139944947963277,1,8.885824122312664
-1.2101180405602507,1,11.857073112397092
1.547699600837078,0,1.1383221648547033
0.583243250620824,1,10.351433192486807
-0.8563728430433595,0,1.2348969736206357
1.263787755874469,1,12.495394542038365
1.4454799854537441,1,9.560023967833224
1.3860573547611121,1,11.328057882199142
1.6757061345582178,1,13.837204679477459
-0.9910359193065537,0,2.4039689394784878
1.0201677149851132,1,11.234661662795268
-0.15784201090343997,0,-0.3698295395504536
1.3679942115602461,1,10.270834614693747
0.9139627086464528,1,12.600472601866016
1.1057897859988985,1,11.404805455771426
0.624647350724286,0,-0.726203128253417
-1.2902849221211725,1,8.7227877682174
0.1801076755877533,1,10.313107752993282
1.9386789580980328,1,14.187045921173508
1.7495522659884757,0,1.7780125905164734
-1.8273050568119533,0,-3.664916201638581
-1.3407407370822515,0,-2.8579827667032784
-1.4730849061817524,1,9.441480530068818
0.903919639941182,1,10.02766466669738
1.2711413194277803,1,11.493276882556358
-1.1459545347573123,0,0.6698180023690474
0.02341077180731599,0,0.2198765576773352
1.3628121120448,1,11.152575591094351
0.9312061790650024,1,10.597666843712103
0.16894882196739314,1,10.06560481647044
0.36139076183509156,1,11.269764407801684
0.03344218766511986,0,0.3108570980743028
-0.8098061947247177,1,9.190069168250407
0.26008797143606444,1,11.056645980211908
0.7555412082003627,0,1.4461318789606343
1.4932916634432307,0,0.32662984036045684
0.5451654159169923,0,1.6137969186332684
1.044486148172632,0,0.9344535409664739
-1.359713460181708,1,9.026336758735892
-0.15377010232084043,0,1.0048066657735988
-1.9626735206916268,0,-4.347171310468381
-1.013284541913508,0,0.43397181051819056
0.9058468604520193,1,9.994874716450228
1.9672398053974538,0,2.3316902641080084
-1.6032876016511364,1,6.94159337280689
-0.394022736554847,0,0.5364350462999605
1.200283874796638,0,-0.08085502536966183
-1.1838574614844046,0,0.7804770628176773
0.22033979720914498,0,1.194632160839151
0.9322851841186992,0,1.738589640398758
0.46394180104071614,0,0.17470845903004112
-1.2479010615383355,1,9.28621024854547
-0.5784617252570423,1,8.70950630233943
1.1351671379415889,0,1.7271742121315232
0.2169060565280665,0,0.3849359788531059
-1.979081545828349,1,6.691508181914001
1.0439630401123754,1,12.257197979723948
-1.8587545802390437,0,-3.8169323291604997
0.9829351309249286,1,10.348695476416715
-1.1900777593390504,1,9.48392623824886
1.8322939204775208,1,12.14034571039276
-0.5282369947916621,0,-0.2612969473013862
-0.6922735346476836,0,0.3270663099490345
-1.4044477986702213,0,-1.7105393875758115
-0.7775831380391405,1,11.073912210783872
1.5066030473128023,1,10.198958967337001
1.9853373505089893,0,5.035438746971939
-0.5267618779726067,1,10.588103038588565
-0.20555747618182973,1,9.426828612387215
0.8882837528109482,1,9.426040702393117
1.544783121860298,1,9.762917763946541
0.3721773367471366,1,9.230601239989742
-0.43389720728868264,0,1.0063324385607508
-0.349512636605505,1,9.922566202103328
0.7824725859872275,1,11.4025205229294
-1.9871269455828853,0,-4.543128824079424
0.47835734983936273,0,0.7618364007705416
-0.5780279582345704,1,9.185937110639609
1.176789325108337,0,-0.15074659241021005
-1.6280374407074714,1,7.73531135502804
0.352809067793562,0,-0.6430086913274654
-0.07610844045550502,0,-1.5430425779065204
0.5693021036209096,0,-0.09005790425155218
-1.7405856220681266,0,-2.5302370228371913
0.3199351497125251,1,11.284732652510444
0.24593835183809487,1,10.944243550485078
0.24264037766468372,0,1.2270858468407972
0.41395066638581923,0,0.7558237885286374
0.7058717489054489,0,0.50846479692387
1.219955998723079,0,-0.3211191401797032
-0.9207171194871426,1,9.75961703317071
1.3001976407202482,0,1.6957948727311198
-0.006977270946185499,0,1.457437779535603
-1.6917668834626753,0,-1.7346934687714313
-1.7657962830240832,0,-1.5125252080140437
-0.6630467252157568,0,-1.1777458254710755
1.1395879084458702,0,0.4135513329325515
0.830723738963663,1,10.715992741637537
1.1544598586896258,1,11.93027179060785
0.06907622576643746,1,9.854936153628985
-0.23920400817803777,0,-0.08928941330063755
-1.4101898931748642,0,-0.7150365601975351
-0.6872289855627538,1,8.711845656184634
-0.26392253530449894,1,11.59821277391648
-1.645598281281531,1,6.892729014909794
-1.117552189155155,0,-2.616457681527199
0.39290117625495524,0,0.04039334793633557
0.9426524569567594,1,12.11727619825112
1.9933900455717986,1,14.546924333857625
1.7324533253742307,1,13.35097850545547
0.5702607981407661,1,10.134109420443284
-0.315007786823712,1,9.831993406228797
0.5447094588329309,1,8.535900564917982
1.142606472320928,1,8.486478425315536
-1.5266552363064507,1,8.417202817961526
-0.360380441214847,1,11.289147158383349
1.3592091425424688,0,1.5996688255798248
-0.46466819226782397,0,0.5734347554683946
0.28748908490874614,1,11.59559802832765
0.3510774434487929,0,0.3504029417644697
-1.2620949874654426,1,8.872159596786766
-0.5510582333908465,0,-0.9021934035264727
-0.6619548450322714,0,1.8771834802879495
-1.8952131658717408,1,7.122903236524669
-1.903232944434579,0,-4.390637914927524
1.3267881747030938,0,-0.0033507009547244504
-0.9077167601087504,0,0.8791072433145963
0.07231506495526174,1,8.962747388273124
-0.8050977056449078,0,1.592909109923673
1.762716980461362,1,9.982068879387977
-0.962812964536905,0,0.9763271500969295
-0.2813727490442597,1,10.475756583116153
1.4909210019384074,0,1.7756378938792943
1.3677342671672346,0,1.103849777647418
-1.2555943286148907,0,0.90099687240017
1.2105732391828417,0,1.594098874141522
-0.1672524530484294,1,9.094457082636902
-0.06812451165857913,0,-1.7190680372240321
-1.4660801103362249,0,-1.3982924033800357
-1.6775939449715014,1,7.638284559461668
0.9117572278950608,0,-1.140895579117552
-0.014155390578800997,0,-0.05539494367611279
-0.2525971895392818,1,9.418006842124395
0.9180329146095869,1,10.39614199269569
1.062051595964439,0,1.3248960681876403
-1.3643673293225858,0,0.22272627726774252
0.44090059791056513,1,10.951743105678295
-1.4585836708892579,0,-2.272984570824997
1.0055003441161827,1,10.877211108884678
0.6278206250685581,0,0.18683761389389036
1.8264584843338318,1,11.71435867914269
-1.7241679345743153,0,-2.164531696907548
-1.7717811153949827,1,9.075677327813327
-0.8712517012271994,0,-0.2982480603983827
-0.9531772650563761,1,7.9728141962734
-1.0120848037120007,0,-0.4880784806278752
1.6250183220841468,0,0.9318681869751935
-1.0018152006019756,1,10.360877760562985
-0.912201095485476,1,10.145338782454765
1.0375930496718548,1,10.387625941060065
-0.20104063019784002,0,-0.33522702910450924
1.1068422278207248,1,10.465761748576774
-1.738535369742459,0,-2.6190916310552383
-0.049715225306462774,1,9.22770354049286
-1.8655455992668695,1,5.365954698146575
-1.749387186178582,0,-1.5381744254926912
1.6257498133776438,1,11.763078170550829
-1.4430185155296193,1,8.664642619012545
0.12968272910086842,0,0.2863724279630935
-0.3556175895971738,1,10.299534091339453
-0.6106266949646293,0,-1.2876586463791178
1.5993333827490899,1,10.369601091565084
-1.912706412898042,0,-4.0874589171255735
0.6551587447023564,0,0.5363194028467287
1.8535777368542017,0,2.4562653825565897
0.24067273384736776,1,9.652048933582906
1.7472898481323673,1,14.79455442407796
-1.790968482855905,1,5.28224942244333
-0.3248267237033544,0,-0.7721706195816765
-0.9593688361517954,0,1.4551080159537673
0.9232838599229192,1,10.348929415824726
1.9251883619889867,1,12.861725997796778
-0.9738797502230088,0,0.706934801002072
0.6166984058962979,0,0.17250085681333618
-1.2076094689610395,1,8.771150704458572
0.2613210182864396,0,0.20129156002923565
-0.1442700532466552,1,9.340389783118592
1.8880213185261483,1,12.347552460635718
0.43410909078586624,1,9.927307153969414
-0.6019745116527249,1,8.87993329095587
-1.5436168604482665,0,-1.8283355498991378
-1.3950126850602618,1,8.997017101471037
-1.0987322801950596,1,10.189858716778982
-0.996133354638808,0,0.6337025560440952
1.4024642313645512,1,10.973521098177532
0.24489115313009968,0,0.506757874492384
0.09356364549746576,1,10.492932981569378
-1.5409245125231301,0,-1.5016041198399668
1.4405587733977399,1,11.015271272324958
0.8912572128339349,0,-0.6740874439621191
-1.7293265523999937,0,-2.0838344457123203
0.8313403889190747,1,8.58041826672043
0.17415286937058427,1,9.734801527942393
-1.673098617012887,0,-4.8953491815806505
-0.16679743388537416,0,-1.3387226910833254
-0.061214851479812094,0,-0.877248632369664
-1.336901839346897,1,9.901997515216495
1.7827925880011293,1,13.521276911149977
1.3999014859226477,1,10.817775705150414
0.6760893493164333,1,10.883888936965013
-0.1508177559975712,1,10.885907713378955
-0.35293783366196596,0,-0.18264671919311135
0.6038938686038167,0,-1.2742617796563638
0.18172747762762187,1,9.795088453652458
-1.7509075764724575,1,7.218248752834213
0.05001059508132677,1,8.76760814890975
1.225614468931358,1,11.287563430494822
-0.16304048961216777,1,10.277644866748728
-1.7921736897829263,1,7.566913429178986
1.1451127975361324,0,1.0297067521051135
-1.1945448714561024,0,-0.12242737123154956
-0.9655166604478449,1,9.370633832476912
-1.3411745862708164,1,8.995566702796532
-0.6791397405140098,0,-0.5543603627950444
1.0270060227545401,0,-0.042886345505260715
0.07754343801574937,0,1.3384827645183375
-1.1804749033971498,0,-2.8662769840091658
1.5113203126081634,1,12.60275510587737
1.5183274198061167,0,1.1295730066507468
1.4823137001840276,1,10.878471605997342
-1.0448151544738429,0,-0.30870284808601645
-0.1950426232760476,1,8.506680518492454
1.9399586245635003,0,2.834435352146253
1.0880499052399615,1,9.79490570609418
-1.8913303150977607,1,6.395834195588718
-1.7391816349580318,1,6.565565087142241
-0.14427449275066895,0,1.5996171395316163
1.6368808234462406,0,3.9899284294212625
0.1548071918108569,0,-2.0201385249335764
-0.008749967862839103,0,0.5443223698084896
-1.5781052001734777,1,8.893594200978061
0.6271204188971762,1,10.666302167770839
1.288412642400902,1,10.411273597865007
-0.4783199699697507,1,9.701187026390206
1.10244740370131,0,-0.0783227265850599
1.8579066156032464,0,2.7863127817662514
-1.1849341634892436,0,-2.041829674960036
0.09331852477896518,1,9.885617503416224
-0.8514481676616978,1,8.188563661556314
1.1714176761353574,0,0.6035864596978967
0.31037346352463,0,-1.2336322894507676
0.538329670201215,1,10.284820017108629
1.1916566384635763,1,10.166683788767829
-0.41611810935018045,1,10.254554031871468
1.6603602736281728,0,3.3702182065976
0.13211546898455984,0,1.5905999406428095
-1.368180708658608,1,6.1914340541861375
0.7835964726752098,1,9.406379203849482
1.1730454017530176,0,0.5039899893978657
-0.7329532917298933,1,10.263449041242403
1.4287170279950119,1,9.807817201316894
1.6245730190630656,0,1.1617246052432302
-0.8923820504887643,0,-0.22496511239883746
1.9340858908608882,0,3.7022944085236595
-1.4371538878049663,0,-1.106538531447209
-1.1919373263900401,1,9.596974351879222
-1.2631006430478955,0,-0.6689956235791841
1.5759588400314817,1,12.150717460423461
0.6171702092998474,1,10.17327955185391
-1.3915828671109085,0,-0.6826390224774146
-0.23870632652660406,0,-2.2461234945863637
0.4611921002792081,1,11.593380841008026
-1.6661436600424668,1,5.482881644804069
1.529665473629355,1,10.71045230073384
1.2144141417661407,0,0.6687492284288334
0.02082709430655294,0,0.6726174081518773
1.8685064610366817,1,10.266506729930825
-0.3289560828996012,1,9.954077161052684
1.9364412761459913,0,4.423033450975572
0.6716799952145083,1,11.146033679672803
0.5386850930157658,0,-0.6191713994749815
-1.33618041881686,1,8.506371076573123
1.527711033218576,1,11.166615025954734
-0.2900412483175394,0,-0.4048743577414965
-1.3510663768700826,1,7.735068438148407
-1.9495699200969638,0,-4.594237135217714
0.2390227345535303,0,0.44120482964431645
0.1095984884907053,0,0.13227361240638014
0.8774144894766343,0,0.8293279939459977
1.5610322120712086,0,2.115992870375986
-1.682373661427882,1,8.323459263082785
0.9259859613614494,1,11.275207329735297
-1.2503522236096711,0,-2.719104876588378
1.4327082126286559,1,10.616116627845274
1.2762540554466244,1,10.808020924526996
0.16317501994217753,1,9.979494830662125
0.8409711944932461,1,9.62729052734726
-0.7425995472650064,0,0.7072688930943782
-0.11532840426874147,0,1.979181397449193
1.2865475908418866,1,11.25091176740146
-0.1629392113071444,0,0.08217808043700195
-0.5688069386982328,0,0.7574399773758905
-0.023150210998800436,0,-1.8658459586759937
1.3129970097488735,0,1.1602468563056543
-0.6591678105165091,0,0.8358308927502487
-1.3049536274570248,0,-1.7542593535104944
0.848056081323123,0,-0.9215999874456167
1.3039128508323272,1,10.922643351997019
-1.5974500859058667,1,7.901090640260871
-1.040503548976221,0,-1.4719016353943712
-1.4321120409560244,0,0.6275698342759162
-0.6082343536713335,0,-0.5912042352762596
-0.1985960843783494,0,-1.1575757063994474
0.9953053478532259,0,0.3993697106128957
0.6045903395266965,0,1.0183584335062008
0.4837142699137247,1,10.074003859277791
-0.5905002135613824,1,10.382643012031304
1.3657902123390397,0,0.4023502620234417
-0.11485133040734175,0,1.4869309543254943
1.916419752060618,1,14.080894582311599
0.5365685531829474,1,11.124942171447563
-1.494941033741989,1,8.69467712376927
0.704710248301736,1,10.999869418243396
-0.6995839382732041,0,-1.0442469360347493
0.7453087867443897,0,-0.28440642107784303
-1.721435407350377,1,8.79588151460205
-1.3004742512961625,0,0.4600392816119898
1.4229490356231453,1,10.293516590457948
-1.0912817719059404,1,9.59993457080308
1.3481645009717602,1,10.794232723294154
-0.8828956461823583,0,-1.0411421320021417
0.5715276402348306,1,10.378182687906817
0.776602294039324,0,1.3751516732482274
0.05061901258021173,0,0.45172732343820826
-0.7787572932130749,0,-0.5556561616003037
-1.1494224945156155,1,9.755568731226901
-1.8672425817502951,1,6.384864633306096
-0.7842143950371048,0,0.17097142587667177
0.612651162125132,0,1.5114423871373968
1.7532192737939307,1,10.617343601146745
1.484817929052208,1,12.434029673769496
1.0642591061412103,1,9.063660257126333
1.1537893730131947,1,11.99630717634086
0.659939613903981,0,-0.4933170625380938
-0.958852569735988,1,8.341544934847294
1.6287801228233194,0,2.8557847270803114
0.6829292476233362,1,10.52342655396262
0.2417625239217598,1,9.007878500179421
-1.5560421231460757,0,-3.1367965481078817
-0.2117778247742983,0,-0.19223058901784507
-0.15856691519229482,1,8.793919588861309
1.45825443809068,0,0.48902043766833114
0.18659288075115388,0,0.11886908354995121
-0.4783978041183614,1,8.979384238435259
1.9072013140426374,0,3.8951823902268536
-1.5571176266947373,1,9.602437982472958
-0.30980628675222155,0,-0.163423008581323
-1.8319012993143788,1,7.056346743630376
0.9596164830677214,0,2.4599347708028416
1.6723062087966025,0,1.1507913904153493
-0.8798506817980423,1,10.85067261377518
1.4333667071964835,1,12.543312299280663
-0.8311270781524089,0,0.5672575907191986
1.6430806465756609,0,3.509671772238713
1.0158476143871358,1,10.804725097901436
1.2196271073657545,1,10.324162238739108
-1.927973777598182,1,7.511354123470714
1.8512414282961038,1,14.305032171859823
0.906683968281293,1,11.477995384092825
-0.7809956184554667,0,-0.19368367934632624
1.3175786594353878,0,0.42747267211143325
-0.8739152063402802,1,9.857645590448291
1.4910153582645118,0,2.599588117594419
-1.549678438352252,0,-0.8364271227447393
0.814743909843183,0,-0.1592595116354092
0.16279390657964132,0,0.3175300664638997
-1.6138621192182367,0,-3.4104713541830876
-1.032424686964644,0,0.4347189870570436
-1.9503838548907408,1,5.5070638999307056
-0.12492813814197667,0,0.7842804803657568
-0.7949389569599985,0,-1.400476648242569
0.39342993719103525,0,1.0618648489942812
-0.8110487691655313,1,10.055081206872867
-0.8003235539720612,0,-1.0376684330716686
0.9727727949264136,1,11.151617462469016
-1.8074286560865862,1,6.45738583532454
1.611579980767949,0,2.8423447702993463
1.4090554975647258,0,1.1246842630200957
0.6712187329056261,0,-1.569843498186117
0.3728862804295372,1,9.043507592718681
1.569209992558609,1,11.501612326835952
-1.2586792818851422,1,10.371142886299081
-1.6841233512366856,0,-1.4871718694231293
-1.0419593203618476,1,11.058244618465631
1.178313114800761,0,2.4716330218822087
-1.8613189330940667,0,-3.759028130577236
0.3312273403339585,1,9.829682872859461
1.9817500647652397,1,13.480216605506163
1.4227843753501577,0,0.7685715405254608
0.08578275617435782,0,-1.841179085356447
-1.7454363628534306,0,-2.673525632659861
1.3254940575428393,0,-0.1211624763557908
0.3959140327088422,0,-0.003142530714857525
-1.5402680117617327,1,10.288685218584169
-1.6245708607065752,1,7.346846436237557
1.6385072777463696,1,12.394229246725493
0.6768010517523138,1,11.061656016872128
1.3171471972670221,1,11.42283530933145
1.5159156011290693,1,12.03427129682282
0.2870894081932889,1,9.649428567948828
0.06978540702016511,0,-0.23170804748931007
-0.27829035871603924,1,9.029213306518905
-0.7322136488355229,1,10.649761657504946
-0.2616161565651529,1,8.24955544433433
1.0955186229206255,1,11.628487730505842
0.4076937240605263,0,-1.3698161472279602
1.5700931598193844,1,12.897898238973717
-0.2264799424832491,0,-0.35962596266775176
0.4283583148750161,1,8.80743122664411
0.5252302123679549,0,0.651745427747329
0.3667886492253021,0,0.9534402912246815
0.8105350923420653,0,-0.1718311890150538
-1.0502661265007749,1,10.141357830422134
0.04945511018316262,0,-2.285024015819185
-1.5831007887666093,1,6.695613694439471
-0.4619546894207498,0,1.2431178719529292
-0.04933172551494236,1,9.776270698486316
0.6088970381818899,1,8.25066266786165
1.802124210344814,0,2.227469669754198
0.4026042661934235,0,-0.8907713704858852
0.9743756647062392,1,10.29657826287199
0.025064237980811033,1,9.629256889070335
0.5364161255053252,1,10.256106522984945
-1.7162711354649063,0,-2.5971786898590343
-0.982433676632612,0,0.8856285867835401
-0.5525876271794452,1,10.340181431176964
-0.11002657997394572,0,0.45700562865047784
-1.817405017990465,0,-1.8362518233890368
-1.4399036097867293,0,-1.881460958378495
-0.8927427688347769,1,8.382369182621375
1.8861307636042026,1,14.56191528943242
-0.674611971587797,0,-0.017666648642834848
-0.07183576755166987,0,0.13916585805965342
-1.2156091490464283,0,-1.531486146981365
0.44312028430307304,0,-0.5733507614772223
-0.8772671379361028,0,0.5091509830832253
-1.172029686246293,1,10.179674407758927
0.06629051378391626,0,0.7839690603314097
-1.9779768033583167,0,-3.076348937416855
-1.9693438694030987,1,6.750161331102015
-1.123724763592569,0,-0.5779731190272712
-1.8531145499967154,1,6.64279156085699
-1.5678969834772345,0,-0.7168574726753727
-0.6445574026449936,0,-0.5076129251260731
1.2103427183192514,1,11.256512587920058
0.28819457347720334,1,9.207955162458195
0.050670903825665636,0,-0.6592339870517175
-0.8260447071675134,1,9.482019687725167
1.7270148777312655,1,11.771541975243668
-0.4119398350512333,0,0.762899878199955
-1.651628932816914,1,6.399244524683023
0.4682660644712051,1,10.150568700842394
-1.5446464260935944,0,-1.7102030207259316
-0.6191074287932317,1,8.070550337678165
0.0296477548712355,1,9.558989209507063
1.4968900987407032,1,11.93272536710248
-0.025813678639525328,0,0.42871939287325145
0.809035064126657,0,0.06046478059886337
1.9712673559962814,1,14.506957174622535
-1.4740435204080735,0,-1.7107203070429706
-0.9010738979219219,0,-0.3521534314159265
-0.4216956976094144,0,0.2141593734652653
-0.31268728584467453,0,0.9117133887766115
-0.35591569893781694,1,9.301739011758931
1.6304440102262197,0,1.680321645700257
0.8561305778674257,1,9.64485805682124
0.431620856362815,0,-0.2919929749724696
-0.7625091285488717,1,11.204565164078904
1.2951615368851788,0,1.659005409612146
1.8202420459399558,1,11.884397044235941
1.2847931302009061,1,10.459952796518467
-1.9937395792341084,0,-3.589787707050823
0.5456054807336281,1,9.174701595751731
-1.795458474231597,0,-3.619323867476822
-0.9695711186651126,1,10.88922820025405
-1.7619011986089133,1,6.651893096446126
0.415181811797551,1,10.990450492914707
0.7463596539704271,1,11.463204032081455
-1.5420494477363795,0,-2.566894503395659
-0.46464446782008206,0,-0.9401196447824509
-0.17505396417783192,0,-0.2788142537250975
-0.5237879129563336,1,8.8395206829943
-1.5158999980592278,1,8.379300552852948
-0.32420883925009836,0,-0.22269092971794063
1.0047121912336725,1,10.867681662172648
-1.7159693418669781,0,-1.1294359777034941
-1.6792799436723862,0,-1.550283895146837
-0.5809148326560631,1,10.39122142235194
1.7669028464757002,0,0.7920389314788332
0.6742905868916562,1,10.596665089460425
0.7146798266902592,0,1.9051451872307221
-0.5523200366485401,1,6.905232820193037
0.3746431648341537,0,0.7156745321589877
-1.9594752638890265,0,-3.9211036448414274
0.5443841856381688,1,9.230870250987396
1.653147790304947,1,13.060070411909768
0.45029387337927673,0,1.7553577229530306
1.4947943738653802,0,2.445222641823739
0.8958922218643752,1,9.988339843332326
-1.517766334385239,0,-2.691644202799008
1.6098132291433669,1,12.230542024923365
-1.7342246225769005,1,8.265298631220434
0.1358698901910551,0,-0.3857989045479415
-1.4314515048261693,0,-1.756943285736539
-1.9531735570763837,1,9.096432098649078
-0.311862959489444,0,1.0634862832791145
-0.819837169383375,1,10.874608876743732
-0.05599802480958793,0,-1.460373704767844
0.3087995469382032,1,9.307534444638414
-1.8250437107642106,0,-2.964732054522228
-1.5079868195050175,1,7.284263145655597
0.2345695858017014,0,1.606850647216149
-0.6273305873093671,0,1.2868713170997297
0.916693950197792,1,9.851616367071665
0.6091665943677587,0,1.8969445764913495
1.3824174519596273,0,1.3167017008449458
0.7699713066769012,0,2.8176306999330585
-0.2802756904394075,0,0.13367767739669345
0.6918664895777296,1,10.741783812827341
-0.8984753029783259,1,11.037252811476764
-0.7747460048871493,0,1.0451199210410222
1.1559406396831733,1,11.283015292253273
-0.2143219343936713,1,9.85393736030924
1.19352136207341,1,11.364214257057453
1.2896894946731137,0,0.2563854467974439
1.430249350645135,1,11.615002197940195
1.6665409433648293,1,11.20498347474071
-0.27605911794681504,0,-1.7914006845803812
-0.7245327267154447,0,-0.13974411997870279
0.32879498637645543,0,1.2800502695900189
-0.5153103062494897,1,10.857385678234587
0.4042966672009318,0,-0.04886997912682684
0.8223434505752985,1,12.025044063726115
0.7536200739685475,0,-0.3550546866627139
-0.5017884519195146,1,8.018994266951722
-1.3325591932049887,1,6.63477669593553
-0.27788264615116987,1,8.808080182024478
-1.429623423672365,1,9.355676030505629
1.5603881407352334,1,11.264822538030305
-0.6164901570485704,0,0.343806982254254
-1.3821610111067049,1,10.3260645673748
-1.8982089603769965,0,-4.519907622441927
0.583289545145937,1,10.577725068438111
0.547609269818973,0,0.6210704873662722
-0.6375833336748333,1,9.009669211708998
-1.713152444609396,1,8.840252823925736
-0.3614844204190719,0,-0.3113248184065568
-0.7551300197464257,0,-0.5990486093181075
0.7084825589400374,1,12.289423755911582
0.4231169978107614,0,0.560641636004787
-0.54162508720984,0,0.8458455952582247
-1.1284297829800396,0,0.6364477694661438
1.9521438646223674,1,13.069205017062272
-0.18399351521554053,1,11.246706674365367
0.7530969431209482,1,9.71166723555089
-1.437788129686557,1,7.969253849975469
-0.0576412013624088,0,-0.27209572898718787
-1.889853120522138,1,6.003087606169833
0.021820471641799788,0,0.8221616273802859
1.8560696284708094,0,3.464285454192434
-0.4631731480567991,0,-0.5409065353046738
-1.8440159497003537,1,7.5393138889407165
-1.8761768363226259,1,6.42270925634939
-0.44805296021252206,0,-0.37304401223930683
-1.3599002541472238,1,8.791232599499542
-1.9065916146872564,0,-3.001857211811003
1.0248544558007073,0,0.928063625883343
-0.16590796447243727,0,-0.3655325281651084
-0.8430209121093819,1,10.54755036163198
1.6003327320659229,1,11.826883805777411
-1.5354441591978976,0,-2.464957438892827
1.8236753158212768,1,11.564560426938863
-0.7441331304905887,0,0.7771525304393038
1.553614689234725,1,11.887384414537836
0.41177150591784617,1,10.245781476520829
1.3068294389659498,0,2.161706653156288
1.9360526528418571,1,13.151046726312009
-0.8463782487250171,1,8.322446623943609
1.8445419416303719,0,3.2076554821245025
-0.4420724203903186,1,10.26476488209716
-0.45795238105231073,0,-0.31087004060672074
-0.6384515829819772,0,1.3436146256568295
0.16563042939034078,0,-2.483894661569148
-1.3834198272860516,0,-0.20377266982600561
0.21484594143204472,1,10.796112163480672
0.16681924964001604,1,10.45909195596133
1.04760725041948,1,7.238962951332198
1.3345998477503422,0,2.4724545493674626
-0.23823459875030384,0,-1.0331946992078163
-0.790667002594025,0,-0.7548364202077212
-0.9626604107316221,1,9.383351381988852
-1.2215046531805123,1,9.496130601172325
-1.7694096712039005,1,7.869584778687488
-0.6302080846611466,0,0.7676931301940091
-0.919009231476867,1,10.427766035643039
1.8656695434656294,1,13.499866505181254
0.23083530500017568,0,0.4220726815191483
-0.6108918438779698,1,8.795257273384848
0.32187040397478395,0,-0.7343538302594806
-1.443213194617218,0,-0.6075484146285087
-0.22382500319118837,0,0.8316029354015545
0.5049372856842553,0,0.7881692413460506
-0.04440867283019445,0,-0.5144605514994431
-0.392884797382703,0,0.8801695850143849
1.9753935555987927,0,2.692925863111234
1.521259048595708,1,12.837630783937158
0.49362383263776044,1,9.799268498012776
0.2775094447291311,1,11.694856114520022
0.4826419192983362,0,-1.4652280101249715
-1.194751568710267,0,0.9106911469352652
-0.41944902694272557,0,-0.3983627328588024
-1.8421618684364027,0,-3.5052229930744834
-0.09781585005269333,1,10.194370870867912
0.1720983358306527,1,9.305469677445442
-1.0890010555871616,1,9.281935136431398
1.856115388662055,1,12.459685005014862
1.637818443748968,0,1.4956189008921157
0.8885729418236235,0,0.8376776083960884
0.13354651506145032,1,9.099625383821888
1.4798766385907398,0,0.8522964825313566
-1.4773906247061483,0,-2.9851289930210427
1.16203917709954,0,0.28064043467931254
-1.5007167441326068,0,-0.37831813778257084
1.1768426501976217,0,-0.03099445175954041
-0.8969297269945722,1,8.907584405107393
1.5083623240727557,1,11.909802421653096
1.7761683753015913,0,2.4309085577308136
-1.4048161223795375,0,0.8419462681257195
-0.14929757973842595,1,9.835808131167157
1.9239495126507404,0,3.896046526286953
-0.06637025610741354,0,0.9436226039486681
1.4541900900581806,0,2.4621430853252018
0.3549260885252794,0,0.25564304992577214
-0.49868036832159257,1,9.776866070271598
-0.8568657778965192,1,11.709464985655966
-1.187107635655651,0,-0.9362108803959163
1.0471927655107889,0,0.13249233236431585
-0.4538379727078885,0,-0.6925872435440668
0.04510184880300461,0,-1.726757330140299
-0.030698079995272298,1,10.821601287729871
0.30911611693252494,1,7.666700054090644
1.462308582498209,1,11.55773829864811
1.9229573743337176,1,13.350461664438326
-0.36966316570473223,1,12.214707798204264
1.3100756884252123,1,9.29258911590332
1.0581111786188706,0,-0.30877303735196215
0.294115805822293,0,-0.1233753460785436
1.8241885744477324,1,12.837613945819955
-1.1981019378863889,0,-1.4094512579772447
-1.5629431587615144,1,8.01004010159833
1.4158478678216886,1,10.159559417981402
-0.2434007334650068,1,10.349982872563125
1.387875416828242,0,-0.9848237962069697
1.5723608207816597,1,11.917919056951867
-1.7501696255237142,0,-3.280823487044224
1.5338590519442428,1,12.820661131323076
-0.20672377852231127,0,1.7508939291743648
0.04172995601692886,1,9.668984165297614
0.5063700443728409,1,11.455645258120358
1.705530426920347,0,2.164436197980966
-1.9235356222809439,0,-4.524657123992292
-0.0926261267287316,1,11.745506284657154
0.7508881697222427,0,0.7324642257386008
0.8908278307929138,1,10.357907524930674
0.7701297261484319,0,0.9155593664871969
-1.4622594823675126,1,8.710911379920013
-0.8024176465132751,1,9.672452630322553
-0.5651378983319462,0,-1.4166819368178485
1.21774883071802,0,0.6323705706021275
-0.8849605103417879,1,10.276724752819685
-1.1571801445311873,0,-0.8975416539550641
1.8297920761523847,0,3.965524905538709
-1.9645468595461244,1,6.592625372058176
1.9912834227279128,0,3.069791823302902
0.7072851954295825,0,-1.1422614180878161
1.3138771977964683,1,10.976877057102223
-0.8215224146152273,0,-0.8014508080776919
-1.94273888933176,0,-3.3298541558927273
0.9514780742461202,0,-0.2874461009350129
1.3365783880027031,1,10.578467416394071
0.9619045278140765,1,11.498075763504888
-1.4285988507966456,1,8.69039307390724
1.0137116890278763,0,-0.1818762272913036
1.075691128430564,0,0.6399890445632803
0.6341620626802196,0,1.5064290330812073
1.0644637311823448,0,0.8968495858638851
1.3836857587109286,1,11.917543693365708
0.4544164569498337,0,-0.705317328720138
-1.6455811441212838,0,-1.2016459045897776
-0.04948876133115654,0,2.3180416580732466
-1.6894026613135797,1,6.797686041604904
-0.36982787587027666,1,8.792814854877772
-0.37157404349748946,1,10.149891136977825
-1.7359606234390337,1,8.259794921283321
-0.6047178641220827,0,-0.2019574035995534
-1.5560076048347407,0,-2.9368778226863936
1.2329408400368886,0,0.8285391028308359
1.790752103857883,1,13.46937801574441
-1.7107340989682456,1,7.089641422384745
1.8204608291668056,1,13.623829273354456
0.09030639734698065,1,11.165079020655767
-0.8017372881845044,1,9.982559204687325
-1.692551698895346,1,7.547699353782956
0.0024970722816712865,1,10.829343933011366
1.1780621779629947,1,9.961374480440888
0.8283459090667926,0,-0.6705221844806275
-1.799095954144105,1,6.821819171593047
-1.708392658528386,1,7.015058461260529
-0.38850686946945157,0,-0.8326621201171962
-0.8188380238082269,1,11.555954784238176
-1.0704627077758087,1,11.558676734617904
-0.8759820043651456,0,-0.6897950165536708
1.2139309731875385,1,10.986160533264574
1.7169122145274156,0,2.34270340720429
-0.3795892218897343,1,11.080152118510462
1.6244440085299883,1,13.44895188028674
-0.7140171950084722,0,-1.9592741199261186
-0.09425205462483355,0,0.4755921583676751
-1.0958840087360011,1,8.035121264564562
0.5619041687033759,0,1.846978928006568
1.9159244606992356,0,3.9567037311048003
0.41397238417351456,1,9.212122334247654
-0.5687436635458045,0,-0.3333069608914117
0.5912697839621135,0,-0.18562331261576218
-1.5083172861384497,1,8.809386165675466
1.5546363210615946,1,12.920608273007849
0.012335803119345456,1,8.851793646610444
-0.20260103184143174,1,11.834596400593169
0.34345915381407677,0,1.6259480483178865
0.4991354511576098,0,-0.8131472131465173
-1.7128967750939479,0,-2.440030931569622
0.7304688848936096,1,11.905692088044649
-1.0322732787378817,1,10.682929514438875
0.8558105300263592,1,9.976659776836946
1.290139177536787,1,11.88803176005937
1.2158340302100812,1,13.89585307162218
0.21000386963155648,0,0.10979073783205642
0.08067956924300468,0,-0.6323856720006462
-1.4284961546423531,0,-1.2850756771769052
1.1013846016125424,0,0.9145683120019892
-0.9143624782131425,1,9.093232889565755
-0.013218308728213835,0,0.44162391303840753
-0.8629036282899332,1,8.424338766743471
-1.4646865480012274,1,7.763365212371707
0.5182307875669463,0,0.827833622310888
-1.7826718607083847,0,-4.587464206983765
0.9945809365048,0,1.3950829665569395
-0.7296528189555334,0,-2.206212478502357
-1.9994612279820587,1,4.271907182483667
0.044516556948919206,0,-0.49893463329473764
-1.8125923658895875,1,7.309235813492359
-0.8953217687164021,1,10.966418159435765
0.8279059498228647,1,10.34135783120025
-1.7492415135125365,1,7.0772416797768765
1.3573539694240093,0,1.8299823745064439
-1.9847203093656676,0,-4.779919299832949
-1.012704523192391,0,-0.37988475809270755
0.9636162246082858,0,-0.7520603344162344
-0.7349194010827729,1,9.884123134538719
-1.5924304477359459,1,7.8510934562135795
-0.5590643247982885,0,-0.8916365148349358
-0.9184268544618979,0,-0.22230951114638642
1.3708476086422197,0,1.4466139448500375
-0.7466083296594275,1,10.967365312340748
1.155729887104029,1,9.166227489061265
1.567488579242939,1,11.849626836383363
-0.2647303216938819,1,9.230461166136157
1.639772575417568,0,3.0743166636710213
-0.4907277841472286,0,0.6948250642314887
1.8563136659604327,0,3.7062158716304223
-1.6428419018977083,0,-2.9207905065214894
0.748077066012971,1,11.094789763717856
-0.024743838172285315,1,8.46986149645608
-0.44940477817741176,1,8.219307355996193
0.5308475149944036,0,-1.2010748281207304
0.8154283665373248,0,0.23762389918344898
-1.9825469213987637,0,-3.2210282990715475
-1.3321876450112051,1,5.8418348852127515
0.8521842025372748,1,11.632178549284113
0.6655416543128259,0,0.27851160103154726
1.8641900205147088,1,11.671448363648464
1.044151161003132,1,10.670140731802523
1.8030908309253522,0,4.023572661476034
0.8101620061392278,1,10.865320985539181
-0.8077911654422274,0,0.8355204645480188
-1.578540310996574,1,6.667058273860183
1.1272954533797424,1,10.302275499801437
0.5765968859036636,1,9.171156614028838
-1.807255950426815,0,-1.2338260568434152
-0.5597981363960867,0,0.5516497659009354
1.8271992619371447,0,5.897205522571912
0.0016045828408048912,0,-0.4676095313515789
-0.26908345592118144,1,9.265584172576203
-0.1692015793628241,1,9.8547513106377
-1.164469103979345,0,0.5888539844909189
-0.5251713165408192,0,-0.43854210367282503
-0.5207469760512935,0,0.05383018899303017
-1.7905799192501104,0,-2.773766879097128
1.070270514071673,0,0.6524829460035451
-0.3339822723844841,0,-0.6710253461871089
1.2887195472656932,1,10.932860401494265
1.4013920044795816,0,1.1959939622878286
-1.1520237812053677,1,9.227976095148929
0.6294139286805143,1,11.068191725080215
-0.11087278334807316,0,1.7599465675854258
1.5206269516859403,1,10.917642897412295
-1.1370372832941835,1,8.872994898311132
0.7112528012401769,1,9.354892579763874
0.4310084890108903,0,0.2271353981595899
-0.8187940897126689,0,-0.8128189642084794
-1.4535963853953096,1,8.704114078620021
0.6065590419091063,1,11.215207653091765
0.9543898325293227,0,-2.0911739470733886
-0.7374906249466,0,0.2912221085411687
0.5793304160892552,0,-0.36296853103126847
-0.4194763695539869,0,0.42351664793321914
0.8528275331304709,1,9.413667606136027
-1.2031389004237876,0,0.32546321307561155
1.5608600105446975,0,2.814629731557128
-0.8503616141376811,1,10.260897582472186
-0.5288560489753884,0,0.7192681819667818
-1.7676321916786009,1,6.492875314199936
-1.5539511507148944,1,7.5041634581287
0.0634476108493125,0,0.7525639081471035
-0.929629293088114,1,8.830573102163052
1.3419209029687775,1,12.653868226893245
-1.9412264453801846,0,-3.981211224082383
-0.48362380531225524,0,0.44533652393610657
-0.6506178129236293,1,11.961545108046344
-1.9226894763295959,1,5.739940076038088
-1.5025264039979591,1,8.372720768175396
-0.34542930032545893,0,1.0335746105162782
-0.02854166221021348,1,10.951265763479597
-0.3828410109805236,0,-0.35587128534886026
0.12375071364837531,1,9.484217136488711
0.3805266996227261,1,9.794414308791408
-1.9603047154886575,1,7.6813336006218815
-0.14361936218598448,1,9.719412959731004
1.8539969635503533,1,13.264491968653674
0.07612912051819487,1,9.573434137678442
0.7101690698358127,0,0.8846319373973619
-0.7525445683324672,1,9.942433265633817
1.0959655126110501,1,9.654770418991983
1.0916859275044604,0,-0.3183003886921364
0.0851841906165558,0,-1.9982965035609872
1.9040552931168544,0,2.620184905844065
-1.4977991409493865,1,9.11386280975197
-1.932209340441676,1,7.716873543272252
1.080632847028384,0,1.316522241307256
1.2286221494595302,1,11.481942376889807
-1.519171083517695,0,-1.879558922876577
-0.9376686681655757,1,10.362704844960401
-1.9297905465334844,0,-3.30708011409322
-0.8267655568777412,0,1.5218847759864946
1.092567495674686,0,0.5536556346780573
0.07184211085031578,0,1.3431934826804652
-0.6076176273268477,1,10.761948116621104
-0.5130428203746789,1,10.667923532800401
-1.9945854971381274,0,-5.979092179446248
-0.8007978897390564,0,0.6724228231905943
0.585834966551722,0,-0.026977934709929707
1.8967777752654285,1,12.96815473268654
1.388243307935598,1,9.854811733246308
-1.9056201414178835,0,-3.4656103085751235
1.5942424186993573,1,12.059521948574446
1.1327936531945038,0,-0.5761893586427811
1.1215044942839216,1,9.232018487938774
-0.16801696398571409,1,10.48424794586829
-0.4079788281819887,1,10.837751761305325
-0.7883370846672295,1,9.94531687354484
-1.737220564182537,1,8.529425027304088
-1.0870585460252036,1,9.271328494306958
-1.0135854600879015,1,9.424992434680886
-0.06369172115919364,0,-0.9171572157843849
0.9897776263867759,0,-1.0754193266934116
-0.10476068640821357,0,1.8540872699947801
-1.7686222022113576,1,8.365152265538047
1.8311592039528155,0,1.6775577094209324
1.770897276376449,0,2.932587161485645
1.1407581725936335,0,0.6422046537201869
1.9653116062568823,0,3.5214661483536394
0.1779293312010517,1,9.593798670912964
1.8510734010128242,1,13.55259541736246
-1.697579837532997,1,8.372152001028368
-0.5372770069545147,1,10.324844210381565
-1.0984749279729367,1,9.216745795479733
-1.2166676634629199,0,-1.057731245010762
-1.4367882044292957,0,-0.5462099793308681
0.4896545662639866,1,10.52214511783891
1.1252874229892202,0,0.7851493195361107
0.3131935976814426,0,-0.02054068164271069
-1.4121491616471613,1,8.937241113278244
1.2444950797338836,0,0.49536839143176403
0.5438188286549139,0,0.901953013404082
-0.4473371754920179,0,-1.120617005631203
0.6965211821442518,0,-0.24250075465872864
-0.9603800830286686,0,0.16821246061286205
-0.619231166023158,0,-1.2516040531842811
1.6699433725279609,1,10.755486072847964
-0.8379819773143184,1,9.768856423505273
-0.12004692736825362,0,-1.6973231684740686
1.5605645495840585,1,10.601466023635735
0.8308854010701099,0,1.043403524048422
-1.751187095341189,0,-2.8899296768035385
-1.4107878228841186,0,-0.11847426925563243
-1.9686336369123327,1,4.9804477212668035
0.5236871609166536,0,-0.02214222387933866
-0.2093062983583267,1,10.39499979015335
-1.4629005963908979,1,7.264124265292673
1.8317364842270818,1,14.10473665237097
0.11863889578247955,1,10.51151381552299
-1.0324268235484433,1,7.840478381277329
0.002414284618830198,0,-0.03774178917244536
0.7184813309404312,0,0.571402308310786
-1.695043128105742,1,6.974868772053767
-0.9011847398084321,1,8.154193739921128
1.2278619635359744,0,1.204048765374933
-0.16134051838935504,0,2.209143041894469
0.18630856812917962,0,-0.38375063174371776
-0.268735991162123,0,1.559537254584967
-1.8244002294279795,0,-3.788488702607912
-1.3370008807193763,1,9.020553396988413
-0.2178334450324364,1,10.766354278844684
-1.1632581383682887,0,-0.7954563806574378
-1.800083885361285,1,6.785856649263393
1.374598656207295,1,12.02479435512691
1.9247701166564632,0,5.4568415381596465
1.1725714959869578,0,1.1066852195243546
1.415139686818668,1,10.900933579046862
-1.0320914787318185,1,9.2605499052184
1.842507902052799,0,5.647213142537795
-1.2122971821862865,1,9.244072075780062
1.805719241447329,0,2.3494702246448265
1.9792771758638041,0,2.731878995463272
0.846891222984195,0,-1.5221954239953328
1.9245749271672876,0,3.9278861172676693
0.27815911826841466,1,10.665402925328769
-0.9618328672956387,1,9.158397223666999
-0.25201645733751654,0,-0.022973489793477814
0.37424374151514384,1,8.855746276429844
-1.70767375189194,1,7.643012363942216
0.4893730584689844,0,0.540094316347445
1.9247113470491781,1,13.029895576522023
-1.2395694008650895,0,0.7381334585974734
1.1703804651535332,1,9.964481655446434
1.6315951751184774,0,2.45521365871398
1.7748063712808833,1,13.643581929798891
1.8405424176217888,0,3.040217925619483
0.08583855488588776,1,9.811839421393632
1.9092316319660148,1,12.050866415652079
1.0292408285377554,0,1.9024977784383923
-1.3533142550521524,0,-1.4091633077990462
-0.09239957412812005,0,0.5369709858767876
0.8733247014880159,1,11.005761131069766
-1.0106387367236667,0,-1.1444269732424415
0.5624607341955494,1,9.891442018903243
0.6664019161864769,0,1.4824540686550636
-1.3492010247657364,0,-2.345202259620645
0.26034124981102513,0,2.136740722924023
1.0865076439144308,0,-0.10356226761058929
-0.004417341856232326,1,8.820482500261893
-1.9515875328955703,1,6.415809256172396
-1.9638461236828313,0,-1.5786261576593987
-0.5718826241199513,1,7.995517033852761
1.704776273727128,0,2.3362476552138007
-1.085292881585565,1,9.837103133850807
0.5374547554867486,0,0.11127390773944722
-1.1116965172267177,1,9.694965957094801
-0.7133200413618055,1,9.100489211105632
1.392168358405936,0,0.7493816902878504
0.9154457690797875,1,10.235167876641402
-1.6184028907471575,0,-3.249371103922948
-0.2851919160542655,0,-0.056284362261567904
-1.8833209454189421,0,-3.728718737090686
-0.07643941358796402,0,-0.47026850228822675
0.6497360468042723,0,0.45765170018115753
-1.5259895056073938,0,-3.5974026243911013
-0.8444602443633373,0,-0.5301879365453931
-0.4086534979913723,0,2.2832316722803756
1.678124098624199,1,11.276773362204178
1.973020061691856,1,15.125794798270046
-1.8203548040175366,0,-2.961391102019648
1.0440316939815681,0,-0.03395939869110043
-0.5131037343906271,0,-1.3881854658245891
-0.43016725508207987,1,10.099882059042478
1.0170598933880908,1,11.979425988395798
1.6737057285816346,0,1.9550571396324594
1.8037143780101936,0,2.853127728846476
0.30849034415328314,0,1.0250497913429897
-0.5715153627979888,0,0.2475338141894286
1.150196343435117,1,9.188551283068655
-0.995994466950799,1,9.60487148111945
0.25629611533407104,0,1.5206526616711489
-0.5656861539005074,1,9.872548795643564
0.6265242948315044,0,-2.6185237954461495
-1.0384043484259724,0,-0.1716321931860325
-1.233628217060697,1,8.862852054683994
1.6729563467017483,1,10.512026425637238
-1.5927852682018524,0,-3.699628257828813
0.023831630939726622,0,0.9751139108360872
-1.1165888681479643,1,8.571552111764909
-1.8442801466973302,1,5.955964720821007
-1.8559247268342944,0,-3.231964640430127
-1.2991129115766906,0,-1.740455763323261
1.467081418024001,0,1.678868752115679
-0.8700850240918934,1,9.46793192902632
1.8018366823011829,1,11.724939807173103
0.3264891719567742,0,-0.4937967126321203
-0.25354324092493563,1,10.43460391227189
0.3203553386778184,1,10.058356680889448
0.06679354090507106,0,-0.08179348680469879
1.0351050150293006,0,2.49191193788832
-0.870015736108591,1,10.401768159071493
-0.5877984335987905,1,10.750897028551377
1.576377210133003,1,11.792652774812488
1.7858260526016219,1,13.06780081433568
1.570232909945898,0,1.5047077878208766
-0.3222080241707457,0,0.760824267451079
1.1214620120275267,1,10.594818610259464
-0.09465706679560482,0,0.22195368715052205
-0.009840591415591238,1,10.160610825687314
-1.1812795637708642,1,9.157641722663518
0.3645212130340658,1,12.962406075517823
-1.2554564089866083,0,-1.6560261405304582
-0.6737412037312249,1,9.171373737538426
1.4201208064797406,1,12.12610616917692
-1.1716967631565791,1,8.600535397200622
-1.7153668593062688,0,-2.8151256687400443
-1.7239696295487348,0,-3.648291268251299
1.7631380820124316,0,3.232052716671385
0.027681751847338454,0,0.5042678504620469
-0.3623517127319267,0,-0.3389802258801644
1.2435143240316737,1,11.67625711900903
1.343303711642064,1,9.353847159398676
-0.6712358675375816,1,9.141931391129999
0.7744722298951809,1,10.062287837140998
1.0844912634075463,0,-0.5345358594033355
0.618602747463818,1,8.3696471210576
-1.3936197007996025,0,-1.6612232427815352
1.503532334068228,0,2.3934698106920873
0.1563782109440348,0,1.2840204391380468
-0.8701102945199852,1,9.123335378035522
-0.29908725824922433,1,10.719838683244273
-1.8497156384043705,0,-2.5278108449619823
-1.4885327951103298,1,9.56951487701448
1.0621870020634434,0,0.24901055308897785
-1.9999534609785354,0,-5.798221267553478
-0.3337366860708313,1,10.05160002706845
0.09004072434235377,1,8.986571254054965
-1.7814623199961108,1,6.4496633578869895
1.8923126518893314,1,13.08682206044917
-1.0954986750013123,1,9.003708886947106
-0.7832051214548765,1,9.901346237413142
-0.7842299509798907,1,10.46199909110541
-1.0783333515306004,1,9.0053198872991
-1.9941047116547543,1,6.430965075849135
0.9173791763519854,1,10.40084208205504
1.8673819991971414,0,4.191382781663988
-1.1028260668598198,1,9.140765648278773
0.6521887672136897,0,0.05977763162435362
0.9675853078348604,0,0.07853655289826172
1.393701516362099,1,11.191317102094718
-0.3094832119455635,0,-0.7983092574663182
-0.788276377438283,1,8.87249326519141
-0.6988194639078755,1,10.605131616784334
0.8504853323940513,0,-0.7756129038222846
1.2671178660225442,0,0.698116331749616
-1.2735441289735894,1,9.982552847160509
-0.5162359673689392,0,-0.4214891276986368
1.6077607869966002,0,2.9066866610234374
1.226774078778957,0,0.33208621828225193
1.9394336110499033,1,12.59633183489773
1.016993038728323,1,8.931099301723021
-0.4272191958883109,1,11.273736848342716
0.36255133597855105,0,-1.1130436785862112
0.6440570169892812,1,10.880767055762691
-1.6861767347315042,1,6.602990888048872
0.17798783641546034,0,1.320203215892805
0.8372833138904383,1,12.500268673294755
-1.3307147839957585,1,7.1352538487341794
1.1225268697022286,1,9.622472858858446
0.33509112205644653,0,0.7919448947351527
1.8088871427903785,0,3.472448037814968
-1.8303108071724332,0,-2.288883203634478
-0.9386954497781321,0,-0.9873208980405439
0.40621551719929627,1,12.021049184804594
-0.8137603511762772,0,-0.15138898989927202
0.8576966562849688,1,9.098516931484982
1.036021130087724,0,0.30285284690884134
-1.5899361437341022,0,-3.2131642534151084
0.0554178568270709,1,11.591026456520794
0.03556222236422357,0,-0.6603087755327303
-0.5228769191378357,1,10.421006138638965
1.7316994502786884,0,2.1258222792811603
1.3100252794928848,0,0.5087232646998431
0.7888375276385471,1,8.335178670772585
0.8573065429399902,1,10.913223830535172
-0.15313542474752362,0,1.2973857046820716
1.6839780843863035,0,1.4717299475611734
0.7783817090131415,1,8.690573094600568
0.9159242466232658,1,11.18750835663451
1.446763615149381,1,9.86788716657837
-0.903713642631236,0,0.8505022165024716
1.228283615466812,1,10.022148732602249
-1.2190375881740318,0,-2.009069756749096
-0.6186321910204486,0,0.1300853611301125
-0.6575581829206292,1,8.819702302701911
1.9141018735565622,0,2.799318725272617
1.4261488949917074,0,1.8043045296819207
0.8046794463610389,0,-2.1685937407647247
0.9082270464615605,0,2.0170067595962307
0.2482911776102843,1,10.051293522899494
1.7883626684340763,1,11.566841422390937
-0.01496498847055383,0,-1.0172470449980096
-0.4779291605204219,1,10.937062977194385
-1.347858652273636,1,9.376710063956063
1.144822609044232,1,12.13699367786126
0.9377757283023658,0,-0.27039192420217834
-0.46257984590346046,1,10.247092393108455
-1.8992263441630826,1,7.00125555252356
1.3559893108720429,0,1.9419010267580608
-1.9543280661837055,0,-2.6048974161591527
0.8147991185162038,0,-0.4467923147717666
1.8810284389042282,1,13.213621087154214
-0.24935468740718614,0,-0.617901903550834
-1.060106380016189,1,9.35170081577017
0.8194840401735268,0,0.9735967123572037
1.2685125680623406,1,9.366561594359913
0.18572126431138924,0,1.1125745544151426
1.8681411010245847,1,12.120678489476488
-1.7933251133681556,1,6.808949481929175
0.019182393218112548,0,1.2439454541832036
0.8738157892902003,0,0.661612503256972
1.4505618845967159,0,1.8656151785778523
-1.2829775523688398,1,7.7634632864332405
1.2000139270547256,1,9.8199441469635
0.21082830287418108,0,0.9459419053051695
-0.41378527204014715,0,-0.624567340842457
-1.4731398856836257,0,-2.093372596073395
1.4611830356356497,1,12.52380495508957
-1.3709071672811386,1,7.661854269684904
-0.760848563163603,1,10.04901111658804
-0.8398178721502525,0,-0.2532519515080128
1.4856561367634171,0,1.636865189542326
0.690811976835592,1,9.64639942402941
1.1867255887654893,0,0.25578809871669017
-0.9981284048300041,1,8.424437977935384
0.49949639842799565,0,0.5449763655988521
0.28698393257499477,0,-0.6563312250921948
1.3313215071530844,1,12.148573027356221
1.6243482419250421,1,11.918372233193073
-1.9513729140904528,1,5.226275737229328
0.6960796762351706,0,-0.0691792128558352
-1.792656803521084,0,-3.2913146571102847
0.1954346603094237,1,11.012835696468414
-0.8494690838252872,1,9.32451233184086
-0.7728936019114352,1,9.492940011089289
-0.5881659861905737,0,1.3098118620955899
0.4851697961984405,1,10.565369315406333
-0.6638001373249232,1,11.516460682203167
0.9307962023611216,1,11.662257341793266
-0.38189045770452124,1,9.084989898036968
-1.7265871987601655,0,-1.5836165909949562
1.135039369936429,1,12.256447058218017
-0.856966701629176,1,11.218138418330831
-0.26893248160294947,1,10.978370755785486
0.7417755328876061,1,11.171596919715663
-0.6701753714051519,1,9.54683933907719
-1.7736573754131375,1,6.372778589712956
-0.5043158119487456,0,-0.4163497582464781
1.7777943307772137,0,1.1446173191416016
0.5669375891942328,0,1.4339073536530709
0.6859165946688277,0,-0.12193739958265845
0.5291286145505594,0,1.3654026741285294
-1.2040314441622528,0,-2.1042367839483336
-0.3266645435908795,0,1.0651957793521847
1.003759193453273,0,0.010779355865306317
-1.5945084097873634,0,-3.3113539972375134
-0.888588895641151,0,1.2763074989359227
-0.8947235661365855,1,10.749185024916446
-0.271924289621976,1,10.20173899588223
1.9214749637687403,0,3.581044111887177
-1.7299898132647122,1,7.8506972503699
0.0748039775223801,1,10.194837865796782
-1.2825412719511582,0,-1.847109791805694
1.8827061816389765,1,12.924651484743285
-1.5467859810901432,1,10.110338852227065
-0.385595990553635,1,12.643490713841707
0.9515399393384247,0,1.9934440791997532
0.8182177121097811,1,10.752114228922437
-0.309085452424271,0,-0.35251308921116087
-0.6139033281891271,1,9.086130992825355
-0.4095504857885177,1,9.233370310354877
-0.9428949473654429,1,9.027591549128658
-1.1786682451728008,1,11.33242640651831
-0.06784120976444008,0,1.8061261791818117
-0.9258649757295707,1,10.349440646719962
-0.8501533404109995,1,8.732158110935517
0.6270242538982282,0,1.016316171130429
1.8741493267995688,1,13.052797471977469
0.41454880223750035,0,-2.117389185763829
-1.6920821317401349,0,-2.135235021722542
-1.697665544583732,1,6.711692933067155
1.8056928833822639,0,2.1357015804851205
-0.8108368387706655,1,9.483047080399382
-1.6317320556700983,0,-2.6706066586465216
0.39617834860152623,0,-0.0031652803356407855
0.4945951131610644,1,9.978164448073558
0.5940192804747526,0,-1.7710065962480257
-0.9303918885698348,1,11.117590857977238
-1.9395572631420999,1,5.368430133345959
1.8600614778178874,1,12.265348658402655
-0.99642781723559,1,9.176785904413165
0.70410515221019,1,10.066200168984174
0.8265194795148383,0,1.74129178186539
0.44002966831794277,1,10.312024068315383
-0.7483704231454071,0,0.356899954283469
-0.9156149849437369,1,9.89073290972431
0.39067313081081245,1,10.261274922512236
1.464382534446766,1,11.879852323285817
1.7869349156935823,1,10.920229312975684
-1.5763767823849695,1,7.791461926961033
-1.3806855496091206,1,9.846265796541635
1.7789450351323186,1,16.75719615576831
0.9461409133391703,0,-0.780824477958884
1.5319752993190923,0,2.220813386090049
-1.1894694634586274,0,-1.4124996410275241
0.35034348443760743,1,12.06915258112284
0.8045583776698946,0,-1.09338173630118
0.7204475417878906,0,0.8119117151721074
-0.36739323653320755,0,-1.4320060631142775
-1.938420433234766,1,6.039651359585461
0.3317042272170525,1,9.983934994914218
-0.987593843281565,0,0.5880710024631675
-0.19898301542843866,0,-1.0811061168356078
1.8303240603352693,0,3.729254705616028
-0.40385872943026113,0,-0.014157334278846165
1.3592064266577069,0,1.5283209808628868
-1.2458375770029955,1,9.99149344383319
0.6898419921001153,1,8.88158499149136
1.908027817755774,0,4.283749535670981
-1.5924275965082528,0,-2.587964225682546
-1.966720231091232,0,-2.7077521312385704
-0.2656688294695426,0,0.32518219124922587
-1.6294980677945312,0,-2.3729021219221336
0.9935373987049254,0,-0.09965735816615251
1.6581946553942357,0,3.102988895599985
-0.26391610916496466,1,11.251760580977763
-0.9651534313782362,1,9.017618043859343
-0.2623867239735609,1,8.857961191993738
0.893791271400004,0,1.0512193582478488
-1.963783353678516,1,4.764857751182934
0.35781595793878873,1,8.717393555252798
0.45316673954951625,0,-1.0161690934497447
0.550752987583742,0,-0.3319208469421598
-1.0319116800764911,1,8.11425680896719
0.856210893512507,0,-1.6249570503664388
-1.6344340546728944,0,-3.3185370684722235
-1.2029186541327967,1,9.772154807838934
1.5098801866179277,1,10.449521680648312
0.9548926029062654,0,0.09507535281624019
-1.945017783954619,1,8.26760573322546
-1.0064949585207992,1,9.441020018469187
-1.1423740680273418,0,-0.40287866307355413
-0.9167746878521097,1,8.668696499186224
-1.0097609188804544,0,1.648690097084978
-1.749894817028617,0,-3.220498833904632
-0.16423793361271866,1,9.769680230421427
0.9309338991446605,0,1.7204499891037675
0.42692689886974566,0,-0.1428269926150934
0.6914866743923191,0,0.2132072803931891
-1.6754032858550434,1,7.366903129730796
1.8059628407071489,1,12.670243133552422
1.3539673353720993,0,1.6115671181176598
1.2203612739826508,1,11.461674008364918
1.29193522016707,0,0.4349339189554179
1.7308420325310454,1,11.82656006279857
0.17701586445479078,0,-0.6063627267644837
-1.1988719285294964,1,7.737180330312844
0.46713443141016464,1,8.460537512658933
0.9715259746717559,1,10.755660721465688
0.9516695734161016,0,1.3695474626665405
0.08579609666752042,1,10.871361064400785
-1.7261651226656878,0,-4.9536718011848855
-0.5155482462794887,1,9.686421130251727
1.6830664338534294,0,1.281729808787959
0.3377956390297041,0,0.1630096744686006
0.15332777302285372,0,-0.4160211963773678
-0.9245859424712259,0,0.19671652286162156
-0.5262043203336844,1,9.907996292857206
1.581384356612677,1,10.08134251015092
0.6658521901073429,1,9.18051995407764
1.1495481070093314,1,10.765326524317825
-0.18261830772937948,1,10.087065319505939
0.5209888778246317,0,-1.3349709556289353
-1.0064655650271699,0,-2.046220891525282
0.8218433211339451,0,0.33379269373487186
-0.2895946651866508,0,-1.415810744499421
-0.2298179407410177,0,-1.6746984915307912
0.5972892983075266,0,-0.3385976883909657
1.7451224858757066,0,2.1688977192625805
-1.7439746135655163,0,-3.5305040503936382
1.2989729493880304,1,10.392161526356281
-0.8304675583512275,0,-0.2725412004214137
-0.22432218197448872,1,9.27419310072212
-1.9123466848999642,1,6.57390432607348
-0.7958156886627479,1,9.367527429243214
0.010524970520521926,0,0.16765073833848398
-1.775295690610244,0,-1.919371770209826
-0.03561708246733941,0,0.8392252538925564
1.7084425154337093,0,3.781490830316324
-1.5784271275687791,0,-1.1281251862599169
1.0577629123020174,1,10.830303095590379
-0.36131578649602947,1,9.542983637427206
0.6206948580973521,1,9.731804181560289
-0.9590536080590826,0,-1.3188383035399605
-1.3620309498345669,0,-1.2588417948628021
-1.3581495429150943,1,9.444786404665955
-1.7180322174274214,0,-3.261169357323246
-1.257413180395028,1,8.96874175500712
0.6568775399558731,1,9.464355192922945
1.5267624473740322,0,1.9887986884161974
1.2565027423646473,0,0.4424993415628018
0.7405372394979364,0,-0.5364569623177484
-1.5582725463555893,0,-2.5718757783558837
-0.8432502148162007,0,0.2035234188072308
-0.7607724987101241,0,-0.3169073787431555
-1.000172214409515,0,-0.9286800961035665
0.06002263883889247,1,10.261512624843073
0.1422152595186903,1,9.586921947146449
-0.5724560993155592,0,1.0327192485537595
-0.5848433650542559,1,8.926113418871097
1.3142223916243254,1,10.947978127403495
1.1571713932787424,1,9.36998742897876
-0.7688166732770174,1,9.425909883256711
1.6551537754930372,0,0.5875395408783473
1.8112600680100241,0,3.71738349757026
-0.6930298318798367,1,10.600075997484783
-0.5823002048277806,1,10.685448881163495
0.022536613687835327,1,10.028878203335754
1.764483250134694,1,11.866901676535239
1.5052777325692461,1,10.905034461426867
-1.5897281496656408,0,-0.4786367237817051
-0.42907702691433514,0,1.396179041316077
0.21348475899908737,0,0.12742002013398923
0.012529890206160132,1,9.484366949504455
-1.2245477282524293,1,10.450508269821428
1.4352670846726188,1,10.783815910824089
0.7077631319873494,1,10.406118623563078
1.3516334994072143,1,12.586615789930915
1.4350571173978888,1,10.641331871218277
0.993423414662959,1,11.319423442620087
-0.24315759500113066,0,0.513372374548291
0.4421870200616982,1,10.003713730442131
-1.3585383755210274,1,7.752889175236534
0.6945816698996308,0,-0.5568914860474001
-1.282986977042877,0,-0.7664828655560291
0.7757983620406272,1,8.810125408130537
-1.0816073569841254,0,-0.5019285602638454
-1.52979479939912,0,-1.2490170814403396
-1.3388620394281703,0,-0.21476944630799844
-1.992031459123719,1,4.649263930858157
0.874958471414121,1,11.651160543939461
0.9296041962335164,0,2.0970287166740516
0.05973339965303781,0,0.410258134459063
-1.3545487957784652,1,7.719286700680514
-1.665782649957241,1,7.360757346412451
-1.923484134250852,1,6.394157904109239
-1.3370072921391172,0,-0.9245459206788309
1.563422139932587,0,1.9327091561295502
-1.033852633193273,0,-0.2713522056283926
-0.5829146911311374,1,9.810219086116117
-1.5786180620746673,0,-1.7018786255262341
-1.1105547810073189,0,-1.1453647522223394
0.07689828312082048,0,-0.33795935390705933
0.43101073238261023,0,-0.5359906844150116
-1.0185907433351558,1,11.38885178326797
-1.7690713630995312,0,-1.304354013190085
-0.4358685234904054,1,10.513890740447513
-1.0631865162946634,1,10.724414281848057
-1.1217843070807922,0,0.09263463523131399
1.839451210853821,1,13.293237019859356
0.46520194370289625,1,8.544766497845101
0.22751377268838358,1,9.743724422611146
-0.3368995859067123,0,-0.3541571677225563
-0.28422266627942294,0,-1.1445552852760223
0.1636200153523233,0,-1.483972097215145
0.785719228144429,1,10.735253077905943
0.8085843847273178,1,10.5888340780012
-1.3132243691782017,1,7.700237064017437
0.00045100830650790513,0,-0.7458785063903198
-0.35216761986359213,0,1.1393840011595318
1.4821078650775368,1,10.750134956336227
0.5256756848735056,0,0.24343017958609736
0.1300162656639272,1,9.811320612818193
-1.5384214312843305,0,-1.3141586828629424
0.4225515572936458,0,-0.8183844007105331
-1.5311843772790663,0,-1.7048670057596274
-0.6511736977369917,0,0.030664902469417332
-1.4286321407426725,0,-1.2277310027767006
0.7682945880974756,0,0.30582700664343737
-1.1749915446553896,0,-0.4664903565416669
-0.432562507247896,0,2.1513018768963375
1.5826991104751147,0,4.543578141605733
-1.1827344664041188,1,8.533543407625881
0.03122025583511645,0,-2.3182277650925327
-0.32291335533591203,1,10.578659722911752
-1.927503835817081,1,6.605652872356149
1.1710324542912511,1,11.86397022051587
-1.723816374741601,1,7.723688750402067
-0.1029799160921856,0,0.058057895568670505
0.24271317975579976,1,11.136055674678428
0.5137058264583483,1,11.336562447912451
0.7545265172315023,1,8.828219787033825
-0.9869104659091397,0,-1.297227768503797
-1.9600848933662025,0,-3.8708501700106277
0.8937746494196479,0,0.4554260215740516
0.14262639739031435,1,9.775467470361706
1.344470812828995,1,11.649341086033555
1.2855534516027771,0,2.0583882519960315
1.3733046711515327,1,13.017712477041774
-0.05962136008183938,1,10.578807055552463
-0.6654864166525374,0,-0.9996963854265627
1.16623281036548,1,10.645719795699332
-0.19482354788298029,1,9.920950376523725
-1.266231214386262,0,-0.5004602799130381
1.4198960782458974,1,11.819497734699349
1.530239507089389,0,3.842026275986272
-0.13476097543931953,1,9.537263200016469
-1.6972010907608501,1,7.940363839854728
-0.44869564033227505,1,12.309543949688706
1.2141506378504134,0,0.3097203306118883
1.6070961141849147,0,2.220518804909924
-1.1861090300096166,0,-1.7792219920357126
-1.732105551898914,1,7.483764331002586
1.5094018125313546,0,0.9392132713654276
-0.44238024408449883,1,11.003513934595643
0.16704385707025304,0,0.14964942570800832
1.8722632482030357,0,2.3460901428062715
-1.7337410883431086,0,-1.765122202291583
0.5932720298083822,1,10.284073521719977
-1.7035783097005317,1,8.480774130796975
-0.4981242861339985,0,-1.209461870675214
1.215258180773787,0,1.266202920609393
-0.2661110689774624,1,10.763919353526978
1.9887294156118016,0,3.5093793658233934
0.2362371397864087,1,8.74758923255212
-0.715351389456186,1,9.77535997606935
-1.1195546963809875,1,10.526488843978488
-0.5979178628553528,1,11.019050787439927
-0.5098669049617968,1,9.505297978723327
-1.725145289104156,1,6.149789457666852
-0.5217032022929073,1,9.497823195629538
-0.14304592104310032,1,9.530058836756599
0.8909510089552186,0,0.8000624324230492
0.6269179388864319,0,0.018196054023680103
0.835062620916617,0,-0.4621072780226093
-1.9665452724925716,1,7.3016524975073125
-1.1293304016778558,1,9.420259122767822
0.646737153599426,0,0.5706706864686417
-0.06404252728101145,0,-1.7251167675925427
-1.9787460973266162,0,-6.298091839298033
1.2179785697272894,1,9.46587264690881
1.0912382931613496,1,10.169180406559978
0.19367665197425055,1,10.579988485732656
-1.7341466968949115,0,-4.949766001035776
1.0660601981303386,1,12.198632427926475
0.3348543509254558,0,0.18933920672735582
1.1278399086318367,1,12.07761406576946
1.0069879695833617,0,-0.37541470990345605
1.2120082878313485,0,1.3940582598375646
0.07203226561849929,0,0.08538280498068931
-1.43870192722594,0,-0.6712717998801099
0.6846298935187547,1,9.926657840800164
0.4818951402078824,0,0.5291687587872976
0.9690127487963487,0,1.5571398794412934
-1.3204759757970588,1,8.197595247136256
-1.2200992003988431,1,9.334098739670189
1.561638068877314,0,0.01633165045606222
0.9999111938082832,1,11.202369821605242
1.6329139548012916,1,14.131669946420374
1.0348612846556828,0,-0.6902999733939817
0.38862122396120746,0,-0.062035217393067825
0.6165309481114947,0,0.9976562166398942
1.5565116957600398,1,11.916920220189233
0.3152270180477621,0,0.18076130214908367
0.5295652973135496,0,-0.31674395331333827
-1.3740931359855977,1,8.274613173246006
-0.10431511953558914,1,9.91273828640878
0.8655884478323959,0,0.36593962109675887
-0.9162292067345383,1,8.433982542303797
-1.1909832779018603,0,-0.9106918419778459
-0.7446927671023378,0,1.3620428036492445
-1.0339974880286662,1,9.028116582935143
-1.1403494518544166,1,8.021291586839652
-0.30059662852765223,0,-0.1649967731283693
1.6313540555341364,1,11.456161557165302
0.028238586954873135,1,8.661669433653906
-1.2483184767387079,0,-0.8334582673473517
-1.6921133224765037,1,6.86724834599768
0.7846245805517009,0,-0.3831927026974529
-0.4688049422544487,1,10.101910856767821
1.287323786341437,1,9.533503523031484
0.6380430745630807,0,-1.6116963126117678
1.184965802165474,0,1.5028034768994027
-0.912215842326205,0,-2.310378216801022
0.7694356898442325,0,-0.7489126968291633
-0.9437520612251249,0,-2.2201243936753547
1.7562739178011664,0,2.2224752918944035
0.5454971261334975,1,10.509219750579664
-0.7019527992986316,0,-0.06060136657190027
-0.9219525508309094,1,12.000045166012805
-1.236293659713426,1,10.142126395740402
0.7785638355749112,0,-0.6951900820871715
-1.1251375480082908,1,8.09076977444872
0.3812130637099562,0,2.7343875302360354
-0.9414598922985706,0,0.6453420578125253
0.6478757791754743,1,10.725340277035711
1.2597589141621568,0,1.0744658002456724
1.1121009725786126,1,10.961227334035934
1.0434053237231269,1,9.085901631588701
-1.2491103772309917,1,9.182560239984909
-1.6464602120619252,1,7.839593516633923
0.7957953139495424,1,9.347845836383689
-0.5266111448225947,0,-0.6115461700299312
-0.2706150943866108,0,1.505267479527875
-1.8754036288264357,1,6.576797672580956
-0.9616942028998032,0,1.6264571007471769
-1.865294384502144,0,-4.985660394740196
1.5167430904049906,0,1.222510835617069
-1.026413267125878,1,7.912045843294914
0.2293486782920322,0,-1.2033904900516248
-1.8440827173554784,1,6.036262583212516
0.6673895652226323,0,0.46394023006059226
-0.7078906169836245,0,0.08946094702706994
1.5916767478306633,0,1.3369143674031594
1.5524727557361433,0,-0.3569366400314333
-0.6988375265530089,1,11.307045872889402
1.6038435827618716,0,1.7770301256683754
1.9846306939951153,0,2.792200825136101
1.3016626564957923,1,11.377651008216983
1.379485391020916,0,1.5170116866277532
-1.0039650555636404,0,-0.8286476620124987
0.30680959543102526,0,0.16297133567264224
-1.7309763441305286,1,6.251726034926044
-1.6203282527133211,1,8.632856381695419
1.9955704481331624,0,2.9766144133753643
-0.6934430022963562,0,-0.7722952649645863
0.9927356481953855,0,1.1379842529825113
1.2266602121072658,0,2.1268338781975005
1.4320930840289168,1,13.05430769117395
1.990513189608626,1,14.9991469479281
-1.0340140589725286,0,-0.8768483829605949
-1.8385966925612012,1,5.351336053588401
-0.3552339280216561,0,1.382641897788464
-1.4796773206842122,0,-0.2491400470689813
-1.9102964433517795,0,-4.157534087626325
-0.5582926914340556,0,0.8341817097441664
1.1349530043009457,1,10.398799085777723
0.26472276490028346,0,1.5105525233003303
-0.7488880431585838,0,-0.7248653391354181
0.6173680219708788,1,12.096304122297411
-1.0719272787647571,1,10.170283270214728
-1.94247421571166,1,8.132867085460866
1.0574135457457094,1,10.127362148394099
0.49497233945603636,0,0.46566312622509637
1.04921049800384,1,9.60822864420204
-1.8442479332493376,1,7.707614705553098
1.3484785113226088,1,12.125074349133023
0.4781048001452133,1,12.451667519811192
0.2535814028505605,0,0.4901928866226168
0.49845619245812633,1,10.786017060344474
1.4577329874734564,0,1.0780003269856588
0.3477460262356282,0,0.5624053664393023
0.3238015195527173,0,-0.36291633107092297
1.9627166282630633,1,13.89630476497274
1.026920668274272,0,0.7159935025330991
-0.23082477819545888,1,9.641545945531108
0.8295880001317109,0,0.34841306777427455
-0.44307811323284607,1,9.581212678266027
-1.084498150066004,0,-1.0174899119291576
0.3874075075510377,1,11.10573659743295
1.7127283924558059,1,12.687505384733326
1.716558080061851,0,2.876046952672037
-0.6323788875780387,0,-1.5837498942915829
0.11070986488677992,1,10.424136799201783
-1.1534564057205552,1,9.763108690353324
1.9825244379955338,1,13.4977215226096
1.924471631471743,0,5.6487576413585625
0.5980357188297893,1,7.817715492754994
1.2176562387098935,0,1.6870685004639427
0.8604006451348001,1,11.03127748776588
0.37263287615787277,1,10.567453949524488
-1.7866080120444092,0,-2.675185264423667
-0.1809426297893557,1,10.547717270489738
0.6991452086696421,1,11.039047974817427
0.7101264555347386,1,9.453163552552027
-0.5075095263104656,0,0.23383704333230548
1.7667679466321222,0,2.5741388256796944
-1.330571871052876,1,7.728395073185011
0.0014377848622424416,0,0.7171699760994023
0.7635359062032911,0,-0.34179464044418023
0.7885432235672369,1,8.747299577221344
0.5945558270752622,0,-0.43402391964402826
-0.8988471461925593,1,8.838000025801957
-1.3751737252535121,0,-0.27181841452084954
0.5437613073068435,0,0.23358182240096365
0.39720846455775094,1,11.413717441909117
-1.282575958843036,1,8.278524343485035
0.8205565822822534,1,11.15041562190671
-0.17931203306537435,1,12.836740222373146
0.6710423664126117,1,10.507116937077729
1.3494683190806027,0,2.0903834519709164
-1.3210862856923073,0,-0.45930778913380443
-1.9234205280126533,0,-4.979967195168933
1.1164103455831471,1,11.28154862842888
0.43878970061046374,0,0.3486978156046535
0.7985582784884868,0,-0.005128943274614772
1.3526198999545702,0,0.353327185635698
1.211243739298002,0,1.5824979869490128
1.8436805877152986,0,2.1610771709362746
0.14374031540847287,1,12.1351305340098
-0.04601746936037854,0,0.11412036001931854
-0.3924512004370797,1,8.746470688565504
-1.3852358286231818,1,8.156954235083596
0.2904289315280897,0,-0.2658856485058096
-0.8919499026960849,1,12.057570297497712
1.6852300488519019,0,1.508437990135456
0.3327632171083903,1,9.902206398319908
0.37136072203244064,1,9.48777858328234
-0.5803013564919599,1,10.401550342072449
-1.79204259208917,1,6.600618875754699
-1.8730249385080455,0,-4.424550707641965
-0.30665942338721,0,-0.2097137061831919
-1.6617384876110486,1,7.406264763724556
0.4273878221605565,0,-0.5532109729197189
1.5238920225586297,0,1.230616401034217
1.5316592660748887,0,2.981316882608346
0.6361816405289296,1,9.808999754512168
-1.155072674108276,0,-1.9046725327448075
1.4519873254354883,1,11.06847265779744
1.5443737412528327,0,1.89607103783719
-1.2133856601881652,0,-2.229506378369249
0.949704343082709,1,12.054265339005237
-0.8539218042915082,0,0.5562470817457501
1.2105612494117186,1,12.31718640332936
1.9889515996144107,0,4.326203250304008
-1.8798959786824287,0,-5.415482001225927
1.5894634631637277,0,3.5431392749718036
0.4905221343946322,1,9.195444387442388
1.8935304766592846,1,12.612399937704774
-0.13996192989428957,1,10.15495426291222
1.389551722285495,0,2.7197405895536315
-1.750423725606891,1,8.371652673106308
-0.6588837996868171,0,0.7632612127118855
-1.7319338489951601,1,7.090623013814772
1.9013725339162821,1,13.10933011532803
1.2678956290873469,1,11.365052389611131
1.410189684983882,0,1.2721054038930948
1.7518609257355768,1,13.57756312864145
-1.6595860555208586,0,-1.4553197640208049
-0.45760962994666654,1,10.543428088887161
-1.7158604438239915,0,-5.051859762502524
-1.1568275937998855,0,-0.6460739473249328
-1.0825368918493106,0,-0.7431588609045582
-0.12357115580968525,0,0.16708214645460548
-0.9257513301854297,0,-1.1510162698329844
-1.5960875727289556,1,6.642201103256355
-1.3300356436235692,1,9.286725402431836
-1.4108977457916363,1,8.239409264714666
1.8923071916491931,1,13.962704869866391
1.0371700276738944,0,-0.11306124247925409
1.8710458610782479,1,14.691001116651691
-0.24103805396836586,0,0.994062766228441
-0.8865260733493736,1,9.948454064455674
1.1931727888367467,0,0.6360485508525786
-0.6949843278354129,0,0.684569045113093
-0.8024665051786068,0,0.1341726623859137
-1.0699760311686752,0,-0.373896150118993
-1.4812840871030586,0,-0.5822532485977612
-0.9741477559329361,0,0.9643206517475933
-0.5787210061044492,1,8.65067677371217
0.6959768325829216,1,9.118175827209265
-1.7497406311221937,0,-3.4587569262772146
-1.1579722413386282,0,-2.278786919933593
1.2360945611667056,1,10.881584310083591
-1.412312305664917,0,-0.8084010016678818
-0.6294194139099138,1,9.853903538533451
1.4586356874325603,0,1.0175881804680738
-1.3802987554262294,1,9.811568147607813
-1.6690526575272404,1,7.815785720633578
-0.06184801967995668,1,10.342864677538483
-0.7903219548858544,1,10.907413783985568
0.2536334579354165,0,-0.11508382742898934
1.2152195619339006,0,2.9575070322118457
-1.4514060473890273,1,8.023433872877092
0.32279633821713993,1,12.014765486359611
0.02203504155945568,0,-0.9747298324317059
-1.4236848559472017,1,9.07466674107781
0.4959939421159296,0,-0.5815224362835452
-0.9054383285569134,0,0.7484185405504085
-0.04866272582395004,1,9.52170977399279
-1.6709107028917525,0,-2.0416721762720775
-0.16166377114550778,1,9.34734544849141
-0.7741461278287187,0,0.7052514243611474
1.2895248447414174,0,0.41640761737833687
-1.7720850920105269,1,8.900988220169339
-0.32557090032668023,1,8.986748219535563
-0.166274303474248,0,-1.3479264231336276
0.9000243051964749,0,1.316081609690313
0.297150300360844,0,-0.578524706931096
0.6688493487767242,0,0.14237072540577034
1.1081971426070245,1,10.35824780408435
1.448811894632755,1,10.207960314924541
-0.744498013110118,0,-0.28332283526451585
0.1520908214556118,0,1.2666749483617088
1.3604323137567995,1,12.262064795899006
1.9578045238602257,1,13.983923716766379
1.5580772441750526,1,13.003466112574028
-0.5141309495024928,1,8.872531135581628
-1.2193339311253983,0,-1.231892075263195
-0.042429850373645106,0,0.3957667476658126
0.966565807344169,1,10.321091964930432
-0.029723716986809645,1,9.753163539081102
-0.06727654674532602,0,-1.2007959836452289
1.3529216843272023,0,-0.8431494357585256
-0.5543848837312546,0,0.7326733793576468
1.4391786992465825,1,11.733660456107241
-0.3727807961931058,0,0.8760965392408856
-0.6870675772866424,0,-0.5994051399411013
-0.184040355201204,1,9.284105313324359
1.0497878346994738,0,0.5850096691633447
-1.4959918885440229,0,-0.8198090891824389
-1.2143231365119305,0,-1.1267609330963613
1.8057793026523679,0,3.7459628726500265
-1.2980334904745705,0,-2.099830441105161
0.2709092717242183,1,9.848494130912961
0.31725786664775146,1,9.945852263191362
-0.04150215179902084,0,1.2263542016752278
0.5789809943072743,0,0.3046701105984687
-1.0806930968095263,1,11.115008097729008
0.21064907110699282,0,-1.3430112310496403
-0.5113069790124114,0,0.06308217866478417
0.6466690385167562,1,10.314610341783217
-1.4351058265074021,0,-0.8577276449046681
0.28350966735790495,0,-0.8019660044906882
-1.2589185784667052,0,0.6868314269794839
-0.8854277475398544,0,-0.3341158978076906
-1.125160798705667,0,-1.7992868853621644
-1.2686488805247316,0,-1.036951135900786
1.302843806242668,0,0.7925633075505073
-0.8571697293564386,1,12.46833672237797
1.7084951274577973,0,3.5434543099251425
1.8797061013807634,0,3.3704394663572232
0.28504187974838935,1,9.899662980574474
-1.4279955093370944,1,9.495093222370189
-0.501807026481675,0,0.9356820734387751
1.190929053392856,0,-2.066995429449993
-0.5304370852117182,0,0.5683703369580568
-1.651931126788845,1,7.774008571458433
0.22713964371275175,0,-1.3052844800944283
1.380483405984139,0,2.1956315209353354
1.1837055485740096,0,3.075467751780267
-1.299507439478587,0,-0.540455885291627
0.6910584576498668,0,1.2654399999246664
-1.1179829462574116,0,1.1054435492999106
-1.127169861791311,1,8.45369648942075
1.4962870932207406,1,9.817428486633307
-1.0013241890390794,0,0.15487714837499866
-0.9470106139279553,0,-0.6722648761006522
-1.9973864369548018,0,-5.35851255730948
1.4826761365020706,0,1.5515346865268647
1.1703792528365389,1,11.529132865056216
0.509315740362712,1,9.91708722935957
1.001063055755369,0,-0.2852313513700022
-1.3918057303020328,0,-1.5715566389953957
-0.16670562164969827,0,-0.021792903619855534
-0.5951224506048765,1,7.965130260627634
-1.624893894971934,1,7.712137482272459
-0.05547805914030368,1,8.655574152252537
1.6829586013705415,1,13.042389558103832
-1.839763523797222,0,-4.674593809173923
-0.8341563460248245,1,10.722482200846017
-1.1698362551771861,1,8.790364609164476
-1.0474133853372147,1,8.882478878223264
1.633738207517501,0,2.4747603556589266
-0.1277237830628395,1,9.1329237524458
-0.1348023482407248,1,10.277520962027985
1.0423025698211292,1,9.834067191544683
-1.3820311839802968,1,8.123418663110769
-0.05093858359979686,1,10.40528808315678
-0.2800591435157611,1,8.85043630951892
0.3876427621866245,1,8.764787638474957
1.9982308130017543,1,14.237619772719974
1.0777955763281883,0,0.5991071548618676
-0.40853718793029126,0,0.13459977844906768
1.3102122090961879,0,1.4522310832604073
-1.3171665467500793,1,8.91478118224961
-1.8781452547641595,1,7.295580043474348
-1.1822065101429078,1,9.271303146946767
-0.6383537755429614,0,-2.1373670587909834
0.042323029838239545,0,-1.7478466893341082
0.4605165621647993,0,1.9767813212592733
1.642422868857687,0,2.215333137211805
0.039416038201830705,1,10.950272270569895
0.00510257850291751,0,-0.3457038392009248
-1.7990279607080715,1,7.030706465901023
-1.8603537893751048,1,6.327371041908134
0.20463984766548826,0,2.4702122307209544
-0.24728554700662198,1,10.245681649237017
1.3567215799211945,0,0.7137963542068271
-1.3572816611526193,0,-2.9017410183954393
-1.9001133515318016,1,8.543619607571994
-0.20384492827949652,1,9.832486455612187
-1.05008577299097,0,0.16527476089018056
-1.8015425066446502,0,-2.0675057180037397
0.8983931473905158,0,-0.10027936575865415
-1.55362800017101,0,-1.2025897566523747
0.43327800003108674,1,9.436531314876838
-0.8758009993324434,1,8.673691960432862
-1.306015798579912,0,0.050643964083283644
-0.48099390832273015,1,9.786170413715844
1.2057831048918146,0,1.3950646366188701
-0.4316256923817092,0,0.37071490129661316
1.0030785968442228,1,11.142564086548516
-1.4980548128033973,1,6.762519562822196
1.0910856786603165,1,10.064160738719439
-1.0522667003734054,1,9.092955688697314
0.7095725195554912,1,9.347153782338935
0.2631262193639854,0,0.4381156735030833
1.7165788688467494,1,13.715965642646525
-0.4507099280987439,1,11.299406174308817
-1.7353392446622382,0,-2.9521070563882477
-1.9233780577949884,1,6.734309670330305
1.3074342438910125,0,1.563097290756996
0.09894255064572866,0,0.6217403996018663
1.100976207339797,1,9.789138316132513
-1.0622975999539412,0,1.221191493682896
-0.6196650179470651,1,10.807549230658893
-1.8795845111547242,0,-2.367484387428947
1.8459692982964486,1,14.348624993480797
0.6714716268032537,0,0.6855105402813709
1.7328203510372249,0,1.5742272727110955
-0.9380143702837107,0,-0.5516385332575126
0.44585444490264337,1,8.39326145725355
0.7139998731705512,1,10.597069584713383
-0.7298011989696462,1,9.63643671016557
1.3924369400625203,0,1.3093621236926316
1.7886458516009913,0,4.065167312048718
1.5394204707840173,0,1.3670771199362846
0.9562679037574902,1,10.185105622491951
-0.8901412811001839,0,-0.33067909382444344
-0.873535831577473,1,7.826725506855262
1.8534412817841517,1,12.917448407690319
-1.9588620162572319,0,-6.244009201350584
0.8641998929685779,0,-0.2628114091550086
0.8249846502210487,1,11.135931195019452
0.4907581637991898,0,0.5063645336483228
1.9604353843474631,0,3.1724571056560293
-0.7524822569450991,0,-0.17224062552043579
-0.6401125448270073,1,8.793869273167484
-1.6842423882137778,1,7.6088346293301345
-0.2288074538250502,0,2.924330924232091
-0.9558058950606076,0,1.4092059575849936
-0.6264531912894231,0,-0.07030164306790035
1.3382871610225107,1,11.358588698873726
1.741938054109983,0,1.663257971240487
-1.2570677119792575,0,-1.7950103954637282
-0.5099642737861365,1,10.295872759710639
1.7145222484615763,1,11.995100696820298
-1.7527661572431095,1,8.211734963915276
-1.630557887554486,1,9.40208804274748
-1.3488360431750825,0,-0.8943874909212491
0.380851336507499,0,0.12935801875705813
-1.3981109159760101,0,-3.0472332086501366
1.872305525802934,0,4.029319951005006
-0.21314189096591862,1,8.851487237350156
0.006071841400665523,1,9.581990983292652
-1.013365536778374,1,10.439258437063986
-0.11615899026106602,0,1.028974502849238
0.6476545305480461,1,9.669323888629503
1.004708547816171,1,10.098180594633323
1.015472330839652,0,-0.17574943548076072
0.3115644507763533,1,8.817268410258398
1.617439099975429,0,1.4809032069092871
1.2696313892244375,0,-0.5898300585798011
1.0281924587945017,1,11.22655469569014
-1.7775779132781575,1,7.58614315805478
-1.9724881511214027,0,-3.276659915459696
-1.1502108912181082,0,-1.7152599827533122
0.6540943756538091,1,8.944853126188617
-0.35521004446981674,1,10.031105107034268
-0.3903749628027531,1,10.034357434911112
1.538347552918455,0,1.672990062626031
1.582251392527355,0,1.6911153139568773
1.636701056214343,0,3.9029652731883275
-0.7444876939398908,0,0.2197044200704705
0.764223250957047,0,2.1938457866257655
-0.9134672749025214,0,0.8878562190461694
-1.2375606677022009,1,10.755573941650189
-1.2614701706105231,0,-2.0781559172857857
-0.6315695165456239,1,10.467210749493265
-0.2801695208807131,0,-0.44276143672105883
1.3237966842202735,0,-0.5034511287912675
-1.5204356261091516,0,-0.2614109690055284
0.9397033895795768,0,0.1212064708787099
0.1258196567572214,0,-1.0541057308166242
-0.8482186292960301,1,9.28030015414411
-0.02872166186870162,1,9.203764030490477
-0.8002317208919094,0,-0.9499204841126074
0.38432782095322393,0,-0.19321926751456814
-0.2646243085790232,1,11.721549898861555
-1.342377883684485,1,8.12421481961197
-1.5336677017772131,0,-0.14442731750862503
0.1867827282885206,1,10.852095014054237
1.6096521331444138,1,12.481559797292899
-0.6241692537692578,1,10.626535838402521
0.9320004288904928,1,10.418435006654578
0.6346454197590679,1,11.413859697669768
1.726219657237924,1,13.138904539598432
1.2839240691965634,0,-0.6064165975834099
0.26642103562185193,1,10.3057072368531
0.6281219929364292,1,10.907881901105988
1.5935458663361395,1,11.734314747722616
-0.4019248616522608,1,10.093791679296068
-0.6928211765688905,0,-0.779135486751541
-1.9567556654592146,0,-5.123729431208723
1.306204296765857,0,-0.43607379728606976
1.2039228016134595,0,-0.6645670063305272
-1.5821819275993945,0,-1.3112929919271057
0.30742952453080097,1,7.524246321507802
-0.14407320733245044,0,-0.6679751971621576
-1.5251636179635542,1,7.460486819974404
1.9222729082428942,1,13.269367621705708
-1.1412164501465782,0,-2.599577429126104
-1.7310632796377554,0,-2.189746774114702
0.3793895180076383,1,8.754142587759105
0.9554667085321307,1,11.568536265056267
-1.8702262158112521,1,6.1074460877579
0.6348705549080886,1,10.032332636801337
0.12916750380581776,1,10.004851387632936
-1.5869399644998063,1,8.245983348105266
-1.3099044922145517,1,8.913214710938275
0.27189718926432205,1,9.5829398700552
-0.8145695459468465,1,10.072805494231236
1.7532629146052643,0,3.160851609188148
1.2749609179362031,1,10.271105974141577
1.9342688260546521,0,4.044800538350848
-0.9613166441983441,1,10.74752967600587
1.878894531191908,0,4.022372888208923
-0.27506452083376853,0,0.9219694833477605
-0.6099248187449815,0,0.058472306153364226
-1.798601892122587,0,-3.845360918129427
-1.7889389685615895,0,-3.6722175055986903
0.7680450237866188,1,10.546420220354602
-0.1682840222638884,0,0.9403808644457916
-1.0939134958555772,0,2.131397906626122
0.45588122530093056,0,1.0291943157835088
-0.9885675269995553,1,8.346517646965141
0.3105270173776904,0,-0.7523009735792974
-0.5631650120692386,0,2.1892120638930144
1.2942089064472762,0,0.8694959454506422
1.2827846430671173,1,11.10294907249449
-0.09059840751039472,0,-0.9607887395099816
-0.5967235626599376,0,1.4588630377867442
-0.5497608137636218,0,0.41725419088392796
1.2228581026728715,1,10.139718612629832
-0.687282068809552,0,-1.1561464139589348
-1.163762505172616,1,9.51913704661101
-1.6612466324987727,0,-2.2480985265492075
-0.1332275164623664,0,0.8309278515803182
-0.07147160432063249,0,0.5467859278519518
1.3636348416116286,0,1.0033591324406022
-1.115045214215744,0,-1.2369838535455995
-0.47603490532640036,0,-0.21387910023263157
1.2336229555747638,0,0.387998648468029
1.294494442995894,1,10.954406903507879
-0.4615556960849272,1,9.967277478868173
-0.16350390685327643,0,-0.9001164114797682
-0.7868564366028683,1,10.387091514345302
1.7302195136772482,1,12.219416384305903
-1.5254249370336788,1,7.3833438078356
1.73499769200588,0,2.259752337859595
0.7354658073413729,1,10.44116854454388
0.12628861074692477,0,0.08404527654462567
-1.8693637568620165,1,7.155852797498109
-0.09761523271196682,0,0.8978810502988197
-0.36900757998907086,0,1.279816951327893
-1.3551247520995098,0,-0.9587643784051443
0.6256384140026277,0,-0.9469576218015708
1.8846036294731432,1,13.077691613668003
0.24875524425810047,0,-0.9966220001668126
0.8590131057757833,1,12.013788469188007
-1.7261981897359329,0,-0.5844274405991499
-0.32933201673202106,0,0.6324515918423799
-1.5345660593420165,1,9.051589414349074
0.4511833421460416,1,10.296866079443614
1.7539286328566184,0,3.063831117623269
0.647110929886554,0,-1.46196454051269
-1.6927878067423139,1,7.500700039973369
-0.5813351800596687,0,-0.979384346348524
0.20265351776340612,1,10.285517870293047
-0.38716897546699114,1,9.911371875604132
1.3345760419006893,0,3.1353241266529883
1.2586840188399568,0,1.913685083162924
0.44732408041288574,0,0.32926649573484157
-0.506168219469179,0,-0.3317814219800447
-0.9786545049470234,1,11.207361118926462
-1.5765027271474827,1,8.010956275910184
-0.5804092660537838,1,10.23391130022639
-0.3473099311691219,1,10.021302615160895
0.7032917004162944,0,-0.23022311101186715
0.6326392971902939,1,10.163107619926016
-1.7195674414349722,0,-4.5042718114855145
-0.4189627382753689,1,8.415523380944663
-1.2728845311305523,0,-0.6815555113117746
-1.3727491787327772,1,10.274767748136524
1.3092085989489837,1,11.470230649591063
-1.8323391331349699,0,-3.796377665117334
-0.32326849639151467,0,-1.4597449404448153
-1.3271853769339272,1,9.615661147141376
1.517320862713896,0,1.1794403865216958
0.22816205310014048,1,10.649174239788557
-1.074477454492608,1,9.769622080315765
0.009709148665505651,0,0.47830084988360444
0.9259454388124633,0,0.43054292212515466
1.832472035677735,1,13.460322567530923
-1.1182159830183243,0,-0.8185669390284765
1.5447270885173805,0,1.207693280932903
1.737216456669961,1,11.657891967597463
1.665682178128265,1,9.925706403834276
0.5416574274476393,0,-0.10165037623912822
0.5192826177388308,0,1.5893916139393274
-0.3871574672647089,1,10.70106440106945
1.0095915292151516,1,10.742234849645746
0.12517607340372772,1,9.266975700746825
0.7097522849131779,0,1.1761074813399204
-0.2861683846048182,1,9.868973188250285
0.9259858561725562,1,11.971927510078054
1.2978860704181963,1,10.11206263445383
-1.4142549735887355,1,7.835692672369463
1.331718862296912,0,0.3336151957978155
0.16118612716122893,1,8.519975515338793
1.3786636363608973,0,0.37317755398978847
-0.27479317463594155,0,0.09284126637717502
-0.4838380584678599,1,9.231165907775432
1.6602429300688897,1,8.431776944860715
-0.9953229298063948,1,10.581256141387557
1.3768493011445724,1,9.620962517353622
-0.06391770996238355,0,0.5890977178268283
0.05638177020503887,1,10.031304205787304
-0.7661268740420639,0,1.8925335837657045
0.2921688024760627,1,11.009427627166996
-0.6991552148951548,0,-0.6754844274764346
-1.8429223430333908,1,6.168320027660281
-0.9120055786225758,0,1.1234454567779282
-1.9744838263736373,1,4.6752810257800315
1.9134191482274265,1,13.693559041373558
1.86298883927899,0,3.1018427561716657
-0.4193788101107798,1,9.619894055157431
0.913483417358584,1,10.73464299563284
-0.6167756063583001,1,10.072245393699678
0.6843726283439042,1,10.617669141889344
1.2217201721839164,0,1.0507455262820702
1.787024978768963,0,3.2710762578294204
-0.399150896601312,0,0.06156854546742265
1.1331919318241908,0,0.06815256505029987
-0.9362861974715249,0,-0.40638788746537097
1.9613292151745934,1,13.058046105422457
-1.8969216049425954,0,-4.193234088979743
0.4141152260044838,0,-0.3006413985575532
0.6380239266053085,0,0.010438484583726926
0.7521822282965154,1,10.248009424054393
-1.518449684843644,1,9.16584212150452
1.7541191338925217,0,2.200190262791209
-1.2752668837996688,1,9.159865073278496
0.4910136129593643,0,0.17721802231908768
-1.1092956835076602,1,8.708857069291179
-0.7711343319149164,1,9.844463981239464
0.18583416691249743,0,1.0059302451054613
-0.3312263257416941,1,10.168336651233336
-1.3590975960939748,1,8.97135789755268
-1.3162543903166068,0,-1.8455505577914262
-0.3274208473488014,1,11.95130837161469
1.029131913102003,0,-0.10337313646155055
1.5918585873911542,0,0.3491123234558011
-1.6634893509624686,0,-1.441417101462257
-0.4275843697623958,0,-0.1539043213028917
-1.5990177451084935,0,-2.3472722772690506
-1.9336300774696085,1,5.839597033567301
0.6468747305758265,0,2.0070559926817815
0.40979776786635114,0,0.38899981092021674
-1.3479235447404552,1,9.325231504562806
-1.0647486676277436,1,9.559068311369272
-1.9051689854219265,1,6.812483340862595
1.339788822777615,1,12.601107915461531
1.8987623841942058,1,13.171948013560822
-1.4581618528212368,1,6.992864349834739
-1.0740991449388075,1,10.248466484430459
1.4736380957877362,1,12.096784662909235
1.7058551918247393,0,2.589949592154679
-0.32149046877275866,0,0.4541392375701166
-1.7975101109237035,1,6.725339909556167
-1.8424326652287224,0,-3.1064298047352876
0.29579946427604176,0,-0.11875942321565565
-0.4284195644272839,1,9.369194967643056
-1.885390289689382,1,7.838177609251063
0.33300956925022707,0,-1.393794017185178
-1.9547898536439101,1,8.626057381753986
1.1494878325970919,1,11.636784149547932
-0.7742687091865137,1,7.989940503621446
-1.8389679879630716,1,6.666319701452169
0.35340888393261327,1,9.853524087082585
-0.40926234226778124,1,10.357611794894543
1.895201653428598,0,2.414204246107246
0.17679465001480876,1,10.034788320945125
-0.8990432758519669,1,9.51554178647159
0.8377554585358991,1,9.556364356924638
-0.9140319898291547,1,8.741431708862766
1.6169731656302604,0,3.0326754596518395
-0.5011121179704943,1,8.240499487425948
0.19947425110482087,0,0.48184747401324923
-1.7977075847030846,0,-2.107362737708666
-0.2955150481910769,0,-0.23146187639400156
1.3294541586439799,0,1.2272436258775432
1.2225952214533677,1,12.077225425222942
-1.102725764585895,0,-1.3753110427311424
-1.0956837159577493,0,-1.2593490731536785
1.269221248852947,1,10.52682490237056
1.721593680677302,0,3.7166282713514076
-1.6185563149079858,0,-0.827792105548333
-0.19976544229509896,0,-1.3998761775000677
-0.6501828841430841,0,0.8688123118724542
1.4827538218297573,0,2.448869109239954
-1.665900341279925,0,-0.7580284498317118
-1.1554962297678504,1,9.613715193573498
1.0098733503459774,0,0.47069661105310917
-1.7948246040751377,0,-1.7457031386747806
-0.029858477142842954,1,10.698890481657747
-0.23157186128111995,0,2.2386893326062123
-0.6623952840450054,1,10.813389079483686
-0.42171073872430487,0,0.1160494686791181
0.11976234772093175,0,-1.1732455035059612
-1.3545305664464675,1,8.176468275070114
0.2879835131343711,0,-1.4240130931404675
1.2217293171999453,0,0.6967283127900288
1.0406437191606361,1,11.48954460975643
-1.3844003812249053,0,-1.3303173422353454
-1.4030021210341044,1,9.640880092656674
-0.9273025290203467,1,9.938884656720525
-0.5557010946358512,0,-0.4888935686409232
-0.3661776743660696,1,10.063075489015155
0.7187888673333811,1,10.657780497594986
-1.7732782713366584,1,7.351172602989647
-1.8613091830957345,1,6.926457571023511
-0.4323577482243639,1,9.190538878849969
0.7886547685519218,0,-0.18771396044706787
-1.2262586281740697,1,11.336491978435932
0.5660179250250068,0,1.3191358522803012
-0.9606874482388021,0,-1.9171599059399915
1.5443444352540654,1,9.474661576676974
1.582759777066466,0,2.0587007439571643
-0.810851182874694,1,10.626913822209087
-1.080024984147038,0,-1.149841550697089
-0.35478411173507496,1,10.999330076862227
-1.0378736592794051,0,-0.4993347082676659
0.6895353731668146,0,0.0008616304037818434
1.304258738193142,0,1.8654464829742925
0.692368523644868,1,9.634076001153213
1.2974017889973979,0,0.8052203684006858
-0.4120313511701035,1,10.63519201501349
-1.3747321171645566,0,-1.330441073585275
0.9518037895903686,0,2.3399102929312168
-0.5581019794337845,0,0.6069072190642201
0.68508330091653,0,0.7895820282717553
-0.9174242320729373,1,9.564412401718728
-1.6750814607733093,1,8.52470089996357
1.9703271819510535,0,3.501983684193557
-1.3751939682776029,1,8.982022904184737
1.9536839758539242,1,12.812196652429547
1.9091197302657892,0,4.518562143879796
1.1752724156321586,0,1.1022861713157357
0.6376918483279903,1,12.112172043623756
0.3112282010043388,0,2.407371631213024
1.4644061815113387,0,2.333518336583034
-0.8422419135220482,0,-0.23030586868002148
-0.12927515006049184,1,9.052855260556369
0.4775598774660077,0,0.9592067766691365
-0.35523809652203564,0,0.18787008702979477
-0.2900541836389281,0,0.5258335026112296
-0.6788613299916624,0,1.573359847211433
0.25692726673814414,0,-0.8159431960630136
1.402298112060464,1,10.454463377814948
-1.1938864879747486,0,-1.0872879132025008
1.7377321550137657,1,13.444927376244939
0.7563506149929187,0,0.7712085712755382
1.2930928507201207,1,10.18539473210093
0.22476277052004656,1,10.76223021757594
1.118066805696254,0,-0.5023800423440343
-1.9351984106421312,1,5.538606182755349
1.2735216991181408,0,0.9172780539156961
-1.839444563658534,1,6.334636630540659
1.55965350545145,0,2.786802925866933
1.9678509889545732,1,14.096568479513705
-0.8237301512928887,1,11.486097806827276
-1.1587257748568254,1,8.974935706558512
1.0614534554321629,1,10.475758863206842
-0.9878946363189871,0,0.7283217317974751
1.4622495326888139,1,11.472350940657309
-1.5886296313700932,1,9.48935791357838
-1.496179214482567,1,8.866190542990077
1.9166062204024623,0,1.1674244379988363
0.6953555930800186,1,11.345679374013573
1.3875488977158112,0,2.2484451701484147
-0.702682490593928,1,10.77785341032916
0.7059349980824177,0,-1.7350790650145445
0.3769673092343888,0,-0.6362056136254614
0.412600480491788,1,9.446415545328861
0.7301298381508863,0,-0.6465090629739367
0.30143669251639427,1,11.755617415704803
-0.2837505227893362,1,9.976809166421223
-0.8963092224778126,0,-0.3965950122843946
1.074325323652808,0,1.1719879723725706
-1.0949102799872552,1,9.912996831975565
0.7694172246176567,0,-3.107144109741726
-1.0666687094026934,1,8.74682416175966
0.5013206798178156,1,8.650207986438552
0.9883130685161157,0,0.8829797743541843
-1.1251444443738432,0,-1.001080730659821
-1.7602267965547669,0,-2.711554358809461
-1.4761050280233037,1,6.3133479213901715
0.4239878690841019,0,-0.27174298386821055
1.3977856249029421,0,2.480630280878267
-1.8200127150583025,1,8.39510230662212
0.936605036166585,1,11.129671966260085
-0.6347254161997915,0,-1.4633232241734497
-0.08588652032190991,0,1.259085032275188
1.7154381993822625,1,13.248036450977333
-0.6721139810566181,1,9.731001520806897
-0.1386522642420558,1,7.973630928703296
-1.9452703409572756,1,7.273068865029542
-1.6736051199806465,1,7.063988110708272
-0.9656336354608639,1,9.8959640914921
-1.8885910367157024,1,6.700303170678627
0.5255013041930039,1,11.610954002856955
-0.2944065727935099,1,9.861874135281985
0.19258081091208812,0,-0.01154243231348837
-1.3014112564146818,0,0.47653397035494893
-0.8162718822535355,1,9.069836866117017
0.6552978994109004,0,0.9550203355541758
1.8612108945215993,1,13.025100184920532
-1.7983329055911632,0,-3.9104473847115586
1.5615372834210643,1,11.904986217919951
0.30752480524483383,0,0.7062466555657001
0.25567826702249485,1,11.36206686006989
0.0011141408310413325,1,11.47469398603718
-1.7224236563832664,0,-2.8497584541148098
-1.6404925930553573,1,6.805290853571611
0.40364802263634436,0,-0.28585536502919473
-0.6361657142577668,0,-1.3102610536620447
1.6690722663107227,0,2.107466421483156
-0.37363785056211096,0,-0.3677461851502416
-1.4268741651894357,1,9.274953790375172
0.8588753340081441,0,-1.889153253390088
-0.8265863142359606,1,8.984011597691032
0.1018812294235727,0,-0.7249895518180821
0.7913311420206801,1,11.434895001937845
1.6010564448082816,0,0.9382150498338397
1.1687647792067044,1,11.024930195817815
0.7054442714908964,1,10.047404327907053
0.7185327295805743,1,11.228527900891889
1.7836985761283461,0,3.433322266887954
-0.8167036100138558,1,9.848871123260063
-1.9955516232152504,0,-4.528035934035263
-0.9121817624072053,0,-2.231844581995706
-1.128434481493024,0,-0.47136848070952586
0.6473383404559927,0,0.6661223696864258
0.5348463990621162,0,-1.4983683526855522
0.37384553081889527,1,8.792430251258713
-1.9350262271621852,0,-3.370355016719358
0.9151122178025899,0,0.722313068316903
-0.7058783500580339,0,-1.1665042816972806
0.6602239560265244,1,9.569829668960049
0.22631371400861333,1,8.169306817693252
-0.6290762982883713,0,1.2527895237238293
-1.461694931583569,1,7.13863192453482
-1.6223244093580762,1,8.407331986094658
1.3260733324488942,0,1.1309697105703267
1.673590168326232,1,13.633376361147764
0.5991521870571983,1,9.31528873483954
-1.5862635405580665,1,8.065549153802662
-0.3918911324470371,0,-1.728519966670278
0.9157568004206289,0,-1.5545451947796964
1.1192835360402724,0,1.2974503474735801
-1.5271255108356456,1,6.434260047464198
-1.9998771246184703,1,5.772519672560496
0.84854818352242,0,1.316787227743427
-0.5736152960551775,0,0.6523152427730087
-0.982074673526959,1,8.861823405626232
-1.9484101208418982,1,4.713120245280699
0.16119762704599871,1,10.51158919562751
1.404602941703927,1,12.727833973083047
1.8305265850903516,1,12.404651403787152
0.2629798024531569,0,-0.7942192303123643
0.05784531095957668,0,-0.5248051853499501
-1.6597744580430356,0,-1.7146071607264757
0.19549120617039906,1,11.232253131721542
-0.4800836841384215,0,-1.2949317376612393
0.42854112353430773,0,-1.4589315574981414
-0.4450946084938132,0,2.2959076511869063
-1.038803506198533,0,-0.7378158287820605
-1.620138899086494,1,8.126581958663193
-0.7403262216444171,0,-0.8948109172205445
-1.6134206628489909,0,-1.6100065185724617
-1.2924121967040643,1,9.880683903709919
1.9493446343181837,0,4.003496885724246
-0.2235857723735255,1,11.73526948382565
0.1274870660200662,1,9.674291430641384
1.4944741149488614,1,11.406036285212057
1.9822756019627512,1,14.125999641813468
0.3308577973787261,0,0.48307063125259236
1.2498952841766866,1,11.204264354911276
-0.6922359026532989,0,-1.450271476658673
-0.7770241702108356,0,0.07794456062884392
-0.3891851160217592,0,-0.4036475572142458
0.6900290506945965,0,-0.4167017666476063
0.7287667570203951,1,10.226006426412313
-0.7390422614021968,0,-1.1633490185679056
-1.4671603034534852,1,7.285533857129665
0.5295850258620343,0,-2.541205172490801
-1.486696551244942,0,0.1042394363572734
0.3139700329173203,1,10.571206459574233
0.7736885122252359,0,0.11479849604895191
0.8024459855778066,1,9.591132095999559
1.013888442638387,0,-2.3549089453676695
1.4914376862626582,0,0.9302379557868139
-0.00016403214084625972,0,0.7158663371618694
0.9209967581182847,1,11.332785159262905
0.4766909414633469,0,0.6964522487614038
-1.2534402408092697,0,-0.8262558201088726
-1.8972414205223673,0,-2.1107098235192683
-0.8618344572922649,1,9.351395286753444
-0.22786517464952238,1,11.079273247060282
0.4684237777146252,1,9.666808524623553
1.3998373220128215,0,0.49038047341244806
-1.2150171331753374,1,8.097442392909846
-1.4978008404060916,1,7.255414866092821
1.85391978989731,1,13.84504641749023
-1.5678217624943716,1,7.330350466699544
-0.08603571957124334,1,8.966652730527521
0.3422549151732075,0,0.7337808208527564
0.16549768362975303,1,10.330236838492125
-1.6558713718682272,1,8.692466846083159
-1.7718923439855225,0,-2.268919286287868
-1.5780662901558573,0,-2.7180354686836528
0.34235073549045003,1,10.09616485873591
0.17737955053728438,0,0.1279234819527509
-1.065036831853023,1,8.476803863446085
0.5510965673823662,0,-1.0209389139554348
1.2802700082225975,0,0.3685181030765189
-1.833684160613625,0,-1.0462052545422282
-0.007480225807830365,0,-0.4127443034949965
0.7572416484107611,0,1.4499736187703125
-0.9907522917212517,0,-0.9549168317917814
-0.7689163788274036,1,10.661534682424808
0.45455161195753524,1,10.949450738928915
1.5917411737749476,0,2.9690400332934415
1.2396976812115974,1,11.34044224393934
0.33252087639833405,1,11.395750017585494
0.9208868710289968,1,10.768825026585429
-0.5407101191688053,1,11.634486714578719
0.5638621123950309,0,-1.5302825073481388
-0.13527363548977211,0,0.34704856448390514
-1.2402554541697564,0,-0.6705777083475037
0.8069530955090287,0,-0.6737866913966657
0.22585854939528804,1,10.585344979448498
-0.5655136721856344,0,-1.5805099272701748
1.645356760314523,1,11.57296965431581
-1.916263528693067,1,4.482589196616511
-0.736907395002016,1,11.358544181229016
-1.7724744088894138,1,6.984189629298427
1.0661092648865087,0,2.77274804762119
0.8084298164551704,1,11.067128124002009
-0.6745911250547318,0,0.2946040470871539
0.7026516088282921,1,9.587228630110411
-0.41625109521620063,1,8.917589096661606
1.0250151656897373,1,11.06144078692974
-0.1832653490531757,0,-0.07459160152156444
-0.3508810886733378,1,8.639129876562414
1.738919661953204,0,1.112250381865585
-0.9964836004371991,0,-1.4534476556579543
-1.5182106400137383,1,10.071257133974328
0.3381724530378327,0,2.2326147216793553
1.8772872491367156,1,13.512963969779165
-0.4886431450912534,0,0.090605615610092
-1.751852945484874,1,6.975471143975086
-0.6427789307617302,0,-1.0672721476575262
0.023726617278233775,1,11.375185736084928
-1.3523079734711452,1,10.637068678621777
0.6324088722259682,1,9.233044026748189
1.9909975560408024,0,3.8633897250149065
-0.19304209607422473,1,9.546536818221774
-0.5810857730791494,0,-0.5183439822464926
-0.39718333266213346,0,1.1545795065951918
-1.5394152864191954,0,-3.1360142749396482
1.5330944057048952,1,12.268145722643792
-0.3406973779145921,0,0.7084649337745579
-0.45090235430063474,1,9.812011686297778
0.6387610917218973,1,11.023380114287884
-0.2318663162755059,0,0.1414190434085998
0.5929338752313842,1,11.321358974482155
-1.75421483947685,0,-4.221301393999191
1.2548933748889097,1,10.639301042071112
1.7620158115176103,0,2.663451855509648
0.5950615446375438,1,7.4331477389197875
1.818263715435243,0,1.9197125904034043
-1.3942707425201468,0,-2.1688240745599914
-0.09033524207858523,0,0.9478374064409775
0.40722693578178903,0,-0.6730773558401228
0.32694658968474677,0,-0.8006046610742225
-0.39415288364382706,0,0.7868686752727209
-0.6476623625349545,0,-1.7537469895947098
-1.4927039097983248,1,6.2657606570857
-0.43303019775088725,1,9.597807838219182
-1.3493567395780595,1,7.323863407320671
0.9374627059688736,1,9.002258845048134
-1.16467625802164,1,9.78350913211132
-1.7657387788618646,1,8.123334136650877
0.20946455126893726,0,0.7934593861539905
0.3809189308776064,1,11.136412182450668
1.487652245122022,0,2.8873027568524274
0.30792644967072746,1,7.886008383754475
-0.6180765851062171,1,10.332353563956968
1.212047526105282,0,0.3606765883176636
0.16111557274968424,1,9.254666891377934
-1.682878861475233,0,-1.8226102130279693
0.2634022412529866,0,-1.721157958596048
1.6320741816866495,0,0.42254175752591316
-0.4147494980071178,1,10.597900731585511
-0.8146967924007997,1,10.217416314735852
-1.4261221719279198,1,8.68649158541898
-1.3942179122585707,0,-2.234984178439563
-0.26891406263272444,1,10.73410640487325
0.38271929664611815,1,10.708332116675368
-1.677538379321593,0,-2.2751052303226906
1.7582743561006628,1,11.540556785862726
1.0205344697807837,0,0.10619018494338028
0.3464956731346507,0,0.8586336831068894
1.3137546837559633,0,2.4609295703407694
-1.6792529727515468,1,7.305808605105893
-0.09264448906750244,0,-0.2500705516958427
0.5203725074466536,0,-0.0912339107446512
1.314611624473157,0,1.410851360899196
1.1338782401970708,0,0.1478349105334602
-0.8917230011464015,0,-3.248720707199735
1.7635206782368171,0,3.935048226089008
-1.5026166342765186,1,10.098342392277939
1.5005344744846085,0,1.076904634597874
1.8837609984184742,1,12.275661856104149
-1.2913859071094977,1,8.786091827618394
0.8882642568151411,0,0.16292231248528868
-1.8388579248880061,0,-2.113437107809616
-0.3783086994433802,1,10.027568149280967
0.06513319679069607,0,-0.7924846720055556
0.3225809036385363,0,-1.3016258178528644
1.743748992994238,0,3.5167085713651667
0.6890027491767787,1,10.763054583309986
-0.074888195123052,1,11.06034988253988
1.2387001450635573,1,9.982130405453875
1.8021312838176358,1,14.7648072081235
-1.9117354052708366,0,-5.237135035947362
1.9300850890241548,0,4.3046049645211095
-1.6554714437452787,0,-4.1780634508143875
1.2575471170750454,0,0.20402668696447146
-0.87866098979435,0,1.2218399592114335
-1.471281368984513,0,-0.761054232337682
-0.2405774411446604,0,-0.5531824265361303
0.5758263177904541,0,-0.4233719641444387
-0.47619261990609996,0,0.046631531768968275
-1.7817383668692042,1,7.6859951572268175
0.39784455863486645,1,11.283064859304538
1.609613104442699,1,11.628902548898363
-0.4671385362109932,0,-1.6627541782683033
-1.1346688894766919,0,-0.5734594298044456
-0.22969061626873843,0,-0.4634898209173235
-1.8065491558048765,0,-4.248578549304257
1.2819503379210992,0,1.3510453728276257
1.305363243800747,1,10.899038236626234
0.35200185371851367,1,10.328319654996315
-0.5875884442464421,0,-0.9958796461451569
1.1991334577831334,0,1.3488401504234702
0.2187480991534687,0,-1.3118645685430705
1.3037292342000648,0,0.2802493639482132
0.5258351703320825,0,-0.1702168282731194
1.1376218928511892,0,2.477964196882332
0.39425197287103986,0,0.8154655709701895
-0.34343572713733517,0,1.056938708751444
1.8317834397045503,0,4.4902881089232105
0.16445529951537896,0,3.6050560274569348
0.42035807416215354,0,0.07872789478147196
-1.118049442341003,1,10.72160070427734
0.5026031577091059,0,1.0761165296854578
0.2864305979317754,1,11.00778224267294
-1.2606464082119002,1,10.772511471664952
-1.7616516105874251,1,6.84711772189118
0.4174372788590843,1,9.537685009184324
1.0547690774012821,1,10.906500751424751
0.0936054836880329,1,9.817710313073892
-1.0929094987214172,0,-0.3342126630368141
0.6660879067721397,0,1.7105114281375589
-1.679577093561591,1,7.152827243327551
-0.23266518079218157,1,9.689023595244683
-1.3465329664063193,1,8.953577186298805
-1.2621637957604666,1,8.766331856682541
-1.1908242033671854,1,7.241662727553686
-0.4531717718240884,1,9.373339625063124
-1.7953991775184095,1,7.793676135759876
-0.40882623628360726,1,11.40338136896372
0.04682978845880337,1,8.845432782006391
-0.06682286013469918,1,8.840568408889677
-0.46886359838783775,1,9.978697939682224
1.35658643228301,1,9.172686083946841
-1.4186932303179836,0,-1.8726653835792637
0.02278697512549588,0,-1.7360361435258687
-1.7518343321737828,1,8.680938500799968
-1.715377284488361,1,6.7069035240899515
0.2954633987083852,0,1.6657309598194034
0.2640736995512838,0,1.1227289324553515
1.5121340513778279,1,11.0824672981889
0.2314947026402927,1,8.934243240255029
1.8391640816194008,1,12.916963051212651
-1.805220606400281,1,6.9539075697191155
-1.6079692608770357,0,-1.732607692761207
-1.8237365537184744,0,-3.809430872226338
-1.25889259866584,0,-0.25115827803988533
0.16508044376671238,1,10.267577404224106
0.582288725709712,0,-0.2416797024373913
-1.8176593682053248,1,6.285290057667491
1.7838835593823972,1,12.653488319537464
1.3686615066015242,1,10.465010601249242
-0.8135500713716275,1,9.789209057119221
-1.6912498790941282,0,-2.333324445448775
-1.320451707123771,1,9.110542297693703
-1.4922223449801093,0,0.10485612379199938
-1.5068648828042126,0,-1.8432198958089476
0.07424675466293573,0,1.0048025127333489
-1.0166102300263988,0,-0.2957440890552769
-0.5674411338834222,1,9.670400671515514
1.9580213335372898,1,13.634218369006339
0.737256995701379,0,0.14154082850234703
1.7959226681880054,0,3.17599672774355
-1.4297737798675376,1,7.579269521338577
-0.4714421006697229,1,8.482268808842273
0.2189272131294171,0,0.6595438883178021
-1.692967752445048,1,8.47198269572364
-1.9832502254881685,1,6.845295164651244
0.6817373351876701,1,10.313396115564794
0.5672780672057414,0,0.8585009180477248
-0.35684476000155296,1,10.690709044387596
-0.04142369587186945,1,10.787593819027416
-0.3382279976316416,1,9.121112845254476
-1.9039798206204446,1,5.45195230159684
-0.6585135751301503,1,9.468651797535482
-1.2916709784108407,0,-1.0949050274824261
-1.606303243594525,1,7.685778938136479
1.8268817355573992,1,11.1719157110223
0.39743890016866246,1,11.753081875315605
0.9146251369464107,0,0.10851387437473325
-0.73854502693553,0,-0.028714816818586952
-0.4274114820239392,1,11.205509103121479
-1.052304024413106,1,7.072396583057749
-1.612137316138301,0,-2.60665561454707
-1.2838734502336648,1,8.554758499123972
1.1900561811859434,0,0.5063887974496067
0.7101832207351033,1,10.005607487399848
0.1877155039419076,1,11.450442074414834
-0.09964050853292772,0,0.6729642487373406
1.6897371346244978,1,13.370313789085241
-1.7090602088853264,1,7.551134571596739
-0.8775967470483361,0,-1.7373250444013744
-0.6002485857171438,1,7.812168672943683
1.1297032488511514,0,-0.8085274562938352
1.9700584806478854,1,14.182792650591747
-1.0373179409713877,0,-0.5263221268551157
1.4972293365483225,0,1.468002624955892
1.3224910417271651,0,0.7879299741187941
-1.1013704094329335,0,1.34373118229882
-0.4026696792031097,1,9.144451400188899
-0.36130852282992354,0,0.9042361535523963
1.9128826741062332,0,3.501646680714313
-1.2764323944844067,1,8.899227820839526
1.1966318844191282,0,2.0333828194223873
-0.6632291433075603,1,11.316662120525718
0.9234813831046416,1,10.154231253841129
-0.3199559828173486,1,10.782825479351434
0.3134390524661601,0,0.37928812149309554
1.3304470933045245,0,1.1849423326595436
1.2166622599355366,1,11.104747472728032
1.4656927341588006,0,0.8863321974139861
-1.761530698621364,0,-3.0391058188196642
0.7682022121589793,0,-0.3539639122668852
-1.4400504931129485,0,-0.5917723428566974
-0.336725727926356,1,9.885709193150628
0.1943536602187539,1,8.705956669338054
-0.389042061012677,1,9.247121294232839
0.07844670321202996,1,6.800976730792524
1.9861052351944766,0,3.42271666145888
-1.459130745148581,0,-1.5156452338852702
0.7018241813457022,1,10.036708421476686
-0.41599613445753914,0,1.9441597069550425
-1.4679608043706849,0,-1.006754877185056
-1.3650529465027619,1,9.25865280797784
1.7970924249824676,1,11.25862296433391
1.518405986847048,0,1.3857435250765853
1.6281678416600873,1,11.671417104747462
1.966131103309546,1,13.014127301996028
-1.1667384399659282,0,-1.5940086931626332
-0.578242650543753,1,8.095205120506503
0.6768761196994668,0,-1.1207939894994767
-0.064789840557411,1,10.873957417848775
-0.32644186648666595,1,9.839691784784286
-0.5687550026576278,1,9.401606506879638
0.37512252777380883,0,0.020981706995343137
0.302373714560328,0,1.1812136723885336
-1.3541686637430397,0,-1.2374082898115029
-0.11304064992624374,1,10.539651903562557
0.21388710483939954,0,-0.8417124215178923
0.2811477549255619,0,-0.6075184207281055
-1.1595712283505928,0,-0.42560600209026894
0.9690855690091471,0,2.347700842423631
-1.8992036207157215,0,-1.9954145539351167
-0.5806725778273494,1,10.484932292978323
1.1208505941425342,0,0.8554994539044816
0.25557168422160936,0,1.4094159288800963
-0.955350269956559,1,10.358707027335887
0.7798124773721908,1,7.943442885618644
0.26956377662429354,0,-1.0441369718550726
1.1849744378255487,0,1.1700897964527575
0.9401007447592935,1,8.628457975864311
0.4404316881449386,0,-0.8548715194852764
-0.047289298756743925,1,9.300132180338078
-1.4672714973299064,0,-1.835599779582287
-0.9546679284584649,0,-0.722468017350332
-0.3236021083316589,0,-0.30606396246410733
0.3971971480255547,1,10.856639535344387
0.05483142086121928,1,9.734858559463788
-0.8472618961618821,0,-0.6887347607187013
-1.9741425688411578,1,4.803975306797589
-0.015043112396744274,0,1.0243444998935305
-0.8574960457510277,0,-0.9867557072791229
0.9384332028421403,1,9.32618849846577
-1.904214938918066,0,-3.239283989086785
0.33931124522316347,1,9.25259154931067
1.7658969500242616,1,12.227426754740478
-1.302362931554002,1,9.153959248514242
-0.11340203699761853,1,9.672788199875399
-1.6343120327314473,0,0.1290054141499506
0.5027276490454105,0,-0.011300084728233892
0.20212672238490237,0,0.6219671839162744
-0.37053790314867063,0,-1.9671311665659306
0.08550808589496484,0,-0.860336530053974
1.5862986338760408,0,0.9089223189469249
-1.2148227907557319,1,8.149205933042904
-1.909741953178611,0,-3.0669856260158266
1.4466595387964039,1,12.549366839750288
0.30846832955162595,1,10.359306303439396
1.5626338218473697,1,11.68119412146177
0.3877808936526903,0,-0.6016989524961847
1.24064435983881,0,2.0683986751237686
-0.28130654657940823,0,2.0601250861950793
0.9994397251530751,0,0.6342157632872223
1.652165867559424,0,3.1942820409785484
0.2884918548888251,1,10.35537558498279
-1.2768593977504819,0,-0.28537167165189437
-0.9248095398792073,1,8.439971052722976
-1.2054216924103769,1,8.636099874019353
-1.0125718896170683,0,-0.12362646650155107
-0.7743382025958545,0,0.9803444856788299
0.2205351470127539,1,9.187228724618247
0.35196651785533106,0,-2.0114982293057087
-0.2940010110325555,1,9.489029350473885
0.4616831192833417,0,1.0593348934872893
-1.6737002975545363,1,6.071858944838779
-1.6488470517673601,0,-3.4182773290120676
-1.3126821585693662,0,-0.9750453382379844
0.07230999216137901,1,9.884217792130753
-1.1440212852067457,0,-0.15417229629873186
-0.8668623860296907,0,-1.5544288022110395
-0.3987486553080237,0,-0.3566792099809989
1.2474644960415193,0,2.165817360813416
-1.9445514563485595,1,5.130656684702894
0.5975152809464896,1,11.583576096797156
0.6755061241627414,1,9.086702615272298
1.1946231214265461,1,11.701819481415708
1.7310117562412528,0,2.22044477455993
-1.9194486042028407,0,-4.6808041349826786
-1.3848651779471353,1,8.175118031134472
1.5446851762239722,1,12.38777899202415
-0.16592575125193854,0,-0.009138075276240151
0.258362555733854,0,1.1270924180768318
0.6521088148925895,0,1.5743933629848605
0.7162664179825495,1,9.00070513008845
1.7269616132660328,1,11.318972916085928
1.9877976696466786,0,2.6224380264130107
0.880629843723761,1,9.442272054194545
-0.8511151631793967,0,0.7959418764548022
1.5190096091773744,0,2.312835888138797
-1.8031163418369536,1,6.523800769334262
-1.0756765885020152,0,-0.6334245903165097
1.5895428698548595,0,3.4124119974268887
-0.9752339422425802,1,11.444247496415066
-1.1173957615130061,1,9.561809083553376
-1.447498827439011,1,5.8242807902357265
1.436447030587666,0,1.779255183232185
0.00023303676434682785,0,0.9347481295476753
0.6995728122166192,1,10.395818524410185
-1.0437344636998813,1,10.158002342685435
1.032161684044866,1,10.906876095012196
1.040022179848394,0,-0.6721774321283902
-0.7496079003667995,0,-1.0968452722276965
-0.3572694679588686,1,9.656046612342974
-1.1612388902791966,1,10.28246353051059
1.9062440932916171,0,2.697538936375978
0.5824103082336465,0,0.5546799360434209
1.7381755228620621,0,2.9294275983613
-0.7864578254834673,0,1.3429789257792526
1.127563651987559,0,0.6751123166409553
1.063434575538968,0,-1.1534430082737033
0.7666226074661662,1,10.872146436415505
1.8625559010672017,0,5.36876503901896
-0.4257786555747378,1,10.673789178616504
-1.4771307056409708,0,-2.3991485033804096
0.686835436976243,1,9.080058997257126
0.9172392019088247,0,-0.5671194349169533
0.3002422938352587,1,12.016844616474755
-1.172728427466415,1,8.866250568009411
0.01782376667742147,1,9.337359437358412
-0.7512410537234824,1,9.629576983096696
-0.29013388733324375,0,-0.3291184462917213
0.5808743033786556,1,11.6656481986401
0.9808589707633382,1,9.457357027193485
-1.0711012363946275,1,10.566228576252223
-0.3786985574121866,0,0.09493702457866478
-0.9233537160334833,1,10.813409095263761
-1.2054735445525235,0,0.7067421780658083
1.1335488799833535,0,0.8130648512982688
1.6370107777479697,0,1.8783706399984137
-0.5190712572616931,0,-0.0037491424788876487
1.0051156974950675,1,10.412942196718586
1.5879811574576443,1,10.345227007004782
1.3844968421209263,1,12.879403957143714
-1.2687464458430964,1,9.224623311102375
1.8251675260534452,1,11.876933153971809
-0.49329423828215013,1,7.8724577657854224
-0.6430373553046547,0,-2.460546254546288
-1.7502746908888787,1,8.089530877336758
-0.05530538358046799,1,9.38093785070679
-1.5639455374362852,1,7.63245208392519
-1.005840716290296,1,9.979341919528204
-0.7322295129308745,1,9.287655734248716
1.2353052939667362,0,1.4890494892145256
1.501954601583586,0,1.7893694445066028
-0.7901347301541213,1,9.669224767705385
1.4347924849782956,0,-0.0958973556848135
1.4289237494791642,1,10.639073390488806
1.058603801539494,0,1.1956933108391998
-1.4132195439392738,0,-2.093255417463208
0.7612913876029159,1,11.425978316237883
1.780096258322275,0,5.166734826035613
0.7301619150686283,1,10.851023256360609
-0.6735326035686642,0,1.340059149025596
0.0023172697233251327,0,0.7207272445176351
0.5829001734042145,1,9.56476473459929
0.042281634914014266,0,0.2001894590216247
-1.5201882330761207,1,10.256764524761248
-0.7517438213919174,1,9.264033984394537
1.20958412221453,0,-0.15445981500048434
1.4456721843820697,1,10.376509925573664
-1.450799869137719,1,8.255634137072859
1.8095470095948984,0,1.9591729056300649
-0.6847095286055627,0,1.5135142229156677
0.6492549549228799,0,0.3531974032817412
1.0073005838267246,1,11.482757327842076
1.2477849385515336,1,10.672714753398651
1.7829988089037205,1,11.693954965846057
-0.7483218078847096,1,8.481081363157298
1.434025818206218,1,10.5664951483906
-1.4732523862551719,1,8.748698530110554
0.8201636254143709,1,10.795731997294203
0.9679109180559435,0,1.0565904927014906
0.7108929648052817,1,8.690958881127917
-0.9907410554593881,1,9.513351035707288
1.4921725880608134,1,10.635158267876186
-1.32456614651842,1,9.239506557048433
-1.7854608339166766,0,-2.3668318064857745
0.8698599624476486,1,9.15691948692885
-0.09809713906906525,0,0.9675576104233689
1.3963920798347043,1,13.700242968644599
-0.4664114357669642,0,0.7841042526054284
-1.3268856459691487,1,8.669091596913974
1.345768769879479,1,10.902110887771148
0.19563852656028669,1,9.794679995173322
-1.2432168304385804,0,-1.7214844084208414
0.881535994345783,1,10.594921533743822
0.04445455395800213,1,8.861581334554224
0.4172519289612793,1,8.146623821122176
-0.15640664717367248,0,0.21768859083680878
1.3148359352720256,1,11.157772999124012
1.3182508627321994,0,0.5742484934966954
0.8375552872975449,1,9.011075416701244
-1.578394490414151,0,-1.6764060888782066
1.3554154476162754,1,10.254876408082747
0.6840519221316392,1,10.021098842021967
0.788096664017198,0,2.0097138355836663
-0.5480686383845135,0,0.5688755511304587
1.5171182246280268,1,10.376803179477946
0.9014864009394299,0,-0.908542609555411
-1.5496381338832221,1,8.291185363333813
-0.3688878623753493,0,-1.4004194903618286
1.5455214478405668,0,-0.15588097496950692
-1.811213193210484,0,-2.4384642990509233
1.845666478568198,1,13.46455311083707
0.7166502732782511,0,0.6346296833098521
0.5255039105735064,1,10.335595279876236
-0.9177629740480344,1,9.548178516160128
-1.0048328450432917,0,-1.1694729062673268
1.7682328779543819,1,13.280455429166214
-0.806910183063509,0,1.267192246925419
1.1020211868759975,1,10.167946191438993
-0.4275128071716834,0,-1.0598078696369846
-1.442983716861184,0,-2.637411215160859
-1.9571388092185642,1,5.38496503608337
0.17702934806100323,1,10.205372520372869
1.9031152741957307,0,1.3067693203930317
-0.5234552247631821,1,10.367455652552175
-0.5712306640278206,0,0.5507154503237297
-0.6236335286022316,1,8.080650245126192
0.0821753492194337,1,9.021097020079246
-0.2373404663028258,0,0.07299622663943442
1.519658506908058,0,1.6112510571042282
0.02208316689396117,0,0.5196428528762953
0.031031352754275154,0,-0.14112188077564597
-1.4465136211177736,0,-0.24857422140904872
1.9309581636415438,1,13.27871535485328
-1.0001084365246813,1,8.516804340854867
-1.7065437301615893,0,-3.548418268646123
0.6525849959008352,1,10.874425774219292
0.38146548062749064,1,10.057375790785565
-0.3394173840290171,1,10.614164753318347
-0.31123106447728777,1,10.59804883563525
1.1402556841857248,1,8.721420689786397
-1.2171494396014038,0,-2.0416572983172383
1.281013275779559,0,0.030443157889588957
0.5949884555800726,0,-0.7107478813927137
-0.3241209048819025,0,-0.43738048384807693
-0.16788553366452552,0,0.9967836213628739
-0.9734111712556168,1,10.737314545475954
1.0084573307878992,0,0.2199027581063347
0.051498969221071,1,9.748787430012012
-0.7165818290006256,0,-0.8894123529238203
0.38420046304380095,1,10.117543611607262
1.9829378082052922,1,14.101018603573316
-0.25895088137378464,0,0.7977935069548618
1.6827656031144782,0,3.1809824682771284
-0.6199326403017356,1,7.578756784313406
-1.7810691723000565,0,-2.9775053486769845
-1.1830315745262845,0,0.5562360033176759
-0.3252194266892632,0,-0.4553137786984646
-1.121460285621724,1,10.434026560891189
-1.9990918471269779,1,5.698994643376517
1.660006150990109,1,12.462096892038689
1.375517644923716,1,10.164382556480856
0.9691689259477885,1,9.355916010728228
-1.3287416174158855,1,9.552508843553094
-1.5185456951600558,1,9.130949498386052
-1.7295810021104674,0,-2.56054902116356
0.8961167550916849,0,-0.8677220570329924
1.7152318427515412,1,12.566927984933404
-0.27785671634785203,1,11.246509086415312
-1.5234373120158073,0,-0.024976837236016403
0.049571282928426275,0,-0.316647026269457
-0.6046723701654795,1,8.229589370912828
-0.5007003026000092,1,10.777600618090254
0.4853224966228291,0,-0.2188071693731107
0.8748724530488095,1,11.277855120710289
-1.5575856045073566,1,8.391664100785997
-1.8576390767740945,1,5.911364124462353
1.9773212107428595,0,3.9237087754007582
-1.0690866043377927,0,0.6973841484377634
-1.7846779003661637,0,-2.991320656377541
-1.24049868361632,0,-1.9892677899548155
-1.8441686146061431,1,5.275385941288025
-0.43275642153131333,0,-0.8126875914672929
1.209607137805297,1,10.474781734018181
-0.6350222009691175,0,0.6919617699691238
-0.2232663724865338,0,-1.1264139447113601
0.7023470942697552,1,11.726982790776889
0.035576280279520756,1,8.66287030310471
1.4457827440852968,0,3.8425370671265755
1.464142700183026,1,13.294870046571042
-1.9603572180353854,1,6.374339441000205
1.1121852259327967,1,9.040168546484173
-0.15706559903330453,1,9.942638565078168
1.9553621652146522,0,3.3512651709314247
-0.06707169649825939,1,8.725561912163911
1.94758378155319,1,13.984682690704753
1.0182774448229464,0,-0.2957228122101364
-1.0055804615467747,0,-1.22332333858847
0.1535799171478307,1,9.798132594127674
1.968542557914331,0,3.2392996660870983
1.4301224310076948,0,3.5406356880145586
-1.6105324248351156,1,7.375574034707295
0.8254879872399843,0,0.7221373231131882
-0.6176816565167478,0,0.027690256806673613
-1.9720709524786075,1,6.517995308072016
-0.38607612389200163,1,10.400315159022375
-1.0609823131001148,0,0.2841963613802003
1.2754770820818861,1,11.30394578331097
-0.650677564616938,1,10.087153440538339
1.3100947758152683,1,11.182766553283962
-1.9976082446608188,0,-4.124084474944684
-0.7687233998955234,0,-1.1389309186300582
-1.0353391427689522,0,-0.6157724408238734
-1.065730555725556,1,9.636048788114461
-1.7272535209381492,1,7.825616398240583
-1.251502918357993,1,9.200195571209589
0.2221982795424795,1,9.772530181660642
-0.8345557086490221,1,9.652293068666738
-0.3304208706834082,0,-0.5716838214946071
-0.49253247861124594,1,10.253482696829545
1.5036196999995783,1,11.47861776331072
1.6211959960420619,1,12.311036572959905
-0.028172113376559782,0,1.0007918637305055
-0.6793761987375824,1,9.133857362123987
-1.5727971839905455,0,-1.3486117243410183
1.81361151752838,0,3.0158636542048782
-1.7590922203988102,1,9.299521331565314
-0.8093988897268782,1,9.518570315300108
-0.8077351953199834,0,0.43166676433699164
-0.7183948554391404,1,9.829974831626135
-1.342852626910363,0,-2.5990561415758453
1.1326457236947887,0,0.205838765371817
-1.5100085521360431,0,-0.8410336443253545
0.5396266366126512,1,9.645874343134254
-1.5046158931767302,1,6.076617056957635
-1.7178574496281738,1,7.433868925976218
1.637718014743506,1,11.103942065132028
-1.2394849347251773,0,-0.8203068142286701
1.2850006182388172,0,2.6120606751758415
0.17852348442854327,1,10.772302139163179
-1.6885739215649216,0,-0.8706442913110206
1.82179276575227,1,12.461688291597905
-1.01215533203243,1,9.338378142182696
1.438581381410426,1,10.444147677457737
-1.3247599768617433,0,-1.846513036102103
1.4157715285674115,0,0.4920077795538379
-1.947084748378824,1,5.002442550936094
0.04712182627792272,0,1.3659089415499521
1.0777703176862272,1,8.534002701057805
1.7391820699711333,0,4.000438103212739
1.6368085448259482,0,3.43868035796281
1.2784994781905796,0,1.5446853143970496
1.5527653986452163,0,0.7574138281217007
-1.203121256651694,1,7.547065422947559
-0.863262817153085,0,-0.870065201289882
-0.844125900315766,0,0.32438011928070287
-0.49178427599320473,0,-0.056405812374528054
-0.4267173184592452,0,-1.0823494762011174
0.17822129861870195,0,1.1510351911758734
-1.3604809465342345,0,0.42532051818981387
0.7649866551439573,1,9.997237684074687
-1.329733842781974,1,8.93372447053609
-0.7587660715818099,1,8.272730657150952
0.013380522424616181,1,9.585614481704496
1.1857622460939092,0,1.344049871015727
0.957876932954909,1,10.79429609826557
0.582137425642089,1,9.590970675323687
-1.3769069576793194,0,-1.5794637124931115
0.18818138246231086,1,9.55612122490874
-1.6502139928004582,0,-2.5254012201596296
-0.49054729281339693,0,0.36421297477529035
-0.34593387884016336,1,8.011763918003105
-1.8407542422169847,0,-3.192933428809643
-0.9040476021201127,0,-0.019464451268294103
1.8225978690659574,0,2.456725519928106
1.814530431318758,0,2.5078564464468505
-0.5906917829898428,0,-0.5534455789980061
-1.8275995642067038,1,6.4687489455783265
-1.2836202426872738,1,8.948385481876734
-0.4311288262658395,1,10.088935355439313
1.7911187918769191,0,0.7725356268474322
-1.4352037458512603,1,9.174757006786837
1.054063374672849,1,10.29555945991011
-1.5652698425012317,0,0.015453084525435923
1.9250303095651073,1,12.375184000077267
-0.4735340035634601,1,9.079594172223775
1.100938155596224,1,10.46429522646101
-0.6296356687554727,0,0.28841872887993825
0.5106755086352348,0,-1.8841779284447275
-1.231935661039853,1,8.236066839060996
-1.4159159228121498,1,9.171993366764584
1.7522565582725251,1,11.741942990522128
1.6705891116177338,1,13.701223205931008
1.5498757608515294,1,11.407606210205893
0.5017338006663739,0,-0.8362207689374848
1.233072844865113,1,11.547668553974558
-1.7238522523545003,0,-0.9537396836156675
-0.6608438324372834,1,10.272096193396298
-0.7451875009713751,1,11.05352644584249
0.542581287810453,0,1.7565018015927523
-0.576168906117438,1,8.98250574892669
-1.4059728734252768,0,-0.45124393830810894
0.38586830165417485,0,-1.4947437050523524
1.257535682676326,0,1.4192334767342183
-0.4715060221601073,0,-0.1237300116779137
-1.4709251396060732,0,-0.3483118858386449
-1.2132472107487078,0,0.27932049593372976
-1.050066779322464,1,9.990860407206052
-0.8004096280218551,1,10.042034455193331
0.5711802820252365,1,10.601541579060193
0.40378193815087604,0,0.09468714541309896
0.7843194462681566,1,10.180044055262496
-0.5499920618739473,1,11.359394274125153
1.2959906075199132,0,2.651257324209923
-1.183649355376959,1,9.029179161860233
-0.12383700992738422,0,0.23668684527471237
1.2037548861657212,1,10.953791183867333
-1.279365409069523,0,-2.6587156443335234
-1.5605475450368682,0,-2.2366430376416964
1.534735870751959,1,13.4071735272649
-0.6282813489632164,0,-0.8737789649033292
0.7354804996361279,0,2.3134657712757516
-1.898605582944246,1,7.750171537765004
0.7601875536377984,1,10.621148687122353
-0.7355947538121179,1,10.361828257064364
-1.777036585650233,0,-3.723022207755935
0.43925104619246813,0,-0.22285387840547352
-1.036784735707307,1,10.884167444567629
-0.45277103179248,0,-0.660938733785952
-1.6776767508539456,0,-1.2998621308628304
-1.4113469956202187,1,7.2173285289020335
-0.808091058016625,0,-1.4620046512762108
-1.6409619977593715,0,-0.30797069520086273
1.643305058745261,0,2.206995672409559
-1.9758118272640863,0,-4.395118977820467
-0.06455912454275436,0,1.3626062896388305
-1.5070101674697942,0,-0.46544850300334417
-0.7692836420882059,0,0.693124565640099
1.704238239273062,1,11.905020690715615
-1.3532217869040526,1,8.47406632807296
1.8633292788733304,0,3.546364726593925
-1.1768224920423132,1,9.879502030403033
0.9662644338673183,0,-0.05739898761273843
0.18670905958924688,0,0.1739914750088411
1.5379149103870366,0,2.086115841428667
0.21597302201252377,1,11.29180671658358
0.13823687662523465,1,10.755786643174323
-1.2181679985264005,1,7.5893583428291755
-1.335082551793365,0,-1.4034861984371962
1.6659566044620568,0,1.3830741126040242
-0.6886472045998637,1,10.404797126577193
-0.5116709801484163,0,0.8561737792536932
1.0392946337135536,1,10.662844375336533
-0.6447060703087706,1,9.5978882464477
1.808249786556011,1,13.025447795675413
0.9517110759952012,1,10.6399273171991
0.38971697029368,1,9.38949532190616
1.52358064217901,1,10.549631227596299
-1.801576366602069,1,5.026193104484516
-0.971749231243165,0,0.8083723995242196
-0.1398546631163602,1,10.49499851210509
-1.092085842113916,0,-0.2887278901721434
0.9756207492086078,0,1.729514288691706
1.6768321242149007,0,1.1019617447894918
-0.3049195202763064,0,-1.7498059613785342
-0.6314695995524202,1,10.258331447900504
1.846202928550265,1,13.43963064177641
-0.22059026868983667,0,-1.7366737782601172
-0.043806398202867136,0,0.35947902988992986
-0.5934005106323785,1,9.495301717639663
1.6381938920485535,1,11.39110539998111
0.275821933127403,1,9.677068246208668
1.0486983487265786,0,-1.8648660092983225
1.2472268734035454,1,10.378703169667979
-0.6326038323309673,0,-0.8308746769353164
-0.2652226747184798,0,0.5477741587228099
1.3938870976250586,0,1.1958762882030516
-0.546978593296759,0,0.5570448194202999
1.1757405338074052,0,-1.7368875912639181
1.7639692902977484,1,11.905274313037856
0.4928414922720279,0,0.6158508609320046
0.9665091498075555,0,0.14256276741894813
1.2203892481645395,0,1.754253845726871
1.38015859558657,0,-0.4901138131688334
-0.4197866485728161,1,10.6941232638051
-1.7949461632960073,0,-3.530646468279606
-0.3924949150530419,1,9.233570551591393
0.6950249191363591,0,1.1589162899235737
-0.19859845687682887,1,11.157984634623501
0.9958526034415942,1,11.52850436692752
-0.5720702821253445,1,11.945032804029587
0.5389765644161182,1,11.34508880559348
-1.2543207805841017,1,8.217839041794468
0.9974777465798277,0,0.6378642826258769
0.18278387525210338,1,9.642855491129364
-1.1837424458135977,1,11.199732570970442
-0.832355306008771,1,10.816535686105894
0.9944348343273295,0,0.30281848520141996
-0.06959505735391724,0,0.8777412568969042
-1.1358742384277112,1,8.035043220946461
1.8690847614811905,0,3.515064840538143
0.8605000792675517,0,-0.6193393819988695
1.8285393301591846,0,1.3683196985817956
-0.29157981855862714,1,10.772141355762582
-0.09959863723311813,1,10.908097091497572
1.5918208647400767,0,2.473965039037588
0.10019736098153853,0,-0.18246407430523065
0.8291156476226687,0,-0.9813780270328281
-0.9913084900178801,0,-1.6484225909741956
-0.21309412518943782,1,9.02588181338158
-1.5062005367585796,1,8.057813272543706
-1.1760798564921533,0,0.26282317493738905
-1.9962263389294757,1,7.083003482817618
-1.842939793405359,1,5.221727087870599
1.9091352927077172,0,2.785972497164388
-1.0305852194529508,0,-1.2674563377828991
0.6532428380160078,1,7.6077947902406775
1.3563987951984462,0,1.8138841970961341
0.20264183694625704,1,9.75800078890808
-1.3874219996641752,0,-1.44849445347965
0.9124657493446655,1,11.725727695510464
0.4010056403983322,1,10.120550974276032
0.9250023573895003,1,9.96499912310378
1.0789864914283487,1,11.200162049950837
1.9016414707389804,1,14.497268091953183
0.2942531201068399,1,10.309206504346443
-0.6334355492375927,0,0.5621095703510135
0.5938582276009483,0,-0.040850373445019766
-1.7262371630294955,1,7.346139729978105
1.5895892732863453,1,12.121303075297993
-1.5224759546472129,0,-2.5176196036485052
-0.688628648456727,0,-0.7313387088017193
1.2629815225044836,1,12.38518465387322
0.3892495133228473,0,2.037444701605278
-0.42545791889023166,0,1.5536909004136574
-0.10625736249991435,1,8.676142787103919
1.4181895728087213,1,10.006317625752606
-0.6399824557604314,0,-1.3217706530598556
1.4785987392486852,0,1.75068381721961
-1.647462276093234,0,-5.044439593287384
1.107193748834523,0,0.08984066119027512
1.3901905322189454,1,12.750461055805676
-1.272729388650645,1,9.95162978271421
-0.27861387051119824,0,-0.519908447383084
-1.3380009013453775,0,-1.6310310976144993
0.826416515976871,0,0.849448178073595
0.14139107224662695,1,10.936682060481388
0.5412933868332841,0,-0.4538381842489655
-1.2140521321751554,1,8.87092455304462
-1.153016551790322,1,8.667552976357626
-1.8340106979603745,1,5.584215731526736
-0.7117298592170811,1,9.599989529423214
0.2389786453346998,0,-0.2891034102450395
1.4317396559893152,1,10.206802012076972
0.6677097898347228,0,0.7949255899047062
-0.2584147064009943,1,10.474692449258113
1.8124804575765512,0,3.672796253574081
0.8769808023033274,1,9.569170563262592
1.7206608114502,0,0.5635818655342126
0.11035189308866267,1,10.468003036958738
-0.9643829008274416,0,-1.1125673409712509
-1.788693254541112,1,6.247938197695002
0.904339405935402,0,-0.8872552344762317
-1.5147880079778635,0,-2.013225713626431
-0.7888994869121313,1,11.331836607856182
0.12988363153558957,1,9.49564603134374
0.2576663511189907,0,-1.0812495586102284
0.4023327879485441,1,10.684496541624846
-1.3349786786011975,1,8.98323409065592
-0.481050380713405,1,7.825038825782055
0.4687769084678668,0,0.7138536021060622
1.879275458535139,0,5.4469640196694575
0.9105245507987547,1,7.776901519002399
1.6904150283758312,0,1.179476956480019
1.0488482332567082,1,7.728382765675171
0.36686787556960176,0,-0.05061567319309268
-1.2319065234546218,0,0.055619457880205614
0.6667426075700522,1,10.25369953098059
0.49351826383962827,1,11.45209642057199
0.4098766818290658,1,10.864979705004929
-0.04085652804703699,0,1.7021132235022545
0.11462641595710243,0,1.160963818682543
-0.6622298915275837,0,-0.5481530079696646
0.0772507705692127,0,0.06695696023410104
-1.209776377286087,1,8.246033602784859
1.220697589441507,1,10.678826160023577
-1.2568921812051688,0,-0.9309736079315569
-1.6601348404421343,1,7.627387281706859
-0.2550158945713705,0,1.3339612883902194
0.6332297580242474,1,9.796788148391618
-0.24913270026583456,0,-0.9398178859593945
-0.8929834721947656,1,8.77434775635354
0.23268473556176295,0,0.6613993017576196
-0.6119906583512003,0,-1.5177436238813478
1.7314707605065323,0,2.3942807034589446
1.6905805584142883,0,3.743392799300696
0.009487279888381828,0,0.29259887270864987
-0.6884640239269659,0,-0.2377654117896269
0.9485296558265564,0,0.3907896970719769
-1.8531482260677334,1,5.788433182662589
-0.10092397582539503,0,-0.8576486985260344
-0.6547064229186659,1,9.664501482779832
1.6821435404102187,0,2.6511755065235634
-1.9519878909092698,1,7.229362516348046
0.21125950287339634,1,10.097274933984973
0.962654324266504,0,1.7988216684004297
-0.059928049903835046,1,11.605090403274318
-1.6583878793491134,0,-1.485223717267677
1.8898455601116089,1,14.59978846358557
0.0720417255043917,1,9.009473427257493
0.45674497727604546,0,-1.1015567854750858
-1.0535608691699707,0,-0.06674790434327083
-0.06600765957278476,0,-1.3413536099205043
-0.28340203216671256,0,-0.3017528036916001
-1.700416631992065,1,8.312885362973326
-1.575358585810131,0,-0.5414538420049197
1.3498900784750982,0,0.9756713762101221
-1.040720191173639,0,-1.2135455427880846
-1.2201669140054778,0,-0.5878350816836944
0.019645805000557015,0,-1.073539652299484
1.0749885254500517,1,10.447849899003707
-1.7522139256840483,0,-2.697870641163823
0.30723167855302336,1,9.986516006760654
-1.5231582286377066,0,-1.6783684407502166
-1.8541557966975262,0,-4.021710138797895
-1.7890241913511304,1,6.410024833920167
1.3366564328337653,0,0.44695262714944095
-1.5281100654877537,0,-3.4042548116715947
-1.8193945423508322,1,7.330553598072161
-0.24840045142835088,0,0.8869939519585016
1.3759738877680991,0,2.0988786118510814
-0.9503664940427923,1,9.308319306801216
-0.3131495298963345,1,9.17364062759518
-1.840309869744995,0,-2.372011265178325
-0.2036859434604965,0,0.6346977648742195
0.3104523225485347,0,0.2323814399149336
0.28362821500857915,0,1.755719483245634
-0.6702932313025394,1,9.822995444908246
-0.7378672773474579,1,9.542244790470697
-1.5735055242536085,1,7.652246057397963
-0.5328067174149265,0,-1.6365050906605776
-1.6020213245081414,0,-1.3944317319049278
1.0663837788482065,1,10.500846780476376
1.8650971909927434,0,3.753883158493791
1.8802978266668275,1,15.165793210097343
1.4602843975015753,1,11.166225739809867
0.40316859735847643,1,7.694757786486388
0.8034627889755197,0,0.7404090567772492
-0.8591767892783437,0,-0.15025621405568487
0.5230816806904826,1,9.33910747581931
-0.17740180224049018,1,10.394474794131815
-0.07193064089226997,1,10.78591023492141
1.0311062415006318,0,-0.39848410139757606
-0.8723265776109934,1,9.366768088491927
-0.7278415532219205,1,11.28396548782169
1.6985671645145466,0,1.7286717006650734
-1.775102820596111,1,7.270004116054158
-0.05746280634663847,1,7.3754939636065995
1.6512032016314468,0,0.7691341574951207
0.441452031272628,0,0.20053256028567754
0.18562829684852833,1,11.231185986944123
-1.0010232830825792,0,-1.8635661778230144
-0.6268980437422069,1,9.95137823372696
1.4081936632187717,0,1.0205127217004175
0.23687252707383255,0,0.959733347227916
0.0589687750271195,1,8.782299221222491
-1.6016811458398843,1,8.375615262963455
-1.9358873741795075,0,-4.281214453250622
1.8547407547481964,1,13.413250795235424
-0.4920553308526334,0,0.009363215637730744
0.41285224839801726,0,-0.21659436488471145
-1.68113970725086,0,-1.8978324923982548
0.7324571428921862,0,0.2401319700099491
1.7302668348238437,1,12.457250297615364
0.30266101198967865,1,9.65744589846032
-1.4955387104983577,1,8.405110504226094
0.3268861098939069,1,10.239508178774855
1.0653888524186095,0,-0.38450545679756654
-0.37433385370392536,1,9.62430184035488
1.5193509917658714,1,10.698469812658594
0.5947318134294579,1,10.065334661775818
1.59699567315681,1,11.4441528288611
0.49402124498934885,1,10.83106781712904
-1.474848111980703,0,-0.9313008337258936
-0.7612331555792435,1,8.856693295937303
-1.1928202069901723,1,9.149108403590068
1.6353059908674492,1,12.825105220046227
1.0416002691499306,0,0.38972395349756195
0.7055934756400242,1,9.447426618609546
-0.7961347214735133,1,8.655289239761288
-1.263820911799146,0,-0.15504717847515692
1.0258043519556472,1,11.442427064190204
-0.10336821648368133,0,-0.20849984295965576
-1.0968417913974835,0,0.10635329132607363
0.46648791266110035,0,-2.9144540856814376
-1.838664591446192,1,8.219579468747447
-0.695318983486986,0,-0.3250272143664689
-0.12577202163546142,0,0.14078179205907534
-1.4081666635623766,0,-1.7166680451015504
1.9386179103633583,0,5.038602590312626
-1.163610541641543,0,-1.8484898473973992
-1.4785874798269378,0,-0.14179912507680315
-1.1858605044524144,1,9.562453779147772
1.076244532638897,1,11.245972471467352
-0.2979773629126288,0,-0.3424333441621097
0.26166375901015204,0,-1.2992614108733433
-1.915963372054557,1,7.413840808538678
-1.8622747657067418,0,-2.917838760874357
-0.21669780069193534,1,11.356535617491344
1.266620972806494,1,10.822261862009318
1.540955514830261,0,1.410301879044297
-1.6531737296174391,0,-0.870959927253925
0.15345240840409113,1,11.913700885658775
1.652918745117082,0,2.2673501988759344
-0.44810898240845454,0,-0.7977480106471682
1.3182633257134744,0,1.9559817600097515
-1.4652173824022552,1,8.173169690161668
1.7415779586711948,1,13.240447467653496
1.0056932701252106,0,0.24931264306504708
1.7653375711476067,1,14.314777797542456
0.7064689342100259,0,-0.5231907635879262
-0.546384272002292,1,10.398972037107622
1.7527246900988898,0,2.203521572855968
-0.8977328947632861,1,9.356741038583724
-0.6713099117530699,1,9.43667909058853
0.8032336720069613,0,0.9977249560883399
1.061265198101545,0,1.5160060259815484
1.7176139353966153,0,3.0913891105811677
-1.180790363775162,0,-0.9311513264475018
1.1919921408768959,0,0.9869982249943945
0.9541842135878538,1,11.332098432623614
-1.7448217749856085,1,8.27334124100443
-0.4511074351591722,0,-2.7361753432907463
-0.8689381717596056,1,9.399730404158259
-0.7820383025838784,1,9.536600188415637
1.9317875182188033,1,14.273777807067653
0.5711096539197116,0,0.02636752559890916
0.8707046311739983,0,1.049235532066757
1.9064705492600367,0,2.38599671248907
-0.49119287016944524,0,0.2007993565602213
1.2073606738112237,1,11.78020243141574
-0.26187614678201854,1,8.516637513324774
1.478134687259919,0,4.128418517674408
-1.2773698347547873,0,0.14876055395369536
1.7907447082571184,1,12.872603471337287
-1.1249131663564813,1,8.459842665782789
-0.6951179720762739,1,9.65697817252336
1.024768936427122,0,0.6218836124434909
-0.4249794337383732,1,10.402285316213916
0.4328455070657866,1,11.541208784871882
-0.221705995722286,1,9.51845271234607
0.9694797483591273,0,1.0183124741616845
-1.0866749905255566,0,-1.9340360546349884
-1.766168051052492,0,-3.168248502480862
-0.800282410107735,1,10.120445638448109
-0.10276534052627895,1,10.690719853261248
-1.3279197912292857,1,8.075959916877249
-0.5808108413744453,1,9.461242581170543
-0.4000679268257259,0,1.4285403303767827
-1.7704326252469058,0,-1.612741434788512
0.33322899273681816,0,0.22695835091437774
1.53737371188515,0,-0.4198399866485527
-1.3930283481877903,1,11.15952730519186
0.39123205360605606,1,10.01000992031239
0.658956819643385,0,-0.16949959529094275
-0.32266127832284663,1,9.460843892818264
0.8043903494570799,1,10.636604945192293
-0.35707382603595184,0,0.36381882617041766
0.018549151909739603,0,0.950631064239475
-1.970587821782292,0,-4.752171601837208
0.7668804565387553,0,-0.08699151935564334
0.6453707157788977,1,12.164945259261257
-1.8463964906946218,0,-2.9227583616073316
-0.5269995704194677,0,-0.2457057858664348
1.9161273631666695,1,12.575955265013338
-0.3170537497255328,1,10.489998696062685
0.0077816205273668615,0,1.0310184526450825
1.6397206326388742,1,13.078932758110641
0.8690475034630256,0,0.06937040297655062
0.32828052449689427,0,0.3789413680132293
1.19121872536429,1,12.516830344281601
1.457465065823893,0,2.618859158194076
-0.17244771305093254,1,9.213273114332141
-0.09956654027265843,0,-2.5464985908679387
-0.45579625739265683,0,0.24942661882910627
1.8668245600738422,1,14.051541600911639
0.7886650171614016,0,-0.8439526253648783
-1.6671077351677108,1,7.674557391244931
1.4518384932520738,1,11.266418936952684
-0.0777602366549277,1,10.10405122759346
-1.7249843743100501,1,6.888896894039006
0.1988690206532442,0,1.294443521878147
-0.3313428840971917,1,10.129780126652488
1.5109976194504995,1,10.84587287672426
-1.1840215855624505,1,10.087518010990859
1.3058584379687317,1,9.849230571319715
0.2307547647418109,1,11.290637964868464
-1.7815587871461238,0,-1.8362313570742579
1.8873812053019385,1,14.751397334202286
0.050460976412799674,0,-0.15818212779364527
-0.83649258307367,0,-0.7887692086210778
-0.12237263204296767,1,10.083105492113832
1.431431134069956,0,1.3820608974699704
-0.780387502459746,0,-0.8903660960224128
-1.2292944140531987,0,-1.4824565110177002
-1.4837150122764742,1,8.000494443839928
-0.808562406439155,0,-1.434311888261862
1.1201923481601739,1,11.380789274057404
-0.11349453921895325,0,-0.053028099742863315
-1.09007358522584,0,-0.9560241179972508
-1.3352600015610032,0,-2.3006845557441795
-0.6690820939584836,1,8.689862747988023
1.7596974915428354,0,4.660396717003209
-0.6278931496399025,1,9.248969160492852
1.9524963038185414,1,14.33222242212554
-0.05907817693857531,1,10.162531371658172
-1.2833443268393965,1,6.167995028266791
1.5645603671740376,0,3.7073546997516633
-0.15857850746069246,1,10.682090080571939
0.8386853740180977,1,9.527292622004204
1.934846332836607,1,13.593308204954774
-1.799298598720104,1,5.938224114687021
-1.6132217608497315,1,9.727028205213445
0.8818269658510247,1,9.435204904241685
-0.872699986818112,0,-0.8554104499270663
-1.2627944121996038,1,8.26358153921212
-1.842552480721082,1,6.952646891964705
-1.9126131520551928,1,7.872061867363557
1.0979424124791635,0,2.4511469089388394
-1.4622662905218,1,8.037678364644107
-0.12911753611539645,1,10.377182701266214
0.42358726071793207,0,0.11990673198812057
-0.286592797724615,1,9.006621023973238
-1.8915733906550676,0,-0.9615164086973813
1.1340060103516354,1,12.091908207929325
-1.957947101833386,0,-3.563834915877006
1.047559577509936,0,2.1566621177064187
1.5732179751524908,0,3.158975596691932
-0.26864031577131087,1,10.072167775068827
0.14216989239119293,0,0.3274003940436185
-0.09206642952938493,1,11.511735954378226
-0.4431655255062448,1,9.010328520839009
1.549698141481441,1,13.534540586521993
1.575734042679962,0,1.7311122269061876
-0.6567345414338619,1,11.383051854297383
0.46027901605879196,1,10.043530015961574
1.7076302485834565,0,2.8273320349697233
1.8482339957654061,0,3.122446571023718
0.03583616168819015,0,-0.5318206118655829
-0.18870077886269288,1,9.726585474703764
-0.8852227362858969,0,1.0322725958625556
1.83548749276164,0,0.7777278557363303
-1.4287427821085306,1,7.302783493107945
0.3193183041909,1,9.29080780506763
-0.8697989299254445,1,8.592631939717116
-0.8839668386088135,1,11.1646149282095
-0.38012565049524616,0,1.2302137529557553
1.9951717432626181,1,14.563132148881378
-1.7801347726407117,0,-3.4583206364279904
0.3141672728141258,1,11.35055619062072
-1.6697113678588913,1,6.084345814596162
-1.3819166800379241,0,0.822463843949883
-0.2417482329084053,1,9.308306052552997
0.041840525385765215,0,-0.26199859821106974
-0.964830366541904,0,-0.8784230042693013
-0.7341714765023353,1,8.72903052553305
-1.6521319189762678,1,9.670333145903376
-0.7871208646229979,1,10.545060622337534
1.8662337575221764,1,14.465356543141084
1.7788295266899268,1,11.590647593604741
-0.66048683945206,0,0.036871491405804285
0.2834157451150463,0,0.5324113011553899
1.6383815644437774,0,2.4697055485829855
-1.9752647094364133,0,-5.01378964453098
1.2427342813503675,1,12.035132283766046
1.793478211155676,0,3.005968891374008
-1.6346970626657717,0,-3.1391109687146113
-1.3542092558683159,0,-3.0969810086879264
1.8429852110854217,1,13.736603218466637
0.1501605745613852,1,12.452148659326461
-1.9432134621131052,0,-4.684117618597024
-0.9694720049458834,1,9.714855330683069
-0.20022530292456153,0,1.1064837456819625
0.7716356440990708,1,8.960071986174173
0.9326415125471983,0,-0.0743415598302139
1.9816860517018244,0,3.030960661800789
-0.8499552024649639,1,10.677662741594492
0.15288040747390097,1,11.327309161823433
0.13329419143842003,0,0.16022040643944344
-0.37741896221105,1,9.131385195187148
-1.3233524246303192,1,8.398440893493031
1.9098262527353702,1,12.852486301145422
1.4132687466663443,0,0.4341121468614143
-0.0066678868230511945,0,-0.10203834904797149
0.41298169073611923,1,10.610044298680288
-1.0909557857613508,0,-0.15896190321833903
0.17514828156698758,0,-0.005545859611698503
0.7798805324859033,0,0.2942208274699563
0.06066811354635515,1,9.9185608530463
1.961140682339765,0,2.4741333548897204
0.44536662499090474,1,10.204304450599516
-0.5161051496313238,0,-0.6523616370932761
1.0886081104633525,0,-0.7023061088676187
-1.3181499536734318,0,-0.7744499255286401
-0.4619367451749339,0,-0.6610153511469091
-0.6121641984896566,1,10.113051183167627
-0.27277161956889096,1,10.837490116664563
1.1271193037149052,0,-0.23429370892069667
-0.06330787134637017,0,0.09199441668915975
1.176057801063851,1,9.002886918389315
0.3059556125594636,1,11.546853165120002
-0.6317222613697786,1,8.514881849206354
1.2399149747338898,1,10.438296248775051
-1.0468413177876337,0,0.7647753760246989
-1.102468080800818,1,9.095487448900782
0.018011696219343065,0,-1.1973947646122431
-0.9566030161516443,0,0.2753846254793055
-1.9636518601951347,1,6.9046817505283045
0.5931901091952061,1,9.47117789884865
0.04437528588959205,1,9.475117170371659
-0.21792874202735524,0,-0.4405840085824749
1.8678740584732614,0,3.0514389046772457
0.28479673585165477,0,-1.8814212619589554
1.453726311157538,1,11.354670719299419
-1.4421990551793593,0,0.28407180621377304
0.27682585251771075,1,9.114636968618415
1.4719185069236116,0,1.010994578352518
0.332423029119592,1,8.834749551902883
0.8720567125080061,1,10.943754039527908
-0.5118257287511705,0,1.1361569970638827
-1.6302019318517336,0,-0.9858605296302743
-0.1683988194917143,1,8.74960167057026
-0.4220824366445699,1,10.462193981223821
1.4682407295157893,1,13.016315944654703
-1.024018790590111,1,9.972762640125055
1.8669369101404323,0,3.7319705085463064
1.8325524792179846,1,12.60544081024658
-1.0094734277142452,0,-0.2942353616270189
-0.6077921780907181,1,11.124055520739072
1.58222296349554,0,2.3087007945397096
1.86648888358443,1,12.002944267704898
-0.22624358865582384,0,-0.4618319447091873
-0.7160118174364087,0,1.0257396033194874
0.10437605300616815,0,0.325311875522532
0.7510768254629392,1,10.33090945484896
-0.9061019385000808,1,9.0740202324448
0.9458926984762912,1,11.611750426096053
-1.7933705715414359,0,-1.2214868973582347
-1.8028220289423342,1,8.333452548733337
-0.4548491794178191,1,11.395540253868905
-0.5861072317571177,0,-0.4593765133087969
-0.7374671385313909,0,-0.7007077179187577
-0.03592094932435996,0,-0.156368348161872
-0.7170656707537151,0,-0.14577831008030068
-1.2309683261276323,0,0.498387078799157
-0.7621218036455963,1,10.944555271675828
1.8996170912409398,0,3.965896354160598
-0.3555463320206056,1,8.546340360392339
-0.22114889256665693,1,8.30657030945968
0.30617995980456003,1,10.254814343743966
1.9333630736569063,1,14.493615137431759
-1.033594894256948,0,-0.631671273634807
0.7251284421297353,1,12.10554485401203
0.8639387741668965,0,-0.7600233241816241
0.4292976671722637,1,8.831207076481462
-1.6456866414534237,1,7.107225196087082
0.7074891033103059,1,9.474766378763078
-1.743621155855298,1,7.875794503410046
0.3845705981995877,0,-0.3932739050230289
0.9583247088869706,0,-1.1077843445597981
-1.1561204375201983,1,10.118934806051245
1.3664880301710962,0,-0.4841375257577101
-1.878584777867983,1,5.613943072014248
1.3752514546332244,0,-0.3221886432013046
-0.15868379742893968,1,10.20512340461628
-1.129648240273422,0,-0.5347272545653887
-1.464887420024128,1,10.344706913603474
1.8132286703294902,1,13.89459164528089
-1.7093376496753732,0,-1.0555552739220464
-1.2036263202562973,0,-0.5832468946560072
-0.6087106102678161,0,-1.0897041683509048
0.48093939584448187,0,0.1837288929863189
0.17920434110439354,0,0.5952985090428564
-1.497426030350744,0,-0.9750203686249497
-0.8410880650471415,1,9.230082755505903
-1.0449929156559037,0,-0.08178498437497761
-1.1458285820386345,1,8.31477959957698
-0.3554226540800518,1,8.934272975756953
0.8161258103666276,0,-0.8439897866294914
-1.1301882711310562,0,-0.6971831766384101
-0.5332844811880744,1,8.746332634744654
-0.43633029263535095,0,-0.46627957019920774
1.9058261177416407,1,14.364061817261414
1.8186654275162755,1,11.978528226249107
1.2005503310083037,0,0.3608772267125505
-1.0333643167232593,1,9.519896465040151
-1.7278507436333213,0,-2.3323348165250537
-0.732383449117501,0,-0.6957105281361364
-0.9328218022646766,1,10.381009584550293
0.023703200585575512,1,10.590458959508194
1.1109116402711723,1,11.82535833646919
1.433291755515432,1,11.390621802245994
1.379456341642034,1,10.799664787816278
-0.561297755107729,1,9.228948098190996
0.7489373738427316,0,0.5170696968303663
-0.7486632099031199,1,9.413032624643662
-1.7563778270592691,1,6.721737673271539
0.8062610624117692,0,-0.18622948052734628
-1.9606897897208486,1,5.547565271543241
-0.36326965016604573,0,0.17505170236257925
-0.6824829227916971,1,8.428472366350423
0.7735101540754097,1,10.534418800591338
1.0649818910415156,1,11.280492763976667
-0.7836214561148647,0,-0.8214754472602597
1.246508057779414,1,12.890438041850656
-0.824332957980265,0,-0.2624560437822318
-0.2146945600537551,1,8.433708977769458
0.9080741080565358,1,10.093155406280728
0.7716809168991543,1,10.292420834186034
1.9494738892488002,1,14.153405060918374
-1.0993559031362725,1,9.078237827310154
0.6492716541583294,0,-0.8747188478492652
0.4387276331031096,0,-1.052757046003505
1.6603938179601196,1,11.635176908185764
-1.3745514334204998,0,-1.8563083581892843
1.0071926543477319,0,-0.6241073959094262
0.2730744650750734,1,9.277368374378574
-0.9013365208483783,0,0.29333223892609916
-0.10226034341130363,0,1.6478779303962472
-0.6648936117208089,1,10.608492461416542
0.31725361115384354,0,1.3218268509753286
1.5560024432586634,0,2.857771149439892
0.27721993764880803,0,0.8437826283962496
0.5268896733063362,1,9.735339376680493
0.0749913884588378,1,10.141121743235411
-1.7953379742180964,1,6.685979470399538
-1.068565772495623,0,-0.8291688917525737
-0.03199308227166897,1,10.06815072700992
-0.7590588650211809,1,10.49489254160352
-1.2729456089552231,1,9.391988880764268
0.016531367673753294,1,9.838172995882285
-0.7087608262085987,0,-0.12248139225710282
-0.9675694273063411,0,-0.019451025535416666
-0.1440583302384768,0,0.6658996310190762
-1.4668629676713074,0,-3.0971101274257595
1.7109829323016292,1,11.427030303280596
1.470808391676956,1,12.698193755526697
0.8304823429621413,1,10.225522648880125
-1.5751446896461752,0,-2.378107211457967
1.103509017878772,0,0.40838973291824465
1.231829312436076,0,0.6708857217395053
1.0710584708573507,0,1.1722788452228716
-1.5441364515230354,0,-2.948902966650712
0.5756318282710589,1,10.120146125772061
1.3372991829975942,0,1.4419100008547738
0.30941360487867087,1,10.41107904750249
0.585629500912356,0,0.32328830298776856
-0.1665460822947753,1,10.51359643621377
0.11482927953621047,1,9.428060904799594
-1.8624925665930991,0,-4.17218299910434
0.5558520878931383,1,12.54287568205954
-1.6742111484353632,1,7.352342647182199
-0.2599416226391065,1,9.806763447480838
-0.8293796093303687,1,10.39258719935443
0.18171180084685234,0,1.5990892793941884
-1.4663346579071717,1,7.879061440693828
0.7665736078932728,1,9.22641750976527
1.1800461477138815,0,-0.4205409629069359
-1.346582201027374,0,0.37223849467321446
-1.5827476505924714,1,6.979430258245033
-1.4179380688505634,0,-1.4529724710007073
1.5085102475940069,1,10.739100516467978
0.11275704702542466,1,8.55236088713966
-0.13095601596998963,1,9.706501733241117
-1.573152723590583,0,-2.8844133124908327
0.5982240270278472,0,-0.5845846149570577
1.4719983675803596,0,3.6008528157721504
1.3127434772938118,1,11.556018526474844
0.5042188359232052,1,10.995564969502238
-1.6988851333933055,1,8.372989340816869
-1.5504118912959481,1,8.03571682918169
-1.8027640515607013,0,-3.3691722884700646
-0.9700831340301228,0,-0.20751922940847786
-1.457354131358489,1,8.620827348228522
-0.9598078389902645,0,-1.0109078269551308
-0.4597677771241533,0,0.08125350080396568
1.7719311362845427,0,2.0753717834612675
0.4415042391267683,0,-0.12842760449124738
1.3398951427318493,0,0.8674861250160933
0.8414060028493289,1,9.02897001302313
-1.549987477893473,1,5.7869494130646615
0.9436816254957954,1,9.481127513099949
-0.8996044737635023,1,11.440085017799229
0.5564313879788254,1,9.776458217538465
-0.6361521054280459,1,10.647246121767008
1.9906890530586367,0,1.819948852856923
-0.9457940820128887,1,8.568695022823322
-0.8834781169029213,0,-1.699281787426982
1.7226890222495932,0,2.3538754603385255
-1.9014223814547093,0,-1.0152524825125244
0.7867559514927875,1,10.70373398091105
0.9013055629435125,0,2.061701094434826
1.3455143096415974,0,0.9635287170392607
1.8977572425539013,0,4.782239172032698
1.9024076766266096,1,15.515810803778724
-1.7388929697341444,1,7.261643202920455
1.28735729101161,1,10.527496695370438
0.5852397346295253,0,-1.217587009275592
0.5893685374923647,0,-0.2067001239619924
-1.4866002935412208,1,8.439217895172453
0.6007486657826133,0,2.1393584015319824
1.9299303224049913,1,12.299165226848404
1.6472742781577878,1,12.294611605158302
-0.2434773567805979,1,8.178475060836758
-1.8402081068556226,1,6.457428201769973
-0.5508260399991807,0,0.22783247854835337
1.3055612464022208,0,1.62524130686582
0.8059964058606641,1,10.850822885334088
-0.1626253776241744,0,0.3952535551123874
-1.7795938593646756,0,-2.2375242763038954
-0.2924210887067895,0,0.03323665173981083
-0.12390024112846598,0,-1.0488173190009031
1.7142221315765438,0,0.6670132010703964
0.5643444143286378,0,-0.4568203141328055
-0.7533883333814044,1,9.651575225292325
0.10127305780288554,1,11.254451137175558
-1.7357787687113597,1,7.284510155175393
1.8902729425989473,1,13.180528144380897
-0.559760392277096,0,0.2978317900955485
-0.08853058034745676,0,-0.27035892390724797
-0.5788641030523096,0,0.7135580507517134
0.7300469204648006,1,12.173879626668143
0.6489286333183721,1,12.32742015409225
0.8612892421165426,0,0.4165010576873886
-0.9274270815523167,0,-0.061957385813733556
-0.7373260753437361,1,11.378432555286144
-1.4989950756151682,1,8.165927325195668
0.6220398873844504,1,10.799536215094886
-1.8408114906573898,0,-4.254035021614664
0.39072934209383625,0,-0.28101293749747064
1.4787835394065354,1,12.77301709792293
1.5633285931585341,1,11.192189007223769
-0.20384895852015328,1,9.867713410904443
-0.16278524714770493,1,8.423633528279588
-1.6921232679679306,1,9.583255962802198
0.6830601017721429,1,11.422376122241111
1.285037681491382,0,1.249104962320533
-1.0213797815811478,0,-0.025247329176357303
-0.3147964734665414,1,10.380300442255617
1.3553573470610814,0,2.629203097304329
1.508481870649152,1,11.19748844596328
-1.0272800789430963,1,10.190221046498575
0.20228253816545694,1,11.081555020082233
-1.2300273974566918,0,0.2848302946732082
-1.5924849434417738,0,-4.278648397017836
1.6444820055678302,1,11.624329187415631
1.2820300169284367,1,10.034402264744202
1.0401396072126956,1,10.712246814718593
-1.8049347247474383,0,-4.956078790943317
1.3749151708410299,0,-0.7460587587972034
-0.24782369637846502,1,12.162484749383045
-0.6304195068165614,1,10.492415968536445
0.18590544410150578,1,10.12422176680908
-1.6345870291057767,0,-1.8200332617092507
1.0265861974095953,0,0.6872898546089847
0.3297403075531835,0,1.0152767691644644
-1.25363961250733,1,8.382438104304388
-1.2470712009238176,1,9.216900627974738
-1.263005393709303,0,-0.7799408614342125
-1.771990449792264,0,-3.828838801451533
0.3511937974867392,1,11.298640668406943
1.3613927103540324,0,0.8159191539254436
-1.9300071440504456,1,7.42285325335089
-1.8039814201149058,1,7.179520193450332
0.2910811067477832,0,1.6459162230815183
1.2779827415442093,0,0.0022471061098985334
-0.6930444377254656,1,8.748802906176968
-0.6015424047691114,0,-1.0145306325255534
0.3853859899871037,0,0.16191476913261177
-0.9031484435034121,1,11.17312963917651
-1.8935665356892635,1,8.198313000577048
0.9409140724063842,1,8.106536089605841
0.5025996517658124,0,0.31318710806116545
0.32302399622263644,0,-3.1961007214831643
0.9667365159672925,0,1.2467778544441714
0.70092335024815,0,1.290348972925675
-1.1764720472867154,1,9.145586199082912
-0.5900758122265954,0,-0.018747512946112002
-1.4955594332855,1,8.40108148245895
-1.4805719463284759,0,-2.407217831903813
0.7047829854261569,0,0.6067453551168299
1.434400427929993,1,11.244234728840235
1.850930335444556,0,4.100882721109931
0.5133884701977776,0,-0.04597061989515129
-1.2635947065561721,0,-1.869795986326149
-1.5773986182042772,0,-3.4982955660250035
1.2514038861470311,0,-0.8842082700845625
0.3150259054399971,0,1.3281411374724605
0.4731400840548794,1,9.59516958086353
1.125848355018837,1,11.052100016372282
0.8131089109298064,1,12.052021784832919
1.3378330114243866,0,0.6344205352220048
-1.775144378160486,1,6.575660450454565
0.9900825469860193,0,0.3531091142152509
1.4034110292883817,1,11.411485580125396
-0.8554598301667427,1,11.574533670509117
0.5617890959730114,0,1.6544728764292411
-0.7433517446521116,1,10.415497804069075
1.831884265929816,1,14.523132345607882
-1.866305710257985,1,6.571519073326205
0.31917137533182016,0,0.31542161973201505
-1.3339858118019396,1,8.511560376097977
0.8488808207086347,1,9.015482803179337
-1.2964388663253517,0,0.11437750897695009
-1.0584669524065697,1,9.938770797331811
-0.02251675581696766,0,0.018067765377737396
1.6593397999875124,0,2.28195236511383
-1.1531425114081166,1,7.727096621543931
-1.423039915527586,1,7.581666440782423
1.0359073274161226,1,10.891971313789325
0.0024781293357238887,1,9.470887340334746
1.6471404495270856,0,2.0166919959939773
-1.4135417713606309,0,-1.5168552113217972
0.5837115720921573,1,9.416972100743102
-1.0684834153927398,0,-1.577839003251016
-1.3729582853934428,1,7.093619263112727
0.7337176606290821,1,10.050977092698815
0.3747384796349329,0,0.6449206091203412
1.019309833449325,0,-1.1141064875186097
-0.7621496942152706,1,9.754596406713846
-0.20811337447124023,1,10.27663643513077
-0.3781132946783261,1,8.983390230997069
1.9363578558660568,1,15.052311028669841
-0.8310041730424484,0,-0.6726477871706642
-0.8207310466129325,0,-0.37768167961351595
-0.5818071646855705,0,-0.25974024013373154
0.25837632516128606,0,-1.762150037195172
-0.9907090229450191,0,0.5225594548936046
1.6611597615170957,0,1.3364263397819662
-0.937257740534946,0,-0.648188517581509
1.5832629262407787,0,2.582060604898631
-1.5860997454136614,0,-0.5341819743467975
0.6262508095986092,1,9.042872394572669
1.6279420737529748,1,11.710698708402042
-1.3250022464070819,0,0.21931115172447413
1.87330784039702,1,13.750696869770533
-0.18846655833795323,0,0.6678242265591596
1.7828604337640979,1,11.782360619590355
0.707280174520188,0,-0.2023027577380731
-0.7936525205057938,1,9.58220992721044
-1.2467899003315743,0,-1.8269528910927577
-0.7850598150996024,1,8.083506768273443
-1.6279303629493,0,-2.66763429921799
-1.424528134626681,1,9.908904683643316
-1.5813582386140754,0,-1.918072968211373
-0.30822582503376905,0,1.3596497000080239
1.1823135050303457,1,11.005378380607974
-1.4344657831346392,0,-2.2405521722218107
-1.4787182673106565,1,9.660930628106783
0.573715798069323,0,0.3067453656270587
-1.211268072127735,0,0.0732705362719761
-1.6095598475640336,1,6.846742239747955
-1.3326056871776895,0,-0.14448956456752104
1.6949255835071044,0,3.5034572764571337
1.2858850111047633,1,11.352872745599393
-0.5837417505796236,1,9.093621620047443
0.6232830693095712,1,10.075058230790646
0.1491026946721523,0,0.6129485439824851
0.7084970539302557,1,10.41239147124037
0.7306846098510373,0,0.7961389943688857
0.5149360602399717,0,1.0805159106767004
-0.9355945258507656,1,8.942073039251145
-1.8439743169487275,0,-4.290054418278889
-0.17773287203956478,0,-0.04034600089167515
1.5638955387628153,0,1.5827206554078175
0.27798903407430364,1,10.796587617970392
1.3295641668076317,1,10.100664071250218
1.9664973718449126,1,14.822714581415031
-1.345535183446895,0,0.1355899787625765
0.7671105565679293,1,10.22601136864443
0.6971742948000985,1,10.23016760481867
1.9198217894331138,0,2.7704121570823004
1.9424029358112014,0,3.1216134444243786
0.7467144468965179,0,-0.200159239593693
-1.025540832071223,0,0.9036419879988729
1.1942233525223962,1,10.779711624636178
-1.5718834631558476,0,-3.2640916366858086
1.1227972166865148,0,0.9630947410002519
1.6407844965787857,1,13.034928611830942
-0.468666420926259,1,9.92311775949496
0.5225411799323219,1,11.540553187436945
-0.2794290716126948,0,0.7665996716344209
-0.24893978004748618,0,-1.056842255196307
-0.7585164435675198,0,-0.7696379665419368
1.0485184818012985,0,0.8025921760390895
1.7447062566660207,0,0.9892536166187649
1.7630034369378444,1,13.076223734877347
-1.3008748605002647,0,-2.862301691450365
1.4989745986262641,0,2.707475091147022
0.9497257657084885,0,1.3355900472755993
-0.988650397238843,1,10.021613275823483
-1.7308615483139418,1,6.73139341722578
-0.9280109324624881,1,9.770599326154505
1.6488329471261025,0,1.7279224304975178
0.5327146995830891,0,-0.955227069950523
0.8842186435914874,0,0.006916894142916019
-0.9713905955636166,0,0.23996360448383758
0.8775526222992811,1,10.381715217913174
-1.887513974888305,1,8.088378406059242
-0.49871461690794483,1,10.703761320044388
0.5070133941693249,1,10.723857899978803
-1.415613737834719,1,6.972655201593785
1.292014297787739,0,0.7932218144144305
-1.0598748047523254,1,8.34033056871579
0.609124451273785,0,-0.07000036605523416
-0.37921142969868127,1,9.279458326198714
0.3841743819105887,0,-0.3492548130511624
-1.5701977894843675,0,-0.8745151567092462
-1.9323488003135707,1,6.867581881776667
1.6382577095212048,0,3.205564797146793
-0.9214799649312688,0,-1.9919090967222584
1.2787080111218363,0,1.1033787086020734
1.9974012018888008,0,4.951132445208455
-1.1542749680043554,1,10.737346383064013
-0.9393170352665776,1,8.0375241542429
0.6514391505386627,0,-0.21325705364152495
1.861794538402485,0,4.260976239307093
1.6632573927629757,1,12.108360232129451
0.011502080262339565,0,-0.910416913319477
1.1804411301068987,0,-0.727561489677303
-1.4570165876003958,0,-2.495249851220875
1.9097527368160492,1,11.793680945360126
1.857412936143946,0,3.262481812191253
-1.3450841684833161,0,-0.3204875353500777
-0.8023075007875735,0,-1.5191963552797492
-1.5993800099729323,0,-1.78789041949617
-0.9131296044072812,1,10.464584706616613
1.2638231576608265,0,1.0066117939960046
-0.4867375713389621,0,-1.6683516368022042
-1.6464121314129665,0,-1.845230824084709
-0.6310979008843818,0,-0.18032521980778699
1.9255333369651204,1,13.41312475550658
0.5187343810368117,1,9.522954667571698
-0.335356214375369,0,0.06792971075246548
-1.33384594601092,0,-0.6767347694893208
1.9447071891347791,0,6.0679786307293995
1.283396037052515,1,11.16927633212074
-0.8740907901963224,1,11.177223308527902
-1.7197252171152422,0,-2.185249734837883
-1.7734977704897679,1,7.111385420876847
-1.5184874019778647,1,8.39788037261485
0.3230743344576865,1,8.795124399344308
1.7150536848219695,0,2.8281975643769606
-0.01302628797606209,0,-1.992066169998859
1.3717819298247886,0,0.42803342626061003
-0.21645352056076872,1,10.104772439263636
0.8343341830713009,1,11.484377929467602
0.9274909491460033,1,11.829556553969283
-1.3041451763866454,0,-1.34558814324349
-0.5551357640967529,0,0.07017763858078781
0.5492086261520956,0,1.0671914001256013
-1.7172135672625353,1,6.138627480884982
-0.5538392489481736,0,0.31980575744852563
0.13919786512476984,0,-0.8265443152709205
1.9848979721785547,1,13.738245279958429
-0.10186574951023708,0,-0.459551762137511
1.2642270284572943,0,1.4456461804646372
-0.27173085973352906,0,0.5402716885749648
1.1855628904788356,1,11.724268190503752
0.3816592064804336,1,10.375995784062683
1.5463817660095933,1,12.020582473551713
-0.3562297905995604,0,1.8314210801232094
0.41721767928591547,1,8.511953593996866
0.5200747224753095,1,11.765944171920523
-0.3304682327981068,1,9.692132996727937
-1.422751825250074,1,9.130908275782874
-1.6257623723506578,0,-2.474188619251112
-1.9333137976014676,0,-4.315617285506917
1.4941370569808585,0,2.1523670010648313
-1.0541003510452218,1,10.456508338320111
-1.1539730028729278,1,9.704661750464899
0.9441416017042621,1,9.878689713275309
-0.719935547650433,0,3.4247761764763927
0.024178769647346332,0,1.1985807384765932
-1.3499557388101748,0,-0.2967242007321015
1.838982885847877,1,12.756625311500049
1.4063256000689495,0,0.7655156302215615
1.4551584918600131,1,11.260799963327646
-0.37290500571197915,0,1.0554788055344784
1.0494448548286912,0,-0.41270942309521985
-1.4244953784408794,1,7.48651235754093
-1.9655239896328789,0,-3.257141701296972
-1.9201082696878875,0,-3.220346277184954
0.3464069496182418,0,-0.7495295063359049
-0.17842037900823682,0,-1.094043480568957
0.07206139563407898,1,11.438084095188096
-1.9701474383311224,1,6.5334595709331085
-0.30925352137029716,0,-1.378324017737691
0.8722726448034432,1,9.038212957277599
-0.2292251921302566,0,-0.3675341983263321
0.928876825248889,1,11.133564915348348
-1.0679241424126609,1,9.986045364367044
1.2525680179269019,1,12.114272202577705
0.3537249618138092,0,-1.4682205353311832
-1.156947602280375,0,-0.5504565482526558
-1.0531180965846683,0,0.8419259519576374
0.5121218582781482,1,11.399958522506074
1.3197583728497735,1,11.508262580285486
-0.3374888718833793,0,2.328798730246736
-0.9667982834896311,1,10.157452460234717
1.4680464276424017,0,2.62468433261332
0.6770731670033396,0,0.1996425925513013
-0.20765805086769396,0,-0.7854525941753183
-0.04839921888279264,0,-0.8752658879860695
-1.1829741282544144,0,-0.6461282190582911
0.5072105202593757,1,9.853741119392119
-0.5650299578284455,0,-1.85878107810578
1.982580706697397,0,2.870598307812548
-0.0792659389524486,1,9.68134740846826
-0.056457575241547264,0,0.7271893978678122
0.2634071496426875,1,9.993064145968718
1.6670240124749869,0,2.244239864445184
1.203272399439001,1,9.88417504878289
-0.1954797208086343,1,10.01943121311765
0.874797063891184,0,1.6538289595571123
0.3449419951230466,1,10.176096570953904
-0.030531805195004313,1,8.492672187779169
-1.230736908862598,1,7.816370399469079
-0.14425494618043633,0,0.5872879413293994
-1.0167256519097014,0,-0.749825913713962
1.6593685994066187,1,12.20995893123805
-0.6583727460146123,1,9.244578453417766
1.8090560581334891,0,3.4636464589923213
0.1322211603788448,0,-0.29976193930772027
0.5261775147046412,0,-0.11377373777562567
0.17176177795731107,0,-0.8486897243698188
-1.4824775321331964,0,-0.7073585157651573
-0.49671512396823614,0,-0.2824090381898376
-1.6034155508895043,0,-1.4532634005897331
0.49181617673352696,0,-1.134110540592134
-0.21250321919824433,1,11.729085068762425
1.1119398862837473,0,1.9647810086579718
-1.1181180760025207,0,-2.608726588084449
-1.3417357662826603,0,-2.009670646482286
-0.3746710761449288,1,10.451336525045974
1.7063415328735245,1,11.164364564720145
0.841687260049647,1,10.166547303301464
-0.3243055008283253,0,0.4095775232213617
0.06908867901724225,1,9.815438976635987
-1.6631479552916066,0,-1.7613457454228252
1.9383035855044524,0,2.9477935290263937
0.6656292187796757,1,7.903276049795182
-0.8583837261463101,1,10.665877038569365
0.34323357686097733,1,10.996032705305245
-1.562070535724024,1,10.597860322386488
1.8633466752303343,1,11.02763998590368
-1.3008600484665362,0,-0.34984955621649694
0.5921212722208566,0,-1.8648810287013067
-1.0181821498442782,0,1.2287211656257948
0.870245530594143,1,10.817397175535753
1.1072854689611242,0,-0.27311794936686784
0.6936789156457306,1,10.94711830523087
0.4579978410207701,0,-0.5050097310279124
1.5698763758080467,0,2.2349055536355316
-1.6854931560409678,0,-2.188187232486791
-0.6763409368792193,0,1.5894764303052153
-1.0068500814766161,1,11.304580241731937
1.9520558482616863,0,3.1219105381414405
-0.44244088133250603,0,1.0148008465707026
0.9304507969615949,0,0.757603780543199
0.7389006555240183,0,-1.2109717277241068
-1.151675050090489,0,-1.4599936033316991
-1.0440092791537947,0,1.7671843369391311
-0.8748617457878636,1,10.023052214840304
-0.3554908869624831,0,0.9773172175976773
-1.0626997373978928,0,-0.8121140484614362
-1.9213940690126088,1,5.913399842840074
1.517572227228782,0,1.7747682496676305
1.8624393255235363,0,2.9639991892451296
-0.6337184518737282,1,8.379496696532376
-0.6459724822981086,0,-1.1381013008218475
-1.971632748902516,1,6.8756853317693905
0.7210027533214962,0,-0.19328586166011238
1.301759582994515,1,11.128671465100968
-1.4135667985599873,1,8.822648892343134
-1.361334602531397,0,-0.9483843072073515
1.160332999885751,0,1.927699381249961
0.46516299341657863,0,-1.0483706191587367
-1.820557769489132,0,-2.446803459348412
0.4901879618491267,1,10.813920013950229
-0.7643291086249357,1,10.762591633775662
-0.5250993781166162,0,-1.4853102563328096
1.0789256731875208,1,10.882797445304424
1.2437407706904424,0,2.6780417137515062
-0.39857349264067743,1,9.869220623107083
1.788611744025419,1,13.344497208853035
-0.3741491281917111,1,10.75420748092491
1.0873441409204396,0,-0.3826769604080843
-0.06449094174296377,1,11.833690617456458
1.5901293060883361,0,2.5098306849302223
1.6310449746007145,1,12.68904357416026
-1.6503327685156646,0,-3.9094490955236454
1.7459733252409029,0,3.4557772904319783
1.3021393660816627,1,11.610342564222073
1.1652428572506675,1,12.41526941119421
-1.1963546412579102,0,-1.1674151347531543
1.2204768350186597,1,9.921330668408519
1.4005309387401472,1,10.691322557178019
-0.8433986621833962,1,9.195058047169141
1.809040313449295,1,11.841310438273862
-1.800559414403343,0,-1.6285595752718682
-1.4003629870114414,1,9.954630404399017
0.15032455220605723,0,-0.1940932237858273
0.30316988448923876,0,-0.3788274500769276
0.5806003332036136,1,8.282377328471373
-1.9321234827381342,1,7.08955505516608
1.841467098488521,1,14.775648563932034
-1.821647629063424,1,6.340327459658941
-1.4277521891063905,1,8.42799596470439
-1.943941929895772,0,-3.2386995582852056
0.26743373317637875,1,11.73398189810117
1.729067535683889,0,2.784450819077951
0.6637886643218569,1,10.34166766692319
1.2906298739217092,1,11.254236028768565
-1.9468751861656797,1,4.885324604210009
0.16806119391890428,0,-1.4444172461803362
-0.16174808997791246,1,9.189888968162595
-0.004128223116827812,1,11.012890538860317
-1.7111472586592482,1,7.159502004071497
0.7377414442772299,0,-0.32884157004141834
0.012881659434537784,1,9.452826464629158
1.0605953994450559,1,10.458855171513347
-0.058837463753138586,1,11.702006090948805
-1.4024734550942717,1,8.469517801001228
0.5930278163112881,0,-0.6820188038195272
-1.310454551579335,0,-1.0999703609159484
1.4895782534192596,0,3.407654023888025
0.45246495627696603,0,-0.45650937967156163
-1.371184465772183,1,7.529980921945375
1.8493522299248273,0,2.6614969049171058
0.07346185334128252,0,0.12896196007965682
-1.70840619251338,0,-1.8048803841131202
0.5073316176602689,1,11.072173446814803
-0.9872043719487591,0,-1.5267683765293887
1.2147738075092098,0,-0.05453942023478553
1.2712882942647625,0,0.7040492381435801
1.9157894234186474,0,4.200205242498912
0.007478124098014849,1,8.739992311444844
-0.18017248108905148,0,-0.6102513010336167
1.0139024217859225,1,9.928401162775698
-1.4701173746322937,1,9.353106872721323
0.1876620551724968,1,10.531565212368456
0.18499040052340376,1,10.90688368076236
-1.6421075087584511,1,9.12469250989842
-0.3280636579723457,0,-0.3233041459519048
1.4131391942688079,1,10.223586751156192
1.424614487978641,0,0.2646827667759959
-1.603049340321276,0,-3.8978393624129968
-1.6371164690086766,1,7.347374045465719
-0.9492180919922588,1,9.188147522156074
1.499064250215974,1,12.471897221036507
-1.4843896597060042,1,8.381552731524751
0.879987210509785,0,-0.14960730039852715
-1.5953375215475871,1,7.853853068882036
0.4925514149913015,0,-0.9792252986580834
-0.5757308035234208,0,0.9299889895450948
1.155655851863468,1,9.985797004225228
-1.0652382046985456,0,-1.744311441673477
0.5568073175598394,1,10.904196674921536
-1.0572698616964602,1,9.983245742323694
0.8546411324486152,0,-1.411565537641805
1.494712138242995,1,12.524717940686518
-1.4927928034929598,1,7.595114963018009
1.466382754382014,0,1.202461040934581
0.3743010176571917,0,0.2132401282594258
-1.491558036531904,1,8.92745645995609
-0.28983257856115197,0,0.4333057827113605
-1.3565588260596084,1,8.701976725425556
0.801391555466278,0,-0.16730511060902248
1.0354725376717986,1,10.967339269030013
-1.5768139189088042,1,7.921362719943852
0.024559410778577373,0,1.805361865810223
1.2585002241036687,1,11.583029693193062
1.744652166203986,1,11.731780260268547
0.054071466967080095,1,9.522479093636754
1.8011168944456282,1,12.969623653085867
0.14275588182411925,1,11.300885843387157
-0.42323802160036816,1,11.373197606207853
1.392812514211582,1,10.954842371663014
-0.02806915816764377,1,9.066354725879506
-0.11238995774190785,0,-1.0622074682279719
-0.0387500423606868,1,10.252399664346932
1.3871400074789815,0,3.6383221645727715
1.3277661667522085,0,1.7094954123055515
-0.3859200302391552,0,-1.6226508856248203
-0.6668005605178999,0,-0.8742415318904018
-0.0322879038434829,0,-0.6239310320558025
0.2910900389484361,0,-0.8096699941935435
-1.0466511574880122,0,-0.961185821077029
1.1758203388623625,1,11.182212105393425
-0.054068937070308465,0,0.6819021354067994
-0.6638178063201616,0,0.9455064785549079
-1.5727160281440375,0,-1.4208034160139003
-1.0446193583855723,0,-2.524110024674773
1.7971246870239348,0,1.8447437015660106
-0.7796012527218936,1,9.60499367390922
-1.3245628425318587,1,8.98532914035479
-0.1573088333800272,1,10.85947197224902
-0.7716490265590052,1,9.813447971426108
-1.8593629989152234,0,-3.163416224677114
-0.707419130882331,0,0.060786302074867515
0.1764344957578743,0,-0.2522756124896415
0.2068494880798677,1,10.091310344482224
-0.5737643152924452,0,1.0313889978741468
-0.21078897498959748,1,9.911406214193192
1.8620716729390656,0,3.197977991413595
-0.4906060910787535,0,-0.09262845858012617
-0.9670927469600681,1,10.845528179820356
-1.0261318237329595,1,8.351715706905571
-0.16894154918346338,1,11.773435993545869
1.0380805948677763,1,9.382941846283368
-1.1760472632461072,1,8.532491800829167
0.8371845085630722,1,11.038120330429246
-1.9154007066023349,1,7.516744074811673
-0.3242680880642159,0,-1.4205473781564737
1.1034602608111475,1,9.579098286958752
-0.6450681769022744,1,10.143632197531009
0.25494840578159783,0,2.352705043910851
-1.1800830686963568,1,10.42457327150546
0.9679815645046892,1,10.205396655109336
-1.7908835869249615,0,-5.291047385968998
1.4101705795020014,0,1.4837619896264647
-1.2072144543133274,0,-0.517380292452329
1.497592126833323,1,11.296691325169084
-0.5898830347979307,1,9.046647570726904
0.8907342978979464,0,0.5125229363899906
-0.7230988088552461,1,8.868694786636237
1.6236466849385902,0,4.012600539881184
-1.4934514979265026,1,9.851249645962518
-1.2859208429096052,0,-0.405281843974606
-0.02787949936479084,0,0.08969973421908138
-1.6722462438474155,1,7.001694944263906
-1.2160792611929523,0,-0.9199858434079213
1.7750655288480575,0,4.435786519380638
1.9059586445915486,0,4.3305214152013285
-0.4949626826783122,0,0.14306230545761278
1.6931440840557426,0,3.350873636560689
0.17929870269372694,1,10.548492712950123
-0.9210301365049318,1,10.005624213603548
0.8095948843223946,1,11.245885263768413
0.6356072262994288,1,10.645419206882988
1.9565012764349334,0,4.603194392753744
-0.9398108503628668,0,-0.25365430187944615
0.6882380106469417,0,-0.09112643735402479
-1.7919049798822124,1,6.575002254816095
-1.5454158452131224,1,7.487224231854425
-1.984326500195627,0,-5.511864494238669
1.9978427242386925,0,3.0751303551168148
1.209094788589911,1,9.942940477233654
1.1468920589341631,1,10.246943573204826
0.03890430115271881,1,11.56227365233669
-0.7997316683782403,0,-0.41330444358945884
-1.3949428621492963,1,8.884581233081821
-0.8613010446141454,0,-0.046153919089199524
-0.4961151122834435,1,11.526526455787694
1.0252403879211762,1,9.963238783847698
0.15864715561260967,1,9.779474408524589
-1.6900654937780692,0,-2.5198844678173566
-1.927883964164351,0,-2.4461835693356986
-1.5906712818637474,0,-0.6682804826435282
-0.35800514521048266,0,0.4516414745335939
1.7327716681960732,1,13.834230808489307
0.5496099248368864,1,10.260671625364921
1.2073035995020605,0,0.707268738722232
-0.13450162198180582,0,1.1775074732595066
-0.5533356672198289,0,0.4029074181678203
-1.566398509133509,1,7.342808283620265
1.5037320887448198,1,12.69754810272369
1.1326401161116113,0,0.5180244390863564
-1.3275276096090995,0,-1.5005940929889197
0.04904225550504204,1,10.893063345014188
-0.05050076831502048,1,9.91110346240345
0.5003662107461144,0,0.4515959656773717
1.7847475759650449,1,13.504439147511254
0.31908576704991853,1,9.233300895358921
0.16086906711447435,1,10.386932118454228
-1.7987082682613442,1,8.439746417447775
-1.7483700959279043,0,-3.62867424328505
-1.2506128346928445,1,9.471909353217868
-1.8701169132330069,0,-4.099682523748554
0.9734115822800495,0,1.4825660749351337
0.8933212159758526,0,1.3683509305136465
-1.4557750622734282,0,-1.8969205783707377
1.3443156031811236,0,3.4243417730926695
-1.380855860615552,1,9.790142941119836
-0.7952976520105648,1,10.45541675670343
-1.00409240335454,1,10.144447135157195
-0.5107716057078089,0,0.9172999115474678
-0.9813449364401525,0,-1.468178582911662
-0.04419629424619176,1,10.194564433875676
-0.3703684745812583,0,0.3577881437427496
1.9462779631173062,1,13.286112364704824
-1.7762945994870973,0,-2.3375070777220577
-1.4312744944505935,1,9.76567799464493
-1.78869642436559,0,-3.28317796926883
0.5033647799295031,1,10.009346002457827
-1.7819628903451217,1,6.350199580364569
1.3457589495044933,1,9.431640902937612
0.04775452272771119,1,10.778986632482317
0.10803049832613487,0,-0.02510340508983532
0.24637803084877685,1,10.055057253284868
-1.316745174775157,0,-2.1282717656219954
-1.2092387875420498,1,8.93038665623228
-0.7247307085079813,0,0.9062669673394015
0.3739856632874057,1,10.02697514085175
-1.159528896239142,1,9.249686247765174
-1.534673091466955,0,-1.599719250598006
1.8804675456737288,0,2.0884332282375455
-1.9120727407615083,0,-2.8703696974767094
1.2107896213440865,1,9.63231764390104
1.1521405983000883,0,-0.1749237602690762
-0.811143544619616,1,8.683937721959166
-1.4574935359707464,1,8.276707450957222
-1.4174854131783063,1,8.223495455410227
0.78972646894877,1,10.245038484248699
0.5712263643446946,0,-0.8120607042969215
1.130982697005547,1,11.728827666340766
1.7499246895964187,1,13.513369126447765
0.767709453066368,1,10.052421943013124
-1.3765938537942262,1,8.217303284630054
-1.0262295329383573,1,8.880257201842843
1.3687749234924582,0,0.9720855690940913
-1.1627756966631657,1,7.813690888595204
-1.7099107321820743,1,6.540678709388283
0.8131202161690019,1,11.128923496851474
-0.38989457803943184,1,10.272177031595191
1.6801602101836144,0,4.00576881649354
0.6010202843746462,1,9.80935674080622
-1.638324088833357,1,7.439769161908918
1.791426269014643,0,2.4666309016750336
-0.9657709454390164,1,9.230441708221482
-0.651150038374857,0,-0.7979966402507342
-0.39095834526583184,1,10.241109530495713
-1.795102814382747,0,-2.86316030458136
-0.01393831107758059,1,9.490084144218471
-1.506726035698831,0,-0.45915339860758664
-0.396118693246593,0,1.8655054266169109
-0.5971608480316628,0,1.0601031043736884
1.0913603337060134,0,1.20806585863646
1.2126820465309245,1,11.653453468372218
-1.386348470443648,0,0.524160921856228
-0.5337952504830952,1,10.684270208513764
-0.5065873558726732,1,9.349811201082003
-1.3943582242556598,1,9.036792594896284
1.193814020204762,1,11.47695131077103
0.828913313341693,0,-0.7099452321304817
-1.238472854811861,0,-1.234724947041183
-0.5331123656248038,1,11.024634212703265
-1.5767799005739431,0,-3.7836153086696465
0.5128263883721758,1,8.817005792852564
-1.5145123018055213,0,-1.9133614659507494
1.9437366744996711,1,14.02550727537593
1.1227282987514493,0,-0.6500223625923288
-0.43904580166401974,1,9.830895247038876
0.3142557291174177,0,1.1692859627011867
1.645367264865635,0,2.295848094286088
0.21639712158330449,1,10.94415563491593
-1.3020060544081793,0,-1.695707320592037
-0.4851865776753628,1,9.132975223781871
1.3725794601189816,1,12.141826095090197
0.5768520639584716,0,0.46524169179854613
0.6028975373352012,1,8.923976230700358
1.4672859427539566,0,0.7786396066520808
1.5758922298500186,1,13.521395241145182
1.6791702871177452,1,11.44274984261391
-1.6206032269873756,1,8.806189199022542
0.1765040078524036,0,-0.47543732388651694
0.9620380848732744,0,0.44201557745210035
1.0277073805080552,1,10.837315875570631
0.42686480788001546,0,-2.0620909314605407
-1.3328506592653033,0,-2.646615855656691
1.1896822157666573,1,10.928237677653334
0.8804453340597829,1,9.616945998089724
-1.6554569138038548,0,-1.2718396580425593
-0.14476070130249497,0,-1.6076376589334915
-1.3040904019127857,0,-0.5436467730162009
-0.6500918171481125,0,-1.5135919177419586
-1.9276756311772583,0,-3.933662066512538
-0.39868052635696705,0,-1.096062134021444
0.1995076846248418,1,11.906400414201354
0.4783303713083473,1,8.715228818142128
0.6539613805148403,0,0.01777866083650277
1.3451652524098399,0,-0.5098183618122156
-1.1381483708970799,1,10.862401828231134
-1.5180727102461282,0,-1.3479508338087838
1.4061486875917026,1,11.52712974070213
-1.3735487404294004,1,10.178619590815181
1.8990403253447812,1,13.5717284275027
1.370152917594548,0,1.5056784207463656
0.0035064235583965875,1,10.1317253096209
1.9256856996881009,1,14.13411116462088
-1.6104930835679832,1,7.419000345981599
-0.7877369552995934,1,9.54130567890289
0.5528976601624458,0,0.8948438809795566
-0.599972526107285,0,0.1693877867806251
1.7134902079231673,1,12.401201428317354
-1.7374956472887297,1,5.976822514873296
0.19764732824385822,1,11.501910778239449
0.363465069580458,1,9.362554003999595
0.6109124951088964,0,1.101237809816482
-0.9773351066727423,0,-0.2910137329570638
-0.5417342899205422,1,8.627056459963882
1.3747221186599106,0,2.5512922701691823
-1.2202289241193607,1,9.346105454501213
1.3074713886934481,0,2.452894387823119
0.2506216916109696,1,9.825462227910423
1.0487500447763285,1,11.280799076300648
0.8544294650538862,0,-1.4506391194346107
-1.169954018460484,0,-1.3009279511101433
0.27525094573549147,1,8.737433597910178
1.4708926112203695,1,11.216372672540663
-0.2715350527922826,1,10.461801425337953
1.866363080893267,0,2.645981576897811
-0.19113959959312776,0,0.8603505134549608
-1.4288574533284613,0,-2.315214352381983
-0.44226127968930706,0,0.841984557412156
1.8068096255621486,1,14.258977305691454
-0.7211166026405831,1,10.826032517636005
1.4723926394682514,0,1.251840459974837
1.5250027267275592,0,-0.3521550234084654
-0.5992539026721557,0,0.47456938850694513
-1.6669693677974715,1,7.55868898667439
0.898231636635273,1,9.383962717216708
-0.7539508039440559,1,9.229432353509758
1.1316944570302896,0,2.1591241638082597
-0.22938060695826756,1,8.856625315988051
-0.058933030629513716,0,0.4682068354050167
1.1116376269941473,0,0.9048047233964654
-0.4705466757534884,1,9.590519483551823
-0.22749061870834186,1,10.63864614215623
-0.4952381249215114,0,1.5715140094514417
-0.5306379388908802,0,-0.3706791231056731
0.10378630760583762,0,-0.2426219759037307
1.2351977780046028,0,1.5643438988923215
-0.5529267523097365,1,10.833720228189112
0.09701888215094678,1,9.87274939589648
0.6829093017704033,0,-0.14613119875595088
-0.9222422147853799,0,-2.609844180235135
-0.8899087803904298,0,-1.130385040895621
1.7336525080938192,1,11.465978858923053
0.8941382933243545,0,1.0420493074649726
0.3087467048932355,1,9.770812618323323
0.5908802176824479,0,-0.179871813851945
-1.8828022275863265,1,6.6537292916110955
0.47241186224678744,1,9.182538308486116
0.03803549289680763,1,11.553274699638196
0.18299871911774268,1,11.301258090853862
-0.5623046926767317,1,11.529210187740741
-1.6741044091482324,1,8.337473316989824
-1.2266430655517913,0,-0.9523143282386339
1.802978852850687,0,4.545230499701371
-0.36520175091626417,0,-0.7053207381009436
-0.13326737667654331,1,9.127607593756071
-1.789160840586244,1,6.534850220795846
-1.8497350818240776,0,-2.641581404144815
0.8687257881870307,1,9.565701748014604
0.15237865648444515,1,9.84639607121908
0.034823936865066685,1,8.398165821723891
-1.0275018783093253,1,9.938699917430093
0.9790029265196889,1,8.952057709674154
-1.3270536835660325,0,-2.1006792515242867
-1.2402610253559199,0,0.2632529792771783
-0.15715131460689813,1,11.178377770461726
-0.8548805515522364,0,0.06193086345101717
-1.0101480750674146,0,-0.23971352854902905
0.5809505782133266,1,9.567076801172734
0.603886980874178,1,9.337208933051597
1.298068279199717,1,10.73136866292299
-0.3291657321080965,0,-1.531486741033292
-1.707659635895399,1,7.762594200095378
-0.9053344603141693,0,-0.32218873660349123
1.9200218527872677,0,2.605643571837542
0.38503430093080837,1,11.597222858404042
0.8389483392040811,0,0.9021540254670255
-1.9705686814983419,0,-3.1341561457664717
0.07282292873008345,1,9.512853170472152
-1.8498853698727875,0,-3.1665541320736765
0.2769208483657919,1,10.637990529451661
1.6830833985443014,1,12.536676216348248
1.8736765220016314,1,14.89082486896191
0.1622107015556966,0,-0.20165350014661215
-0.16718077899113615,1,9.493103165456407
1.780068376993976,0,3.4544538574565093
0.6944393279867804,1,8.9027980149397
-1.7404028818463622,0,-1.7115451389806249
-0.13709768933000976,0,-1.30200022935013
-1.0390199261427844,1,10.077741239905365
-0.12078271420527376,0,-0.6491545713147331
-0.17813771197455308,0,0.4737577210192398
0.32857921125896805,0,0.9250803580132589
-0.5729180386029951,1,10.059395296685631
-1.3429182021762878,0,-2.410549966774781
0.014877738359825088,0,-0.8967735979350413
1.3208115373830482,0,0.4234471973517787
0.6560489122704092,1,8.246174889822614
-0.6465285362991366,1,10.99235366998604
1.742092091035429,0,2.753632036128195
1.6488302849967287,0,1.105771016743317
-1.162606402463605,0,0.66995426547192
-1.842329659518548,0,-3.827926028744238
0.9652348334030489,0,0.7002166555098656
1.310441045396613,0,0.29991065408823336
1.8714582638054211,1,11.258996417199242
1.559345576353243,1,10.531379535081006
0.4021390728256593,0,-0.4159743031149352
0.12020935684952327,1,10.899165401208037
-1.8886357949496548,1,6.9782029872870694
-1.0133742126208887,1,9.619874306775285
-0.16154099306829428,1,7.987864631373315
0.5140156003342713,0,1.337990702186605
0.22900733327364264,0,0.22968476786033318
0.9705439587267621,1,10.337686976858878
-0.8809322764518366,0,0.790603029993318
0.25981043060989295,0,1.2562655152439668
-1.6474310264368315,0,-1.0809975321973795
-0.34533790566717215,0,-0.26767869714390563
1.000643331818404,1,9.497489057890283
0.773603413716176,0,1.2204091337269032
1.962570948688716,0,2.414547832894989
-0.888435496048976,0,1.5966278383054502
-0.007242803304083445,0,0.027999355222351863
-0.6818783449040131,1,8.780593322218254
-0.23758754376330105,0,-1.238574206097812
1.4278005194775525,1,10.177762470940932
0.7368363007539465,1,10.340387338309554
1.5297647653903268,1,11.783570315881592
-1.1859555666724542,0,-2.0699398554102766
1.493444471365752,0,1.3090158570920023
-1.7609509032864623,1,5.901755949315489
1.5543971217486097,1,12.467130429084433
-0.6837048821570884,0,-0.21439299847859145
-0.7416494663437341,0,-0.5823723998366079
0.04835430679465569,0,-1.2880542005226083
1.762760750892927,1,12.4385800846551
-1.8088745412743785,0,-3.374071146611715
-0.5910760997170188,1,10.214474290297618
1.426287954733343,1,11.617764867049358
-0.41578209025813306,1,10.756120990336523
-1.203372409611732,1,8.644118560892283
-0.3008232746743529,0,-1.8740229495580674
-0.45778999403332277,1,10.94312296784164
1.6616648058668138,1,11.358003699059427
1.0477375029723883,1,9.468161898990752
0.0204622229760254,0,-0.043112261321087184
1.9534822668862843,1,14.029605482904765
-0.13888987489630678,0,-0.5321760261519141
-1.767048676718899,0,-3.2974629934243023
-0.9509027127400604,1,9.179062973276118
-0.2557180791227496,1,11.408179426434181
-1.3723895034155196,1,8.704906383691172
1.790260505296172,0,1.9009588702884197
1.0673955912710924,1,9.650276339560111
-0.9268511982889094,0,-0.6489913974307177
0.36321813407166337,1,10.261817148404587
0.8857966284382881,0,0.831493976135728
1.765115715627192,1,12.873885422120376
1.5265413967016426,1,10.936798214350327
0.060768904552854774,0,-0.42382909403962465
1.0986104791720703,0,1.396889085987927
0.24857901531034,1,8.861588077996682
0.2108155601821604,1,9.538931266018416
-1.5410321666472324,1,8.767656566700618
-1.4954493679353917,1,9.203093263403625
0.11813446008982975,0,-0.19209104355665685
-0.9245538200839736,0,-0.8063610052090968
-1.9158523901581255,0,-4.8381768260692475
0.8913568156008491,0,0.8797389820985044
-1.8700536132393402,1,8.048896956879105
0.3811073644162182,0,2.592830613377092
0.15677517650925754,1,10.388372829404519
1.8752587623112178,1,13.246383541059433
-0.06314744260943339,1,9.080063483493548
-1.7455942544888106,1,5.461643569649983
0.2067518712258467,0,0.1813781922442588
1.3643846824644057,1,13.620271245230516
1.9873971371257597,0,5.195670547999432
-0.27862730524371004,0,1.1057489079082405
-0.71880503001303,1,10.059906484383433
1.6266131878079957,0,2.511427054251443
-1.2350314836955145,1,6.63435421280653
0.4617156601317065,1,10.8117251648227
-0.3771423032762091,1,9.393837764337725
-1.8356705401777789,0,-3.794544311312233
-0.610846102777209,1,9.562779639344168
-0.9390859099893016,0,-0.7710861323093187
0.7443646157739474,1,9.48858269035439
1.7951619907676726,0,2.9064224877868328
-0.927811250485449,1,9.042376800296298
1.245863756606727,0,1.0672231783758237
-1.778560732246362,0,-4.300219080016127
0.15248404015925265,0,-0.21228503826032258
-1.7177997451604217,0,-3.6307682235773946
1.7361319645225572,1,11.975035406281652
1.0654051222295609,0,0.7480631673961345
0.6317996448183694,0,-1.4778996327062763
1.295585526498657,1,10.264939890162038
0.5900791822806526,0,0.6716952354132277
1.8757775886971646,0,1.886822861826247
0.855831791459086,1,12.091293305925916
1.698634438328987,0,3.6549930001482114
0.06852756804255211,0,-0.4943661807774575
-1.5317423480725494,0,-2.5841231514420695
0.11271088569206844,0,0.20265582844051233
-1.4925086877476268,1,6.890194862571579
0.3699739167056202,0,-1.976821580659355
-0.07002775788934823,1,9.540493171846034
0.49030159133112683,0,-0.07511558151693218
-1.9598120757806736,0,-3.669257984949311
-1.2206380333785436,0,-1.5240898345371519
-0.03467827235147647,1,11.273925877731946
1.8020142463565394,1,11.430660537303627
-0.46556383857936634,1,8.811282456712064
-0.30251189578546134,1,10.472794002960022
0.8587843560264887,0,-0.8449661156101393
0.4151710291444721,0,-1.1645395632444775
-0.8042953996066671,0,-0.13679097159061837
-0.3567344177302889,0,-1.0762215322855526
-1.1292008045710702,0,-0.8530032713197586
1.8640858365208341,0,2.5388210909156697
-1.477462473770561,0,-2.4742366936910702
-0.5126528617343222,0,-2.1696712985072426
-1.8966441111199552,0,-3.271796786668226
-1.1128820322658144,0,-1.9363457616873507
1.1218845535206197,1,10.537773742310927
-1.1952990708444822,0,-1.3659906171532181
-1.6797463898841376,1,7.423749463013198
-0.10218728062190685,1,9.849791093915742
-1.960123061061926,0,-3.5718489206693445
-1.6609353822946673,0,-3.0187757896781147
1.2305034782519004,0,2.1742730153978282
1.0858933794384256,1,8.79282336386644
1.660555281619584,0,2.0628528503655827
1.418061743642998,0,2.2620205246569345
0.7327022529592724,0,0.673449104649061
-1.7906685707973486,1,6.154280471624449
1.13139447194663,0,-0.08412279377357745
1.3820432433622418,1,10.313088815853002
1.1963285830878179,0,1.4553216081338642
0.03391614123210429,1,9.26009577843174
-1.0683926454020733,1,9.645357833958542
1.3813199027549068,0,1.5821114556719462
0.9086512389605539,1,12.743506086631825
1.9230446975554063,1,13.869057931644157
-1.3772296089762683,0,-2.1172819925081026
-1.0973416677917798,0,-2.1208370398203344
-1.1528074004739892,1,8.958126998025667
1.1701590704853468,1,10.68204732936328
-1.2523708141995273,1,6.807170831241471
-1.7333606807067756,1,6.6821707404143265
1.9942432263425145,1,14.262911226820457
-1.9007311542194034,0,-3.965816394131181
1.3409762406354626,1,12.174307108320608
-0.5385326337973888,0,-1.636448361226252
1.366461839031261,1,11.952623862211645
0.21848196484457993,1,10.919104290886708
1.6065249179454404,1,13.02965447857983
1.7047719456585066,0,0.9113881213440331
-1.963607274876896,0,-3.471040044913141
-1.698351296028847,0,-3.1181139160389932
-0.9985650817165781,1,8.096006848433753
0.6772616654540067,1,9.741456604364132
1.553088786046024,0,0.9681129174402135
-0.16023219482414897,1,10.9186935389369
0.4278924650970617,1,10.552235178426388
-1.2460005888177554,0,-2.119663307332995
1.2198673355267413,0,0.18340653167265453
1.869312445413879,1,12.885298935783872
-0.9256042683416101,1,9.531092242790029
-0.020696193597814716,1,11.00637384237834
-1.6555355579745048,1,8.422038066845682
0.23654662585187358,1,10.058009870141813
0.011133767386722226,0,-0.2606481598196984
-1.4222540633796896,0,-3.2118265025395685
-0.23173514752769986,0,1.2857754008534517
-0.663581391653747,0,-0.5931974002428515
0.08732350122075738,0,1.5551731784715164
0.34261734171519675,0,0.21621864189387457
-1.966017685571162,1,8.22573332346182
1.0440239317982214,1,11.175307252455859
0.8520571674469632,0,-1.1227222759265012
-0.5348544551739112,1,9.309081803092505
-1.788256257724727,1,6.971568064804709
1.0197301591402015,1,9.65640011064161
1.8207006419125298,1,12.640705732551037
-1.0393936159119432,0,-1.9283879345407549
-0.7059015450518484,1,9.829846973070119
-1.2647484420727402,1,9.225873340368684
0.3077444933793587,1,9.010463321376488
-1.3806344214101802,1,10.624405171998529
-0.5752242261544822,1,9.968347328252104
0.7880520557370518,1,9.427959558626524
0.24046393203739358,1,8.377412861296596
-0.45414974268825903,1,10.013108245579614
-0.3190015927698324,0,-0.2767196554373428
0.248443530492918,0,0.7907083948588021
-1.9765410884513548,0,-4.004261302312908
-1.6859605261855606,1,6.4101410979512075
1.5250322710520465,1,13.444119936607972
-1.688484043634837,0,-1.9712908600326557
0.8272143848420206,1,10.028915922936942
1.6801526564362104,1,12.536100876465905
-0.9172655827930756,1,10.088159264558543
-0.518034251761943,0,-1.498366316659676
0.27568562337886515,1,10.168170626933758
1.5268358785543388,1,11.329577649798903
1.7676223490416807,1,13.268758074188009
0.9582529924450722,1,9.699775404414797
-1.6535209565812239,1,7.134826233729721
0.6766166221394032,0,1.8177520445054314
-0.35878511250935174,1,11.207819468893003
-0.11719600203575364,0,-3.2963660178210223
-1.8034064386192918,0,-1.775824659314285
-1.2357514426145673,0,-1.0171986886063895
1.162054430134591,0,0.07641994720892575
-0.1841646678085609,0,-1.0102978576837471
-0.7933510334754046,1,8.801212476047876
-0.46392370414016737,1,9.270140018480507
1.4175980533027208,0,0.2972587701198377
0.9959960696198276,1,9.139418458450411
-0.9107384112756689,0,-1.4180836128791972
-1.5299926391505068,0,-1.4673687985397925
-0.9920071134237132,1,9.561983904399215
1.6830258042189348,1,12.939505581982251
0.3263553513990214,1,9.951009858548593
0.13392083497913143,0,-1.3054784096160246
0.3855743987698461,1,10.523102137011708
-0.535886937013939,1,8.91836410666355
1.228428081278051,1,11.573485125158255
0.09314499720099922,0,-1.165515940401375
-1.5330083889248178,1,7.511150582854744
-1.4837395006837482,1,8.005394785658117
0.14743658601047338,1,10.676007255908127
1.7462808722833567,0,2.8386362922240465
-0.766591513295205,1,9.794752761063595
1.4781646754368731,0,3.5005421174637066
1.0563823463155173,1,8.752448430577061
-1.0087502283723726,0,-1.5516181699911282
-1.8546370067350302,0,-4.270865928799324
-1.592610939430469,1,6.209590848660847
0.9139757353897608,0,-0.33777394591633214
-1.2013210478374132,0,-0.17908744198613102
-0.5149163179784249,0,-0.659909549578771
0.006796664025699339,0,-0.3330028150015793
0.9018726738006513,1,8.644225208395827
-1.5470751069634985,1,7.35205763025786
-0.37453437889015406,1,9.512032191964051
-0.05970836342921837,0,0.6422939897423283
0.16330825588615872,1,8.327261283905187
1.2734425655808668,0,0.5775341223623661
-1.3132872198271324,1,9.954289481965446
1.2313258073064892,0,0.4883621794293969
0.7715137107866088,1,8.114053952778589
0.22348325679583736,1,11.284756686838591
0.7981114816102877,0,0.9890882413185571
-0.35192904419337445,0,0.84760325598303
-1.4464096561275017,1,6.743198886395444
0.6630609610614693,0,1.6582130479323829
0.09868922674248903,0,-0.7727954901171178
0.557499202171102,0,-0.4228020739875105
-0.6480048758860399,1,9.16117086687881
1.6274663093593436,1,13.102228725721144
0.34947947430230775,0,-0.15845635692558788
-1.6583900628365047,0,-1.798758904879586
-0.20078403718228532,1,10.07185379599816
1.0254242189745373,1,10.444072128126608
1.1765382469290895,0,-0.13247709074271108
-0.02161178894496496,1,11.812135540204887
1.5789902833252043,0,0.504983802200413
-0.9293262512228098,0,0.010948928920998413
-0.35760521104693366,1,10.3537910490392
1.5943876422758803,1,13.180880340643352
1.5850268658863156,0,3.3791295863221835
0.7428510752987236,0,0.06757430820096297
1.4359221884888806,0,2.0107385647574434
-1.6449069321750693,0,-0.46045410762819783
1.4599799048311053,0,1.4908269816690765
-0.717520373799093,0,-1.251135950538087
-1.2866739502871347,1,8.550468318544787
-1.0425206546318146,1,8.12882257153149
-0.3281259679444517,1,10.354152698983702
-0.9952319815821311,1,10.571574188966053
-0.7177296559340038,0,-0.30590563348977073
-1.4600860557134316,0,-3.1773032202103186
-0.8152929377640059,0,0.750687177759841
0.28913525816800467,1,8.235786776212418
-0.23258516763574422,0,-1.552245725280032
-0.6131249550563553,1,9.70641796829259
0.9858085154284559,1,10.730798687099732
1.5740398855732716,0,2.3721693378401936
1.0271568916095881,0,0.4757120445705638
-0.6719971915292833,1,11.608313443517567
0.9777686713502147,1,10.53255720235211
-1.3920792701037952,1,9.68582354639262
-1.4787280476348363,0,-0.8297658998408568
-0.6174918518553643,1,8.589402623454188
1.230809476176228,0,0.7625412066795564
-1.0146070110307925,1,11.601088391267167
-1.7469863644052817,1,6.829781708009216
-1.4731618591745796,1,7.726847223438339
1.4349798741183206,0,1.6480073542708389
0.5351331389891505,1,9.60810243402699
-0.9871953465200933,0,-1.2747424882884342
0.22118330131272534,0,-0.4778730237271936
0.11031848970140157,0,1.432680968709748
0.621743913762645,1,9.983553680198542
-1.0672497823135347,1,8.064114424255845
1.4576119487775907,0,0.036698389231152095
-0.7625257516799486,1,11.985121340201978
0.7765266159049475,0,0.010785914633184457
-1.9355014145111404,0,-3.190776029456002
-0.5093714804234111,0,-0.8374578115058554
-0.5931607281647668,1,10.216637237942784
0.17393771433205796,1,11.461960835972638
-1.709054952891214,0,-3.1482258557830427
1.1605254949044332,1,11.240095919428363
-1.1288767929297259,0,-2.1250455789218607
0.7081512595280408,1,12.200427330100588
1.2128484929763728,0,1.160586886401556
0.2475078249660525,1,9.594787335600055
0.963532826887942,1,10.149395651096878
0.6474412488600221,1,9.625659092101579
-0.5778808113919696,0,-0.5553957239287951
1.2354341561342612,1,8.495324923056671
-0.8211945204578881,0,-0.3748562813441225
0.2848516710060687,1,9.871677819264496
0.981590956566158,0,0.9615531920830627
-0.4841763607499696,0,-0.5798956913708972
-0.7889295695302998,1,8.9834449121581
-0.1626159593087091,1,9.990074951380402
1.2718539773966144,0,-0.5836846467623928
1.719687052582659,1,12.68625870473517
0.1803336514395606,1,8.1411129860141
0.6458648212946074,1,11.255527116181442
1.6130944889556567,0,2.782965433416391
-1.6058125943482304,1,7.003412576078553
-1.0716856885353399,0,0.04571703305581998
0.8356000250063298,0,0.40323364145203744
1.2949778476491987,1,10.076807732299217
1.4281161133223117,1,9.433456412294355
-0.33957129258026963,1,10.296857927599502
-1.6426403908325327,0,-3.0104233994065845
-0.24887409080152034,0,1.0872621490202572
-1.0770616391717849,0,-0.6106952843505102
-0.8352141800135033,0,-0.9908981889481325
1.0890702273500232,0,2.443697651780622
-1.6978916558964525,0,-1.8709251660650907
1.3103248699228085,1,7.469795456211852
-0.2893236567033237,1,9.501498853084192
0.3842557244023803,1,8.644279159809658
-1.641391075057284,1,6.989113147401713
-0.6505636865708815,0,-0.28240244517137225
-1.6411963239406169,0,-1.8562534623043507
1.8461748915244383,1,13.407581665780915
1.2290465973050018,1,12.006144648787608
-0.1614689825741591,1,10.634493449094501
-1.1055898067053156,0,-0.10095021317337682
1.7338204209994088,0,2.80753993365278
-0.6216136170921129,1,11.166702017512941
-1.356062273250501,1,8.436888684819897
0.25265755381581956,1,9.717761034791758
1.7750964813792645,1,10.891062324280535
-1.9846788379987097,1,7.14738860003207
-1.047500626984005,1,9.34838525133955
1.7537905616416305,1,15.630743842883177
-1.3156561325713518,1,8.455799120146883
-1.5470261934407206,1,8.23733693675753
0.2807488631992179,1,10.55756925566498
1.4473752931793196,1,10.414149832596472
-0.09156072922429548,0,0.3581639202750602
1.978257026738099,1,13.905616723574413
0.7166867981519713,1,9.880371301872124
-1.703700371158209,0,-1.299972092066059
1.9713285267279015,1,12.92667681785478
-0.36842305287923827,0,0.24989806098118322
-0.8503898646180699,1,11.147179081782697
0.2315167343115423,1,9.299582892322558
-0.7827696327165428,0,-0.5366985350446558
-1.6541699715193907,0,0.08216986908478319
-1.9942866276832931,1,6.50857346443634
-0.2016665883189508,1,9.48970169248877
1.347453688906369,0,2.0258644033643813
0.2892607425203062,1,9.444007928604114
1.9968291957737634,1,12.416089396541201
-0.8526134174112001,1,11.062460437034055
-0.8781797409597787,0,-1.441685221827047
-1.3610021590642232,1,11.191202185567771
-1.3437456469386593,0,-1.70250112724295
-0.8592536159598088,1,11.81606400157896
1.1713601810941086,1,9.434931607500289
1.6230271625457915,0,3.1631965960368214
1.9003486788307251,1,13.931114715368464
-1.0708413836141895,0,0.22377863888565486
1.5251901824563667,1,12.741975291529757
-0.6869796428906518,1,9.340147917678594
-1.5486378219324624,1,6.834123294366542
1.4800997020806625,1,11.570305872885422
0.5444225385744743,1,10.303712561873915
-1.341076415675753,1,8.322201831311695
-0.2806749699479898,1,10.266498402194763
-0.8509692204917294,0,0.021511440291430373
0.947178274840788,1,9.514852477827722
-0.18633507750292777,1,10.391736433834454
1.9571197804255398,0,3.48098337633732
-1.7810200709616195,0,-3.5247076682408065
-0.5799389354550133,0,0.6898499481493828
-0.07239933156009037,0,-0.7771809581498905
0.012534218993279111,0,-0.4566666053001746
-0.7362567104574529,0,-0.1275019391176293
0.9169609963902721,0,1.759810032687161
1.498988293955899,1,11.876871872293211
1.754877207911452,0,3.230443005612511
1.2203735071981048,1,10.611115611499002
1.4023207892263976,1,11.300344812930756
0.20218120247998206,1,9.955255071111175
1.3035529057072583,1,11.400837489530316
-0.7859843634081911,0,-0.5387469110007173
-0.4060849515631424,1,11.3065171684671
-0.7323479447258228,1,9.430442388844687
-0.13045065820829826,0,-1.7083510990398105
-0.8576815350454545,0,2.4273337815109195
1.8464457690177873,0,2.8202323086499024
-0.7486214879773274,0,1.1033932700879463
-1.6078218475562407,0,-0.673392127049667
0.1072686642016536,1,10.945831459249709
-1.7716036862192945,1,7.0218131673515725
-1.557827334765678,1,8.396396876264042
-1.1224424432150149,1,8.018420060167987
-0.14259900047143326,1,11.988697935917822
-0.26699627076388843,1,9.13867731909203
1.1987674480111647,1,10.607439458558932
0.9578986155364535,0,0.5384558872941756
-0.29472682403719475,1,9.879759684358868
-0.6651831696974804,1,9.19596536840707
-0.7341248637540057,0,1.1965146762430916
1.095980349176036,1,11.608510244796877
-1.791710375114921,1,7.446149527811918
-1.9487134019575767,1,5.900343036799117
1.1821775677065922,0,1.8903483379072323
-0.0914144960438028,1,9.535149409572568
-1.4764754457856961,0,-0.03895144035476017
-1.057736261621995,0,-0.48047992202720213
1.7300158123895302,0,3.8187110149724868
1.4380119024995919,1,11.372996428890549
0.8391402008958901,1,10.36697610181202
-0.07109907865069376,0,1.2252413557294972
0.0812945047655429,1,12.194193781223932
1.9009781411358344,0,4.99516617898958
1.8630817755371485,0,4.110581697564552
-1.1389238168566629,1,9.85060736452945
1.2444182652212725,0,0.45658994895701577
-1.2110293353319328,1,9.407186742721727
-1.1458500884641944,0,-1.6652839687991023
0.7043721366583071,0,0.5505157672744982
-0.3799956056498064,1,10.412615612498819
1.7261776284260808,1,10.610891281093954
-1.6439610604159647,0,-2.182752521424042
0.04610256323797213,1,10.414923893351187
1.674086121772485,1,12.262157178949451
1.6164546419180206,1,12.469886703989596
-1.3738831463370351,0,-2.63836217565928
-0.5334491996141741,1,9.148234395567291
0.476485600186785,1,11.089028457609652
-1.3624204609143913,0,-1.263883619812722
1.8720886881829548,1,13.620448623575848
1.6589973149106414,1,11.736484843628725
-1.3321992838621233,1,8.837330398607724
-1.5153781549560583,1,5.958052631304074
-1.6583660687669388,1,8.565610984329707
1.6377746561465245,1,14.00443908850184
-1.2255047608181568,1,8.014712985002285
-0.3348602858225811,1,9.04089363431831
-0.20459453739198796,1,10.436597844566988
0.3960441768542702,0,1.504939251122405
-1.7130586250103002,0,-2.515642415833413
-1.0929655303979362,1,8.117868067352992
1.7259615476757042,0,2.3621535265954647
1.633640429074278,1,11.149982230731982
1.1251625896227688,1,10.043376480480061
-1.9223950175271383,1,6.143754885065787
-0.6919729260155916,1,8.905007914132232
0.5118349413716312,1,9.289138257053235
-0.8992391529060972,0,-0.2890423518376473
1.6383467802151093,1,12.413844783491548
0.5355578473297675,0,-1.347175391723325
-1.7123731307342176,0,-2.1141471369804106
1.6360223553428122,0,1.807529617073445
1.8310666327048901,0,3.7898662165585986
-1.689150326433098,0,-1.6292686801247949
0.12944093944525958,0,-0.5434567922804809
-0.7865428711433182,1,10.37085044306445
-0.4286436940743905,1,9.123665446477228
-1.2813951281786324,0,0.27175365741109747
0.3122884080496502,0,-0.7839083857268252
1.8319174129955624,1,13.426635040638706
0.012290401086436198,1,9.81239178361259
-1.6683416744220754,1,6.661304455489519
0.4800053339096335,0,0.9562136052049629
-0.6391080221949719,1,9.25534345885203
1.4237007583651913,1,9.742794345769704
-0.2612874067341191,1,7.109067446329968
-1.2286415642310176,0,-1.8023988316288146
-1.2355775092354202,0,0.4327601165771895
1.0750567228846415,0,1.8789852357672925
-0.9376496067705604,0,-1.130782974000187
1.068933576636892,1,10.236236987829944
-1.1764507569336025,1,8.720961598953958
-0.7132545251947624,1,8.485140147678583
-0.13805211024120245,1,9.049852603233333
1.7727833987738029,1,13.766866764315068
1.7269256990152986,0,3.078969269918003
-1.1725124983108488,1,9.467112233496227
-0.5671238350277088,1,8.573651526396842
-1.4024024461849107,0,-1.2783721053529264
0.0399403172539885,0,-2.3038131125129966
-0.15766979722133367,1,10.840842874210756
1.6030406498029297,1,12.31827319935957
1.7200215111642905,0,1.199087007036674
-0.46573043597083164,1,11.56591596487664
-0.03304822792404227,1,8.203817293435915
1.5849449965845324,1,12.521037230509215
1.2268312309802458,0,1.4784327329188747
-1.985374754621403,0,-5.1525590963341275
-0.71976174326567,1,9.775710516325686
-0.3129030322554964,1,8.347854254682446
-1.0811348652670731,0,-3.4782179637579547
-1.201713536416245,0,-1.9355827532790864
-1.8488619736172813,0,-3.7765986924965165
0.5734789002790421,0,0.7385584917627229
-0.9499588380673374,1,9.638776305612813
-1.7906112862747476,1,7.222937022436166
-1.0760827578877454,0,-1.6374488449823048
1.2076558113445062,0,0.3506309734270554
1.4059567265861865,1,10.459660785416682
-0.06773501922678937,0,-1.225129392275773
-0.3357173183652553,1,9.387381875188703
1.911414774007127,1,13.566195476637763
-1.1977413616477204,1,8.568230962572912
-1.138562868581566,0,-1.0614766556966713
-0.832531291854401,0,0.4063976151032237
-1.3089707268756507,0,-1.6221524964596705
-0.48253760718325367,0,-1.3901442726049773
1.6433369079590152,0,2.782415353637878
0.46139136251429713,1,10.314960604080941
-0.3522138055509454,1,10.306812632986585
1.7376431782848591,1,13.249161878381395
-1.8061430700967107,0,-2.489315800011115
-1.1588952883925545,1,9.2505083195792
0.2635544204070359,1,12.400606030757197
0.46221049277271664,0,-1.2355957589633269
-1.8417699737495474,1,6.289833437501723
-0.3878449683714713,0,0.9381638233140008
0.5966158593234909,0,0.24876914391928595
0.7922821856136064,0,1.006585179936493
0.5525596100650771,1,10.254110766061716
-0.7177471025563018,1,11.189178928338901
-1.625919505608362,0,-3.1566628336508327
-0.2915502143226636,0,1.3300687826306616
-1.484982250527778,0,-0.4663243576276699
1.7904946340826684,0,1.6597583283463673
-0.09931653590948697,0,0.6301755919401871
-0.7309633025725297,0,-0.23831946470216198
1.0652162844756004,0,-0.0022391589955867985
-0.008205629670944514,1,8.111380534030083
-0.7598639039501998,1,8.769816221386257
1.2478709695632069,1,11.679693219218029
1.468608604004488,0,2.397597035345755
0.692032665154708,0,-0.04500007221862931
-1.8121423103693308,0,-2.1584254567496686
0.2652915206661284,0,0.9545956322459518
1.0531796479891264,0,0.7387267410658446
-1.4539879516656713,1,7.740742251197764
-1.0853169944615866,1,9.801849626052023
1.5299804202725458,0,2.2777044572626877
-1.9195131125877039,0,-2.8623079996878813
1.010908551303904,1,11.381945240735087
-0.10490682994230838,0,-1.362741844988192
-0.21291136464157256,1,9.485244985570906
-1.9716138700204513,1,4.269289553443513
1.2775929238659711,1,11.789667525584827
-0.5607003974537341,0,-0.3004493271819833
0.16306252520217157,0,0.4329819370015305
0.7092027453426377,0,-1.2973254156227332
0.8105183057516632,1,11.667211766766805
1.8239202353042892,1,11.8394649019456
0.1253598129464364,1,10.775548324296437
-0.4011217961022897,1,10.085680184066247
1.8148145059668317,1,12.799149915024387
0.5684409401020845,1,9.821678661872738
-0.8073985748937775,1,9.098768469598328
-1.4941430183857154,1,9.627386405782945
1.3702180058607252,1,11.298903194824486
-0.5512735888233937,0,-1.3529882604882388
0.6418788854577246,1,9.748269577508957
-0.11673432253640748,0,0.127543663612931
-1.2042808808198466,0,0.024525552955804164
0.4067464344818603,1,9.429026885915256
-1.7572677241972707,1,6.7490109922099215
-0.3466301605152311,1,10.002607892481842
0.18645975865468412,0,0.8766661656860111
-0.25581210352568373,1,8.622875313825146
0.9946887010039633,0,0.9974299224276297
1.3116998181812498,1,10.664364236933654
1.0849722961327122,0,0.314163061472864
-1.8447482087527916,1,8.86264816273188
-1.2234849182161112,1,8.887804101159018
0.14643003705509727,0,0.7562636088532226
1.739288161775205,1,13.349694417431564
1.3398271002084674,1,10.022562457688013
1.3701380334072066,0,-0.5593291737142398
-0.7871672249613004,0,0.5771049969672656
-0.28220841168518973,0,-1.0947839554225116
-0.1171762107362504,0,-1.66498738474623
-1.3705136666003583,1,9.739039021294424
-1.8757274790221747,1,5.6808370249285485
1.7876115978420675,0,2.083688314960151
-1.037149657345973,0,1.4165528884428635
-1.0402043851054747,1,7.777500979052734
-1.6664837849249619,0,-3.5703389325759076
1.7140310077751142,0,2.058129673774614
0.3189484597590879,0,-0.22403382624308804
0.6681474285014155,1,9.255392234866006
1.64630754905221,1,11.072362075577404
-0.617519324396842,1,11.392254966628595
0.4860292445523364,0,0.3203921138976263
-1.8448021810844502,1,7.44596564421536
-1.2529098870754827,1,8.879376386833416
1.32498322035977,1,11.452512323784909
1.067073425353343,0,1.540410942174189
-0.5974292341714125,1,8.897083259543738
-0.4927574889031501,1,10.20501278765328
0.13421773421431782,0,0.6972512393954265
-1.9990359812594618,0,-2.44942132872096
-1.0350226558478886,1,11.393495637238894
-1.1670727655671422,1,9.275048908274767
-0.9980682130009462,1,10.641531036088724
1.2236233701337653,1,8.24586965229873
-0.8813045738142273,1,11.210029268799028
-1.2339147117994074,0,-1.665229317506038
0.017053843172126104,0,-0.24109496907287112
1.4625801454909277,1,12.005436829308076
-1.0346011846500005,0,-0.7071607202546859
-1.6858550288288052,0,-2.1992369598743955
-0.5743810566013412,1,11.492944907670545
0.9906072982599112,1,10.101822821987424
0.20276217877917846,0,-1.082755786347117
1.2671734782973898,0,2.830832220199984
1.8383685904369358,0,3.6332386102407845
1.1706499070064682,0,2.724380703277799
0.4152123153750136,1,10.899421475167824
-0.026633647790478054,0,-1.3236038383183755
-1.8397236546069333,1,7.5320358534392815
1.937287915256165,1,12.651454525155005
-0.4660755096998299,1,9.956809854377388
-1.3910871443325328,0,-1.4216770758231636
0.666835421585827,1,8.530596875275158
-0.8628468436181627,0,-1.134007244236901
0.34311308372419047,0,2.2253840665198132
0.34707163137836483,1,10.259281306606018
-0.21708071638852333,0,-0.18071099456492062
1.3444744621801705,1,13.0280340229999
-0.9401317537782279,0,-0.8117019610042473
-0.20546963352906333,0,-0.09575759686536148
0.15076851436388594,1,10.992516426597803
0.6544988830691985,1,9.739447648007486
1.135887402022358,1,9.986263049390983
-0.42077086848697576,1,7.708995238238508
0.5841877763863841,0,-0.8368138670968641
-1.3975561877259235,1,7.689144527734958
1.7305924021699144,0,2.7500856069442228
-0.46776477431598584,1,9.338367359541607
0.9180856879057537,1,12.54493765385005
-1.9186356724712894,1,5.410965895735661
-1.179251428380772,1,10.580693161914798
-0.051669822705687984,0,0.2196839818413228
1.5130098709293862,1,12.538564278771846
0.1090205998027085,0,0.7466674764246397
1.7194819291755161,0,0.3236901709925677
-0.06481241366881463,0,-0.011688806075774416
-0.038203613056200236,1,9.737743983372946
-1.5210128459978725,0,-2.892394553255007
1.2106249766088792,0,1.3467797886488224
-1.01213835013175,1,11.19811088713448
1.5984499574892603,1,9.369049957328887
1.6432968813215845,0,1.6843300188687476
1.7732404474965988,0,1.5421062286701206
0.08092195641236,1,10.07204277941152
0.7083751391345774,1,9.852108387945725
1.114063520246654,0,0.08567580854316237
-1.4759415253981376,1,9.081908819805214
0.4038287799899889,1,11.66910903205253
-1.8628083947867533,1,9.429294751819672
-0.009735666445096491,1,9.260370490142597
-1.3806292735190904,1,6.86329004563342
-1.2683082961516612,1,9.53909230835759
-0.5398097332295939,0,1.5318359286888534
-0.27025133313398797,1,10.803820958171409
0.49268969812874897,1,11.666145561380535
-1.7022863262459373,0,-2.6919112304375425
0.01476704494977854,1,9.390427170319253
-1.2694994789875955,0,-0.907545134267677
0.29590070012696756,0,-0.317599065375845
0.549618449044734,0,0.7461085126710523
0.22683702621141544,1,10.975603731730633
0.9531820419132306,1,11.481093298603431
-0.6575630230363947,0,0.3684311193206842
1.0604263665325235,1,10.842049213911556
-0.2689316731672253,0,0.784701549164165
-0.0632620067096128,1,8.036881502494149
0.5924085090442857,1,10.314522996127693
-1.9265664640031042,1,6.477099815116442
0.6159768856809933,1,10.329939688164666
0.4743405962884615,0,-0.03426046603676958
-0.7606115329868803,1,10.211837234838677
-1.656822860402042,1,7.151356348717649
-1.6362582003478354,0,-1.0608870704540945
1.6928949879409143,1,12.8994780978533
0.7571172849033485,1,10.367685734999188
-1.4915895449170384,0,-2.356790142719261
-0.5731073227643746,1,10.721197761043557
0.3699319756063857,1,10.231972232253266
1.3422868203625948,1,10.453738445797429
-1.8253562851479659,0,-3.097637180763072
-1.0534674741199646,0,0.044516826251557506
1.55899596118152,0,2.446118753950604
-1.963337799264734,1,6.702974460474442
-1.1944035888244504,1,9.240563351847072
1.8360967038918639,1,14.120791055200176
0.45360738608868445,0,1.2844635547411436
-0.9533145334499742,0,0.3041323925725998
-1.7320356224166096,1,6.8145408463770965
-1.8872346382111114,1,5.58109933666708
-1.021019681452291,1,8.92386332680595
1.525943278355642,1,13.730238413843288
-0.33634538280996207,1,10.262670837178383
0.881333476663972,1,12.46872914237604
1.673140141519831,1,12.22169418344557
-0.3678381535887336,0,-0.2836988241174348
-1.2348905158504118,1,8.984367485594158
0.06847172342767793,1,9.90798643057022
1.6323347482394177,0,1.4010407112072927
1.2174976565508024,0,-0.2464995490332358
-1.7366806265473849,0,-2.1176295095413114
0.7702912003103273,1,11.283426294546953
0.287590089835815,0,2.456874309836357
1.629852705385702,0,1.7310736257622816
-1.510074332598811,1,7.925614771983012
0.13614445281862642,0,-0.7699675544937205
1.5178507740475693,1,12.874193598661604
-0.359904853033028,0,0.7916779464784842
-0.07202032906853173,1,9.122878636002
-1.7181572893321668,0,-3.4382536315879504
-0.8874254382043567,0,0.6030803838540963
-0.7019734033242107,0,0.21024160688586618
1.7804897949795477,1,13.580593153220349
-0.8693305578353638,1,8.788739488133295
-0.156525058921392,0,-1.879642303244177
0.6852176942571191,1,9.28589781590072
-1.3512665103684904,0,-0.5458863419226456
-0.05423045143250205,1,12.11097823433247
0.9541561579036304,1,10.004874560079578
1.4674208521082641,1,13.85577211994822
0.5050370986497068,1,10.894227772658981
0.6762140612677916,1,8.76157236405268
-1.4948661096617242,1,8.543801482491737
1.7831059889853886,1,13.69863757458325
-1.4697036900620706,1,5.987215852079556
1.0986917487271932,1,11.307579504743986
-0.9407347128867247,1,10.75645463004248
1.7343725748050063,1,13.007406299502579
0.8798381574779182,1,10.27882682761757
1.0152548519134759,1,10.35030653561132
-1.1237633077604667,0,-0.9408911871981158
-0.22784009345935674,0,-1.1818935196376263
0.47125277835714563,0,-0.6351961163484419
1.0798944728264037,1,10.213077342044624
-1.5841624963504417,0,-1.8742896371794158
1.8494612658181135,1,12.606232821059283
1.560882682218224,1,11.032302724174619
-0.9186056380176626,1,10.372194459395546
1.291040972129328,0,1.446558991902943
0.07329569215929377,1,9.460967344912643
-0.15277407375192542,1,10.504495604340372
-0.7422635767543784,1,9.34236511117349
0.3238743465263698,0,0.08005136326191092
0.9195564708143911,1,11.363825221496224
-0.356268380148967,1,9.373648840221332
0.5168767720331684,1,8.896633204221352
0.797251684621215,1,10.108236087720591
0.8444872680611435,1,8.937661724331376
-1.792135607475279,1,6.844605690111863
1.4389912227402677,1,11.20921901746876
-0.16698674093980825,1,7.533987699223294
-0.9503356732151422,1,10.101493085546577
-1.0329419700812736,0,-0.7337483557672042
-0.06794354862419816,0,1.181739627993719
1.5473261578758368,0,2.067850234109618
-0.4866096732694123,0,0.6779966676505367
0.9989029871341732,0,1.6883950384040518
-1.6127250760511256,0,-2.2289710312225464
-0.09577319139575291,1,9.998737571136408
1.9667445615709425,0,2.2302235295939266
1.081751211169348,0,1.8724626351010942
-1.157886046237548,1,9.078113633563111
0.0057658947916428005,1,8.994269545497168
-1.0655009454057338,1,10.13489499583363
-0.361756290949963,1,7.796547716705118
1.120336094939859,0,0.2738223631571218
1.0848992611616146,0,1.5467777318091827
-1.0875984883904595,0,-1.0809659205927415
1.6888932726194406,0,1.6907442672495392
0.37027273105930725,0,-0.39077225049764047
-0.4803028361519419,1,7.934670009312419
0.007742323123442585,0,0.7154786638342672
0.4202850137509748,0,-0.08576657615014077
0.23956212738314164,0,-0.2654503732071613
-0.054379857855287206,1,9.731250978377643
0.019731216357600445,0,0.014083639352029128
-1.2943523582884553,0,-0.43080796444194047
1.2509316172187175,0,0.9266840643938545
0.16704127976406147,0,-1.3593060893759106
-1.4756805531811876,0,-1.0312292836109642
1.0646284063311118,1,11.101912517820692
1.7297759135094033,0,2.7933796258315633
1.7892275969478484,1,13.939200123690195
-0.523929070355309,1,9.95846897382594
-1.4579325057569839,1,9.561909338274607
0.07359850653226063,0,1.40741035347156
-1.5495630826031173,0,-1.2780505171998853
1.735949674050469,0,1.8677270120479559
-1.265681490579416,1,8.855435280190832
-0.9889365601953437,1,10.75526827129575
-0.3734538924601183,0,-1.5236702642896631
-0.4673421257634969,1,9.557010547509364
1.178651569591556,1,10.475738048904562
-0.17473271779615063,1,9.132121971679112
-1.3169269599866524,0,-0.26909203647043534
-0.9311604180557036,1,9.973129223429678
0.03645354075008811,0,-0.7110341357628699
-1.4101843302954604,1,9.203352647779354
0.44662270258405634,0,-0.11387190887623162
0.26298922620458365,0,-0.8810999674955347
0.8588092655290307,1,9.603790417115567
1.7508184615174707,1,13.119500141079001
1.6490182444046226,0,3.1810655191501076
1.7843024722753253,0,2.3536051616877387
-1.0211376119051963,1,10.01205999572754
-1.4737387734425815,1,9.981343135717069
-0.790893198014206,1,8.49377283055626
1.5803406910652584,1,12.329101899708215
1.888213898493953,0,4.196729032761411
1.437299804281904,1,11.389459233478902
-1.5599291154898256,1,9.340333955914168
1.7897119922391727,1,15.065122552466281
-0.3065678905968561,0,0.3289491297614638
-1.9627588369505853,1,5.985722358305863
-0.2304250370072256,1,10.970865518610562
-1.8157233212981296,1,7.848984073638837
0.1755116846444702,1,7.483872306890214
-0.6457838902517947,1,9.862606609741839
-0.10626026562380497,1,9.604800627964874
0.45268144297246815,0,0.4430875427988538
1.4752043832712811,0,1.4115322416640539
0.6476063058877144,1,10.050624983754892
-0.2638045260872772,1,9.127607789036205
1.2777114146814603,0,1.7774908413879706
1.6223285502925289,1,13.78998597467908
-1.5209601342712111,0,-2.6069054928237247
0.1277319102111658,0,-1.3960130219318083
-0.8619521610302234,1,9.69980457255759
-1.8117552084922104,1,6.997840114194205
0.6741867804559414,0,1.324151108211918
1.4510831098369024,1,10.298535957455961
-1.3483893820904238,1,8.236255100742898
1.249654630495602,1,8.828050024586794
1.4135829341477666,0,2.7873061574155766
1.657361770665934,1,12.526805093045068
-0.9388596436557903,0,-0.8772153185224686
1.615812260759557,0,0.787049645693038
-0.717348981054271,1,8.58495379333693
0.20935205382201127,1,10.41885467026349
-1.7979701166708715,0,-4.013570933590244
-1.8244756465250256,1,7.067428995243308
0.8814928509288116,1,12.385417900194566
-0.22208008808883584,1,9.646935930326972
-0.9748304985231298,1,8.575367525021507
-1.2383460159003592,0,-0.567495131691381
0.6798139634368723,1,8.931295259556663
-1.9983938238986405,0,-2.2703861503956375
1.2235646767874169,1,12.319525442236651
-1.6830015754802847,0,-2.5477178062557746
-1.2340415403675222,0,-1.8369285203841752
-0.4550544188036416,1,9.527115038624164
-0.060565041135585584,0,-0.2957766921321948
-0.5800195367442327,0,0.2860012731338559
-0.7171513400628244,0,0.8552146947739943
1.8556640482927538,1,12.158466794024255
0.566318724973577,1,11.10172355779157
-1.9062681785304472,0,-2.8458686737465904
-0.2792963662227472,0,-0.5186829512424236
1.5000347989758809,0,0.6009055535912884
-0.7941752543573282,1,9.865783858725372
-1.621774620902447,1,6.80765388811014
1.0335390863596712,0,1.575695647734175
0.4240553277443251,0,-1.0857553382843774
0.28125003130601556,0,0.558829854104239
-1.7856937615703683,0,-2.9276391868658074
-1.4380039608179307,0,-2.04741700593943
0.4901975848524551,1,9.956064182563411
-1.1687046341646568,0,0.2818335653170019
0.016280318993697307,1,8.807744748545607
0.17952674411757386,1,9.590736504991504
-0.8659712389162424,0,-1.0764421594407132
1.7937006221659715,1,12.846874907026404
1.3698564273423006,1,10.60059144256395
0.889494030531194,0,-1.4161975683089287
-1.6880245343623637,1,6.539911255286238
-1.5754799227639222,0,-0.31752347577138207
-0.0288746165401772,1,10.24671617427463
-1.3571466032360573,1,8.962533919984848
1.9130618541178963,1,13.218104908588554
-1.3659190638903622,1,8.674153149297899
-0.050128658144104055,1,9.570125093458046
-0.5435157726339783,1,10.446648698229989
0.5575456858163919,1,10.187467397348243
-1.4838543644423003,0,-2.804861119198762
-0.2787342878304364,1,10.242896679017722
-0.9011798687714254,0,-2.824677343972003
1.5510060986867522,0,2.279424781774742
-1.8376571514612197,1,5.487773922140296
1.654909976025837,0,2.170118254574776
1.3319765542120017,0,-0.013056815217533213
-0.8097171342367382,1,9.737380984669484
1.1571626187084187,0,1.3530135457305088
-1.8751457586450098,0,-1.7938400611097127
1.8674622011735744,1,11.714950259128269
0.10637977035915736,1,10.976074887280014
-0.7868758957382189,1,9.887546285195295
-0.5496671496212917,1,9.46629628665192
-1.7343785861580105,1,8.151291205934383
1.9573980561681568,1,13.513869603098865
-1.8428322193972302,0,-2.4116267771936224
0.6196284925914362,1,9.126680204031102
-0.22905628917416676,1,9.360994044324375
1.7956648727548603,0,3.838582035633711
-1.0160010387728193,0,0.9610128671495644
0.1283472957520453,0,-0.03397476483354944
-0.07057516566898814,1,7.212535312345784
0.8114657762004054,0,0.0681163730411257
-1.727959072190318,1,7.452719252157941
-1.2248434799065806,1,8.84844608274046
-1.1417407196286007,1,9.592168018705005
0.9526030193667587,0,-0.044688925924421585
-1.2434452146930397,1,9.877590719785541
0.2939670555639067,0,-1.1540114516303441
-1.1390247179961852,1,10.497976296046982
1.4464998003359137,1,13.063379194619284
1.7687418179585541,0,1.8536483260909002
0.07397189976896179,1,9.086602555669277
-0.5907644631632869,0,0.307606131915964
-1.0637688999300035,1,8.210896874222588
-1.800875993907825,0,-3.4128622737168346
-0.9259996952100185,0,0.7055159604810268
0.6169431197812716,0,0.8550168434608147
0.13446772523684336,0,1.9814120354244265
1.7761651131237097,1,12.972473702007477
-0.41489095003319765,1,9.353453474515556
0.7754533693135781,1,10.284394395560156
-0.042709010099514444,0,-0.15062729129737046
0.05030486369684661,0,-0.13649345897946444
-0.92890274158353,1,9.575439641224847
-0.18019689263200123,0,-0.9346922882989794
-0.11686001194917095,1,10.281419819477444
0.8265700869957358,1,8.873700558020689
1.7625599967444554,0,2.0209734708138947
-0.6827148900699829,1,9.722014661061767
-1.8311981256748062,1,4.670180641414324
-0.0148194979974412,1,10.768989909034211
0.17784532859667435,0,-2.050341978374964
-1.326237795472339,0,-0.49677657468778835
1.0418584251042668,0,-0.7273567899893032
1.9397164337659665,0,3.244172698460031
1.7830988680338438,0,3.353759982011117
-1.2115758447053913,1,11.308893719008038
1.5014529596030428,1,11.808860467857402
0.8179745456467389,1,8.29101984041748
-0.1846137447723537,0,0.950549108141251
0.16244397729891613,1,9.770224884694239
1.3984006999298324,0,1.4372100815047177
-0.07946024144650732,1,10.557612176687638
-0.5071705235794925,1,7.70939435010439
-0.027010027896056776,1,10.006526995265618
0.3165192161401964,1,9.606161256171115
-1.2436893848866046,1,10.259988366090745
1.6036309210679627,0,2.789088164784727
0.6967477953184553,0,-1.4578812047444436
0.5330756693499556,0,1.3383678206720213
-1.6020150952774475,0,-1.6062226272579894
0.4166957526903672,1,8.488934959042362
-1.5161573510460307,0,-1.68686745029041
-1.6852092992184038,1,8.641887569271136
0.10924358256957323,0,-1.2133920073585456
-0.3888578638140201,0,1.3481776518432782
0.3552410806248929,1,8.509786267606938
-1.6431113277710456,0,-3.0092753461527058
-0.2760677486109664,1,9.04660913348266
-1.3008531398193681,1,10.276269602533361
1.9484003436964663,0,3.2073048065461887
0.2446008497406975,1,8.844500179866175
0.7497474437634692,0,0.6559353563391688
-0.6983268772695688,1,10.490907798834751
-1.6210443408826234,1,8.537658291631747
1.9034834511341465,0,3.177058326930885
-0.8549638584672672,1,9.942060742407705
-0.30476725930570314,0,-0.664386947450317
0.5994556868103,1,11.782508015381824
-1.9012108092555549,1,7.7081444473832414
1.2410365220691477,1,12.038661462440846
0.14631276011448113,1,10.79568202420308
-0.8871312517247114,0,0.17064633439102794
-1.753568058830123,1,6.059525803896763
-1.3500063381022342,0,-0.596903590612682
1.5801354354137476,1,12.086928424987203
0.7440968957435641,0,1.4693599403527224
-1.0003931134524406,1,10.306829280366113
-1.7375969402198819,1,7.9272666608195586
0.7624612495465453,1,8.537402542366024
0.2896309038710605,0,-0.07685253884937843
-0.3819219021670599,1,9.41425334712396
-0.5455542032397447,1,10.17117944218408
-1.1327428962835668,1,8.857736859543925
0.6784450261500705,0,-0.11980584153298918
1.882672111175482,0,3.7955565143566528
-1.2971390166526966,0,-1.5234014702646062
0.38846648006201345,0,0.15090254093177324
-0.3032597770160952,0,-1.5333567598567004
-0.21324511302134042,0,-0.8372499752621054
-0.9834108794887424,0,0.18051673224486015
1.3005395026456763,0,-0.13032390983811637
-0.05897758341103554,0,1.2456225051067504
0.17362340879305638,1,10.977016301776809
-0.780956348810697,1,9.493620230212667
-1.272766137332201,0,1.9678357644277467
-1.656358447188718,1,8.970974576725467
0.8564765636996636,1,9.364855586029977
-1.2150628732485775,1,9.849228136403427
0.7603014167551909,0,0.28561231738149556
-0.4384942158121845,0,-0.8188683058989458
-0.3369007960413941,1,8.910971375101001
-0.12329001562891317,0,0.9939563043883853
-0.5291659674898272,0,-0.6720330977460228
-1.5975200911096397,0,-2.1403682571478635
-0.7614727599886169,0,-1.1417924017629524
0.6549374427757537,1,9.39230749612651
0.6631376058754839,0,0.018878673176684013
-0.8551027710400225,1,10.07555639937869
-0.15958949376924814,1,7.409608559478713
-1.22621108795225,1,9.095058207367284
-1.158511673880657,0,-1.5235688277968165
-1.9078116463735704,0,-2.069611562187432
1.5869861996309784,0,4.941185012186393
-1.1571733397003752,0,-1.134035595127135
-1.0898644922541467,1,7.630498404394881
-0.8815942694194727,0,-0.2257142905025424
-1.490367713218284,1,8.139371328106987
0.5570515327254513,1,12.05777897968494
-1.6994281872896537,1,9.212567317795449
-1.463190294694599,1,9.299084016327953
0.5790269063603715,0,-0.48962828091116
-0.641357518074229,0,0.5458587366840335
0.8317913068047562,0,0.5527549037601394
0.2296989786805681,0,0.24738284850582848
-0.9759153077539477,1,7.977034066632952
0.6033118019573123,0,1.1715936009015544
-1.5349052788284774,0,-1.7002596032580446
0.14564153232012167,1,9.900703286928096
-0.2514075798198614,0,-0.608101699991701
-0.9285056687302369,1,8.806140557616697
0.41601999095800046,0,0.3532594188612019
1.48533436936113,0,-0.11067695078690098
1.9956187990523069,1,14.76326909668071
0.431051074973698,1,8.985940291798158
-0.3811765026833194,0,-2.0863723064711137
-1.0991715991351936,0,1.1578977314707004
-0.971615642419553,0,-1.3167075863701931
-0.0821800874009373,0,-0.7224366658752126
-0.530889194877163,0,1.0597245398143669
1.655258090499777,1,14.122034627883043
-0.5268181293771619,0,-1.6061074301284148
-0.506221635418258,0,-1.021030325508831
-0.46586195026409216,1,9.066768784012043
1.3464808414706324,0,2.1553937198399558
0.6031532833876074,0,1.7488438655122092
0.4566754012755707,1,8.967367818953573
-0.6634279104645513,0,1.2687458880662796
1.2716167073297577,1,10.31907375064201
-1.8465445545771955,0,-2.811983317271937
1.4831886893524526,0,0.3599416469018084
0.05099959917571839,0,-0.12186408964580163
-0.4069990605463487,0,-0.14482205214391816
-0.011330877129257289,0,-0.3151590336939994
0.6696621221353243,0,0.5351250859724901
-1.9489382939284106,1,5.291584044633827
1.486207425832991,1,10.757653481063468
-0.2130418987544287,0,0.43303749453155016
-0.6281339211996873,1,11.218119513512239
-1.4470177374637716,1,8.462259785477274
-0.24213850256623148,1,10.496572355600996
-0.014708914862484601,0,0.7580784191444685
-0.38541322202608885,1,10.80187990273645
0.7146403753075883,0,-0.7710374233536224
-0.31641388496309597,0,-0.7928495527822271
1.8456703113862933,1,12.453562347267926
0.3971100712943674,1,11.959945216949475
1.2299117426076358,1,11.438426166629581
-1.5625763875620846,1,8.55568733428913
-0.4108348282163772,0,0.33156432234110444
-0.6526091942113892,1,8.540233872970402
0.2779295525463672,0,1.9489247821548599
1.4444540802457024,0,1.9860763980396696
-1.6866471289519733,1,8.324091336179704
-1.7097008078211569,0,-4.2643147167356155
1.4012708326303955,1,12.155383492853796
-1.1485996558465703,0,-1.1138753987027141
0.6750130177992548,1,8.830999359797524
0.1715125294432207,0,-0.951241012615237
1.3315743795489179,0,-0.08439338157748733
-1.4996443606543859,1,7.031915803120803
-1.480868137109555,0,-1.5632022043798155
0.22727344111323022,1,9.619106913458456
1.7855146134334836,1,13.180235395084434
-0.340008966516983,1,11.656322316232956
-0.6922315989812202,1,9.704642930068301
0.4267572927915433,0,-2.206028393579693
1.7217944021801244,1,12.310236937743879
1.3477113313784947,0,2.4173358895180233
1.9819344429328796,0,3.8066433301799694
-1.9097256671904916,0,-1.9531038716299989
-1.548567421148951,1,8.596161979086283
0.437871053466488,1,8.203707006097451
1.2823057573353989,1,11.163835093507561
-0.8590226307729338,1,9.98005635587877
-1.043155647863125,1,10.5127885278114
1.1479031975248035,1,12.575922119193585
-1.7744725845870737,0,-1.8859623760596047
-0.5224694096696596,1,10.369169440868381
0.023236890369318974,1,10.676194544993539
0.2413946974012937,0,-0.16097360297252347
0.9144606271711075,1,8.919475635280993
-0.5806171062773671,0,-0.05637163703573954
0.4507373786984288,1,10.411077173454979
0.34150169116382534,1,8.816255919118039
0.19046440261498843,1,11.330076348417512
0.5619331725688488,1,11.094131522682295
-0.9622033157276948,1,8.182817725077776
-1.661404985661484,1,9.07287200444806
-1.5229133118410263,0,-2.0743341063291223
-1.1016704693843957,0,-1.4470280736538634
0.0007917420911409678,1,11.07927769299468
1.3617710021840805,1,11.211593456832206
0.8051733683535365,1,12.160183940173752
1.1561624168081885,0,-0.08016022500136089
-0.5960975042956345,1,8.16243614689873
-0.3813850334057993,1,9.691824625828701
-0.4252724560375487,0,0.7507658206696005
-1.232507262381994,1,8.136722052354314
-1.755133367425712,1,5.966561470366932
0.36366437130890716,1,10.25297503200032
1.9568667336823444,1,12.28305450365541
-1.3326811801989487,0,-0.8767542610154854
-1.813260720402905,1,6.678453895581575
1.1181267272957318,1,11.193411630518273
-0.9896559732611032,0,-1.8684727087503339
1.3185752214117135,1,12.444427368067583
0.8157466681380616,1,10.088381817740473
1.7826941482032184,0,3.596222266453312
-0.364291056973312,0,0.9357032971915247
0.6478793578025366,0,-1.0214720294317465
-0.14058087674691722,1,10.880868360875981
0.522354789234174,1,8.646196659022971
-0.20160437596905068,0,-1.3742347795895606
-1.2454710143037007,0,0.9980131332038149
0.03158966401352359,0,1.111869130568034
0.11433680574976934,1,12.074411532542062
1.2424153930406443,1,10.588679690416669
0.9420828231743248,1,10.52048735922591
0.6551664957657763,1,10.667967607759266
-1.5464516177897099,1,8.138625164022388
0.8824651626548601,0,-0.4025284585900614
0.001220625418059118,1,9.103915303029272
1.5763981444246369,1,12.172561447949052
1.679483736522171,1,11.301771176859665
-1.7793736375928582,1,6.088236310211461
1.282566241417915,1,11.448467458855802
-1.8492104383093175,1,6.743079831133769
-0.5313214972199094,1,10.862209568222028
0.1691999024843165,1,9.577510568673548
-1.4075968054914902,1,8.024288028615421
0.9852552502763072,0,0.9017607801059009
-1.9665811833114457,0,-4.6148437649926315
-1.3256038062638527,1,8.177179901168548
0.3231873194139028,0,-0.6015759256050202
0.8575502481491695,0,0.10561587330683578
1.6665724107756645,0,4.086858647441556
0.8219866077384954,1,8.90090372585875
0.6871170810194638,1,11.457711835661833
-0.4226354145973428,0,0.7000410408270794
-1.9948622978927943,0,-2.402274060128252
-1.5193629650575122,1,11.382988831493396
0.13821817902415656,0,1.4327732991486841
0.7005195433776787,0,1.0975490957821614
-0.33020686441415004,1,8.669501335886025
0.9227160461135608,1,9.206580220783701
0.08744918132871504,0,0.36052456202093597
-1.7032952176227512,1,5.8311113767244045
-1.2319349961282047,0,-0.31939234386231785
1.3599928929757716,1,9.122786391614008
0.899650986497758,0,1.516309498582208
1.57904794804998,0,1.6468927820777948
-1.5297710035162537,1,8.336612411930997
1.9608901384602957,1,13.021527367294421
-1.1623731442002656,0,-2.6837741705142486
-1.952880494853432,0,-2.4891961247341015
1.9896917562142167,1,15.274170164233432
-0.8757044582195475,1,9.312741619541928
0.6720778100502396,0,0.8137145014976735
-1.2932707432947792,1,8.527579096250628
0.3209141287965669,0,0.3050146559344356
1.616139945818237,1,12.869743887915178
-0.7192753302862456,0,0.36902386077567806
0.6810159041774368,0,1.4988912977735764
-1.248385644806334,0,-0.45390306372343614
0.499181594874901,0,0.09027821718281621
-0.6541985927299594,0,-0.9014095505031992
-1.1551669656481933,0,-1.2492389706473115
-0.7472717971854594,0,0.6014074545259932
-1.2846357259688026,0,-2.561836589579915
1.6076644313515311,1,13.183379929339528
-0.41125245473148464,0,-0.3159209981727596
-1.0188827801025306,1,8.652531719945488
-0.20636863593626842,0,-1.1031185919491702
-0.7178553327740178,0,0.48940651625030285
0.9776770152533039,1,10.452616080602334
1.8848796475419776,1,14.937038367640493
-0.2478653732094127,0,-1.2706897331377753
1.4441335998889615,0,0.927722468507217
0.26345229423847805,1,9.916921573232017
-1.371057339623066,1,7.959487676908885
0.7624909683253662,1,10.22777192043948
0.05373798850328049,0,0.31957835792889083
0.6024260930084138,0,0.5937996338287442
1.5587496502866598,1,13.399814511609609
-0.2382617173758157,1,8.689764673677836
1.6047104928694225,1,12.403901917797226
1.0026760571266196,1,9.857082017606379
-0.045580296488060945,1,10.429966032045076
0.4128885426318547,0,0.46652617579050437
-0.6976754699239542,0,-1.1567165209582864
1.9343891989550968,1,12.717955962797097
0.669404652201584,0,0.6616240421352003
-1.8246125900134804,0,-3.013855736509057
-0.693512377007965,0,-0.3863974950175499
0.49325773503622994,0,0.7179924207707894
-1.7746668888030408,0,-2.06288724436118
-1.904463234723429,1,6.016644653493115
-0.1999030418887897,0,-0.8560473229756342
-0.66923928122932,1,8.588211171780195
-0.24680556786733643,0,0.02593728786380471
-0.9492267604799793,0,-1.8508018559237585
-1.3411290122280763,1,8.893333013890468
0.7565734279213507,1,11.433369374450807
0.058284465071201996,0,-0.35336077182395265
-1.1993831550025327,1,8.601127419875768
-0.7216422949600068,0,1.8099408099481455
0.36723163065330366,1,11.534464077381298
-1.7110826069100886,0,-3.269454853765284
-1.4101879629352818,0,-1.2631579273348834
-1.7070175835704395,1,7.8416312662527075
1.2492693308564755,1,11.178511417746119
1.009636932848037,0,2.3292686001901837
1.0132517275170283,1,10.607372059674795
0.8653013739041122,0,0.5611805492258433
0.6775416946794768,1,10.844179371278356
-0.09203233848730008,0,1.1895299613338983
0.5691126540284599,1,11.029063919107891
-1.8465537808481014,0,-2.6100686227362964
0.48585769062713835,0,-1.501354581988621
1.1115108221475087,1,10.198473804119411
0.0014334415375607534,1,10.819421208677955
-0.5699466862910523,1,10.157828177285227
-0.8902930607960835,0,0.4732958189695192
0.5712082006483299,1,11.980352627224276
0.771204794519635,1,9.052376456338068
1.4838703994501703,1,12.771556043809365
-0.6306636701560371,1,9.544217505099931
1.0790892295423422,0,1.5636136786988497
0.24542329675735175,1,9.966170497600299
1.5313459627123165,1,13.922523343939925
0.11124843318248301,0,0.13077535346348784
0.07051931359186892,1,9.35966112098604
0.3115083257636364,1,10.434988607563026
0.9972614205697377,1,10.819846151029397
1.8587619153138437,0,4.349104453153003
-1.7057465831369374,1,7.966557056615707
-1.7862615904359314,0,-0.37467500235168627
1.750201349629354,1,12.569208420883546
0.11950250207282442,1,9.901233348753486
0.4596120582677443,1,9.4446589210561
-0.07030559362108457,0,0.0854945824211093
-1.625370189570102,1,8.084084676771488
1.0723575136746661,1,10.89778963299896
0.9888985803543475,0,0.5507197242248384
-0.753186714028752,1,9.17654105259058
-0.7750430190863984,1,8.885553924758081
1.351365523622074,1,10.858750552565297
-1.7105709690346935,0,-1.36107303189394
1.5244205934262633,0,3.128068292215802
-0.9733532404163423,1,9.461949988503694
0.3719389910219757,0,-0.9158562043902314
1.743976716007111,0,2.570939554447558
0.7124900061465858,1,12.272510364276101
-0.34228075013185366,0,0.9789176943829364
0.7581368356216607,1,10.76862040005619
-0.6240814547345193,1,10.841152024063996
-0.8909663346032555,1,11.186932713804847
1.9867331117387188,1,12.768059332302954
1.0031609247191509,0,0.11271652134032656
0.5788799095272705,0,-0.43172973968766876
-0.5788414271227249,1,10.49014184592916
-1.8033566833798074,0,-2.772233031269628
-1.8757724958593776,1,7.456337465966517
0.21672502179519526,1,9.498202408561388
1.0481308841562043,0,1.9476789994981227
0.14951676177542028,1,9.932337535046011
1.3631402877564582,0,1.9610060990642033
-1.8662938676271135,0,-2.0547935420274515
-0.5329916942962396,1,11.03941813627843
-1.0517184353032878,1,9.779169392475369
-0.21090812737151188,1,10.814656073603429
-1.71049442722351,0,-0.760614095090032
1.8165265662842902,0,3.510660047006832
-1.1069783957225563,0,-1.407892711926321
1.6892311019343391,0,2.9931626547913326
-0.29642737985327283,0,-0.05030463512662943
1.9420965330208722,1,11.31453942848085
0.21623353384084298,1,10.467053233012107
1.7233314567032298,0,2.6756869751668337
-1.9786040452231086,0,-2.7165749630899576
0.9929552247236004,1,9.739413448073059
1.6122026124100617,1,10.589506646781812
-1.4411177320841837,1,8.672209566295633
-1.615496593071394,0,-1.7279077370510736
-0.3017095712561777,0,0.08010083558251349
1.7347156245317406,1,12.630795030420625
0.16954624076175495,1,8.933709927787831
0.10982585488692864,0,-0.13825479270749022
-1.4354955268027125,1,8.172569102624761
-1.9968419556271249,0,-2.9083728969801186
1.240560362981845,0,1.333930369352329
-1.649701748055047,1,7.4771581444865705
0.5353992749412959,0,1.8006216155946349
1.6584658180607659,1,12.011904795100262
-1.165392347366276,0,-0.2335958631292825
0.6610913449476432,0,-0.022459069027121054
-1.6852056931699622,0,-0.7617706681997927
0.4150205753504519,0,0.12260177896174503
-1.344273116187189,0,-1.0981837238995487
0.9438142420607121,1,10.280497578704118
-0.7950748208243672,1,9.945211048877923
-0.14643596478141507,0,1.1979677894442589
0.3977221681104868,0,0.877300272232789
-1.3149063573350417,1,8.8913536201758
0.9665512744704836,0,2.152811532516321
-0.7894386374527418,0,0.6269912875530627
0.649487439651014,0,-0.30119319823569
-1.3668677972025054,1,7.342773247799611
0.752470636825401,0,-0.2019848273825838
-1.487247708758153,1,8.768522901289415
-0.2985740149200655,0,0.583891965021989
-1.0111757050444927,0,0.8421860832578476
0.9935009977127303,0,-0.6042312602530895
-0.9518599819725018,1,9.129634282406144
1.526869225581585,1,10.602175065040568
1.5672808456264513,0,0.5861110253452662
-1.2142347391088566,0,-1.5229319546408606
0.4553837800308971,1,10.413829710437083
-1.6491294331201427,1,8.528885236946266
-0.43385160159348324,0,-0.9891854453610326
0.853286918005089,1,9.501362570639643
0.6376929873996651,0,-1.6501635005895419
0.4988026776264318,0,0.2764042867143281
-0.8698365453502257,0,-1.06120485859817
-0.48790020226239195,1,11.604959884270563
-1.5882154211988553,0,-1.5932709025687226
0.876091281734404,1,10.164770026610649
0.015555187165094075,1,9.358889454352017
0.8350625293826184,1,8.796486617776267
-1.004225900812509,0,-1.8742374532542807
-0.7022470854597351,0,-0.7952978699209655
-0.6631386509595414,1,9.155288555360555
-1.8970303610111352,1,5.587383631919155
-0.6358085086775058,1,10.248581150674674
1.213218294072134,0,1.4071327643193565
1.589193982998954,0,1.548152114513159
0.07287326254370985,1,11.935345765447273
-0.17799321912311905,0,-1.749548920260414
-1.876701525202519,1,6.753284429482695
1.5168173503415305,0,1.5263170838469167
-1.9479591462965091,0,-4.246510041276037
1.7790003208408471,0,2.1174647466026166
-0.04313500524763736,0,-0.007000012026246618
-0.6322620257010936,0,-0.351902865448454
1.6968737393706403,1,12.051096040220987
-1.902436027559613,0,-4.741427644008926
0.3256995794763484,0,-1.6008366769279452
0.19573009799735042,1,9.715232761378648
-1.1227183951544717,0,-1.1096874615125314
-0.2844502745991577,0,-0.20854457471489157
0.6090560237750808,1,10.004342636708337
0.90852478752771,1,9.85245369192327
-1.9971325651736809,0,-4.1952274696194545
1.7474137203640612,0,1.8142960193804858
-1.3418985104287504,1,10.315773113025932
-1.0656782631105632,0,-1.4048696501861042
-0.9461062172246071,1,9.205581423284096
-1.8487194537918588,1,6.116968165590993
-1.5077915056387003,1,7.54548529975257
1.945399691776648,0,3.7059019112257876
-0.7391330504908558,0,-0.30413493150801174
-1.5387956386438026,1,7.718688654963482
-1.5720349553015067,0,-2.2259561899082074
0.8778398706798876,0,-0.3815806029218091
1.4182746561305635,1,11.828157500699078
-0.9721908019661205,0,1.5957572655410428
-1.9163619506590601,0,-4.393706413482693
-1.1076399262185768,1,9.714500226702645
-1.7739372368129707,0,-2.7462111846820494
-1.586420253479834,0,-1.3276653459500587
-0.2739675206094305,0,0.68651120569661
-1.0803265165534697,1,9.574985251126147
0.06378351410169358,0,-0.039690829710382035
-0.9860249869712385,0,-0.9137792669221013
1.7621492044117906,1,11.970925909604135
1.623775871705058,1,12.043817107532373
0.2672244200418641,0,-1.275047731720558
-0.5823040320504553,1,9.307420770743912
-0.47541247186105773,0,1.053127969772216
-0.3525908674220122,1,10.076595116383327
0.9103172885397761,0,1.2698441763285075
-0.19344401792464838,0,1.4660244922036616
1.4269197860235896,1,11.27564628628795
1.7763791437214582,0,3.0100283342109515
-0.6562153864842646,0,-0.4431351806439665
0.24277792550272048,0,-0.8054509589204906
-1.6197738526697423,1,6.922157867977116
-1.198123808934564,0,-0.016803387567228878
-0.34613693315935956,0,0.18789181311759723
-1.1751891363928846,0,1.035094131879867
1.5062419631548702,0,2.6807064249056474
-1.3668549757636077,0,-2.008055456368099
-0.17735671378763218,0,0.8375527666912224
0.42279696183950266,0,-0.267286523572028
0.7674556326433777,0,1.4428708450295782
-0.46772252109397305,1,9.462505614527364
1.4763962748989141,1,10.55665844793753
0.2732766043117021,1,9.214449085344114
-0.24196887820979285,0,-0.7517484128417055
-1.7310374637918535,1,6.566229403669796
-0.14124212621933996,0,-0.5740171190784641
1.282943363262921,1,11.91251812633355
0.45816407288526184,0,1.8441318076394282
1.3286498149164734,0,-0.15744989349105176
-0.023953317602777524,0,1.2635061710883386
-1.5261531796220726,0,-2.2550186162497283
-1.9454406166564757,1,6.666389856506853
-0.7871218131256352,1,8.102019079498305
0.7919618859911699,1,10.772395701752156
1.161039615766775,1,8.777235844803045
-0.8169886615186823,0,0.041277168119948804
-0.01738431646701155,0,0.2572534201334385
-0.3155243822636735,1,10.175301519051683
-0.35790886259428856,1,9.24216600970881
-1.074605147199398,1,9.929062438209133
-1.4545155798821665,0,-1.1475163959281818
-1.2132457670751475,1,8.89711938686762
-1.7786704513466156,1,7.8582884015224
-1.2074770327056918,0,-0.9758553770479101
-1.9631964094984822,0,-3.2544398855932286
0.509033602543913,0,-0.05993015336096043
-0.7344983704492685,1,10.018575515484212
1.8925788457076345,0,3.9641941457909557
-1.2251317968948086,0,-1.3173420846102373
-0.6166857187616244,0,-1.351099769037271
-0.5686353654338672,1,10.184145969270078
-1.9661940157501578,0,-2.6111819321085337
1.3568318121578358,0,1.5481096130329133
-1.8720221594227011,1,7.037922406627982
1.7607193389169655,1,12.687055596097238
1.5682974043744826,0,2.6677768851184647
0.14208766434385423,1,9.815498880995056
0.17438229964516827,1,9.548752630803099
0.6151116918246253,0,1.221665818844362
-0.4517999522604521,0,-0.576649743591557
0.5888891335914219,0,0.9915814989824893
-1.8209264452460525,0,-1.9129540174505795
-1.7838094906010937,0,-2.2712028282345456
-0.17107832152182256,1,8.74826093805426
0.19848920442413975,0,0.031064944514729666
1.551270561343276,1,11.664520042716008
-1.581357464368415,0,-2.4732427848815286
1.2905917087755574,1,11.217573758790918
-1.1598106508317216,0,-0.010859532522211501
-0.42366540595987257,1,9.50342498465255
-0.7335902606903484,1,9.631224813185169
-0.3993789085384041,1,9.727089896785829
-1.3980180077096578,0,-0.2023101426453804
0.014280297614219783,1,9.742900838257825
1.206570359325469,1,9.64386416552023
-0.23386395848441222,1,8.420169876148528
-0.03754569640720362,0,0.36270310287010404
1.395070341125257,1,10.596876036350116
0.8242324585521232,0,0.9486994347352942
-0.038182365920861105,1,8.668752178589584
-0.9692174072432813,1,9.005854954799418
1.5397069873798666,0,0.49452098570068403
0.3080816067622334,0,0.44923138694179837
-1.1154095595572264,0,-0.045014439474027834
-0.9235209894479586,1,9.94479377924194
1.2125323557449836,0,-0.19458273993622033
-1.8234177516501782,0,-3.7770610941230793
1.9683687481152803,1,14.047512261485986
-1.4785932811408329,0,-3.3040198843134823
1.1842741015877496,0,0.5893403174893528
-0.4208987329132685,1,11.479623039379932
-0.03113526685013257,0,-0.17997064051959288
1.5226023098583115,0,0.27639337502230044
-0.348355241643147,0,-0.6285459413491162
0.14997501469293795,1,9.370994331208763
-1.8028013503633202,1,9.21067301765652
-1.9906101045301874,0,-2.278245643123846
-1.0208005079930964,0,0.1990811806271019
0.7223323716750691,0,-0.15463239702862178
-1.5149404265634532,1,9.462201817076087
-1.5449521647818023,0,-2.9772651810607487
-0.35615756785638686,1,11.05398633970458
0.591348154432906,0,1.0313685859878667
0.848287968991722,1,10.153865086325444
-1.2861973036065009,1,10.075305960380618
-1.6816474105118302,1,7.174981551975048
1.7615881357821768,0,1.4681881765455445
-0.9573344697515931,1,10.539271620210517
1.4133859904348953,0,1.3264893699755789
1.453965801851273,0,2.1386344895692657
1.0900903670501778,0,2.4685621525499926
-1.3246655733897197,1,8.115524834414614
1.2872058370168014,1,10.923005441538026
1.0770022369663468,1,12.194260163169004
0.3868919604248684,1,10.697687767661876
-0.651191859324189,0,-0.8378519709132687
-0.9499655829338236,1,8.616341386875916
-1.5124431516785641,1,7.742074387629007
0.039028267603485656,1,9.261615019236416
0.34104350203938605,0,0.2571816186485114
-0.5626440379368511,1,9.9893768701232
-0.09856372927652579,1,10.278758990386587
-0.5459421705229333,1,9.077827387539953
0.564024229282805,0,0.0188807258283179
1.6050368311862533,1,10.01170260889452
-1.3443189518122205,1,8.930284119045922
-0.4743647603875063,0,1.1220694089757146
-1.4365255841965547,0,-2.9069571400411043
0.499775081631328,0,0.5458439241947245
0.9154820379543831,1,9.772621766049888
1.7276509303898235,0,3.380828171099937
-0.8845122949561404,0,-0.18735695280937245
1.8008448234617207,1,13.32481188204793
-1.7469493127173008,1,7.399126077587391
0.4120554534583527,0,1.3633131916225931
-1.77146912262668,0,-2.4321156756490367
1.5750967510477794,1,11.248428500214656
0.1192362282802164,1,10.099562659631587
0.6773934030511843,0,-0.21346605723020445
1.3262957036418102,1,11.328916961376718
-1.398757510064125,0,-1.7881200329368794
-1.8456337522474646,1,6.179739127541161
1.5155245836514086,0,1.9397118319523285
-0.7402670901642701,0,-0.14704183843814753
-1.484084368291339,0,-0.5703968236628563
-0.12615505165165386,0,-0.415959764078461
0.39322430278407516,1,8.049547375680152
-1.8761175863099595,1,6.334333728972189
-0.9004173669716491,1,8.008561905013012
-1.868800502892416,0,-2.8476417787024815
-0.3186584432180042,0,-1.6900767279116309
1.5804001162649772,0,0.9852835924042306
1.9306096459742768,0,3.2356014232522847
0.5481902140145101,1,11.626319613549793
-1.3534492248616328,0,-2.3125310464314786
1.623397559997223,1,12.151571887937237
0.06499129280024185,1,10.580113834282772
-1.3850027515883276,0,0.15568182345668857
1.6869066778066455,1,13.177971237155258
1.029876202892412,0,1.6400734707825997
0.9268210908926062,0,1.2623754821799322
0.8367228151776187,1,9.08377397091432
-1.1986407156142307,0,-0.5013751659312224
-1.1559732331698958,0,0.0763123971478964
0.75317199370902,1,9.257124915212644
-1.1211089995584125,0,-1.2843126371735343
-0.2453132127878046,1,9.189426405408621
1.1280073023757655,0,1.4902614991973877
1.1358100723913638,0,0.6633530179061247
-0.18695290989656144,1,9.675886973583694
1.1687597531009803,1,9.51659262098574
1.354487184792227,0,1.175100906431707
0.619103005137041,0,-0.4489408143057925
-1.0862965907663193,1,9.602402697009216
-0.9039528784578099,0,-1.5122910709389812
-0.7406353783650585,1,9.974771911475598
-1.532783569064192,1,7.760468851234517
-0.9073615185202195,1,8.3771854706561
-1.1619231027498715,1,7.8883799328913
-0.17868500076559135,1,8.820127055186855
1.6337501914890598,1,11.97395468090563
-1.5820787329841677,1,8.141045165259705
0.8810716957895823,1,10.61180603088386
0.7491320176525109,0,0.5177589048633127
-1.6169832053465694,0,-2.8724334489699594
1.6902896196232002,1,13.473048394650654
0.2738888086272784,1,9.568047369367319
-0.545097915457263,0,0.3691668147134928
1.0261543339812267,0,0.37611108668246074
-0.9705381663934638,1,9.918524769084131
0.7740393481852816,1,10.017549706482837
-1.8411551697110111,0,-2.7269872210476604
1.3576321504370878,1,11.243781199345976
-0.20731661191472606,1,10.809385318253435
0.5467716574317669,1,9.26304617783674
-1.1150487207732653,1,7.536919866314314
0.7082948506337918,0,-0.7956881740821506
1.0889611035731064,1,11.714583210075162
-0.10714725246240508,1,9.844826126290332
0.4709076962471772,1,10.144275141930292
-0.17469630471040576,0,-1.0563023747406088
1.576365477031382,0,2.0241311735609946
-0.00852327794272334,0,-1.0228129536648585
1.3672348361152755,0,0.4021260230328235
1.2054082330809943,1,10.473250827896836
-0.3579807146065739,1,10.42215960918217
-1.0796620325700998,1,9.922582703437552
-0.37567146976091603,1,10.552535818518473
1.3048695031008806,0,-0.47719362843278934
-1.0894698567224306,1,9.34676533500651
0.09774538343099737,1,9.803685104132668
1.22438699184299,1,9.38557124374886
-0.5860900994864848,1,9.915322321881293
0.5688385480107896,1,9.841604401522883
-1.017473703804742,1,9.984854453297963
-1.5628822185273603,0,-1.8275016250537492
1.1775369003714253,1,10.267061770702677
-1.6041255063651727,1,8.861879623380416
-0.9144744196816617,0,-2.6036042738615874
1.4204376879897604,1,11.368703110751897
-0.6141228516853312,1,8.120941810215967
1.8921813980566444,1,12.475142982321538
1.918937339095439,1,14.057884864906296
-0.9268959181857732,1,8.327637673778447
-1.8360871110004382,0,-4.518640830786916
0.8202531368215165,0,2.6578843760381643
-0.1960539894066251,1,8.636943068637223
-1.5969886241616948,1,9.614062835838567
0.8300912759121712,1,10.11378566575742
-1.875300363552315,0,-3.8223117611118025
1.4807867619689685,0,2.190268750124507
-1.445389883546785,1,9.826774553645805
-1.4907524850131,0,-2.802549595820053
-1.297310808125662,1,8.398053219478475
1.8410654339682662,1,13.967035568166141
0.772677441015384,1,10.518650284028306
1.2054861418545468,0,1.9778221555618802
-0.4094600570689879,1,10.480787421824443
-0.6547490899801778,1,11.667879729809817
-1.0620639728673202,0,-0.4204047988077322
-0.07740788675036425,0,0.22157923504029717
0.207314934136674,0,0.3261765162471304
0.5270993746110215,0,-0.06926585360261556
-0.9715259840052219,1,10.389593571345877
1.7946163236119625,1,13.12695473531992
-1.3209660071714566,1,9.635669404674786
1.8626126990656493,1,14.175505248160816
-1.9405755099699848,1,6.774512733654346
-0.07549723273261755,0,0.5015011634570034
-0.6665286475337489,1,8.84161405796263
-0.20350634427899683,1,9.44543232163409
0.28265831592315616,1,10.854675048326271
-0.25764336794916387,1,11.415079984903794
-0.34061259879362016,1,8.039811358354466
0.9308936616532262,1,9.835475859141706
0.7435051003458586,1,10.229125350528657
1.3330851281433915,0,0.305248965801983
-1.0001640750420178,1,8.677234202872153
0.43811403901625434,1,10.516966534890315
0.3407791415714154,0,1.6011633821578204
-0.521048756509245,0,-2.1025537904534173
-0.05576983238927635,1,9.829437121282762
-0.7448714267770851,0,0.2566405528475484
-1.4326224095320592,0,-0.6899481359282289
-1.1447951573490687,1,9.568968289260813
-1.5779454143951956,1,9.796930150995241
0.7322783007604965,1,10.225241942718153
0.6429095724366061,0,1.4448605710000966
1.8024254863194913,0,2.281436084357799
0.9187136545889651,0,0.44569608485538476
-1.7918166449754742,0,-4.089124508079597
1.5369806957158167,0,2.716276612144365
1.450700651782903,1,11.406080385826737
-0.2267187169092053,1,10.351994235445183
0.34345220211168614,0,-0.29311192084104964
1.9043133298900754,0,4.039338246860137
0.12921745539266505,1,10.398512755523683
1.621287313504359,1,11.136184236374529
-1.6678449687592543,0,-3.256495311257802
-1.2357925251652686,1,9.028590499568868
-0.2369802262347287,0,0.6529195967765924
0.3390272333492188,0,1.8823793575165777
1.264911407451201,0,1.314920532041072
1.9530484605727474,1,14.732383755997391
-0.4445940141035343,0,-1.6567910142153746
-1.8103374554396603,0,-0.95357326640785
1.2046860131812993,0,1.4798475767453874
0.4175228763312324,1,9.986787900087727
-1.2058285645271933,0,-1.041346995737145
-0.02068617351431934,0,-1.1072042238496664
0.9692409821348975,0,-0.36602069756540756
1.081647148274575,0,2.5431778802068976
-0.0015263520049519919,1,9.010995559935978
-0.7791418794845635,0,-1.2447614983218684
1.894970328153974,0,2.700115875415684
0.6534504438259714,1,8.941330094276706
-0.3670499226148052,0,-0.00941894406714364
-0.8781471031813903,0,0.7503223089313041
0.9244119320142485,0,-0.21552003254844165
-1.0312662176249292,1,8.078294746697251
-1.3131600441052473,1,9.159661747451484
0.11933555584828115,1,9.945075389647325
-0.8400504294234326,1,10.70631917237546
0.5156205796944602,1,9.614034325695972
-1.528245300503066,1,7.955209020916322
0.6197644182692863,1,9.969497850638104
-0.8668138880091911,0,-0.23664326848519984
-1.999028262261949,0,-4.386734083293185
-1.4922557693032945,1,7.783857963282729
1.7344615113403763,1,10.758561799148982
1.4694185564614313,0,1.0209903742267348
-1.0655638718550526,1,10.110288611232443
1.1134876181819648,0,1.5405269343178432
0.434286372695897,0,-0.4301588081682275
1.8836188457994778,0,4.6410446256152325
-0.5055773618637636,1,9.906681000629312
0.7258424500686851,0,-1.1466423179681626
-1.7458571103043257,1,5.686914824359109
-0.4150106127343762,1,11.182518493382346
1.8552706447527219,1,12.819944109103371
0.1559234978004822,0,-1.212169106339589
-0.8484819866606217,1,7.435303539205308
-1.5189161474855726,0,-2.1478665893632254
0.8141133607261217,0,0.6745401152332666
0.5794241737189072,1,9.39957458238793
-0.5042451455849015,0,-1.1173506439254257
1.8037654074633371,0,2.384962419750702
-1.9111887480485987,0,-2.247252537923516
-0.7851045934726968,1,8.365053377273561
1.6842779451983256,0,1.7472722355681585
-0.7162582467222385,1,11.027028232384994
-0.9909886645793184,1,10.00757185218467
0.13688163972498923,1,10.180410160901006
1.2952069996821516,1,10.437948350785053
-1.5874129564865558,0,-1.9695401820968146
1.7720828385829446,0,2.2445869415243362
1.1802915247246561,0,-0.037261102092049136
-1.2749989777937922,0,-2.116390920217789
0.8480318447926507,1,11.0890300432391
-0.4601651094497714,0,-0.10912655676792354
-0.39082128769472524,0,0.2846664721477753
1.1331603697554655,1,10.87919184534852
1.8511392319229287,1,13.612583461963984
-1.4933765086112243,1,8.080036929803724
-0.3174790524847224,1,9.502342724009646
-0.07623356766278588,1,9.184498152753138
-0.4947527321800096,1,8.525478013899363
-0.5472435051350999,0,-1.203976169173431
-1.7909253297536138,1,6.762463205916912
0.7421544822504931,1,8.60134736467649
-0.25514233151981847,0,-1.3905904820468713
-1.220824789424293,0,0.13237322257796036
1.2641340092082736,1,11.234244549868283
1.2102429926065117,1,10.434477527183857
-0.054433487644424794,0,2.27149381556804
-0.8061973554089579,0,-1.9102453875740841
0.5523709031858095,1,11.059879217921102
-0.8473914568903878,1,9.584289758956666
-1.0559682787051519,0,0.19630827365572034
0.9220586161053066,0,0.5009171889425804
-1.8386990411161972,1,5.019605057167691
-1.6209261158616242,0,-2.0339513647273333
-1.972847303905641,1,6.496270233909437
-1.3882272540982954,0,-3.5296636645832953
-1.7240399651581622,0,-0.6181455975544172
1.9832094711196744,0,4.211307819662495
-0.8447601201836417,0,0.3705690249873115
-1.402927949323011,0,-2.5461555761996535
-1.0360149680163282,0,0.1346260961293766
1.7445022861605386,1,13.744016093780056
0.08064089209758274,0,0.2538304301227252
-0.5407276147685725,1,9.91157775375402
1.4935658316368774,0,0.772289570369194
-0.42003891780387015,1,9.746738783611544
-0.6599657201692168,0,-0.6557551169811822
-1.1708699098010578,0,-0.23059842031054056
-0.488812704362354,1,9.09172614413521
-0.7332625759322959,1,10.367522608448116
0.7092158371925641,1,9.33937764720295
-0.8416691813170916,1,9.439525271439164
0.3087989856902458,1,10.63076744066632
-1.7364313398721092,0,-3.321635223381832
-1.2348433732139426,1,9.709068342668733
-0.37037891355460495,1,10.527589768061336
1.7477970156347817,1,12.398629601342435
-0.4909920571372184,1,11.102600688119278
0.6562964847993364,0,0.21912601861084063
-0.9796511103144074,0,0.6321829581533501
-1.491865696107073,1,10.133269594102043
-1.7658535996797995,1,7.00552225383964
-0.7783460058289946,1,10.40918522060511
-1.3693558928123681,1,8.078568109415224
-1.3039582079355032,0,-2.141379049081751
1.0430372335478002,0,0.37191435499913306
-1.9366477162205031,0,-4.9943999800815595
0.2312405029417377,1,9.068574686117993
-0.48215447762614083,1,10.53538866477601
0.026199999634188842,0,-0.5136400230852152
0.2513209488584116,1,10.71845108156951
-0.7465292221708872,0,0.0913893756297329
-0.8195645592628589,0,1.5759090143692556
0.9336073973396228,1,10.931214019561919
1.4851079524846287,0,2.7519547480155198
-1.2296734701658885,1,9.472191976906899
-1.6095249578594042,1,8.22659949124957
1.5911832255681038,1,13.179062850833919
-0.6004181454104054,0,0.5605715099460645
0.20526956265125662,0,0.21438819036703752
-0.5618274219199861,1,10.11698423845171
-1.4967906546157947,1,8.861537694260033
0.3573265797909122,1,9.351438617572597
0.10056340707851863,0,-0.7132909673289696
-1.1880257632352111,0,0.5870130540089776
-0.19252382139088864,1,11.860845675536513
1.1877900160625834,1,9.909011416804129
0.36170441243156537,0,-0.6453335234755925
-1.6123306917320206,0,-0.9531928844633526
0.19208598891654027,1,10.537063694115343
0.8109531971583475,0,0.9430877986678996
1.1708136231230055,0,1.6990796099414216
0.516470314537067,0,-0.17185010638546666
-1.389367341836865,0,-1.011006871162204
0.8406930663606427,1,10.549278297530284
0.7093673843260655,0,-0.6800140264981339
-1.9022924682374671,0,-3.126837756234378
-0.3530093296390273,0,1.2157154637680945
-0.6681990121505068,0,-0.4833053005291218
0.6776482570145737,1,10.308159714611826
-1.1354567507563171,0,-0.5252417233290567
0.363487691897034,1,9.739348046638822
1.6528238472566894,0,2.9345153711181915
1.191209488834431,0,0.16508561654821186
1.6858309448661215,0,3.7282331858004096
1.91402386773076,0,4.132206690691864
-1.957319491975349,1,5.313888444135831
0.49096510550991024,0,1.7571824526851652
-0.34864240896437426,1,10.146912452262404
1.439417961340487,0,0.7682348413608531
-0.9927411919634732,0,0.6153638928391798
1.9241179564603046,0,4.056435044194561
0.45483187817498916,1,8.275086294423177
1.1741496089153238,0,0.2836970377400453
-1.6576017887089267,0,-1.9981522103606943
-1.2661684609645398,0,-3.174516282269477
1.0336146921368128,0,0.6372060363029253
-1.9120539118427056,1,6.662792468526128
1.2675119435751312,1,9.834691923370801
-1.9442039252323542,1,6.596168581212057
0.6284753562450933,1,10.13158183738246
-0.5396243190727765,1,8.730138102658774
0.4459794108767965,0,0.9639126718873712
0.7841256279564548,1,11.078914792294682
-0.6300991232547832,0,-0.41481960916760496
-1.5681502075566578,0,-2.126696548315742
-1.7214165290069374,1,8.175748770142565
0.3557440902501914,1,9.82184725038429
0.08262141493644615,1,8.06937379868813
0.9688040364845301,1,10.941587214565361
0.038942040015748525,0,-0.8132297932777872
-0.3102168398764835,0,-0.40476983375496906
-0.4076512870550766,0,1.423998909780534
-1.8942123896093301,1,6.467766068351836
-0.6577711932133714,1,9.85943832586025
1.904080630097977,0,3.961311378313224
1.4942223049083552,0,2.1734092354662007
-0.6824877318631293,0,-1.0781455784821188
0.3511816202654887,1,9.961356841033203
1.3891869821419758,1,11.376607158132801
-0.23490265299972535,0,0.2655460197709789
-1.9281685449993962,1,6.704916713597423
-1.7019581527254397,1,10.122442855335198
0.04157088539482645,0,-1.1758238504632197
1.8777575027035134,1,14.290552972091806
0.7728381688754711,0,1.4141757465124352
-1.7163352342457219,0,-2.035211887666182
-1.2425564968325489,0,-1.609535863879345
1.0852925728674,1,12.303829368233067
1.365759039824979,1,9.081790770594935
0.4707783447543634,0,-0.6310968653442071
0.5776926785192664,1,11.268078548309052
-1.8866501984664614,0,-3.7278291575590816
1.314121038326034,1,12.731151602111133
1.1531008326833185,1,9.254800633221382
-0.9638594235866114,0,-1.5598266388740931
0.8347068798620279,0,-0.24085318105779607
-1.1405815743000076,1,9.675492978126721
-1.838679355793948,0,-3.3300702034114282
-1.195453829638491,1,8.655383320600881
-1.285484492982802,1,10.358283905704644
-0.6490080130606111,1,11.37676018816293
-0.3262020112981676,0,-0.4317349770961516
0.03415556599083169,0,-1.7097478843421123
-0.0929844979666874,0,-2.157885806605272
-0.9173015761388426,1,9.853361995080716
-1.8833173257037021,0,-2.683998563097459
0.4204064889486028,0,0.10014944668488598
-0.4170206806105825,1,9.892830641955678
-0.8053113704498012,1,8.93432454196822
1.4677641713220493,0,2.2360052076805665
0.9869732311926391,1,12.158898665446333
1.431062193489769,1,9.248486362571494
-0.02006882115015607,0,-0.07750523022265891
-1.47627499149289,0,-2.5790362396473108
0.7848857444850896,1,8.751296723159854
-1.175704880251299,1,8.05744630288605
-0.23508132363313283,0,0.3731771792064056
-1.739996844204446,0,-2.2290354707048983
1.3012336096919297,0,2.5619179301785913
-1.4962374358099977,1,8.333948374918933
1.6123900281972388,0,0.33772546013871896
1.4569224090462285,0,1.3080788964633485
-0.14166894224301574,1,8.612199273630639
0.9774728172159626,1,9.26016883436884
0.4777802952726131,1,10.635091470488504
1.2123025693509795,0,1.0850278221919774
-0.2727795968563518,0,0.5774170066870187
1.1432339369774,0,0.38960129015855455
-0.15017273173940815,1,10.788836227013416
1.7638631513711753,1,12.330474276265317
-0.05451159669940964,0,1.1166018417511077
-0.14952291226508185,0,0.3429674900240326
1.1402874462540509,1,10.534335618544251
1.2863107670433518,1,11.276254976426348
0.21795645728468305,0,-0.012683688340981512
-1.2808087460196984,1,10.545541685015786
-0.12896707616968195,1,10.244365099697248
1.8722900116387136,1,13.280015456009226
1.0119447721567405,1,10.27964116968273
1.2446504155165288,1,11.807262212916049
-1.8686980047230395,1,7.445136506070353
-0.12856214946336042,1,9.72509591753903
0.5864845346302214,0,-1.0547766993189343
1.3201307345122988,0,0.24835758318530277
-1.8029053856689141,1,6.885694482426425
1.4097555425674924,1,12.749809123770634
0.19360374696764682,1,9.75345173834508
-1.2107441176957603,0,-1.4815393092348499
-0.7309791342012,1,8.04398846557763
-0.872281792993757,0,1.1816925014007238
0.12343613715390322,1,10.569968512096223
-1.7932572803554727,0,-2.087343012769485
-1.3658553660003059,0,-0.3123551179128309
1.2507721735031296,0,0.8136431710915498
-1.4695840370127558,1,8.497677033891645
-1.0664149221674921,0,0.8822166696899459
-0.18651757758337073,0,0.1763365273383507
0.06848355245332183,0,0.5876858838902869
1.0544419184566345,0,1.4567401594264477
-0.2106702933352489,1,10.638256350840594
1.1594584841421551,0,0.6511863442832335
0.4733852281818298,0,0.019157451078837
-1.5476010423047102,1,8.924334808302936
-1.3746742464286457,1,9.477121770357781
-0.25186509820091674,1,11.160243938347431
-0.41244242764384165,1,10.51601694914088
0.9741770785491783,1,11.058862856661715
0.32294855918940746,0,-0.4293922821549442
-0.4474676759910028,1,9.374052861916505
-1.3169588661984575,1,9.638576683698458
-1.0926515906980194,1,8.773563394723741
0.30200407387623596,1,9.993071358221368
-0.30624478040083014,1,11.364662525075433
0.05971003544268827,0,1.2206767340914395
-1.3172902587910653,0,-0.8411275181716302
0.6516250093782632,1,9.842205346644402
1.4101549634238681,1,11.27869376462174
-0.9682419728523977,0,0.41380033847761266
-0.033943096672693684,1,9.96348116905916
1.9021093160836071,1,12.882652238535739
-0.6670330377970894,0,1.0673822265871502
0.38018537969504473,1,10.209076311962823
-1.6392171991990225,1,7.220428803367907
0.4240600099177727,0,0.5170688857375623
-1.6414729067815284,1,8.759798779617615
1.8369417412952882,0,2.091573674036168
0.8626506082892456,0,0.12052374397872681
1.1526391525428257,0,0.5190015753020323
0.8164174430865474,1,10.724373562588287
0.35891614430586305,0,0.6551262550376015
-0.20034887565797854,0,-0.5554948803544633
1.4334935190442497,1,9.980094370081531
1.8273426701722522,0,4.082712930974925
-0.0038553083836747604,1,8.880054700771286
1.726140196621048,1,12.842753328515856
0.33333163995407,1,9.886537337559393
0.15353674758573277,1,10.164253606986229
-0.18206906817857327,0,1.6482162546828498
-1.1628489538795206,0,2.2520691507731003
-1.9851213567277632,1,4.455171973030524
-1.033975092575755,1,10.431192447253835
0.03889268641426069,0,-0.15621835734051182
-0.48016019096098983,1,10.992503133238355
-0.20605908798946482,0,0.9528884059133393
1.9225928782561983,1,14.963045757810455
-0.5989105173226896,1,10.177552168179783
-0.19126824255956842,1,9.106924880285261
-1.4659377945887218,1,9.352518665900003
-1.8081690702520494,1,7.162115441129212
1.1016380583699785,0,0.4346342903431452
0.28273270028791453,1,9.535076631465685
1.04281922417558,1,11.573353888530148
-1.4005488044537935,1,10.22975537433929
0.2873150847307637,1,8.816506365376634
-0.9854301026344978,0,0.143490212126137
-1.0877527323999203,1,8.98409503110935
-1.953895943788059,1,4.803024186104042
-1.4786371057237124,0,-1.4687163761444408
-0.7629275540012186,0,-1.0551719959741934
-1.5324849576362438,1,6.622718536873281
1.94343376164375,0,2.8883708169947173
-0.7654694059041973,0,-1.252034795413328
-1.4787042131906873,0,-2.26332914235573
-1.203670748688169,1,7.802162827236628
0.3508129133659059,1,9.626447111408144
-1.743825904540846,0,-3.364674322960597
1.4497365205646275,1,11.899095579858779
1.8459987169485892,1,13.738854295990642
-1.0130103173304765,0,-0.259621902870352
-0.19961892563656258,0,-0.23942163694933435
-1.9114621958820117,1,6.245629422130712
0.562840898908886,0,-0.7479238377070418
-0.34429576778964455,1,9.166599003472443
-0.9197661355937772,0,0.3145567068595384
-1.172651557533566,0,-2.565966022612397
0.6160923106350418,1,10.036200059297585
-0.3351318758707422,0,-0.3423489574558393
-1.281362843880352,1,9.547203208889496
0.7564363259472962,0,-1.208597095509599
0.2602891321467746,0,0.021298056100693172
1.4346882197179847,0,1.819515449455051
-1.5300964044940284,0,-3.695858249873881
1.1426664077778246,0,-0.32834591042187733
0.6940671472690361,0,0.07538636069407903
-1.5399562526876087,1,8.688170529902505
0.7792829194868829,1,10.419121504871287
-0.23381084448067835,0,0.5540633244939018
1.7799391422233724,1,11.740214264578828
-1.4335545975284028,0,-3.061784169339132
0.5713335632629519,0,0.17775373952307216
-0.4720798181482162,1,8.71804305996551
1.827258682363511,0,2.185171193890127
-0.6801004188388942,0,0.7749926940335883
1.8487436379672006,0,3.34846658737584
1.6059434044029963,1,11.50276265035882
-0.9184670587573747,1,8.914567476487592
1.2141671073057108,0,1.5158852028607437
1.9824168072140238,0,4.107396566853621
-0.9893479913148706,1,8.301251777088083
-0.2528913227067213,1,8.044089558404812
0.08072294626703869,0,1.8820648358313943
-0.8202754567845427,0,-1.4984411443689194
-1.938940641415881,0,-3.117018258874838
-1.1194830232098933,1,10.80920122693032
-0.8722524626329662,1,9.815782108636558
-0.22560119472725138,0,-0.6061777642847981
-1.3155900863463925,0,-2.564545754220198
1.4930174267666905,1,10.224032810535387
0.8196445309253444,1,10.652020477965895
-1.659198089761352,1,9.167141337768772
0.6003698045597257,0,-0.2872592791371198
0.6146259056224816,1,9.560371616656294
1.8248846945745107,1,13.736100381007262
-1.987916514575355,0,-4.6138834910583
-1.0082702007767712,1,9.761974729306692
1.711165917501262,1,12.54702432669381
1.7285356615931322,1,12.172822076649778
0.8823456774825496,1,10.327929849588172
1.0630532841901599,0,2.3638209569017734
-1.6340681682814115,0,-1.5770941287567364
0.05550333911293448,0,1.0925862966223607
-1.0736680348440024,1,8.462463220325057
-1.275127825545531,0,0.0592884842538044
1.2412131964933302,1,11.595133330387082
-1.4598474532778103,0,-3.0551763946304638
-0.12539345201445906,1,10.538804920283214
1.7543129583441321,1,12.186274884938069
-1.2566717777386298,1,7.461913234951209
1.9119736949529385,1,13.624522751535192
1.9771519430442361,1,14.403514386720058
0.22246861872961166,0,0.15711330893219336
-1.3194290392913683,0,-1.2576309673169492
-0.7355804482364174,0,-0.5295887564833632
-0.3020286692938594,1,12.452812282837796
-0.7627031025671083,0,-1.4044076961786307
-0.8774576804939369,1,10.535130617238664
1.8889188368654302,0,3.3852677498780017
-1.3865406903370174,1,7.812724661904541
0.9333116348674491,1,10.358091115887
-1.9983588422433005,1,4.6169062309653786
0.3847306776095074,1,9.432983067105086
1.6637720158162095,0,2.255840379150691
-0.8482636236271239,0,-1.8563016022161436
-1.2578960989691232,1,9.511196407164196
0.6067191795137079,0,-0.8520918996614733
0.8504056291935727,1,8.85578135244053
0.7521220758079252,1,9.132315336519088
-0.7227324799145038,1,11.987197311490808
-0.9911903913626765,0,-2.4649658008660102
1.8236751998481768,1,13.468704585922488
1.6931980330797178,0,1.675495025251486
-0.1707335604287188,0,-0.35261660877779516
1.3847754646174937,0,1.931655781838037
-0.19070608946281586,0,0.5513508378282302
-0.3024439277099584,0,-0.6945290444533527
-1.3729482096028214,0,-2.651818623287844
-0.2943757740321087,1,10.60938609879585
0.14966775439922797,0,0.5540535045390866
-1.9099826902852541,1,6.231189711708932
-0.22354797929837433,0,0.43635862408821247
1.1254248735808012,0,0.26689148212474734
0.7201842254970794,1,9.359729725369023
0.54062795545574,1,10.082969168366951
1.63822171374881,0,2.7173381994908756
-1.92787196069908,0,-3.273401235397019
0.22819034476893663,0,0.51510371079487
1.1493953936388284,0,-0.0013401306968370275
0.16534153080506897,1,11.584141163411639
-0.7044177896784833,1,9.482851533428061
-1.4549977396320886,0,-1.6590441611046758
1.5502522872647653,1,10.54419091900417
-0.11695043044958808,0,-0.19465494539208775
1.5124607879428056,1,12.262143223840809
0.34340848973267324,1,10.782759589691041
0.6967684664600031,1,11.731076508111212
1.2170446175138,0,1.4215766797229143
0.6366221784005375,1,10.405920796230673
-0.4077806372842492,0,-0.48019902296580974
0.05453353571460395,1,9.338340680585636
1.2121820987035195,0,1.860829878152856
-0.5053988145080632,0,0.8865238572196577
-0.4475141729260117,1,8.87817570575337
-1.6172395357679954,0,-1.3918197758287618
1.6583377408869908,1,12.930667787413974
-1.635854740218233,1,6.697400516044237
0.5928367097942235,1,10.644634625747996
-0.3472220847888092,0,-1.0704775581702084
-0.37752243897823057,0,-2.4561958191880677
0.7182073462907357,1,10.02513108659909
-1.7316250694804851,0,-2.3383461555708784
0.37482313180573845,1,9.91125909207572
1.0881271438894191,1,13.511289338295564
1.3128510315463768,1,11.510251695945643
-1.3178784424248988,1,9.002693814958597
1.5896762003126947,1,12.438203156371177
0.6245843673897689,0,-0.3194920647149928
1.5274192032827312,0,2.7112207588199855
-0.05887713155920693,0,0.3608998968995386
0.1681333803888081,1,10.31754817116898
1.6761531081146845,1,11.730446839597613
1.599638173418687,1,10.48228057365932
-0.20735650652399196,1,9.494156086014396
-0.902349473457273,1,9.915271787490267
-0.4273182617429434,0,-0.4837138286556473
-0.44894268588100106,0,0.24648507223063584
-0.8525325000688242,0,-0.5421771592117226
-0.9256815826681337,1,10.033977508642604
1.4442517459188777,0,0.5294315901225534
-1.7205523172613533,1,7.6462142616816156
0.7104447283983766,1,9.53833784571028
-1.3087197941741908,0,-2.659036219746517
-0.6219764264237471,0,-0.28546136718763654
-1.7538278634606526,0,-1.1609926649123024
-0.9201054525781518,0,-1.84805430578573
1.0736842844689685,1,10.73826276752517
1.5400612981890345,0,2.623927134121762
-1.1138913923905318,1,11.608998065848002
-0.14580864296431262,1,9.50551705998744
-0.11870380825117444,0,-0.6328369081940128
1.4943012230389368,1,10.501647410412655
1.0511962115032216,1,11.721309324177604
0.05230887347219948,1,9.132657235007882
0.6829888018870935,0,-0.21129827384161823
1.3894202156374673,0,-0.5078079786464205
-1.9618441838978202,0,-2.8914330847322134
-0.38843987579980555,0,1.1289533011302628
1.6289726691083146,1,13.007056870347482
0.9612521233758056,1,8.838775912633189
0.17136549733629858,1,10.609667211830535
0.11857810814053371,0,-1.6718367351057764
-0.6089196095822489,0,-0.05484824542131362
0.08208213456605806,1,10.205354093223075
0.621532797853813,0,0.43023321615781696
-0.3265478462848277,0,0.5172260634213199
0.8566125855686959,1,10.306251181639787
1.4449289090415434,0,-0.4540540988221482
-1.3812606072605553,1,9.217480667596917
-0.1938119087303023,0,0.09396805734052181
-0.3679196348596756,1,9.072478514117048
0.7498592161989124,1,8.641421314827417
-1.0005301389682826,0,1.039226555826449
0.561003659809105,1,11.319581506530126
1.509956966925952,1,12.42728573193364
-0.32747360082550925,1,9.306141124700133
1.6440627999168802,0,-0.29509195309168623
1.9726549557339137,1,14.602841940528267
-1.5756318002081917,0,-1.5891572459008676
-1.0677872480605655,1,9.01660840737294
1.8015190059283728,1,14.048194907185556
1.833310745925547,0,3.9289021757034654
-1.609170898452966,1,8.092676999602274
-1.9400059984914533,0,-3.615667446117245
-1.355599906974311,0,-1.1945921177851617
1.9840511335289932,1,14.585007744606425
-1.2800015335572525,1,8.093943884582192
0.010190426888092574,0,0.4259836508964585
1.3936709057220442,0,0.4328855122017764
-1.9183935572471746,1,7.806486727375141
0.41795592903383794,1,10.568634338409746
-0.8918982045215027,0,-1.042972927006781
1.4493396657589264,0,1.6028267431628467
-0.8661554029436833,1,8.821307822544087
0.7470228811276356,1,11.712548351600162
0.6968785297895876,1,11.792091919414503
-1.11402580456144,0,0.004940874413868479
-1.8608032005265995,1,8.335058638667027
-0.3630017048584109,1,10.127879538399686
-0.8432273921365212,0,0.46373155429354423
1.2359109984548344,1,12.168636713638634
1.2014567538213812,1,10.861406814121032
-0.17190419122949807,0,0.06856388255951999
0.42604890129287565,1,10.972324302573558
0.4170380639477007,1,10.682763751354987
1.3086325937104935,1,10.365068543777348
-0.29999034350721,1,7.799671932313097
-0.8982132808379637,0,-0.5378615056564854
-0.9398603274378101,0,-2.512021084716769
0.14476911712881657,1,9.010499706513999
-0.20340718907114974,0,-0.8784948910027855
-0.23951691606025527,0,-0.5755126564445973
-1.635450643641171,1,8.633269200793336
0.8744149627607825,0,1.3719690486532263
-1.1450532480723572,1,9.758074188106313
-1.2121854791651145,0,-0.2580818382452479
-0.3489667188904262,0,0.6348722617974599
-1.0888866335287943,1,6.857637668804481
0.3354330692320615,1,10.029068365582933
-0.514146642662114,1,8.13558477664164
-0.20435310962883957,1,10.504872562980015
0.14867728641611544,1,7.908535103593282
-1.1858579100727806,1,8.98574979541843
-1.3769935085378808,1,9.242303422406914
1.5216876114944191,1,10.644001133996161
-0.2651051886743159,0,0.9524000633024563
-0.35162556146984336,1,10.484884583597632
-1.857551398908634,0,-2.823913254174062
-0.008094789650427092,1,10.69800132230248
0.21667888644400035,0,-0.35411357909398944
0.235363483818666,1,10.15843795794412
0.8281246772915374,1,10.294011582675708
-1.290072660035953,1,8.913925174819125
-0.9911074630775247,1,8.841189464515777
1.2429218609216508,1,9.717534757103866
1.788682467373576,0,2.524483551005105
-1.4562690105307174,1,8.063883099084531
-0.009401781979127222,0,-0.7367314030451181
-1.1432949890416526,1,10.104839946896195
-1.7597073265800702,0,-3.8967349662011257
-0.6979866474954584,1,9.658466403012524
-1.425249499263149,1,9.718759306832515
0.8397322937369851,1,11.205198102581154
0.13490165468577775,1,11.21752138604032
-1.4246621160387565,1,7.963428039544352
-1.9630336463779425,0,-2.997988028970307
1.2326281960968508,1,9.873440153091442
-1.2952223753430099,1,8.637692867105377
0.42486656888306396,0,-0.1434091384246633
-0.6523123476930177,0,-0.7146233820085233
0.34194375326014237,0,-0.3418230107271593
-0.7373854920707039,1,9.306152050678303
-1.6522417572309833,0,-3.2376235308784915
-1.1081999657689856,0,0.17591934738082438
-1.2477657340836976,0,-1.1537852964516166
-0.28792259024142464,1,10.18950223634138
0.6331351337046294,1,10.290676176916483
-0.9447757002145698,1,9.633072499274506
-1.9517202587975282,1,6.375546461470439
0.07574945705902758,0,-0.30519989558694427
0.42303795743588823,0,1.4562505404581259
1.8514819760072387,1,13.934171452191675
0.35788321237298737,0,0.041300944140411563
-0.11530976248743263,0,-0.44782103494612674
0.2936065035908153,1,9.893834299141204
1.7116025194481082,0,2.924762496202667
1.313512582406585,1,12.63305177283985
-0.708085066544768,0,-1.550558969545066
-1.050982545371451,1,10.079335853261702
-0.9494655505357055,0,0.6987592407856247
0.01768415886085206,0,-1.486715704726377
0.9761978049143112,0,0.28398890487528927
0.012876828731848367,1,8.935483094487948
-1.7288144166875496,1,7.846989963401799
0.8943228017599236,0,-0.0007053084241335772
1.2238805146838154,1,10.786476156281527
-0.8420085395211214,1,9.290461267309844
0.6565029571334016,1,10.861638550591747
-0.2936323957824265,1,10.21637447038661
1.5564774229097713,0,2.1163049627799433
1.3809022326429594,1,11.477236828245696
0.10172799323856907,1,10.57301725082467
0.7660221832543779,0,-0.037224782054490035
1.533398804088416,0,3.503524209447942
-0.017131959686897957,1,8.765202734631767
-0.7469970380447122,1,8.065667669517083
1.014664551638325,1,8.713640409260176
-1.119734980861233,1,7.218446422733334
-0.4458754079758318,1,10.628848711456836
1.4629089484271747,0,2.1167553150297067
0.8976893610772603,0,1.5694762670366673
-0.384755979010003,0,-1.085117306569349
-1.1410219903665704,0,0.002695400157223249
-0.5761264366710539,0,-0.03879036264327229
-0.863583403090268,1,9.844566484157431
-1.2956428482245843,1,9.538131296155443
0.9733316542626267,1,9.704773048055445
-0.991720452599314,1,12.099565913933011
-0.18333011932894472,1,11.328799447793383
-0.45656221265556374,1,9.420709065338846
1.9283095145425233,1,12.494353379100767
-0.4356310234071179,0,-0.1292399673559709
-1.6800700688129808,0,-2.1888542121170547
-1.640696989711664,1,8.857330129191418
0.36301488541225924,0,-1.1448018957938444
0.39745420695306244,1,10.316879833255522
-0.3249640380693801,0,-1.5461733898268477
-0.2726252307518813,1,10.426226224188287
-1.7842696686365151,1,7.052279039174259
0.06618604155704899,0,1.936824729311051
0.01895790152140675,1,8.45400086253447
-1.4018027257722219,0,-0.006698459831935288
-1.5846424555562897,0,-3.693422603443129
-1.505710037602038,0,-3.034055104591115
-1.595887014034966,1,6.2906587424540295
0.43883278214703925,0,0.2926065467738077
-1.2140693903883255,1,7.931553607562809
-0.9942793912501462,0,-1.8397995865979575
-1.305711423394241,0,-0.9102745595318733
1.8313412177940123,1,13.52276123137147
1.4184698526073416,0,1.4668702056329073
-1.0780206505939165,0,-0.7886184222982934
-0.689734824311496,0,1.6648444348851654
-1.1604286307800113,1,9.364522798155859
-0.03249616215670503,1,10.805674315939614
-1.9215578701029856,0,-3.4046432643646165
0.6854720355871828,0,-0.936834260409422
0.09263259927056655,0,0.5502851127340268
1.594555713204413,0,1.3713676831710293
-1.3424292626863434,1,8.699407017025871
1.2164369842445266,1,11.2053951023001
1.167844057866863,1,8.854969681715552
-1.4912752431324523,0,-3.2677270105038736
-0.40576310342348965,1,10.876056003953266
-1.3193894354219324,1,8.187864586973673
-0.9811179981698044,1,8.911469584646749
-0.9470153006778226,1,9.741778752859897
0.22494557610309096,1,9.62001858356304
-0.354356272958138,1,10.39534041216709
1.7909312160252213,0,2.821025603903753
-1.4945194322119795,1,8.529532366371516
1.8947685394007951,0,2.6993911783382787
-1.0774454391429442,1,9.568197719526186
1.0914957455274124,1,11.75527288931171
-0.6441202953087144,1,9.29863194171325
-1.4276744183307444,0,-0.5396634213739661
1.4315567409849597,0,1.415323451308053
-0.7645564030541472,0,0.5110222737524956
0.6354216169073688,1,10.257050434923974
0.2657747403465063,1,9.975975740434317
-0.11297476243650273,1,10.349008716856087
-0.01672210940584362,0,1.2135952243093602
0.9289516563691502,1,10.63691725816851
-1.6489083435062377,1,8.236923434273367
0.6727226478316206,0,-0.21626265869277123
1.5832484055943148,1,13.555231479291516
-1.7688472119205434,1,7.873134438073302
-1.437386643065333,1,8.592830302348279
0.8665277468081256,1,10.202671317939854
-0.2508734070215297,0,0.9700136009667728
-0.38580551674524655,1,9.365083138899013
-1.4521334618230566,1,6.686074173789718
0.027080162871152336,1,10.07240952884307
-1.493818755214491,1,9.523280424830308
-0.09351817475783841,1,11.59089987261843
1.0544611958466268,1,10.478927649664138
-0.966942568451346,1,9.591552683071674
-0.07685532728109079,0,0.5193034502468571
1.9680638775873427,0,3.547077308324808
0.746601693416149,0,0.7244890996369664
1.3654270852207944,1,11.18744331872911
-0.340609573757817,1,10.991610367481437
1.0714436925034212,0,1.3379846851411918
-1.8379633082347127,0,-2.294192476805355
-1.50835526983102,1,8.07882595417391
-1.1877176283197515,1,11.08818662779298
-0.39219230153912177,1,10.453749451896183
1.3829795133030527,0,1.5698597208376586
-0.614935796848278,0,-0.8772107470138355
0.6184847740618515,0,0.021220634032067365
0.8372571792139336,0,0.4078382279284418
0.3447294163533656,0,-0.7671937553729902
-0.5710321273194552,0,-0.38541756438819724
0.3082133668541771,0,-0.15116057981552952
-0.6309376288410151,0,-0.06966188761414939
-1.6645050457919517,1,5.9314732723264125
1.9712159127440576,0,3.694498582648617
-1.4912701854699564,0,-2.0355541981318184
-1.7106064646557706,1,7.476349361908257
1.5141229968286236,1,12.77089187179525
-0.7926613564284195,1,11.803376160736413
0.6011878962940305,1,10.787019934469367
-0.6839770813510686,1,8.60558715933587
-0.4341829168221154,1,9.61366809416146
-0.951548111932814,1,10.16517663521986
-0.6278239768279592,1,10.359558022328697
-0.35719839765382755,1,10.964538139497144
0.8816642763693716,0,0.24532188760183618
0.04614477693916719,1,9.63654888460428
1.7742608686279078,1,14.545112057109522
-1.832478424644898,1,6.98196023991168
0.012273290528112657,0,-1.016673451635776
0.33689915532687253,0,1.4942528594301416
1.6807879442970957,1,10.878057914384001
-1.8033659055142897,0,-6.427434131518577
0.2939983397408641,1,10.78209263477955
1.4145197141118282,1,12.325833187457269
-1.0322890875230537,1,9.863998600838551
1.5051693940957498,1,10.402550816080486
-1.9238263629028327,1,6.380985694206359
0.9298185165349189,1,10.123774524815783
1.7324528846746121,1,12.06259696748982
0.6287906465602489,1,11.536374323450838
-0.24388302407820817,1,8.946080990778718
-1.820475934109128,1,7.29945510845664
1.680455253290515,1,13.566790866324483
-0.11881510923370087,0,0.38060286707746005
-1.884013022656208,0,-2.1025385150017075
0.7592842853150477,0,0.7825832110047367
-0.07265098569496731,0,0.4291579385208302
-1.502618730230357,1,8.670481215392352
-1.1429127627589617,0,-0.13302139338796337
-1.742037278176615,1,6.971185970437414
0.2971741588342942,0,-1.28875175829263
0.488117917008037,0,1.0121926794841078
0.0229691934217775,0,1.1617483595934737
1.2684085320104597,1,11.272324815737678
1.4440352852320544,0,0.9572029368238623
0.4624975867325065,0,-1.5082520705325972
-1.9489740811702778,1,6.384218106398183
0.7809186229909426,0,-1.1108350216630454
-0.3280031323185937,0,-1.5066317841237982
0.26222993290554797,1,9.98828453203951
0.5963224080755376,0,-0.6577432534822288
-0.599053542691693,0,0.23781983733187292
1.668394020687177,0,2.162723982628512
-1.4641005330008752,0,-2.1758504683858018
0.6860472291241497,1,8.456532688321726
-1.9825616801736783,0,-4.749167840414603
1.6986044216207232,1,11.634318642795186
-1.549983467047634,1,6.912814406476617
-1.6204630794097015,0,-2.456631774791639
-0.6679694677910231,1,8.703729628197909
-0.5057348558436776,0,-0.22841807896686347
-1.1427997107084855,0,-0.5058319569889514
0.3404866437084988,0,-0.8064334495332297
-0.2283436078321457,0,0.41945561985529206
-1.8632976438356503,1,5.404070978172454
-0.7213917509787975,0,-1.299885717233744
1.241731654292682,1,10.84409416987762
0.7588061394474743,1,10.905496355100565
0.8994834143195218,0,1.2312722500805906
0.7924676963340942,1,11.86122747968163
-0.7561079144678668,1,9.407277988470867
-1.6013443116928965,0,-2.180667814011156
-0.910131263867616,0,-1.4096241019515041
1.3271412007406371,0,-0.08501693408521072
1.9218831911322845,0,3.777939597009349
-0.024611941033754636,1,9.224121046241141
-1.9611985803078311,0,-2.5392997235980705
-1.4398207514630839,1,7.045179733383831
-0.7116776987349369,1,10.306126113938396
0.314341394371799,1,9.009790878277194
-1.6996254167787441,0,-3.2753250062787633
1.7734291948395264,0,3.327874793330349
-0.5396653068623971,0,-0.754466132046567
1.650336871699292,0,1.7316544131704894
1.122087211028087,1,9.894240256101085
1.0217490900623245,0,2.3183681049937657
0.42687831912892804,0,-0.5785923390248299
0.5071352682073784,0,0.11676630868539789
0.5520129408649925,1,9.88219061855758
0.5148855481023284,1,10.289666976085833
0.214912925593445,1,9.39022620545725
1.9456560739315556,0,3.4818987500152203
0.9291622697027844,0,0.7950446582987973
1.1077855535700847,1,9.816723892180018
1.4898512603346967,1,12.742800580676095
-1.1374409490966033,1,10.449685942903987
-1.6647833636197569,1,8.299516043636679
-0.06842225360560539,0,0.06971622062142445
0.05632278247709266,0,-2.9905121130671124
1.3167271197996708,1,11.565742324688468
-0.22486568287065722,0,-0.39701552410951163
0.2834121021772509,1,9.765107761486437
0.10828375405383328,0,-1.8967424969068165
-1.8471888649704358,0,-2.6578142679427414
0.4608595863876559,1,8.6003602960433
1.312173143097009,0,1.2480733272385074
-1.3699978076967847,0,-0.3810128459991785
0.3773269357063831,0,-0.4424671037879871
0.37444217778565747,1,11.242301422048978
-1.343260143774565,0,-1.95884463013511
-1.506145705077056,0,-1.1078937757692646
1.9202077719059392,1,12.235307268404233
-0.4251233213878498,0,0.9927142000958602
-1.0903130851058829,1,10.227917757676064
-1.3147018221825002,0,-0.6678342650933121
0.6704068543329402,1,9.757371485143048
0.43778118930911525,0,-1.3600497222546994
0.5742084919496699,1,9.704022373852206
-1.647975889954191,1,8.87250049916595
1.5741383339937478,1,12.08024960747547
-0.44293441276380685,0,-1.5964867787265051
-0.7465223742785683,0,-1.3327444773042287
-0.1505542110090432,1,11.251445127036897
-0.439735737009487,0,0.4453974480185055
1.4543080125565835,0,0.3039391796010482
1.7170439007915683,1,10.765297050450227
-0.7861871342015752,0,-0.8680094200327855
1.4557432298398192,1,9.691138339535296
1.1260925181322685,0,0.5581556647297701
1.7232306893790472,1,15.010212824257657
-1.0169987512564487,1,7.877109905141028
0.30783660048391637,1,9.828560154029187
-0.9018216610382215,1,10.9452087742412
1.2963779619374969,0,1.838431550414068
-1.978703237715743,1,5.977684032250484
0.25927665154558444,1,9.862366186170151
-0.643186274912328,0,-1.2889491921587033
-0.709265171688719,1,9.553943795549545
0.5796252954596679,0,0.340807760453812
1.4059377972559757,1,12.494644812498544
0.43678156557330494,0,-0.5785114370497504
1.41269191458689,1,11.219818400919944
-0.9416115524758801,1,8.633354903586154
0.07800741905992448,0,0.2255625232532862
-0.1978538437316959,1,10.779906842831625
-1.9534204019876151,0,-3.097332844427901
0.2272485725629605,0,-1.1643192998523582
0.6460972965846996,0,0.2817171917623461
0.36765761767628025,0,-0.6524639977374055
0.9451195951336859,0,1.4331645505945754
0.28535811381230847,1,9.850305526265986
-1.7329989805969723,0,-4.121858664400936
-1.5342179036611543,1,7.974557391169498
0.38589831017580956,0,0.4872060761201229
-0.9000832321054393,1,9.879404926782165
-1.6814194838609366,1,7.111373380409508
-0.28158902620581294,0,-0.5964373218608975
0.21729039233462144,1,9.017625297171564
-0.6850160466015738,1,9.444529522700183
0.8817348089031118,1,9.487076162728307
0.5750824324049786,0,1.0651815608592141
-0.6687265556333122,0,-1.050663045703618
1.0194901156342424,1,10.65209313452728
0.5947801701321418,1,10.159509646047782
0.5497815148716083,0,1.0287558496346836
0.21371080314827218,0,1.0942486217045218
-1.9544413276457888,1,6.96314248014877
0.7860287339075565,1,10.595748799803296
-0.4958328355633741,1,8.890403552807042
1.7704388406346223,0,1.7058091893431384
1.2719390843088214,0,0.18319917039448075
0.35077787812524885,0,0.7735017526433229
-0.9912720727229223,0,-0.41369211347316603
-1.1851304268893337,0,0.036379174949080384
-0.6384606492898035,1,10.872674238403667
-0.09372822567992589,1,9.273636399393185
-0.8157379598442116,1,9.760666717035129
0.05971798156993113,0,-0.012887194436232109
-1.3385182979472563,0,-1.5268532845252165
1.9108512513019997,0,2.9537528966573996
-1.5683017801400245,0,-0.7439188726447532
1.7277765586174882,1,12.630861243528571
1.6543120456107796,0,2.2768626644112504
0.10144192727799206,0,-0.80225573258729
0.8996410873443375,0,1.0392765254184546
-0.25580680810964873,0,-1.0134771316308935
0.5201383101697528,1,10.525265642372025
-0.6376962503155252,0,0.35256769500250157
-0.7953639208582186,1,9.335909844598929
0.3129191446780548,1,10.332972350779757
-0.007481303264078587,0,0.18566934968059481
0.3181454765999243,0,-0.023259831950112716
-0.853357674851908,1,9.702228206772272
-0.532168672732019,1,9.986425808840671
-1.6644081574843628,0,-2.1755054336156423
-1.7908945109111771,0,-2.8117287710320515
-0.986171481307935,0,-1.5834069318683726
-1.703012562677817,0,-2.6217935664956626
-1.5849011654610372,0,-1.7256172926272293
1.2517136215757483,0,1.077873037558922
-1.8445052119332428,0,-2.1839370741470328
0.635771175738971,0,0.7485775296979874
-0.909769004738398,0,-1.246908177117551
1.4861827228325057,1,11.474667826111464
-0.060030861690001824,1,9.688555179813951
-0.7776941626886971,1,9.760473605876772
0.07055574275773813,0,-0.002805782614358503
-0.4721679238189247,1,10.558888509162895
0.25720425867932084,0,0.18583591235135036
-1.541868526694607,1,9.397757839967737
1.9879620112502043,0,4.169209072451433
-0.2977764892131298,0,-0.8437925656846287
-0.6070774411705253,1,9.420852303188399
0.8408393932650595,1,10.901030372631336
-0.5444023740186701,1,8.305158395910999
1.3330972201150306,0,-0.1613247533313451
-0.18291710255829896,0,0.007637125967792843
0.8782336530617396,0,1.2896104455377857
-1.5701871342324538,1,9.371396948726973
1.3844767422204471,1,11.109760044992129
0.9428719471124394,1,11.479938807325842
-1.1531328861521373,0,-0.694401399342988
-1.4188559610168534,1,7.040398491016203
-0.7348306050975024,0,-0.20647198856996946
1.9042823441276173,0,2.833833072738317
-0.9726737017317655,1,10.458110440651112
-0.1754911642134669,1,9.971622425904114
-1.8799190971306547,0,-4.5998202103617585
-0.4110898817350699,0,-1.5344508557583116
0.28528006173241094,0,-0.009371239351364804
1.8124984500318604,0,0.5569477422780444
0.06694417976025768,0,-0.5180152838804242
1.2764293047107511,0,1.270855441977552
0.18851057027560225,0,-1.0536670260827528
-1.8368599462579276,1,7.895154407881928
-0.7399668992409039,1,10.988421737498049
0.30219803132441303,0,-1.0029020391096695
1.8023758637244973,1,12.629517770976904
1.4365214390049332,1,12.476891550991496
-1.0865775432846094,0,-0.6427418340740776
-1.119560679923346,0,-2.096116277643971
-1.195308131544397,1,9.002773794408988
1.6899955852100126,1,11.560457264131045
1.4106646124068827,1,12.511791304677766
1.099533729011795,1,11.270586171154557
-0.4290595431030897,0,-0.3532501796055399
0.01752281719506721,0,0.14215070271286184
-0.1426730208193887,0,-1.3095736737924604
-0.9864075697625094,0,-1.2336646888120035
0.020112184595067806,0,1.5532832553815175
-1.8780138085889821,0,-3.2583024758947867
-1.4727585060101633,0,-0.6671337677885787
1.5463583846757856,0,2.080857925704045
1.006719068125693,0,1.8244283157018901
-0.3085263637636517,0,-2.0135216161314204
0.06860144913550892,0,-0.18805615936142975
-0.5200044561600903,0,1.5744758387823676
0.9631194686426898,1,11.402867816952046
1.1367487169283184,1,12.059824266525013
1.0531407608126364,0,0.5772574914243428
0.8904468993377983,0,-0.18409066529566204
-1.1819826452288167,1,8.14717162592907
-0.6481200830380849,1,8.76694736329941
-0.1206182600653003,1,10.806183138868754
-0.6768280342893775,0,0.35818487920109576
1.0197608006333159,1,10.463657343672146
-0.6825859030001813,1,10.349174243252712
-1.4470716528586514,1,8.627355895307764
-0.4038381918067837,0,0.9292876680644714
1.9196577311295213,1,14.489738482328104
-1.0964743482656965,1,8.275004469461981
0.4486346357729163,1,10.318795015161287
-0.2681078006411748,0,-1.6785027848762193
-1.7159017294026935,1,7.606939924889642
-0.04849357600776205,0,0.6042472603023368
0.8086573145932499,0,-1.04931805943953
0.05287990331127501,1,9.583611198157548
1.4884242549863242,0,1.6582589574494424
-0.8442519333696694,1,9.933039852198615
-1.6550033147841403,1,7.454839490332944
1.7462624466320245,0,1.490266605131772
-0.48721460188712395,1,9.888165767560924
0.3056222058145335,1,8.362029743839893
1.1680125045207839,0,0.564090968042847
-0.7027453444976777,1,9.38510063398933
0.8646581527104447,0,0.18895812263355516
-1.4583246007286879,0,-2.110039200742551
-0.8348250111779789,0,-1.7985893041342833
-1.4211574554539204,0,-1.8014910146984253
1.2449222336054313,0,1.8955298890473873
-1.1094030590928585,1,10.57874794712918
0.8696142216208411,1,12.768147979424352
1.7731935889826103,1,14.479301795441932
0.11108883627550803,0,-1.196252468026129
0.16011676904275074,1,9.59361488593178
-0.15586572760875184,0,-0.024678945576000012
-0.696439426425429,0,-0.2544561016548653
-0.09737987630033151,0,0.06907161098812843
0.4112301290670377,0,2.4423630301513146
1.9439662886826374,0,2.5910775500419017
1.751058237272897,1,11.971020581499195
1.448611833172487,1,13.163764688859853
1.5565221428194334,0,1.269559369477943
-0.1286032668318282,0,0.39251717846555595
0.6297773087098593,0,1.1595483374669844
1.5802668917448566,1,12.459654588387277
-0.42819694003458775,1,10.152510117803516
1.8470499133818752,1,14.089302400536543
-0.336855751723268,1,9.087819629677117
0.40433066157286257,0,-0.4633124773307421
0.8392188530894877,1,10.831163591176779
1.8023680523037533,0,0.8580846223352459
-1.0215349037909358,0,0.8835808461081349
0.9845239129545691,1,10.780535655201835
0.08326234457632875,0,0.15332036579652983
-0.9257714375174357,1,7.972769642067379
1.1064273591855622,0,-0.6093751726567328
0.20888912069538623,1,9.605973739074338
0.6438952825987032,0,0.9409097077737075
-0.7083957256883959,0,-2.25436117909972
-0.07490419268957993,1,10.788154670619337
0.46941700395226826,1,9.691687239670639
-0.38035674292062405,1,9.749063184177698
-1.2065098406091948,1,9.37545526759329
1.846561969261216,1,13.41751252787595
0.04587016017046963,1,9.287619667113919
0.9356814811508021,0,1.034504579259902
-0.3558112257757675,0,-2.341921280187419
-0.5794729438971347,0,-0.547709175660622
-0.37134280613150006,1,10.128078515990964
-0.3632134248574008,0,-0.3689075976914552
0.17672046376781436,1,8.175849196883474
0.1738794799254526,1,10.760655921251978
-0.011384736468513346,1,8.751611450072438
-1.4608568603302476,0,-1.626323340981861
-0.015698085997875477,0,0.15303266282871014
-1.323584398317394,1,8.860449508432641
-1.4954568548169394,0,-0.5032023526360621
1.730582869364671,0,2.538213526304337
0.419800052590817,0,0.46444652379522244
0.6379602324983371,0,0.07391872367775884
-0.3928253186665449,0,0.5826473067170974
1.6359235676594568,1,13.582562183102727
0.5517219583186619,0,0.221513116853083
1.0766794780943498,1,11.405914616053536
-0.5257501238891447,0,1.382666799710631
1.840047523276502,1,14.472177595415065
1.2818451606332602,1,10.667827803168226
1.4157938520581745,0,2.4553920867528927
-1.311222930296983,0,-0.8784252856637423
-0.9161471685151219,0,0.732757096035006
-0.8574936012656917,1,10.25337908636678
-0.9163631070125153,1,9.890923246178643
1.4216326484171518,1,11.870559868526836
-1.8724608191656316,0,-3.02728839526728
-1.6956000440769028,0,-2.1431424703570627
-0.9043405174803851,0,-0.5286315643326478
-1.2005081014022254,0,-1.1168223044025747
-1.0725615444686065,1,11.146243821352053
1.1917727570132,0,1.3238786253677244
0.25250637556818756,1,9.434744914069976
-1.976917354828128,1,5.859486163392065
-0.282708937183219,1,11.044960790392574
-0.3684602925985643,0,-0.7611983450865228
-1.5442189222218259,1,6.676790770336235
0.7045671544058285,1,8.76642966736348
0.8083887535179644,1,8.535162343758426
0.8835728762083908,1,9.046088267930493
0.9138837822343682,1,9.200764418931104
-1.9997886922708128,1,7.38650509203511
1.8156832153868887,0,2.946707243629437
1.2568350682186522,1,10.629406408207059
1.6159267863571412,1,10.666356606664058
-1.9374268187702635,1,6.220688980490492
1.7354351831429575,1,10.876007616614597
1.2391541147524188,0,0.581945209546634
1.3488765718347944,1,13.291613273122065
-1.626850461112126,1,8.51095785572395
0.9551121156743907,0,0.22584717359949502
1.839666758568364,0,3.8111835785990236
0.7141893656726426,1,9.660598839074874
0.2822456184984259,0,-0.7894355345046427
1.782518710995988,0,4.535993001628173
-0.228251513062256,0,-1.1482204635452877
0.3971742652419148,1,9.677205367565431
-0.09464682602253527,0,0.30560935820396634
1.7313848854411966,0,1.658846507996472
-1.695661092937971,1,8.21286614999573
0.00447880330139272,1,9.693405520279427
0.7478097655417533,1,10.87300520875715
1.1676261536889476,0,1.3819262254210045
0.33207458977654536,1,9.775297388520363
1.635670976485816,0,3.8987117210551308
1.7679657875354868,1,12.097732202456674
-1.742723107225666,1,8.70247238733092
-0.39051784183450255,0,1.1451554400703698
-1.9061639131153822,1,8.30789621864438
-0.6823333705022283,0,0.015216053700261134
0.14747287188240854,1,9.213017926363163
1.6431797220397955,0,4.2951217441567335
1.3862172898616114,1,10.997174977621004
-1.490001093312057,0,-2.4675207136013535
-1.6278785010364172,0,-2.346716329589071
0.35706935502666814,1,9.0410721917621
0.1284718898351307,1,10.527209041095038
-0.9344894342799046,1,8.98630058918302
1.5978123382153409,0,1.7521266896809122
1.7094656378462139,0,3.4655413014454095
-0.38955424663934934,1,10.594135292612515
1.561210228454081,0,1.91821381869253
-0.4642044229481095,0,0.12085881049319226
0.9472673273188006,1,10.437254205973726
-0.09623112980910342,0,-0.43160063725464143
-1.509667373971268,0,-1.7228647805169885
1.711736804948086,0,2.9985727524360324
-0.18361362648985358,1,9.870742699439822
0.9379481612896146,1,10.832346055043717
-0.5313047422748314,0,-0.9116583860612741
-1.9244764856950614,1,5.832351416601273
-1.5978785652326564,0,-2.7741849901587656
-0.01512208204030241,1,9.434866899168656
0.7598574285054496,1,11.506545545934124
-0.6610586936828837,1,10.581597932440664
0.7819538367106014,0,-0.8378595771237533
0.7945423577278241,1,10.688294621577889
0.8157436293113234,1,9.880830956849623
-0.029912583917966362,1,9.317602032196609
1.659544600486016,1,10.799526702277076
-0.043213928077537656,1,10.97187834403397
-0.19893922601344727,0,-1.3677998402035672
-1.202476723957492,1,9.07867604915482
-0.769379650574654,1,8.82597351767334
-1.8306620299267866,1,7.708273635803575
0.5341411744646809,0,-0.2581547732299541
-1.0058570242916285,0,-0.6432997495199453
-0.7833789820581396,0,-0.3411072997441948
1.0832580866572847,0,0.9381438971523128
-0.6911152673541845,0,-0.15204749224629385
-1.0312164319474313,1,9.408425255012533
-1.323769003465177,0,-1.6782647961479396
1.0994336087278236,0,-0.9102568442734714
-1.4811749680398925,0,-2.743310500165544
-0.1849849589985859,0,0.715314698285278
0.027720464308777615,1,9.694191187210697
0.7495596507428584,0,-0.45344360430498465
0.5331339293319819,0,-1.3299613398011694
1.2428826917806992,1,9.24032896864625
-1.8209942642950474,1,6.27756631903112
-0.8142371008824112,0,0.6181405602534219
-0.879463524898481,1,9.102816596029502
-1.415932377631567,1,8.98110924748235
-0.8432869845742275,1,9.097095594994784
-0.7609387434283863,0,0.41856436369615085
0.08753784770991313,1,9.64858459397416
0.6548179157050242,0,-1.0914957035510093
-0.4755979455527437,0,-0.3227416274507996
0.8778809252535247,0,2.1722808237277436
-0.6553386456816801,0,1.6491605841620802
-0.8388652907409586,1,10.19138065745761
0.16475222342809737,1,9.86517714369776
-1.9051345587768376,0,-3.153477037891884
-1.6808435054639985,0,-2.057536519282871
-0.3281218256538918,0,-0.05755019540674107
1.771650845567026,1,13.22132565893537
0.8860471193736945,1,10.556035575884117
-1.647493721997769,1,7.448184588760976
1.3852720511234948,1,10.133896949785516
0.929203082432724,1,9.941086262454142
0.4437861028106127,1,10.84321982128505
1.2811718424367093,0,1.019996332853905
-0.3835606090281716,1,10.272072414677524
-1.113995796584589,1,9.02575752489863
0.04809355643503732,1,8.940458114951026
0.19536702237389525,1,9.765098696092883
0.15330548803964827,1,8.979345635936799
0.2602951659204211,1,8.922528790211576
1.7948196729567232,1,14.096532606558348
1.6089824923849254,0,1.6626007726075258
1.5028681462357576,0,0.9557137889740774
1.2056672436345086,1,12.494258833411461
1.7737124290611415,0,3.6050841560492186
-1.606021433282387,1,7.5572813431512005
-0.939506954217042,1,10.012997465730287
-0.019776217381660466,1,9.764207814512112
1.386137972493621,1,10.638968155210941
0.020662846090929943,0,0.4746956355192229
0.9921389573663548,1,10.1639990018258
-1.4441603790043351,1,8.56952814323136
-0.9903447480937593,0,0.535706726975041
0.9271043801506895,0,1.3096466557815107
-1.3410639644491038,1,8.243986750333592
-0.594576261380293,1,10.380934025670074
-0.9405349687457143,1,8.456142302672024
-0.6005532231100861,1,10.34211514530137
0.8332961963118812,0,0.4378084749795339
-0.5286112754287959,0,0.305124469598656
0.2210532904317608,0,-0.2920439190657736
-1.6002724917823614,1,10.035024726993854
1.2200707729385112,0,0.006782309208503423
-0.5204454974075006,1,10.901066862370778
0.5941366361333698,1,9.07316630408754
0.9015584066473306,1,10.870740919250451
-1.1613563115531984,0,-0.20739880410570655
1.5386999398133998,1,11.87648694061731
0.46489700642781173,0,-0.4450854953231161
-0.28509943299407414,0,0.1295482093507333
-1.2706592656871218,0,-0.7587769891257566
1.769203751604827,1,14.558812819458561
1.0202728165265005,0,-0.3413104139427353
-1.1679017490670045,1,8.647580725195208
-0.649156901103102,0,0.14795667824953318
1.238697032352293,0,0.6942562016839618
0.7827106528613559,0,0.13971731076667615
1.0631371708628974,1,11.671162887101083
-0.23519559114827038,1,7.173228343300076
0.8659050505686676,1,9.726674802849171
-0.4540251085443452,1,8.210834678410325
-1.1549483322472143,1,8.033887510081856
0.5307081393654398,1,12.479361765433433
1.9040557023951767,1,14.049676674635664
-0.7575961144186816,1,10.734153070792273
-0.15612163114984146,0,-0.08243230127265287
0.6960054842794143,1,10.927294577872356
0.16602512848995143,1,8.235723679297992
1.373711182836197,1,12.334451519188702
1.0469708258780637,1,9.753973322874236
-1.7668111845505718,0,-3.2889739407150795
1.993684935695096,1,14.467380198814254
1.009609814877869,0,0.8310004474381953
1.4556132651764528,1,11.62670400339968
0.6047908483813855,1,8.747511616531344
1.425140512187049,1,11.547062014864874
-1.5504681002851624,0,-0.9030635724197741
-0.6090486577627376,0,-0.6454474321221869
1.505683774417971,0,3.02169256271512
-1.193379154932431,0,-1.7224696695146733
-1.687031605679909,1,7.605838114512726
1.152475759780876,1,12.30068710262107
1.3419446225731848,1,10.52689733834533
-1.3493911272403976,1,9.825461738676275
1.4173839311308618,0,3.3983983686970456
0.7470711823886784,0,0.37952001672211444
0.08033073286633563,0,-0.5267577992035941
1.32100077112554,1,10.37986279601968
-0.32300300272413685,1,11.287753099936147
-1.2240241751064111,1,10.359756158420284
-0.8605892935575454,0,1.1306269125193165
0.020656073173259237,0,-0.03283394395788542
0.12532317069270293,1,11.038791097939459
1.2223233057649345,0,0.8642815054769437
1.1654108946093378,1,9.908365250618644
0.32546622881829945,0,1.1414148217589632
1.1231419334619055,0,2.342262740321387
-1.232906166825316,1,8.042353822749826
-1.7997418916268226,0,-3.954176736072248
1.4945352905388005,1,11.709105650063497
-1.6977820249489217,1,8.509230988539008
-1.0132462810240108,1,8.346047026646112
0.7812757984975383,1,10.465457936067358
-0.36220824949076347,1,9.385813123617588
1.5052558796620352,0,2.406129920889092
-0.8080808213509219,1,8.93827696656128
-1.9525146133225628,1,7.0500042709908355
-0.7973774377570235,0,-0.41170539544494056
0.31230019673932663,1,9.078089016034836
-0.49624649838682666,1,10.002586978392177
0.13949102303502103,1,8.063383775925034
1.5063924753400748,1,11.150072106195232
1.649940216921474,0,2.5832194400233153
-0.9361037413835516,1,7.818095946740567
-0.15143810692039716,0,-2.572873356035177
0.1965760609658047,0,-2.3355692592176984
1.7964498275529883,1,14.225908725091085
1.9944692766575387,1,13.890148329295203
-1.0583710046338934,0,-1.1252321023209646
0.9079194853832617,1,11.319361828391413
-0.48787575106721937,1,9.537487553938153
-1.967567212455147,1,6.459920025804904
-1.9629899102563906,1,6.243731996381368
-0.15773596975097703,1,9.527038293611191
-0.0466603479826615,0,0.29409508971253084
-1.9097212137062294,0,-2.7091489408245146
0.7477096670972099,1,10.024104309917075
-0.8239864456201875,0,-0.7402798807338118
0.2395724061437976,1,9.664362713673423
-0.7963237073383249,1,7.449600514858977
-1.3314627405227712,1,9.102855613856345
-0.37130504560449884,0,-1.234706726459712
-1.070906540837997,0,0.01563905682313793
0.13920390767667223,0,-0.08907537295163931
-1.2046858788540802,1,9.230960023331484
0.03362390657850822,0,0.7003481776473701
-1.3704859405245298,1,7.786431155681967
0.6838988379431399,0,0.5291842119373673
1.0157507377656962,1,10.791621241588174
-1.558423063000265,0,-2.0772381988071564
-0.12879035185064325,1,9.07074567936857
-1.7165131973805057,0,-1.9335439465493252
0.3927297821680096,0,0.7337412136424714
-0.9423828082814185,1,9.695143839453985
0.11049782735483138,0,-1.0696278391941734
0.06984403753716473,1,9.472721323302597
1.6974173847752017,1,12.384988640216108
0.19633289027489154,1,10.692278533049624
0.3319939188732626,1,8.43480677747613
-0.3933874969424789,0,-0.5942425541220846
1.7963184127312672,0,2.4954714970104903
1.1087436377584385,0,0.5982746018414054
-0.8583788387886337,0,-1.6175581559777572
1.3768383431049283,0,1.087492308611973
-0.2704145592596401,0,-0.3203704660063031
1.3146685741343758,1,10.098514117818938
1.2915522731740081,1,10.959256286867891
-1.2445192529485825,0,-1.5049423359197434
0.8045645255343077,0,0.755993136445368
-0.8374281227738756,0,-1.1789658119784077
-0.8100293200293271,0,-0.17591523422291167
-0.8146076924776771,1,8.921330157847846
0.9022729902397928,0,-0.232485574391529
-1.0806958328298557,0,-0.33378258595915505
-1.996376659015639,1,6.256418416733351
0.8609474139305324,1,9.90205803675654
-1.315261024659499,1,8.592946754214143
-1.5820704187686614,1,6.566474501009492
-1.0499355176237595,0,0.8240584417617285
-0.48039791070918403,0,0.6320227659057216
-0.09637469010719713,0,0.6510004829122175
-1.8217198371494767,0,-4.6178694772633175
1.8822933305094418,1,12.73901916597911
0.8642522136782325,1,9.988222740278133
-0.7072237387026554,0,-2.107925919977365
-0.7252109708584107,0,0.6992446478319989
-0.20582980252616245,0,1.4495244053497423
0.5049792910521318,1,12.126320846879327
-1.414507733644129,0,-2.4609800872888017
-1.2442807449401907,0,-0.8458957366033026
1.4377383313342036,1,12.808786617861479
-0.9749803044437098,0,-0.717020082381978
-0.4792200080992899,0,-0.6220147864434267
1.4850874038004682,0,-0.22834897645850805
0.6525913175992901,0,1.2715837610542813
-0.6331524826332466,0,-0.14617049382266736
0.7347981828984831,0,-0.5309726665276908
-1.9212671384743452,1,6.737901895660887
0.942570640045461,1,10.5717138255368
-0.051935837935042084,1,10.168189058274951
1.252728589137845,1,10.765873538370125
1.8185506080258733,0,4.629446443290592
1.7031541979782734,1,12.336539100524355
1.637060173821363,0,3.8129548896261563
0.04867982373554858,0,0.564174605303664
-0.5594315434442478,0,0.2636292733774046
-0.1398587010773089,0,-0.11464260328114859
0.759584013253443,1,11.19308447986398
1.535991107484747,0,1.9248996256466884
-1.1720547879995218,0,-1.737164328269949
1.672772633846812,0,1.3748574746459488
1.2607209278795564,0,1.4243904220769381
1.9154240607129385,0,2.606322257998102
1.5210070931267485,0,1.697165437937646
-0.8802506812323734,0,0.7161572642734637
-1.5761763546238092,1,8.346097578295778
-1.5510357120336455,0,-2.587807312151645
-0.8351067256868956,0,1.1187844421235218
0.45673489593815697,1,10.59551423158512
1.21728130438869,1,11.919660743424586
1.5970012279262589,0,-0.2310520591344174
0.4950135374769311,0,0.391501541429248
-1.977474749007785,1,6.975792896045396
-1.254732893925866,0,0.7125913686159449
-1.6010951845865282,1,6.483973027749624
-0.5467020977239598,0,1.1244145574550182
0.0054039745349836465,1,11.644380364607217
-1.8264112856857566,1,4.93645956138144
-0.6060880968173787,1,10.367270066330367
-1.2832813014987097,0,-0.4390400024112032
0.5882806650354957,0,-0.2252132997851387
-0.14291052270263993,0,-0.49155382070137804
-0.018729412264364864,1,10.667850628234282
-0.28923284786615566,1,9.372920267049553
1.824078841946268,0,2.817346258483807
-1.141059499513747,1,10.069595592335093
0.06665703937549727,0,1.7541911343023393
0.9440694734613437,0,0.9586933368302692
0.22737765253825026,1,10.139362275590509
1.7160835428672043,0,2.0104863888122795
-0.4881265774348633,0,-1.0687524038650345
-0.14529677690728793,0,1.1080445502295204
-1.6459107391410863,1,7.617145815011554
0.435996444207714,1,11.192143188762161
-0.8471521262075759,1,9.366461676034705
-1.3587638419377246,1,8.096409819214465
0.17812517161803232,1,10.423624717918154
0.12924105351964243,0,-0.07545656646030052
-1.6965134351038098,1,6.353054677262146
0.7928618139778911,1,12.066576633781754
0.4950887626034115,1,9.433692543164073
-1.2439308690140112,1,9.96518459429089
-0.12226055138382463,1,10.840942875894116
0.8812916659142398,0,-0.9172241624217667
0.11774296216510605,0,-1.0015714854230797
-0.41804369526571916,1,9.661961891185303
-0.7106461676762255,1,8.954908910926118
0.4415754665762144,1,11.769507527510305
1.7564347932409623,0,2.50918052010414
0.6869793619099336,0,1.0518557839448897
-1.701016385454738,1,8.05272872327848
-0.1572601060714649,1,10.26207786952293
1.5632965260425102,1,11.950588296293422
-1.6221502967956525,0,-0.8971093913247459
1.9555028485501733,1,12.91382005532569
1.7962775745816852,1,14.624281709551461
-1.6869020770804966,1,6.312619972121612
1.7336532817982198,0,3.3868057447266593
-0.5474696389621512,0,-1.4872084827680134
1.37883666830345,1,10.9950100750766
-0.3264666491469139,0,0.07591245311771416
-0.2365795491899365,1,9.506683986315082
0.5369723639101704,0,-0.10425444658908027
1.0979096771039334,1,9.274742821038252
-1.8648433962070055,0,-4.230078294987781
0.3726239821085371,0,0.5241338722868678
-1.253068023610516,1,9.04590098125936
-0.6162019285471882,1,9.192484553999945
-0.608125335379134,0,1.2118303948357296
-0.12375863911538554,0,-1.220878656071187
-0.6634543524953065,1,9.492392626380234
-1.570555526197329,0,-2.4426574798249194
-1.4174850458981942,1,9.190986893653395
-1.8662480577556093,0,-3.2017970183860607
-0.11900365868498275,1,9.890992096247057
1.817790779411954,1,11.159103881517579
-1.5372991054075338,1,9.048493801845623
1.785057972012328,0,2.6261570744792495
0.9334460589283742,1,10.522326848697057
0.5499952117366527,0,-0.665377892749456
0.5811110212942516,1,9.192288933114146
1.3069105935851284,0,2.6153994030184027
-1.5723205424807145,1,6.283222376268064
0.019017294262166917,0,-1.0541955889094021
0.7883645530430341,1,11.725483796316961
0.3472817802942547,0,0.6616882771627867
1.3311162840931785,0,0.8538203473016135
-1.710913163954594,0,-1.2575165990439854
0.7628041579966638,0,0.6687866140736491
0.13611092153887094,0,0.23392089989220816
-0.4833565440802263,0,0.1690978647607502
-0.6389000710638766,1,10.3348408527683
0.4833305310967715,0,0.5621475378712693
1.5639814985770593,1,14.10875224131402
-0.015296295595538911,0,-0.19489460116074062
1.2988926563076806,1,10.931648086022452
-0.39137447262412994,0,-1.2668673799655905
-1.5904221488272938,1,7.93666183643597
-1.7539770541654458,1,9.164888256000282
-1.7946625147052897,0,-1.9056516626269437
-0.47939943216932024,1,9.401243552784424
-0.6510489966566317,0,-0.10793701057114624
0.871748094490278,1,9.03480181402931
0.9712860063394633,0,-0.5109654318907944
-1.7965841246650407,0,-2.749989177481435
-1.1155069484439402,0,-1.1884983466814434
-0.9029525993644012,1,8.587301020435627
0.1904479365712377,0,0.49329457773260726
-1.421939104372199,1,8.480232885549002
-1.4642351223999985,1,6.862800929552856
1.775155556831832,0,0.7217679376260131
1.216811629191124,1,10.330812731798224
-1.2773803916353188,1,7.369583639355715
-0.37372876837803615,1,8.104988648459994
-0.5775120029697378,1,11.032663266991644
1.1640162962616292,1,10.690871702207936
0.04085166591248823,1,9.734587709601648
-1.488601052026132,0,-1.8377259822055567
0.9559682526249755,0,-0.7010142639510738
-0.4124480871003242,0,0.37589468674074167
-0.9483030094714118,0,-0.5570946270430043
-0.4980055119171194,0,-0.8191637024683467
-0.008973745572414593,1,9.392370954155616
-0.6275379343319623,0,-1.351022143324744
-1.0323769096329687,1,9.04360239645375
-0.40599188478407866,1,9.726912417696976
-1.923308357000407,0,-3.9895527603557737
1.0899913843852556,0,0.7026537031451332
-1.3162204257296568,1,8.781354332887469
-1.824381545477451,1,7.194661939368714
0.6147947716203168,1,11.059284829515903
1.095744515294689,0,1.2508296140389628
1.2553165263713728,1,11.943666022053986
-0.025963269357600183,0,-0.8477429806339492
-1.1785272612400588,1,8.672941230624277
0.948910708999307,1,11.080811246448238
0.7988523086173487,0,0.9263774675834859
-1.014917063587307,0,-1.2013316507603846
1.613631023451172,0,2.7123742537098217
-1.582514167668684,0,-2.925117657706759
1.9307529583653027,1,14.079792907587148
1.4409912439098584,0,1.469781087017859
0.7515945819163008,1,8.827850187140731
1.7549995531193314,0,2.268646051135672
0.8892446732948311,1,12.533855629697388
-1.2381720118798163,1,9.25367822239408
-0.23137544754875305,1,12.294256680963887
-1.7139879026734586,1,6.038435606964996
-0.4413703108475384,0,0.7077506137909647
0.9664120789488346,1,7.916955203196569
-0.45422659627673045,0,-0.04709390956440169
-0.6788232981274636,0,0.4748161265649163
0.3814228900412475,0,0.8656354484507733
1.48881811599558,1,10.850772045536115
-1.8096672298155503,1,8.075854903948846
-0.45811826120105836,1,9.418212063932426
-1.3670370327389492,0,-1.4414499894323978
0.7814170029274785,0,-0.19475071182258188
-1.5771017582754605,1,6.902287509863639
0.6592310343209782,1,11.71296573041397
-0.8552765168083707,0,-0.2647986794641852
-1.2043327450511012,1,10.213925817856211
1.7454102312999416,0,3.703369741643617
-1.9259016930161765,0,-4.539618629096876
-0.24889091244172423,0,1.208418264034116
-1.9134920301528249,0,-2.9996651271395405
-0.06562780758268394,0,-1.0410431942560474
0.0041895111776728555,1,10.448850868108662
-0.7133501144210119,1,8.795531454533904
-1.4713528898999053,0,0.01380764122754341
-0.49444984906209877,1,10.753345033876146
0.6890517597302641,1,10.092429682224218
1.1295832345778365,0,1.98545416093999
0.12300240955256925,1,8.418942843478714
0.3593375777590224,1,9.273858161804718
-1.1975345155013892,0,-1.1111052092348714
-0.8506786670894022,0,1.9278860885600866
-1.3524175597905663,0,-2.307291247321261
-1.0028185999815546,1,7.788454230332019
-1.100452879097873,0,-2.11070782852149
0.07779514556495037,1,10.906451280609673
0.25075502316291765,1,9.413691226870363
1.779789683286018,0,2.6597899025142957
-1.2177174115939078,1,9.859995219812316
0.5667028406459838,1,9.932914278435904
1.2690370759500915,0,1.2260102201207799
0.24096585513221003,1,10.542210933779039
-0.9799853899956972,0,-0.9012513451017901
-0.9497990799199991,0,-0.5947326218929793
-1.8429877877160004,0,-2.887994430327932
-0.7782230938060732,1,10.632521186298119
0.9784147160135204,1,9.675946668010637
-1.8099289711715585,0,-5.985097389209746
-1.1228188699806774,0,-0.028198196896391803
0.8249299941271278,0,1.2084022656938451
1.1306062512915065,1,10.922644468634134
-0.17872635975228635,1,10.26543868092254
0.7922973539145954,1,9.684366534023992
-0.44819132538043194,1,10.455168101278861
-1.36034701990349,1,9.594475801980513
-0.40740202590837393,0,0.02268677842949205
0.31987128081257143,0,2.507612566691953
1.7922131274115611,1,11.314578191007513
-1.7249961916452907,1,7.596502106672042
0.029576375379842368,0,-1.1743400261729613
-0.6843208871571025,1,10.719613872821958
0.03324677710677815,1,8.418542946590236
-1.9040982104938733,0,-4.785661253645788
-0.7478985811936747,1,9.1576436682524
1.27947259010802,1,11.313112541301008
0.21576693541855008,0,-0.5904488338602272
-0.1976700287355304,1,9.41069691337138
-0.8578997131386417,0,-0.4965940825040176
-0.8078299088345764,0,-0.5058306805254889
-0.46759426563766215,1,11.436330955132883
1.3422828398582416,0,1.8951222013207185
1.8688528272330736,0,2.939011128182542
-0.24537847459850193,0,2.089624719138034
-0.42658864500895266,0,0.45284632792617574
1.3862031032794513,0,0.3628734993324684
-0.2923787174547856,1,10.2440166966961
0.2080726891826048,0,0.5400167197512207
-1.0762333416050223,1,8.689086469087592
0.9740101431163009,1,9.409510735140772
0.12795327308312743,0,0.08750651810089573
1.2361382009613666,1,10.584211085689581
1.1229309201146789,1,12.187121152023721
-1.1399809269198857,0,0.00042100452522519927
0.8625422022310496,0,-0.31991860971467495
1.2002176318054856,1,11.290408280908077
-0.6155710368704197,1,11.1504996836895
-1.3095635483909018,0,-2.516726828261384
-1.9894713776816473,0,-4.959938479182573
-0.19638538762740732,0,-0.014955636550737682
-0.5902690738446337,0,-0.06722809308733127
0.2196393353016357,1,9.95310035318266
-1.247835629644857,0,-1.282275714134005
1.4386621906659007,0,1.1627744200230756
-0.9689791374875614,0,-0.07063908468268149
-1.0942815796494,0,0.47876762452597665
-0.07714377406257622,0,-0.4811822772320366
-0.0045959050229029685,0,2.4383992966325128
-1.1396590848596286,0,1.2205838169932104
-0.9125570930963369,1,10.949284902670637
-1.3211790433790203,1,9.469415033482921
0.8738407132926671,0,2.3416194387918856
1.0803561250163276,1,10.340363916808284
-0.15068601016286953,0,-0.8343151708818902
0.8563480907400698,0,-0.21197830787948446
0.943741567749782,0,-0.5826719639505924
-1.4468978892887656,0,-1.3927488113277589
1.864712099338147,1,13.541773433572247
1.284127788385724,0,1.2595930407667644
-1.182066155216706,0,-0.8382702845029792
-1.255339857015719,1,9.144023198273711
-1.497355417681669,1,10.05773354733693
-1.4464857498323265,0,-0.8932044053446754
0.9926471961147847,0,1.4115604876044765
-0.1213829721935058,0,0.18989571889468776
1.1317366909594688,0,-0.8908087125379928
0.9850195774008217,0,-1.3360181656776509
0.41845085402088644,0,2.1194455962311367
0.7454664263147182,1,9.675313097833548
-1.9265771024834328,1,5.8078111838606326
-0.7528894127799122,1,10.03227839498828
0.5512887170376408,0,0.6341766049089752
-1.9626201860550232,0,-3.103024615985724
-1.8680922252696264,0,-1.4851862265566615
1.4075519298815329,1,12.895059038313503
0.7360994467682871,0,-0.6115082808452543
-0.9385210675186242,1,10.555399668139785
0.751851360474836,1,9.828412526340205
1.169826676557053,1,10.662941914597027
-0.772822867559595,1,8.675224561826033
-1.8558504900032502,1,5.11098460964109
1.731116498750938,1,12.562312376578882
-0.6192806468174781,1,8.925268381873748
-1.5740729468611745,0,-1.022231032138369
-0.03257251442741049,0,-0.28109552272920235
1.0738711826565353,1,10.927783976110485
-1.1134107415297634,1,10.677387302910644
-0.9220397994665466,0,-1.877234657307388
-1.0291400528056673,0,-1.2696135538056952
1.9666922113267127,1,13.984346642908335
-1.2103850650778298,1,9.425898386004706
0.30208086786449595,0,1.1172803714441044
1.7010585666278573,1,13.328244873401886
-1.412413724488883,1,8.688112708085562
1.8834167914708009,1,13.64388807419181
1.7899089375824984,0,3.198307753617234
1.5382879482330503,0,0.3503359507514756
-1.141773914679991,0,-0.9006109304055188
0.5362202240439333,0,0.3255634892257196
1.0435658918449606,0,1.0267880206976245
1.9441117127857188,1,12.749590055042734
-1.2783047116745183,0,-2.3132130875888683
1.0641035980771858,1,10.367918421064829
-0.6447953202915482,1,11.833325735877109
-1.2974941377279907,0,-1.9114073887257037
-0.31449223514458025,1,11.158375762549552
1.1753436485944655,1,12.396568713467817
-0.14060078518379138,1,10.04407678724237
0.150092400812194,0,-0.6781573142046153
1.9806376408004849,1,14.397766481838984
-0.4035628017702959,0,0.16212758092843949
0.4616030188369593,1,9.190074593120036
-0.5390231935385126,0,-0.7371083436217103
-0.42885741468518024,1,10.414142406879945
0.7825630137816324,0,1.1730631087403194
1.751547904379534,0,2.3640142758034086
0.16943580196928565,1,9.93329855820897
1.0735997157951194,1,11.287362863270161
-1.6431737647321447,0,-2.390787915638756
-1.1553678502722922,0,-1.070462727441212
0.008526563678129762,1,9.24465949022312
-1.9199531054849008,1,5.688630678203317
-0.9885800849497648,0,2.1858177537700025
0.06960515929986455,1,9.803966954180408
-1.9401552069747972,0,-2.286509954044752
-0.9418148550958332,0,1.2662912814706435
0.05612327790347793,1,9.81650609968362
0.2925969919249827,1,10.380954861523309
1.7030067722212219,1,12.572035906935596
0.5813824930024314,0,-1.513927080548875
-0.34105678988002497,1,8.428191170226054
1.7214047085322712,0,2.599311093744606
1.139531933551177,1,10.314946387242198
-1.1999643155490096,0,1.027657414515668
-1.476630554604721,0,-1.8464234737972027
0.7032465429709318,1,12.124826290304433
0.23953266230793524,0,-0.46951969553754636
1.1586944551710228,1,12.690016273551812
0.9552202003147459,1,10.942217746200084
0.5008461354300602,0,0.6261097338192375
1.9455286865155688,1,13.170228722767344
0.13435892044163467,0,0.5781299254835831
-1.5475769739931207,0,-0.16050573003654311
1.3130942592639534,1,10.987201922012439
-0.992586550617164,1,9.17164112357875
1.1092085925756732,0,0.43559136409311183
1.8284283840002056,1,14.676467105919398
0.787182055857365,0,1.0992420872624715
0.3841206437992044,1,11.476018235333719
-0.15845529729983765,1,10.311633456245325
-0.542360536018387,0,-0.04044966167875583
-0.587980996112655,1,10.322305158472144
0.5454908228383624,0,1.1513167238935287
1.0050924677509836,0,0.26055942491236583
0.7140682779376575,1,11.550726382079073
-1.206359595225749,1,9.488020902760505
-0.024051279426035244,0,-2.4062850944303347
1.166560288732252,1,11.677257740106775
-0.09718368724377502,0,-1.2727639471443124
0.14649311894197536,0,0.8607446489724108
1.0845441926832886,1,11.539358017168098
0.645061225060366,1,10.464098870241614
-0.3626203164704296,1,10.51983979268768
1.5816508447768758,0,3.077215002378681
-1.3497317253460857,1,8.274918076292202
1.982065794361299,1,14.686786448925268
-1.5245896860950512,0,-0.6088347902134117
-1.9402001155830444,0,-1.8917392515126248
1.5600756045950588,1,10.792703714329884
-1.0201859665361757,0,-0.12237820730463866
0.9187985097868836,0,-0.5736686197646095
1.2440614997282773,1,9.958788140921483
1.4359455641284673,1,11.839444328799354
1.9663769426566668,1,13.87908999509045
-0.8238411598400037,1,10.865425108324176
0.8409733677090365,1,9.95120695703046
-1.5384005668766871,1,8.045500479831297
-0.3727628345726024,0,0.18560616725753468
1.3918867732503615,0,0.4864562262366805
-0.5293678157635666,0,-0.7972422917888239
0.3643815221424562,0,1.1402888425122937
0.01509377489853625,0,-0.5489533219338093
0.5838061244481803,0,1.2819657677425909
1.8915775575507796,0,3.9914069280520152
-1.7770578939943915,0,-4.3534474712405515
0.29584607000651886,1,10.543325640260834
1.452115117001139,0,2.0534726084085344
-0.07446915300628998,1,10.422722118405256
-1.6858912562337087,0,-2.537721512395689
0.24215740966708355,1,9.067032625414056
-0.6717044367047182,1,11.194680661551711
-1.3802328586482564,1,8.583719115014322
1.396138053133892,1,10.477271007809065
0.08639805196448647,1,10.45779115054749
1.7331056495162667,0,1.8600459208275724
1.2240660184122762,1,9.967946052518347
0.7718871750946694,1,9.85447636377999
-1.9798979865387523,1,5.454006105134633
-0.2887061734470002,0,-0.9242742628663989
-1.2100548733918708,1,9.920510746596992
1.643191644195471,1,12.104545630153769
-1.301664061294559,1,10.149556148085226
-0.855759793362858,1,8.832143452266894
0.06734707093799663,0,-1.727408307007218
-0.946545524007683,0,-0.2752576383653988
-1.1605412908835153,0,1.0744378703951023
0.39639730041100973,0,0.5621299457467223
-1.6442819089799046,0,0.9925821198989517
-1.767328965116301,0,-2.428024183646663
-0.5110188192557144,0,0.16882842436231316
0.8826578180314493,0,-1.8115300157695486
0.21922703309579195,0,0.4332155201280531
-0.3084941261328846,1,10.15398827898455
0.26300625689832957,1,9.601675174486008
-0.5381940613869056,1,9.785276411689694
1.7445853417284516,0,2.5867902209740197
-1.7803804363569027,1,6.998386398776626
0.6935659161193408,1,12.256529245603542
1.5651306593110021,1,11.546136595848772
1.2155388349410137,1,11.067314102998566
-1.263835860714213,1,8.586748360555047
-0.8162946040788466,1,10.511467586557936
0.8681917548284188,0,0.5039664728849305
-1.6629177632769379,0,-2.579140066542261
1.2474467993303362,1,9.04462270451446
0.8756277784191613,0,0.5789906444544998
0.9184265969413703,0,0.07777354827357191
-1.5990345189296344,1,7.8949645537042175
0.8710421792649234,0,-0.852021791041333
0.7192725008798799,1,11.61934104080724
1.3236899632874022,1,12.016398248354326
-1.833616174974122,0,-1.6517387341598426
-1.9075573261288312,0,-2.323606608576044
-0.5079716004857571,0,0.5267800388512606
-1.4048468646033885,0,-2.5285816809945256
0.23353791028088766,0,1.8497557376934795
1.6693956060269954,0,1.3985688725317775
-0.4340810786639371,0,-0.30930378783397605
1.3798015090904165,0,2.020371353045882
-1.999036501928534,1,6.762318991077819
-1.3259414261632632,1,9.406654215577653
-1.8783058413836575,1,6.286349178533539
-0.6874112779397255,1,9.230655681144235
1.6327583827860113,0,4.710917803148014
-1.612191505604049,1,7.865513055210413
0.42563910697520146,0,-0.12321515357041807
-0.19401624352222324,0,-0.7172081000273401
1.7538728494632498,1,12.942188152614907
-1.5099234298516246,0,-1.523190831308406
-1.1518885979910842,0,-0.7804163710713281
-1.881832125554027,1,7.049667981026715
-0.264259001474505,1,11.754310526819138
-0.8886684017413828,0,-0.9459574337998444
1.4796237355612836,0,1.6627438020319785
0.4197632527910202,1,9.389132939442336
0.45636295190280673,1,10.34222106510594
0.12764278752520974,0,-0.5674296797516454
-1.632598651083196,1,7.298810454642745
-0.21992526509857901,1,8.535158049855275
1.9980207588340662,0,4.085931084134115
1.3409171633840593,1,11.635293600938589
1.5738362166684636,1,13.809641374614253
1.2929054369859978,0,1.550115734412154
-1.5878332262760693,1,7.548681915409822
-1.0902069837408015,0,-2.007562533811303
-1.9875133945743615,1,4.853165854369696
-0.7859595004875541,1,8.46161536124944
-1.5655703906140297,0,-0.04057281331932594
-0.10882661879366795,1,10.287166067427165
0.7085099542956077,1,9.594864945576159
1.4980211801523082,0,0.7209706843744924
0.9968686603635928,0,-0.360790157268498
1.7543423831140208,0,2.090385466628436
-1.7844068384248448,1,8.475383381165848
-1.9512806583338342,1,6.255309699669577
0.6453524553448506,1,8.68692171078767
-0.8425903591110151,0,2.0113571754066615
-0.9859959355769075,1,8.38055215973348
-0.6764516492248229,0,-0.7456029940970172
-0.9208157684305434,0,0.9197637694032037
0.04574562520634906,0,0.41519749767999253
-0.23940621110347005,0,-0.47678382308955997
0.04971420550662531,1,8.76869450829103
0.6908544460017447,1,9.198175349629723
-0.45147796411540675,1,9.047490973254162
-0.9947692514313728,1,9.51483695116516
-1.3351978527650181,0,-0.9991023758280682
-0.6021035218694979,1,9.742205482581461
0.9672259009846882,1,10.413218647891076
1.0268196404458783,1,9.490594850736308
0.6676215467368412,0,0.4419217533167632
-1.0638872987725017,1,10.67843492747928
0.35234498341879084,1,9.859079602348402
0.2827586463073919,0,-0.17098308287252767
-0.06293520756109805,1,10.082876413898052
0.19991594553545688,1,11.122199818610767
-0.03283746950532773,0,-0.8947407037505308
0.26182546429643283,0,1.4598217404580696
0.862023818484515,1,10.741500751441801
-1.561487222386241,0,-1.8749614382278057
0.9985030085960949,1,11.710996709355992
-1.4564553994896232,1,7.273175938480762
-1.7334880063585012,0,-2.0825034375774862
1.9043187448858703,1,13.883248765277823
1.8279670754817658,1,12.118587684513574
-1.7582538202377438,1,7.7428555255238125
-0.2269862341001514,1,10.277457701830542
-1.255020246800901,1,8.832885858211979
-0.05862041146232766,0,0.8627168350274887
1.3207089719983496,0,0.5800837122651643
1.802447098971561,0,3.1982303225642457
0.5370106138061495,0,-0.0542421148255781
-0.5843773311527318,1,9.285521663661203
0.41330226257839353,0,0.5381845751703519
-0.7519947755661986,1,9.579639180277379
1.6392945633282414,0,0.7296207516029922
1.4816018524233479,0,-0.17490135997347767
0.23292700111864395,1,10.79537619389103
-0.7008043384785578,0,-1.3926919755771658
-0.8264412976680866,1,9.997152633858589
-1.8663280211797622,0,-3.1954265885285027
1.263283404101181,1,10.639495714857729
-0.19846714784396813,1,11.952759725254804
-0.6994682863989423,1,10.008564531177065
-0.11555858000898445,0,0.7548619104419898
1.274951961818608,0,1.3210350191502285
-1.5015431691699153,1,8.075747021011681
1.4306239529673093,1,11.444929467105414
1.590035340433416,0,3.4685162848638207
1.7868316601355527,0,3.9405742131019994
-0.4100480303094889,0,1.9175138194272576
-1.1314383838493125,0,-0.5025649238878935
