X,A,Y
-0.50183952461055,0,-1.5510540662200123
1.8028572256396647,0,1.804722068633991
0.9279757672456204,1,1.4883769837906038
0.3946339367881464,0,-1.143143981953152
-1.375925438230254,1,0.5102033659268208
-1.3760219186551894,0,-1.3738252302054752
-1.7676655513272022,1,-1.9760658671463558
1.4647045830997407,1,1.992785989952418
0.4044600469728352,0,0.8059302293882732
0.832290311184182,0,1.0714266175251517
-1.9176620228167902,0,-3.1909773055411503
1.8796394086479773,1,4.5852137614459885
1.329770563201687,1,1.6636201589640143
-1.1506435572868954,1,0.4804881355715819
-1.2727001311715975,0,-1.3686157364661407
-1.2663819605862647,0,-1.013231487350056
-0.7830310281618491,0,-0.5146966285341383
0.09902572652895136,0,-0.4567330115023367
-0.27221992543153695,1,0.000801952094385161
-0.8350834392078323,1,0.8765113937860416
0.4474115788895179,1,2.0553866936786376
-1.4420245573918327,0,-0.32819606926964484
-0.8314214058591274,1,-0.8439301625171625
-0.5345526268252332,1,1.912829777417501
-0.17572006313185629,1,0.37912859669141347
1.1407038455720544,1,2.042877939009684
-1.201304871366561,0,-1.773036920150588
0.05693775365444642,0,0.14207220734759862
0.36965827544816987,1,1.0389795745507326
-1.814198349120009,0,-4.470154501205511
0.43017940760575346,0,0.6480704458072047
-1.3179035052508339,1,0.9014217084474252
-1.739793628058882,1,-2.1077228393021166
1.795542149013333,1,4.954556586314265
1.8625281322982374,0,3.0408718365289245
1.2335893924658445,0,1.7881874124584933
-0.7815449233065173,1,-1.7572586573463165
-1.6093115439744645,1,1.0348129551306504
0.7369321060486276,1,2.395560710004191
-0.2393900250415948,1,0.4085150637512019
-1.5118470606208847,1,-2.999889481525686
-0.01929235955491926,1,0.9880247780442835
-1.8624459155391264,0,-4.674063079671728
1.6372816083151283,1,3.339376626647302
-0.9648800735999323,1,0.6624171535395595
0.6500891374159279,1,-0.10403417041748453
-0.7531556956423562,0,0.9073556864864156
0.08027208471124325,1,1.5058333237130834
0.1868411173731186,0,0.9790846119175437
-1.2605821778978918,1,-0.29271733545559153
1.8783385110582342,0,1.8980111657576404
1.1005312934444582,1,2.344337035637809
1.7579957662567565,0,2.4462147299297956
1.5793094017105953,0,0.5797909726027577
0.39159991524434057,0,1.3820653861263383
1.6874969400924673,1,5.202104411116494
-1.646029991792322,0,-2.2711370850643107
-1.2160685503234192,0,1.2599462545113482
-1.8190908443578477,1,-2.218454296808985
-0.6986786769469426,0,-0.5509865637582496
-0.44529084124207197,1,0.025394536083870323
-0.9146038729044164,1,1.9545492264170843
1.3149500366077174,1,1.0566919641156676
-0.5729866932256429,0,0.6412096048226735
-0.876261961250477,1,-0.19557614740455326
0.17078433263299386,0,-0.45781610464316264
-1.4363031001009494,0,-0.45127296419027885
1.2087879230161587,0,0.5030844164242994
-1.7017974252809167,1,-2.169095459297555
1.9475477464020692,0,4.826272737969285
1.0889790771866297,1,2.9430940592310737
-1.2051372738633104,1,0.46954571910014475
-1.9779115315055904,0,-4.523697277492023
1.2618457138193366,0,0.4939813253221086
0.8274293753904685,1,1.0631606274043413
0.9160286721639492,1,1.405253797382017
1.085081386743783,1,0.3509223789049102
-1.7038213930636386,0,-1.750065065017611
-0.5661370858229096,0,-0.005213308715366974
-1.5365237618994811,0,-3.529501842789887
1.452413703502374,0,0.6030109134639567
0.4931925073102317,0,-0.44414688467905167
-0.6764079005894033,1,0.472404653243145
-1.7457665988559055,0,-0.7710085244792513
-0.7560707131373512,0,0.02207006981355336
-0.6992667118930118,1,-0.3117334875398603
0.9184247133522563,1,1.3079782429332998
0.5502298854208525,0,-0.26879589333906667
1.5488509703053062,1,2.882557992638756
-0.11114029935220282,0,0.5798812753143858
-1.5216230162467932,0,-0.5523040859529695
0.85297914889198,0,0.2860159862054732
1.0431401944675898,1,2.9065025774677182
0.24510879027798493,0,0.9153855245909711
1.083868719818244,0,-0.07079055713792504
-0.024817614542437028,0,2.209848022990447
0.09093131752797623,1,1.0273704462745186
-0.2898359265658015,0,-0.8472983178165429
-1.8983234930236192,0,-1.767516671561997
-1.5684342920267822,0,0.14861428434771007
-1.874283257253063,0,-3.3251454477938722
0.5456416450551216,1,0.2775752657618331
-0.7425760756946933,1,0.3228896792788408
0.03428276465881108,0,0.714751873920671
1.630265895704372,0,3.444290015348118
-1.0028310834045002,0,0.06622867186134451
-0.35846830785748107,0,0.07869170433736974
1.0222045541721947,0,2.0320636387931064
-1.0848073380335101,1,-0.2511408862332708
-1.692080360684828,1,-0.6914087145907639
-0.8409941883449279,1,0.11453170681593045
-1.3551148509839823,1,-0.11320031021685989
1.7187906093702923,1,3.1252984160410078
1.2324815182576678,1,1.5802241198318714
0.5336150260416939,0,-0.30141441322965573
1.4858423607508708,1,3.6850215670306268
1.2146883075964579,0,0.1631906342584971
-1.2537197644558566,0,-1.7255389199409206
1.570235993959911,1,4.756812749276724
0.1573689676626029,0,0.9797961852656153
1.2297606206562501,0,-1.4552233284905762
1.584365199693973,1,2.123288389428051
-0.7279861001125445,0,-2.004892463696105
-1.559792301889293,0,-2.8481406131715525
-1.0882593498322333,1,-3.082932017726604
-0.29156884549497475,1,0.5506169398610441
1.2720590636899725,1,0.5872393576529211
1.4429223330253738,0,1.5620053403824394
-1.9721914778752372,0,-5.460579315483852
0.042989210310262926,1,0.7829515767543438
-0.33035598740488403,1,0.26705700858464715
-1.111568758117079,1,1.515234065375778
-1.5205385306652688,0,-0.3464141314408542
-0.6495393143854882,0,0.6483248556419112
1.7716388156500766,1,3.1537112204426037
-0.7071882719169791,0,1.8085425748719945
0.07516248697346439,1,-0.8528229663836102
0.8120758355807114,0,-1.1357899559559907
-0.5454815904828241,1,0.5350628313330678
1.8871283308838427,1,6.314309141986554
1.849789179768445,1,3.6623914180968287
-0.9928708166985434,0,-0.6726275249676377
-0.011005976430458198,1,-0.7419110226971208
-0.7964867607329214,1,1.3932875052282894
-0.8606380224901296,0,0.6344399069251629
-1.8524522105818688,1,-1.689343029057191
0.4382573359195874,1,0.11286725919710072
0.010716092915445952,1,-0.006706153083630206
-1.7940849950000426,1,-3.480469688297401
-0.8854141430535543,0,-0.2631913392497195
1.6330635438666148,0,1.0971984267074528
-1.0417524373321103,0,-1.7426964530849047
-1.4204205116351076,1,-1.1566069730873774
-0.04218895888974794,1,0.21080627857774392
1.9426018164424028,1,3.827421473624425
-1.0317789139539983,0,-0.08275466990150371
0.6885421896235142,0,0.24226340491431658
1.0464784613148703,1,0.9848522349973048
-1.0494498240304013,0,-0.39489019483794285
0.9128653944474383,0,-0.6111710723161188
-0.5288674691229871,1,0.7313162968331952
0.5292233223743179,0,0.22471421905916245
0.5341188430435788,0,-1.4268593628331803
0.1430987362990339,0,0.9971588885498415
-1.6388409197823668,0,-3.082232816147082
1.3412099823569519,1,1.9966237093275723
-0.7168797401130567,0,0.9802035549093135
-1.253925958400583,0,-0.0601161371982446
-1.8368994337809443,0,-3.064699214330674
0.36357177275296726,1,0.3615302616073853
0.7102574473691297,0,1.1266621479995589
-1.9336486842885754,1,-2.2402585634753547
0.048372233197123915,0,-0.6183084276042691
-1.0940168992082482,0,-1.4495932778415392
0.5806911616377994,0,-1.974450005765643
-1.3025342839800342,1,-0.25090510040495795
0.7637509524098638,1,0.8400561459309283
-0.45305861479785037,0,1.0896934913818086
1.746919954946938,1,3.72461852443668
-1.449916223416027,1,0.5101808893094166
-0.635734595798966,0,-0.825832990699449
-1.5461059150376437,1,-0.009789086886676124
1.6987744731142511,0,1.9222747908114808
1.509357413523924,1,3.196874754781317
-0.9682334891393776,1,-1.212606265087005
0.6399361841367162,1,1.0661680948092227
1.2688888008048633,1,-0.2631824696799425
0.22080324639784932,0,-0.26175495707656565
0.11860231342402594,1,1.1411881541176603
-1.0325908363981933,0,-1.071465358138128
-1.6275889287764032,0,-3.206216372478477
1.588863031813307,1,3.551649497733417
1.6016722286533218,1,2.6509652817567053
0.5324058290930718,1,0.2858861574910118
-0.6438808358051973,0,-0.09157495203993563
-0.6031617015493564,1,3.2269528105851695
0.9038227154809575,1,2.222667204779297
1.5884410398103084,0,3.1665071518112287
1.5483456970604692,0,2.291528485380201
1.1195021834304955,0,0.8680129971981285
0.568126584617151,0,-2.3043957998239537
-1.6634401400198047,1,-2.280377309640026
-1.353485143621545,1,-1.0203140418513212
1.594216754108317,1,0.8509804452546814
0.4257162386383597,1,-0.4188385945895494
-1.9632117935334814,0,-5.764142454461828
-1.5941138285358716,1,-1.3638039881407975
0.6540070764322232,0,0.9586336429528679
-1.9797536646151253,1,-2.0729730617268345
-1.3567677943300054,0,-0.8339974018193774
0.1949351574663445,1,-0.25969260092488666
0.767580790770773,0,-1.7059434296051168
0.6078450380104021,0,-1.6445767473066915
-1.1029227621577609,1,-1.2398014982434797
0.8487168853901434,0,-0.5831856754119007
-1.0510036500127997,1,-0.040222371224272635
-0.6984012073629291,0,-1.184491787440145
0.9859656204720966,1,1.5182183879570836
0.5985315961888587,0,-0.12506450185180512
1.3968936419767117,0,1.3734332680315737
0.6304515692013735,0,1.265543087140716
0.2732344133418865,0,-1.1700322973041262
-1.62530092868763,0,-1.727995414680225
-0.5291367877622659,0,-0.08804860606071613
-0.9391905292730982,0,-0.7477063320954889
-1.0240414264836657,0,0.3483202480051082
1.8920422190097823,1,4.965602998419774
-0.4276091013329584,1,-0.2855848604851631
1.5681862207084531,0,1.746087483762969
0.5245545039890516,1,1.0533792165753533
1.1792452141665937,1,1.2469338144426896
0.010548372420768448,0,0.5850219191367972
0.30761553850543644,1,0.9957464348375473
-0.0299292247245444,0,1.8325478356774003
-1.219028048807822,1,-1.736034886020125
0.8898084610460213,0,0.22982098221829236
-0.8769105502365768,1,-0.5456623909268532
-1.9027361342741846,1,-2.1402300582252898
0.5818891836286713,0,-1.5186594995723939
-1.2915572823718042,0,-0.7309236946792232
1.7618343374116572,1,2.8043715201427393
1.8157143080103495,0,2.2588783476366383
1.659457560881794,1,1.5384084111864074
-0.5193651989782224,1,0.16487721490290747
-1.9381735338845303,1,-1.8558900425516263
1.7132742503509015,1,3.189305685833179
-0.2872634067307427,1,1.3158278916724027
1.8666192761746783,1,5.616542282097981
1.8544799083570114,0,3.4526225523867318
1.4120378218694403,0,0.8488968056553705
-0.8222044317216572,0,0.18933884278345214
-0.45960908559229896,1,0.10715982450686978
1.4045466860674276,1,1.580988032680231
-0.7323119793748893,0,-1.7162552395586046
-1.32202901325563,1,0.4709623064111733
0.22720504983340062,0,-0.3801381708093603
1.7446190966431239,0,2.8371431476880065
0.784119186699892,1,-0.09490687166984768
0.28024468035745986,0,0.4469524292775945
-1.6112940249169259,1,-2.153617146117925
0.46002890679667896,0,-0.09303154610798027
1.960215400417053,1,5.343835391015528
-1.4396639390539039,1,-0.0011876477255891027
0.07331860945494695,0,-0.021833006080528673
1.5094922877118218,1,0.6516085988984852
0.9630744710168178,1,4.13944234474054
0.7880629639810719,0,1.99056955661865
0.8099363359484371,0,0.9883326748363542
-0.5620353951209793,1,-0.14197271565200154
-0.8256326229420266,0,-0.39499633807551765
1.2374446219140545,0,0.40400998358312523
1.240453578716723,0,2.2182144557598895
1.4682892743204148,0,1.845225780781104
1.6529622102258852,1,2.1740172980026835
0.04536959544375119,0,-0.47070840473282455
0.0060651787487984166,0,1.1211882541279299
1.1931807158671006,0,2.4494517392810247
0.5998557231110606,0,1.6362536726989552
0.8078675090308134,1,1.7206593944519286
1.1831706777444042,0,0.5755312188313756
1.5600213672702652,1,-0.6432278251773886
-0.6480193725938568,0,0.16109892549895263
-0.49766818944022395,0,-0.06345840155012542
-1.624072240636524,1,-1.3018530169731002
0.3131205639846959,0,0.06924721965810676
-1.8562309048130317,1,-3.824170427572967
-0.13760792747015937,1,1.256105689004988
0.1705785388303065,0,0.6346979791372951
-0.8538349914868624,0,0.3711013302062329
0.363333042276043,1,1.6705589644577568
-1.8779990002438023,0,-2.707687142044986
-1.8506072450031423,0,-3.5789603789572726
1.290402242638633,0,1.0035120231602115
-0.5592374343549484,0,0.003675089889182581
-1.4917579493924609,1,-0.8521361957919148
0.08897304021921748,0,0.9985698202461163
1.0799742123944434,0,1.2734796361051013
-1.1367158900126273,1,2.0429550582924425
0.491561903276001,0,2.265857794317943
-1.658610140024928,0,-2.201758378782477
-1.7932731153255692,1,-6.020084914381625
0.12541852627259198,0,1.237818870716731
0.16254048644042607,1,0.1617707728676233
0.5497196059928262,1,-0.018423585760624972
0.9043653348906462,0,-0.028615625703241165
1.9034083178501384,1,3.701346121537595
0.06520139320478124,0,0.6124084028934363
-0.7081741082350161,0,-1.7370141786074655
1.1807447790748147,1,0.4453517818023096
-0.9166709949517031,1,0.6580257839142443
-0.24411431717745558,0,0.615670424648305
-1.6861744746309362,1,-1.055510801384937
-1.89859702633817,1,-3.508944784928752
1.8505936587117002,1,2.8905955242446604
1.3439204820488233,1,1.4070075167524232
0.7838968243747919,0,0.4807227905273106
-0.3641882223429205,0,1.461325669864397
-1.306822719716617,1,-2.463323710582931
-1.3742518293156558,0,-1.518412833452543
-0.9990284073416187,1,-1.1312224675674845
0.19690665882448188,0,-1.6484254219958514
0.8583836908002493,0,1.283194879874849
0.6407895068709251,0,0.6761822461551482
-0.8802644122162286,1,0.8083902824214053
1.8194611226527764,0,3.9326331664267475
0.951587666783074,1,0.65112150111974
0.21741621004560274,0,-0.4274989050385959
0.44688298493740897,0,2.230352866408649
-0.32159975028884036,0,-0.26320200636745505
-1.0090760419953702,1,0.9213941144361989
-0.5761092853949537,0,-0.08922434476314094
1.0313844418574765,0,-1.299688935932303
-1.9424260454809765,0,-5.709034135476383
-1.535709437972335,0,-2.3898954597013833
-1.815989431912989,1,-1.238299718590502
-1.8370847907241195,1,-1.611679187898529
1.4218423360440289,0,2.351300726599905
0.8146314375200947,1,-0.016741538018846813
-0.10330468365069922,1,2.3153212636823324
-1.608663357395994,0,-3.0463410467230707
-0.03353649953267057,1,0.9128055394730997
-0.10611291687773727,1,0.6890502969632007
-1.3071925203599393,0,-1.2907079235508192
-0.26459340304810786,0,1.3293300900205063
-0.40598106241050624,1,-0.03856754598961154
0.46340039220886586,1,-0.5998499733256822
0.5403746034705752,0,0.09889145145621825
-1.818783960911822,0,-3.4080727585643
-0.5015495414941151,0,3.3143000383529357
0.5034396628569455,1,1.4403062438195646
0.012545034320350812,1,0.29066041193686687
1.425959364753289,1,1.0936328761464356
0.63477452647578,0,-1.752400799493731
-1.3482622916742812,1,-1.5506622377295873
-1.7177250103982806,1,-1.7192000814875208
0.5696771128252625,0,1.5197678816523186
-1.8939547578335127,0,-2.2751799139346343
0.3431023250938532,1,0.9492896982013987
1.7609209656998304,1,3.1070017489052235
0.3018967115035158,0,0.2825700347583899
-0.44732029517391236,1,0.1366086254254648
0.5731528737694127,0,1.812505563690268
-0.16698843803393348,1,0.5084815708689416
0.18246715726373974,1,0.6166996965584577
1.7658592351061007,1,1.2373806584310674
-0.455589448796903,1,0.4572836827845199
1.8447622552956568,1,4.675483423508561
1.621402567824255,0,1.0635675531254793
-1.2168354608428142,1,-0.9515974947089265
-1.7225547964993382,0,-1.7628669951710527
-1.5968879944902934,0,-3.512730350279451
-1.927112697393801,0,-2.520619244421117
-1.6222281569762864,0,-2.66669132263793
0.7320270936654274,1,0.5075651404690882
-1.715245406159084,0,-3.6470616896550725
-0.7240974788249548,1,0.888217894017292
1.3795012438778183,1,4.472483753157096
-1.9069122570566965,0,-2.6855689686309843
1.2578739303557431,1,0.8308482541288603
-0.8725809009064003,0,0.8034301583820577
-1.527340689513375,0,-2.0981464967383534
0.7869486614566026,1,2.3181589897854433
0.515771387119536,0,0.8752791862839567
1.5098880541082118,0,-1.2220489088295197
0.9402841752155431,1,0.11158912675245758
1.2139237215393943,1,2.5388107770952906
-0.8718617097147741,0,-0.17971244628775573
-1.2902418248811087,1,-1.3977041920492945
1.0024590065634333,1,0.5701080718557097
1.227338957069056,1,-0.2818289025655485
1.9620205680026932,0,3.688050040780462
-0.3495292923542941,1,2.8893386022758234
-0.5119276568288673,1,1.4378529692055406
1.1056518429679874,1,3.566227892937402
-0.6367858389879286,1,1.4532899693205028
1.723029302414259,0,3.5851698654623076
1.4336510073720472,0,3.4474097220799838
-0.2840238904999266,0,0.3658072167308344
1.0034842711659895,0,0.3180173166102207
1.0181714963387294,1,2.2604130661927284
-1.5875045246562696,0,-0.5465508906255305
1.6102116267182667,1,2.3074988018750298
0.02100948979142858,1,-0.021564445559695056
1.3058298644309665,0,1.252201113106715
-0.719801595877553,0,0.6450291034678504
1.582092913984802,1,3.478094560237641
-0.44319328506334754,1,-0.7676936765169372
-1.9566493940788066,0,-1.833887388655019
1.6215279056770546,0,1.4906194986995795
-1.6348532928554658,1,-1.749838215362453
-0.7227454496383405,1,-0.39142137246671205
1.8002478682032197,0,5.615533641296695
1.8024285877502244,1,3.8698895386198533
0.29375155249314444,0,-0.8383011736810484
0.5273488486791971,0,0.9372505657761241
-0.2062179120867209,0,0.7647509856558168
-0.8271569132077419,0,-0.47069267186498903
-0.6853418185203362,0,0.6796564455176092
0.6900738243081537,0,-0.6609847335602158
1.00949811775072,0,0.02146465147077864
1.1663161749033941,0,-1.216950545478291
1.1584725711782156,0,-0.546581988847706
-1.6351755878052385,1,0.3215652139887737
-0.02231878118967412,0,1.6414230689174656
-1.7697649599334229,0,-2.7057234624800524
0.19811552929494214,1,2.3668194409703913
-0.23387799450649194,1,0.5335290769670523
1.550816731033199,0,1.6214720430556577
-0.5963399497916853,1,0.6504750437222284
-1.5317319342895765,1,-1.2217984094625218
-1.4280332717886566,1,-0.9712754728800381
1.046042526869889,0,1.7156905719803452
0.47287225326504423,1,0.9030047030597558
-1.595509295508839,0,-1.31832228446379
-1.6635727755400103,1,-0.5705669921078937
0.80387652583648,1,1.3479253225279813
-1.708947974543226,0,-3.465765322701986
1.2874402371614249,1,0.41410172950667845
0.8249689086259848,0,0.42950670615389
-1.674604877432401,1,-1.8193047859196425
-1.6606491436592323,0,-2.2024407908725703
1.9465583140047018,0,3.6717875710892818
-0.5029168169755187,0,2.5199734605269173
-0.5174314117324363,1,-0.6994935739303334
1.2511982690300103,0,-1.0105726337055185
1.7889943095354348,0,3.195215549429494
1.9440042552914836,0,3.2969217594524602
1.0135127410357665,1,1.5366121062129194
-0.49496165787633695,1,1.2232534258607421
-1.665997133205325,0,-1.027921517417899
1.1085876637097472,0,-0.8260172099421867
0.2336169989432202,0,-0.5503428518059286
-0.30311196301209486,0,0.414836770864313
1.625417540378944,0,2.9176256845220188
-1.5552100707753946,1,1.0126730752711433
-0.0294995828365634,0,0.9556911354709142
-1.9545854209303237,0,-3.790441740023278
-0.12535743202349492,0,-0.8914207167331039
-1.7747868972726506,1,-2.6594625509551544
-1.5247283349277123,1,-1.6650443676433457
-1.5298950128915805,1,-0.4351862502986742
0.5968412084642543,0,0.3633006625649434
0.9841795170616932,0,-0.847006843565026
0.3334750603886385,0,-0.41735931935132775
1.8486901938981677,0,4.036640596020461
-0.5005176819051838,1,0.988968023194331
-0.8571516548725571,1,0.9537661157913124
1.4743965127578411,1,2.68547651033607
-1.1056166459221894,1,1.6506843815928964
1.8528901577624453,0,3.4167161029160846
-1.9513821012407346,1,-3.401349046488817
1.8795153068305561,0,2.4040119719978432
-1.8273603521976955,0,-2.8013932842541194
1.5645724547922844,1,0.1742442451798265
0.11080443634519943,0,-0.1836087942783215
1.9718591844772013,0,3.627679821003459
-1.7048137410584046,0,-3.8418975657403083
0.21541713760528314,1,-0.22326767172477824
1.8772101424763958,1,4.817224759564051
0.09239137668059527,0,0.2311060831615215
0.5175945525410501,1,0.8711211904772371
0.7829947559384687,0,0.5463670548496613
-0.18183574092890709,0,0.08962145796152123
0.5102323203362538,1,2.0092787439329185
0.33725724769240095,1,0.8426094147090857
1.604632041963956,1,1.307625470965567
-1.8182144786341685,0,-1.3752911942973967
-0.8761472416310787,1,0.7340600662987649
1.801645936306235,1,3.0347528364698175
1.5610551355636653,1,1.348660554301807
-0.17737298885714825,0,0.3931240394436992
0.48053039120614693,1,0.638307500847751
-0.8904752680754693,1,1.9210972946654055
-1.2475153611049548,0,-1.3166579757692656
-0.14520638024007138,0,-0.838911620167618
-0.5865910878957887,0,0.7948764171947489
0.3346244474034883,1,1.644016431477608
-1.6890614521400606,1,-1.5407344851730116
1.897579230664666,1,4.7927652759849675
1.9448429779184115,1,4.3404137359992125
0.7926468560789806,1,1.182870766528136
0.14438546537648156,0,1.1664958962016783
-0.761889534854689,0,0.404189167460415
1.2551800788277947,0,0.8194792532003494
0.7389246902155171,0,1.5540925693306482
-1.3495322426204348,0,-3.5937645840678107
1.6437087379753699,1,4.972541706070055
1.290148971692676,0,-0.6322426962557954
1.7991996531676961,0,2.2850192188650147
0.9028780335534399,0,0.32709046964597926
0.45366078374315943,0,-0.09979713723358768
-0.3270278548375245,1,1.6889236804110863
1.730913933416053,1,2.2351270162895958
1.4642555580016334,1,2.5304812375759353
-1.8191253195752424,0,-3.588152249356467
-1.894532102010992,1,-2.40483548035174
-0.4941465324878016,1,0.574897193486679
1.2422133231273316,1,1.7513615783318028
1.9491045172597778,0,3.152407403023387
-1.3983324355858873,1,-1.1771671480192916
0.3765228614085405,1,1.0139622363692442
-0.47643657347591395,1,1.589641906020792
1.8796575912584128,1,3.422241682225045
1.3684756925428347,0,0.41262226947636105
1.3533148188445514,1,2.5527318206483276
-0.12522736082011887,0,-0.033485794025214136
-0.3407219906493393,1,1.5107206747712265
-0.9063717122771751,0,-1.2780937813980013
-1.7744980133962915,0,-4.57324692647006
1.4588895050202129,0,1.019515921546593
1.2516040365203103,1,0.9139741776426727
1.9988706931445224,0,3.914439584068634
1.9865473482956215,1,3.982980579727973
0.22172682241050978,1,1.446467305250232
1.075949660722042,0,0.33464580725554965
1.779062919529712,0,2.9658992742992627
1.3985895627096459,0,1.5254920490044228
-1.0106075930272094,1,0.3788743245379812
-0.19782345875962593,1,0.6720000659754166
-1.48336233939402,0,-1.121367728733016
1.8162041090348895,0,2.199807910969688
0.4246985378035202,1,2.137719119661979
-1.0854287779861491,1,-0.1759393973718561
0.6868027376234269,1,-0.4495673988931581
0.4725129618315833,1,0.9408219868882192
-0.567349127868638,0,-0.942491078790477
-1.545769631201484,0,-1.1813993443269886
0.6862927823711984,0,2.3712267655815022
0.08123080361517321,0,-0.7863040931255814
1.0892735669425573,0,0.9785930831566458
0.08065400444797355,0,-1.755243258795443
1.4087260012741605,0,1.851719905906062
0.20762735509794217,1,-0.1812384836634895
0.24375188614154508,1,0.08240663852900343
1.50661441063338,1,1.3086357292025383
-0.38606853515041184,1,1.4033796781400665
-1.463939086197437,0,-0.5613924882107966
-1.884869294746644,1,-2.624832758384216
1.020549022694476,0,-0.33296543925431943
0.48123820541385864,1,2.3452480647139766
0.8163190723968943,0,-0.47842207072154863
-1.148143353964357,1,-2.2187926214611933
-1.454514097652921,0,-1.0802041916517138
-1.9418213373284723,0,-4.765758507671331
-0.5976497647736121,1,1.581872955767253
0.35967074741853233,0,-0.3578736448531811
-0.4310238196010707,1,1.2636751075480106
-0.25010031190508375,1,2.0936784385371223
1.6166347779749937,1,1.6036851023683854
-0.6069781319067986,1,0.02225068308779421
0.05595795663924319,1,0.6244165377194125
1.1346120509645723,0,2.2678696142697365
-0.41382887071491936,1,0.0061822881883496494
0.48834680091149396,1,0.16372741094452647
1.4494548349869807,1,2.700734407735625
1.7980824946305685,0,2.329462122101297
-1.4117060762838483,1,-0.5541785510978421
1.7063505006459776,1,1.632594965975466
-0.03153482768184723,1,2.914314262725112
-0.9670224468041666,0,-1.7998562471797486
-0.16345697504695478,0,-0.32393634065096066
1.9201303011419082,0,3.507183526251063
-0.029527624028521604,1,2.6126752620758023
-0.6849935588499672,1,-0.7855508099524331
0.5336034172669031,0,2.059671281508375
-1.0394175248872277,0,0.19568929955127368
-1.6965466875653443,0,-2.0244649552667795
-1.484481112357403,0,-2.6202974531875025
-1.4878166441689102,1,-0.3755730046773489
-1.3923892259508226,1,-1.373232366443849
-1.4446913094023595,0,-0.24097018529999858
0.5634989792128584,1,-0.18159780386860913
-1.2724796624034207,0,-1.1433608866375162
-0.6173308667045472,1,0.02709531817933264
1.5871536396240473,0,1.0115420232582863
-0.10415343894851059,0,0.7407548918398197
0.6702309540841087,0,0.6859958139548156
-1.3107205151934807,1,0.783108964414361
-1.230843924765317,1,-2.0122250832004873
-1.8365255349340845,1,-1.3329698717611853
-1.3242597477113418,0,1.3442956620988928
-0.8856386438721655,0,-0.7989689960194617
-1.2919580628930127,0,0.8169090708550424
-1.6451898649717775,1,-1.7896375925538162
-1.5174565155975968,0,-3.119513779822464
-0.1568849278690969,1,0.3924368625950025
-1.17466512637683,1,0.9377800848906805
-0.5429205558076982,1,-0.21819285491091556
0.013669083419427519,0,-0.600337382014459
0.7615793145174612,0,0.8143985957878628
-1.8427514406356043,0,-3.125685704174645
1.1976415956361706,1,2.143538804230121
0.511601557963631,1,1.0047818528675867
-1.6729638722045124,0,-1.8615271135221023
1.494314496427109,0,1.2360828788796137
1.6834896021272527,1,3.3173512296973127
-1.755688160580545,1,-2.93327551770684
-0.8924894074111851,0,0.9329830521799137
1.2248051191722453,1,0.9844195009013232
0.9930387615346334,0,1.6184781494460232
-1.2619159225744907,0,-1.2383644802533016
-1.1626027066531588,1,0.11628591193056653
-0.5181115888344721,1,0.13549461048971634
-0.06190805923591469,1,-0.31611406582333346
0.4730190861211838,0,-1.691842073668632
-0.5243454417209104,1,-0.4274054394153777
-0.14986113546740842,0,-0.3255916708753634
0.9898837525350261,0,0.6968577976849747
-1.8532671884376084,1,-1.4722357545899396
-0.990252222623917,0,-0.9312778593655574
0.8533983435382098,1,0.12879943480762646
1.5808273507487973,1,1.2325409341813482
0.0467097684626645,0,0.48011457364820254
0.12845394106126262,0,1.3842542869956325
-1.5713119546408958,0,-0.6734710421491392
-0.21035053270618143,0,0.7052790216821369
0.13046906582009266,1,1.3396537510421758
-1.0301179854610814,1,1.8510725020377488
-0.9230270762024761,0,-0.061118373601354026
-0.4908633475815094,0,0.5869936932246855
-1.9197152088890945,1,-3.1581533144988008
-0.7116833376672869,1,-0.8422747468282237
-1.1542079720138214,0,-1.4526645468614439
-0.6900105912883414,0,-0.1734211024193264
-1.5209514727229951,1,-0.9984181158829745
1.5621091229595798,0,3.8322034112533556
0.37436981421619464,0,0.10751164854010681
0.7164092765779584,1,2.062689199102806
1.1566849544293532,1,1.0386987740057143
-0.006231204283770886,1,0.3883239932624561
-1.6523188476503052,1,-2.88455304575937
0.1484261672741911,1,-0.04069307436659397
0.3473644720835165,0,0.5479382506097853
0.98175789673732,0,0.4806931517454239
-0.27336181508128243,0,0.932724909191554
-1.489678788817745,0,-1.471651100819546
-0.8648963768051021,1,0.024055242128066145
-0.5476708144054596,1,2.7661617623564547
0.5836689653264049,1,0.7055155272219029
0.28311321867564754,1,1.8743471700032406
-0.575613096408615,0,-0.49656827586276814
1.9460609951719188,0,4.394615233632253
0.4230992774275486,1,1.6658857943220635
-1.051092833056022,1,0.32787031625916846
-1.592870109518385,1,-3.6752259668338754
-1.388563443262672,1,-0.6203979835579081
-1.0161690864619675,1,1.4058121454137182
-1.3572745069617773,1,-0.02270070272121283
-1.253731903794777,0,-0.5394964136006969
-0.8596193252246116,1,-1.339862800272258
-1.3065056188209807,1,-1.1355294820538213
1.5870616985057007,0,2.410075229629125
-1.6790650173534312,1,-1.2564765832371412
0.09804555828101869,0,1.2151380327506534
-0.35841269204135395,1,0.5321124589655745
1.9295144676344256,0,3.99764042982595
-1.5518443913277906,1,-1.1522178955903732
-0.40857760381703345,0,-1.0210458221398224
1.8778817331014754,1,1.755327113857767
1.462028503575921,0,1.993572645107796
1.2682882837971197,0,1.1940030469070764
-0.9683886918202407,0,-1.0722411978458775
-1.3164496504397367,1,-2.0599027983934746
0.674572879697724,0,0.7832212265503405
1.7175039565103432,0,2.267243549440684
0.22705157205571913,1,1.2627272509585228
0.2864507578795994,1,2.5758007509101946
-0.8800836253588633,1,-1.7822640287678777
1.0779717327677476,0,-0.07328680475782046
-1.2518250057699065,1,-0.4902217185857187
-0.7052830543830253,0,1.2794137492515554
-0.2982542455343329,0,-1.6496687111397825
0.030441514737820086,1,2.635875130540621
-1.030361070339679,1,0.2889176108332896
-1.5406527010431859,1,-1.2244555646670046
0.4424801697665304,0,-0.15474345447087695
-0.8454777870389769,0,-0.7384506119157981
0.3249528856904491,0,1.065273358177815
-1.3825491389031908,1,-1.689852083641521
-0.07543959258073007,0,0.34519951329929577
0.13035773020634345,0,-0.3830740722690296
-1.7927058527102924,0,-3.642827351023727
-0.6535828872243177,1,3.146379481754737
-1.462341292244103,0,-1.1445153242970318
-1.746500118108929,1,-1.3503765055462043
1.959840929559781,0,4.9016282275539425
-0.7105846201011081,1,-0.9007478699043118
1.2394977834185394,0,2.704446065867196
-0.9814373809449446,1,-2.2816269080832754
0.7260108888957171,1,0.12257078700399915
1.0409114395587462,0,0.10488034266621393
0.3825549624313771,1,1.309716499037151
-0.11369524579936652,0,0.21798341915238093
-0.35263634341092587,1,0.511259673127197
-0.6045269338280188,1,0.5775396209027296
1.7181165769913034,0,1.5578522471816756
1.3224776311509165,0,-0.3407606955643574
1.8601076426660503,0,3.944498255515458
-1.502811106057821,0,-1.0032991617299407
0.923469900814577,0,1.9782603976125106
1.7533618272841514,0,1.905143483710908
-1.2750677353373594,0,-0.3436859043606203
-1.73401493053289,1,-2.190631519648576
0.9644825971602362,0,1.6390687074390364
0.2978924527196476,0,1.0351802519046815
1.3673151070330882,1,2.1893417899090855
-1.440910493494842,0,-1.835355946646295
1.1810692474395608,0,1.784683433045212
-1.1934907198090219,0,-0.20311156094093785
-1.345376228537182,1,-1.2020309104299358
-1.3429368082760282,1,-1.838778021488969
1.2582988809255284,0,0.7076095211864424
0.6607888827848005,1,2.3596778877179605
0.0922616990764773,1,1.8468798347245987
-0.56467806350599,1,-0.5023544647254795
1.508802163252433,1,1.249624551739711
-0.43021957030945845,1,1.9348694207526922
1.2663977578863084,0,-0.12013479302479468
-0.24346036571912633,0,0.5020800166393118
-0.4922222823003697,0,-0.675699705620103
-0.14928085732157426,1,2.3153815794106443
-0.7944885033434317,1,-0.3211701305517958
0.9904375207050045,1,2.329154535577352
0.01088156036991661,1,0.8848592982942021
-1.0711492194127308,0,-0.36230237821499656
1.5982982930982739,1,0.7711638116173742
-0.46443511450715436,1,-1.5530026746362515
0.17421144445595438,1,0.48207768594492123
1.6258884438581878,1,3.0959348708597334
0.4969519836559684,1,-0.36383388022266105
-1.5324078371665437,0,-2.8879499821662082
1.7593284944539005,1,3.9842417367333427
0.5108322122856714,0,0.6295051981901967
-0.6603775413716555,1,0.41826411294081384
-1.442911709346451,1,-0.02186518449878405
1.176100757081184,0,-0.36080337287386477
0.4802910237140541,1,0.39946172170118793
0.1338443679052861,0,1.6490764708554406
1.5755703322038306,0,2.023937256488486
1.154388844898123,0,0.895489654802734
-1.3933004810689953,1,1.6535490665107986
-0.7531117288178071,1,-0.9129160953172719
-1.006043440742137,1,0.9873103104020743
0.9757851702907079,0,2.1285364729316454
-1.8658702610568825,1,-2.872845303673631
0.2795587394852661,1,1.570554976353908
1.0498347429627621,0,-0.40348024802541926
1.5070625470469978,0,1.0247161058889538
-0.6316730051363701,0,0.25894424509422465
1.2850292186880514,1,2.559551107198437
-1.557473052179171,1,-0.06806205118950825
1.3858091669380728,1,3.600329006324552
-1.4900453506720703,0,-1.7215720876925114
-0.41085083775853093,1,1.8589362709099948
1.1891814631182145,0,0.49853715711388435
-1.4003302906049049,0,-0.4708799719011243
-1.082994419069434,1,0.27237922301968975
0.8890102735722651,0,0.7969877708525297
0.8801461461842974,1,1.4644136656247715
0.5645905315411892,0,-1.5147198740896897
0.7757937778684001,1,-0.19066379439054726
0.1708977733903847,0,0.10503706418504737
-0.992803764372189,1,-1.4765622185788332
-0.6172160259843222,0,0.713645145430279
-1.2736091327942973,0,-0.1613921268680324
1.6338022453345133,1,3.2077327063414884
0.33356717906448186,0,-1.102576492602572
-0.39659433294544044,1,2.048949359571188
-0.15197678542346926,1,2.7354555401198555
1.7891333584472613,0,3.0105831344382805
-1.3865943875356792,0,-0.8224283082750077
0.34491932806718895,1,0.9222560676984468
0.023554715537863924,1,1.2303757233668957
0.4458169417385913,1,0.624744913963256
-1.927559264716638,1,-2.9154727363497046
1.488495635776606,1,3.2546873983312437
1.7284731299344496,0,4.9276340557948926
0.26053273435683577,1,-0.6912291043780601
0.786603295507569,1,0.8395408431492021
1.6899975247091827,0,1.2329334102662952
0.8289545372535945,0,1.8768394298512248
-1.3898438283429546,0,-1.9300949112824157
0.3051534406672527,0,-1.4289930597854834
0.4268601855314236,1,1.377076014519394
-0.3034773147904559,0,1.730336214949876
0.9457769424988913,0,1.0865937805670671
1.7374680590760594,0,2.827328044645984
1.7022740516271053,1,3.5755121293019565
-0.19664251438347158,1,2.111038749073627
-1.547047816636979,0,-2.725518089628819
1.9393647958493383,0,3.5352600884127448
1.3555923457837364,1,1.4928488447462074
-1.5013492751869326,1,-2.159923208498758
1.6833675304694893,0,2.056726114132052
1.4795854482485131,0,2.7272554262261455
0.07535222850428847,0,0.5668160717998835
0.365101742979717,0,0.6686444003389558
-0.40398918451947896,1,0.8135086274716353
-1.7809534447118747,1,-1.6010859862241404
-0.6592110334163963,0,-0.9438234475804128
1.2114137943920458,1,1.2793791478882865
-1.9814719079815886,0,-3.6978539012462326
-0.6660033132354233,1,0.8298095064627465
-0.40732522563622675,1,0.9863974088789185
0.1495824117516915,0,-0.13666183642068028
1.679422465651042,0,1.9909483898893328
-0.614616022536155,1,3.7416848043748048
-0.6121871924150892,0,0.792071609067605
0.9500049924389935,0,0.8418417345024273
-0.19112823644077137,1,0.4633005442907844
-1.1015807082400721,1,-0.4195919371280079
-0.1902419354692264,0,-0.1342432112215346
-1.4365719184808006,1,-0.48952581527770145
-1.2944520539751068,0,-2.964931435932841
-0.0065289090420810325,1,-0.8693897345274547
-0.32429820198180836,1,0.04606449975365112
1.6593836042724002,1,3.1917405726208052
-0.5504244035334676,0,-0.3226533688910301
0.3223534011121738,1,2.194869373505928
0.5290571516781215,1,-0.7083548498297193
-1.9476221736466655,0,-4.445236973938491
0.6541494880668424,0,1.660050802571863
-1.2878561325209943,0,-0.9368826491749759
1.8442812698778206,0,4.021387211775038
-1.4053490889875482,1,1.3634604583386976
-0.3415035050919051,0,-0.7137182802531725
-1.6586013276854246,0,-2.3806859354266323
1.9874970073837894,1,4.353023140580886
0.008780041324970345,0,-1.954592666060421
0.38154006928017514,1,0.4173741290101263
-1.73169409044629,0,-1.7154091274959902
0.9998418815967112,1,1.7403524017074752
-1.160377627617657,1,0.5378727176490513
1.592217157762855,1,2.3427500437761317
-1.1794414380719713,0,-1.476447175700454
-1.2372491173453337,1,1.0222742427807898
-1.8538013286076205,0,-3.6826848435870616
-0.11173221956000301,0,0.2933846013129047
0.2593645330504657,0,0.17205840168966424
-1.7371654422865905,1,-0.4594430825682627
1.1021104667800423,0,1.6407502087937689
-0.18684466100788955,1,-0.5985200808599458
0.09756107731032015,0,-1.1870888656175778
-0.23694901224708742,0,0.572258086541629
-0.39694775649869607,1,0.6043893155645524
0.23856132523287155,0,-0.44838334181988676
-1.37903901627715,1,0.4043351189171822
-1.2722874780189155,0,-0.8422763018594144
1.4471424840540692,1,2.2677757440478925
1.784461848534531,1,4.3209632211202695
-0.5067627348809882,0,-0.4401794761066681
-0.9170213074257849,0,1.1829445025781222
0.575998172956063,1,0.007502955515882204
-0.3650633156076144,1,1.3326028488143704
-1.8984545773586206,0,-1.9873055026353452
-1.3753896105352386,0,-2.6782054010089604
0.8638889153895901,1,0.6790267258132352
0.6356957676406054,1,1.9706526180125012
-1.891616029986066,0,-2.2270562892015047
-1.1121113522682022,0,-0.8592206230397059
-1.0757008136477144,0,-1.3570351399692955
0.6875709743949137,1,1.8184617332002422
-1.9211578489825434,0,-2.3618012008974687
-1.5835656720617046,1,-2.4502015190025483
1.1996643414927575,0,-0.34063846856099256
-1.2858213517826655,0,-0.8376910360170904
0.6109844314074988,1,1.4434014810272504
-1.047268875813094,1,-0.1733767264071132
-1.6022344289626194,1,-0.6772983752266892
-1.0273112360021837,0,-1.2522325020333986
0.8890677274226366,1,-1.0633156188502322
1.422785872425143,1,1.716185619326598
1.3208794582679664,0,1.2155162304071185
-0.4112658815261807,0,-0.31062063844800636
0.6723405462825847,0,-1.0066402448614815
-1.1800628183367161,0,-2.6372961852416807
-0.827409078955947,1,-0.09731332493622652
1.585343274084479,0,2.889887936932988
-1.9479923059570559,1,-1.7398004618359908
-1.6579658765821277,1,-0.39103706868647503
-1.1684549794158907,1,-0.9135477546286241
-1.8938711845047211,1,-3.850125725398202
-1.2742582596408107,0,-0.5378936870258285
0.3321662438787687,0,0.6534246954614021
-0.3143017976300082,0,0.3846453562285286
1.5706868443078994,1,0.6234238407093278
1.2697742469537636,0,0.1567608365656229
-0.6327305932084961,1,0.5436549948158913
-0.9623062662748301,0,0.04165434683439578
-0.4812303673309324,0,0.7115850567829355
0.36117977005923096,0,0.16781162200558256
-0.927745436708495,1,0.6315231790918943
0.49659563139653606,1,0.8460974927011473
-0.3623533912350383,0,0.6618308776821565
0.20818872340792094,1,1.017377366000908
-0.25549388345873325,0,0.05739870702946385
-0.8221369618323293,1,0.153786239353977
1.7938132278486267,1,3.6673269395879617
1.0544231766390433,0,1.0707495645489324
-1.4395472969341898,1,-0.5241089661101965
1.4738719035916512,0,1.9816711986356574
-0.05027520700194543,1,2.0426583236340887
1.5782089075763657,0,2.230620598172729
1.1994210237892609,1,0.9137514941988201
-0.2991459821230662,0,0.8702217505130524
-1.9101227667195304,1,-4.150805678754448
-0.9252905624602157,1,-0.7775129791509147
0.16653685864346768,1,1.0381566750786877
0.5339128793045891,1,1.2924960613823195
-0.9684492582671909,1,-0.9992025812786693
-1.4425757037087035,0,-1.883835288325357
1.3397209471971965,0,0.5962167234700435
1.9376087228142085,0,3.150532594037973
0.1027607292107433,1,1.6441403409755957
-1.313282856606786,0,-0.4260117965718593
-0.9107706939225242,1,0.30313419169369304
-1.926437293810133,1,-3.4206210639487518
1.657195226241996,0,0.9259246551183162
-1.5289956684394355,0,-0.3670793160112602
0.3060659020570142,0,0.6064494664860516
-0.903779117251176,0,-1.0757800388511976
0.21671201006317364,0,0.7246883393721313
0.6056815534074569,0,0.040873562010022194
1.3189672148288065,1,1.5601773192209336
-1.1743149129575872,1,0.32551228617801936
-1.956016685366078,0,-4.483359414443684
-1.452457479724771,0,-1.87583243888707
1.6000745673924204,0,2.169747416331358
1.495560310250061,1,1.8731091598551444
0.3896524086812332,1,1.3986654779666883
0.4020674417346135,0,1.9015652587022125
0.6601466981850219,0,-0.610454258706317
-1.2985148855062016,1,-2.0598648302763736
1.6576477836998391,1,0.9756989521359309
-0.32491790043170754,0,-0.1676191996302695
-0.4674458870020102,1,-0.014234375516140041
0.07567082113135015,0,0.20807714939642247
-1.8121361328997798,0,-2.842782499055131
-1.3348665249756824,1,-2.0924952460007886
0.9521344657054818,1,-0.6833002994503741
-1.6688053282994941,0,-2.0278041041804338
0.4126084378655528,1,0.8705512456296746
-1.0186035612747162,0,-0.9542456982932206
-0.4428175438320938,1,-1.0005590504898978
-0.8452250529172005,0,0.1694745959481116
-0.5773091341402035,1,1.875695066618357
0.876183620736982,1,1.314304531745591
-0.8115131375072999,0,-1.1146863284210182
0.26561856118758875,1,0.7539222879692175
-0.09579839120360134,1,-0.6665536677426256
0.6546846614505926,1,1.8982635668396035
1.747318957299032,0,2.7492346534599696
0.9302883888410012,1,-0.6656041544588343
-1.140238485636973,1,-0.34191136160811203
-1.8752674597548613,0,-2.834007560767763
-0.9509438228006997,1,-0.06301409090445675
0.3803117228010193,0,-0.2483921468787982
-1.7942967460629986,0,-4.112772123343042
-0.014535011195054626,1,1.2665394517008182
0.38737139566755685,1,0.0805946169141959
-0.6630244367321567,1,-1.6021786135437857
1.0836488149832877,0,0.2650041887525227
-1.5736069874649128,1,-0.2671637423915796
-1.699448873056765,0,-2.841041085756638
0.9127550248144134,0,2.1182030102230445
-0.01803473517520615,0,0.4289650156346246
0.7536095857109442,1,1.2527559314864483
-0.2606906455850151,1,0.5627435164287382
-1.0143918670435728,1,0.10981381245109666
1.2764092706967989,1,1.4763525206036108
1.197663515875917,0,0.556693622316348
0.778785883417707,1,1.4670368830518146
-0.9114194510801492,0,-1.3143826526382258
0.3609226674763484,0,-1.0523860020638702
-0.5561044122398928,0,-1.2091832843414319
-1.6336717066934634,1,0.5656150245599767
1.6692543018489712,1,3.5559562780478045
-1.4527254763241544,1,-0.5284319357809735
1.8009494152832097,0,1.8631019221621903
-0.21597690816817705,0,0.6183050685608256
-1.2594682846455214,1,-0.41549365377611236
0.16760378951343258,0,0.21652302269314475
1.4917833435056331,1,1.3833000963494462
0.9288995456382447,1,1.2610213716297527
1.226244591445799,0,0.49810361911694123
0.6351334668428694,1,0.0624935231898367
0.7691062580714099,1,1.661578908650811
1.3967826062612771,0,-0.1751452243672833
-1.0013279645632562,1,0.7627816710635182
-0.042300145427438096,0,0.6844482896791771
-1.115162232721591,1,-0.8730441947356159
1.950672031986588,1,3.5909434624717367
1.776237358746453,1,3.279005763720024
-1.8422927545259764,1,-2.1443738287050396
0.8223006900627539,0,0.1251560008770061
1.7009932696626633,1,3.5943708004602852
-1.2776986194906659,0,0.7200493623752819
0.27178092221051786,1,0.20232076205025495
1.6619531903521674,1,1.280050849255746
-1.8642160856568046,0,-2.4134330026533886
0.7896810689873597,0,1.9295356291784602
-0.8106039705097969,1,0.8264530221555917
1.6975847815061216,1,2.0582962202959973
1.884232980661471,0,3.2209357740764832
1.7770659564537357,0,1.6874311527941601
-0.10314313337014491,0,0.6423068495433292
1.4481706039572537,1,0.8672599155210354
1.3781975941402815,0,1.0087651824056683
-0.7235981070269775,1,-0.4937737196934159
1.3156618966027094,0,1.2655078391754626
-1.8519694611380295,1,-2.842275665681326
0.38507951392821216,0,0.20531309832975247
-1.0799646508491878,1,0.09255639981635759
-1.5177324568908848,0,-2.7347163476895826
-1.6921871934831634,1,-1.0959098336353064
0.785155103512559,0,0.1932460569790252
-0.6405001449277354,1,-0.41990853711120635
0.8990670861150458,1,3.30429424037283
-1.7385746368042305,0,-2.151113990050907
-0.7388386486775587,1,0.34507988426217406
0.15796516950134887,1,2.1171753787264693
1.1628926593558542,0,2.6281167245445745
-0.7249899882717203,0,-0.33588059130087433
0.5035655057480364,0,0.41124410837754116
1.5439109929447485,1,1.5520775116597494
0.46345275272921826,1,0.6025793993652129
-1.068162100985465,0,-0.8084331562689877
-1.902396873773848,1,-2.557668418009837
1.4803954956037195,1,2.6549562662687576
-1.9149223565984514,1,-2.2511124022537
1.4988066907367976,1,2.6211184406577672
0.11574853610884794,1,-0.5099672431815627
1.7562707940515847,1,2.470130200228503
1.1951329430946616,0,0.30712211881203844
1.9917364421333499,1,4.3683826378984545
-0.5971527381931594,0,0.9443045271792238
1.0687531557245076,0,-0.5525562606724759
-0.39227634556303137,0,-0.38759693363186787
-0.08049751878436462,1,1.6527486922691528
0.5100218528734803,1,0.46645655176730555
1.494708456745355,0,2.1301196182431896
1.9363338767971805,0,3.4904923122423837
1.0730936554580728,0,0.8746330223099443
-0.32893287133066496,1,0.45373270857821846
-0.3145719908917193,0,0.6515011525150877
0.950329206355566,1,-0.4159230898477737
-1.0448914169267907,0,-0.9337172262233926
-1.5581035474744214,0,-1.5947209254812986
-0.5815113694368939,0,0.4353746219754828
-0.8510440333836731,0,1.1847572612479953
-0.8147675181760397,1,0.03853520992655257
-1.0655689958003602,0,0.8745383781757068
-1.8316272414545525,0,-3.7314488007007878
-1.9285042610663448,0,-2.2575313466464397
1.9508895589441262,0,4.5299807634746045
-0.2889074650565506,0,-0.9255157749272461
-0.4626934113612733,0,0.2575113331354397
0.7185891307722794,1,0.8342932209482645
-1.1269844485397433,1,0.6098965303071546
1.7998447358009013,0,2.6919738926460224
1.1453800576622082,0,0.4440632325928839
-1.642355990750962,1,-0.14589608756486938
-0.32967689686028656,0,-0.11663666721677673
1.5164732302486588,0,2.570132287887476
1.7789280891656412,0,2.589433218719492
-0.1303939550005211,0,1.6655547421735835
0.4536455568428308,1,0.06834420358756466
-1.331864215631699,0,-1.795415384256251
1.9646745045479062,1,6.016285839112779
-1.0733131944662264,0,-1.0631754420951227
1.7709270965405026,0,4.378049839684155
0.5985865959694738,1,1.6990791379464003
0.4309471795154365,0,-0.11463292723621933
0.05075404406603434,1,-1.1132281014938588
-1.0773207531289652,0,-0.6444983132793184
-1.293887871977967,1,-0.2814484360744167
-1.1180551637192986,0,0.4684067865160969
-1.254246951422982,1,1.3018970269239938
1.1183378942670132,0,0.014354041573587217
-0.5994989633330796,1,1.3934520979172418
-1.7686292937464145,0,-2.0007779025748054
1.8764105205632453,1,5.076755029007076
1.5351435398537028,0,2.307599965364705
1.7110091327808519,1,1.2620366293638945
1.9796312905857412,0,3.7236057386271852
-1.3044190031220508,0,-2.2654478697753073
-0.415031924389365,0,-0.23835070831945893
1.0329539028163652,0,1.531081923230074
0.7840824722151689,0,0.546172033936843
-1.3844163746405798,1,0.5213986334943816
1.263332499962471,1,2.04989894412964
-1.1022377126533573,0,-1.9678956558778267
-1.1047295407095077,1,-2.49496808397327
0.1478976915736543,1,0.850426298557076
0.3717597393668126,0,-0.18823688248864853
0.3203448313512447,1,-0.2605087161896721
-1.6340526504089805,1,-3.1821921698588236
1.5098434505215215,1,1.686196919336583
-0.9375998296451757,0,-0.6066104149160224
-1.4819403148687833,1,-0.2614016363833279
1.5549923194759088,0,2.0686176616566763
1.8226059929190135,0,4.635317932412574
1.4485104690618025,0,0.4840156597836067
1.2380642988995123,1,2.5299133567188674
0.6209679225560869,1,0.8670217190208678
0.20342948243655723,1,1.398878441637384
-1.6520529603543594,1,-1.9909715756882957
-0.3661871477172052,0,1.0471288023195804
-0.5092459319507441,0,0.2291930232158021
-0.9609848649586952,0,-1.1231758594552304
0.8936804547543398,0,0.3448515119029459
-0.01649705968491677,1,0.46044189620093817
-1.6758151363694083,1,-1.163964707021489
-1.1192671922007547,0,-1.8808628001949017
0.7330350546383837,0,0.1675929694428268
-1.6954765620387993,0,-2.0416357743127427
1.4048276561950748,0,1.4192656158189783
-0.0194138919441027,1,2.0469375858488204
-0.077653690693408,1,1.473788644478725
0.3696311386380704,1,0.7177700330660686
1.2987238637005967,0,1.311957266561093
-0.6087631683912278,0,0.18286399026698683
0.7120646102362542,0,0.5838208032827178
0.26292785598316426,1,-1.1165697553057692
-0.9318869193223147,1,-0.00615776075932456
1.514519945420632,0,0.25254164304644133
1.1897040864277124,1,2.8202320389351994
0.633807338633702,0,0.06645440520486945
1.4023269163769676,1,1.8855115613018862
1.4691768038392095,1,3.1823920591010184
0.8334519068601391,1,1.4118001809675844
1.3480533134546882,1,0.7962389015057001
0.7898858466771346,0,0.17550728828039958
0.7205630870412016,0,-0.14810477422150103
0.4744455128607372,0,-1.6911343913700974
1.010866558230565,0,-0.17379863118674843
-1.3655795788277052,1,-0.7568119010347225
1.5234830367957137,1,2.3530515618780226
1.487374110980928,0,0.16301387393286038
-1.8830108678617634,1,-1.4866584118729902
1.3032670022590507,0,1.0046996222124416
-1.4845205301062192,0,-1.5982409893726017
-0.6595245829634324,0,0.25720405212411207
0.9740330251664311,0,-0.3260240450360128
-1.3569604158067672,0,-0.792957838147148
1.2718680964762488,0,0.6616430844906234
1.3285367118309677,0,0.275854613841371
0.029870935043344815,1,1.2734608198662318
-1.9744565131326657,0,-2.3570142959823324
-0.8518474673003489,0,0.41576032589858264
0.4677076735029688,0,0.9741332013391678
1.924744712109694,1,3.7446146423304905
0.5272541080666735,0,-1.5243322268480746
-0.9607856757433608,1,1.7466825148173475
0.5360228123984454,1,2.8315200486894074
0.1599415188634219,1,2.244852528914748
1.1193815806045744,1,1.0655150854710442
-1.5720774446921664,0,-3.0972720469978565
1.044111610008112,0,-0.49655361466282977
0.1650663147044411,0,-1.6814837958987443
1.8519680154359786,1,3.7685479324557534
-0.6325113358452557,0,1.4791533664344227
0.5304875725357925,0,-0.06701850413338512
1.7281124220400699,1,3.5827166447278787
-1.589961088037283,0,-0.6340949793075705
1.7489139489458045,1,2.97060623670248
0.7515428892032534,1,2.9477734493917493
-1.7286517635793124,0,-0.5907161031410126
-0.796145732212735,0,-0.38342903943261275
0.8326883545811263,0,-0.28885374517140955
-1.7305975941249132,1,-1.1943041896241975
0.3286818407050931,1,0.3702290950993828
-0.6164677721881731,1,-0.573694115744864
0.48366207106990844,1,2.037809945590782
-1.8170318647499486,1,-1.0831131736724704
1.486147224609505,0,1.7966889312696384
1.8939558767095876,0,2.1340103228191136
1.875511421142766,1,2.7690698693958833
0.9986073269716988,0,0.6051431868333754
-1.4796550394774721,0,-2.1196338963667216
1.0330527837160903,1,0.910143028059788
-1.901652334164794,0,-2.416492017791312
-1.911505793884011,1,-2.059002610431571
-0.705559123401835,1,1.9025241898524512
-0.045427238381337,0,-0.9906700959737862
1.0816296712311728,1,0.9895200087052927
0.7331815064260208,0,0.9560444322948667
-0.21638917449300665,0,0.44301220792370294
-0.9054933348733365,0,1.1611651592482404
1.9884980006308446,0,4.351920836823408
-0.2952747910561082,0,1.8352370126444608
-0.19445190268129808,0,0.5363415385361622
-1.3455047152333233,0,-0.15577194262090788
1.1792381949997175,0,0.4964109742848367
0.7747289031259545,1,0.946785243470278
-1.1169215488449584,1,0.9142569109924853
-1.6704758175366292,0,-0.7177444078904984
0.7219972082988524,0,0.917418290415482
0.6180448571245409,0,0.03486844394934922
-0.9069618920071627,0,1.0043107303059247
1.8034542490016414,1,1.4408412304335085
-1.395768432876399,1,-2.081831259214603
-0.27066079582959235,0,0.6717202886564474
1.7744636806703955,0,2.8077541978815415
-0.3210907322955108,0,0.5889615429402228
0.5541037906563422,1,0.8494710459040717
-0.4096224081488229,0,0.536580316732067
-0.9031391906053199,1,-0.4827302566450953
1.935910591839313,1,4.898140371739227
-0.3626639747398279,0,0.9705648098142016
1.5763968147165377,1,3.8792448625065257
-1.0801815764356553,1,2.083380555102481
-1.1475811838996668,1,0.18844918460923182
-1.8754636684619546,0,-3.024433082012496
0.6066673015035402,0,-1.4115319655530563
-0.5258946251049554,1,0.09586653415789981
1.4574329993585482,1,2.0547926206729157
-0.10716037323377137,1,1.749704272476571
1.872773711658887,1,3.373171055231264
-1.2578979371875154,1,0.5011495254919942
1.4744926718224431,1,2.3012466561292944
1.106387411166967,0,0.49999248483868175
1.083687378576208,1,1.58522345851083
1.3791329124675507,1,1.6204042614864402
1.0440959637719955,1,0.8400662498838322
0.5048812865256616,1,-0.9404374949712774
-1.4750204892704497,0,-1.8525445112102572
-1.8698952820349923,1,-3.049020394529615
1.6833913912627474,1,2.569221808071427
0.46660125808295216,0,0.4676665135954998
1.1861491639047053,0,1.4930581404022427
-0.07391059394979971,0,0.23199262613670923
-1.530767244150422,0,-0.7980687235068652
-1.4992568311897982,0,-1.1094311219047088
0.7422611489158855,0,-0.09058120110393317
-0.2787764204021492,1,0.22631097936051298
-1.1979010931986531,1,0.15334795034345855
-0.03362181303425249,1,1.2737481064108502
-1.7431642516994637,1,-0.5505639740732773
0.3278856076575951,0,1.2087983671988183
-0.9240263822596093,0,-0.9359513062819873
1.1902364025487526,1,1.4410754741100815
-0.7585521643057049,0,0.4527818215806588
-0.17911940367279522,1,1.7651243660104325
-1.9535178403675975,1,-2.0885691325213744
-1.7102124488217645,1,-1.8649152810057206
-0.4300257743732607,1,-0.5937833013794342
-0.08024466113150597,0,-0.9991947321828647
0.4000821924772149,0,0.30465324456758547
-0.8333496851627871,1,0.7528566940825826
0.7799275445061702,0,-0.8614694901759798
1.4404895887568183,1,2.2390849455630013
1.1194039555733992,0,1.3325674365246631
-1.8415246986065714,1,-3.5737281048711154
-0.07797221096868423,1,1.804760179316774
-1.5802792863273005,1,-1.6507331490139479
-1.0318199365498901,0,0.7083483362328391
1.9466503730685858,0,3.154912419324333
-1.430017828393947,1,-1.788783669490147
-0.004447386194575742,0,-0.45813703382468784
0.4726229372724764,1,0.6576373464695111
0.8098598821764158,1,0.5771027201251636
0.2385947339476564,1,0.4907898729705877
-1.9609166103232654,1,-2.736087196148636
-0.6941547670240324,0,-0.3384188987887311
0.07084657353884571,1,0.6340654039189769
-1.6485340034206666,1,-3.2493074532327
-0.597492275163277,0,0.28504653549197645
-1.8671875648345337,1,-2.6440747667389273
-1.685686011379917,0,-0.7846768826396218
-0.41230689519361574,0,-0.9746106299011479
-1.4691369838277586,0,-3.3937611329854276
0.2701633930462326,1,1.32792787177423
0.757859876549063,0,0.5641660318004476
1.2023467964363315,1,0.5606459796500907
-1.1993990230207596,1,-1.692451494732397
-1.330069670963721,0,0.3608933595487156
-1.581728638662399,0,-0.5645257543253408
0.5457209981745468,1,-1.7061957893266704
0.8259029059476046,0,-0.17654239698912783
-1.8736554206974319,1,-0.9246209112852568
1.7448489849747593,0,2.180032047623056
-1.7921148653941104,0,-3.368458108150469
0.16518534120428185,1,0.41949431224720696
0.8362420778036657,0,-0.8285045914615747
1.4838764949843424,0,-0.07110974276736304
0.8563477285297112,0,1.3665406638287187
1.2069123322791673,0,-0.9639200987803219
-0.6421992298287758,1,0.8148435968361794
1.259300454986049,1,2.5851025209867586
-1.6795406144612994,0,-3.820097976044427
1.5792666242421105,1,1.745142673025521
0.19036950461494495,1,1.9166287360038072
1.2691910798499748,0,1.5551274055376139
-0.19072686192679944,0,-0.6207547172177885
0.5743107807860999,1,1.996962290751025
0.10561064374445284,1,1.907124693318587
0.9263580870213275,1,1.3665248356850663
-1.6734800718776417,1,-2.543480445441583
-1.7585916640377448,0,-3.132798246063001
-1.0115870639594142,1,0.4688039800995692
-1.3618212795472466,1,-0.7513825569447613
1.4871342663688067,1,3.2834066983949786
-1.1231440505678227,0,-2.238170548087981
1.9034610232765252,0,1.9540120719494378
-0.6524168329155726,0,0.042021241509421214
-1.2715283372452029,1,-0.8194379480331127
1.1587940285699165,0,0.150967782289553
0.6348311020035045,0,-1.6401349103472387
-0.007217134187444074,0,0.019545656838654158
0.22145420375052494,0,-0.04732483341704814
0.8768071130890553,1,1.690519565016412
-1.086181034674805,1,0.12817378437289723
1.9853356642269677,1,4.480053458622804
1.8991726485871325,0,4.602022479461022
0.6013027453877475,1,-0.5037622924027012
-1.2018301962834195,0,-0.33157003750302405
0.7209129697251653,0,-1.4838123389617572
-1.7112063640832966,0,-3.3437624075837618
-1.8773899911767757,0,-4.521175111208109
-0.9692684459551453,0,0.326637735774606
-0.14950817304273478,1,0.6329188111978035
1.473090021633522,1,2.2847951656362633
0.9086762790652321,1,-0.031589357044649935
0.9708260847999242,0,0.1578098920467712
-0.2980266622076986,0,-0.7767006511929202
-0.6162600298121483,0,0.2664344995601022
-0.5158449480615892,1,-0.3597232766741938
1.9505982549442313,1,5.740645208834057
-1.83956323435007,1,-4.088114905415114
1.4681259844897943,0,0.775675067893486
0.31470163428957365,1,2.392784081509331
-0.24553832324163816,0,-0.4425403863174321
0.901030641660546,1,-0.2491250002394494
-0.0533242343011886,1,0.9189957495017309
1.4936929523266422,1,1.890910848857619
1.602807456045034,1,1.9229293030012093
-0.31311629250617834,0,-1.1112200552398033
-0.8926888110597937,1,3.112684733389532
0.3694013143734489,1,0.4736518585407456
1.6494533824667639,0,0.3182636297411585
-1.1573512439773337,0,0.7185958097726651
0.4918663342539311,0,0.6705701287971425
0.5262408803700822,0,-0.6936006285064649
0.9324520896611239,0,-0.5277509750149191
-1.4737292594909608,1,-0.2269072307897564
0.8632998587283542,0,0.07478460064721293
1.636130082662564,0,0.263918199670391
-1.2812675645190321,1,1.4355457121223494
-1.0498267003044894,1,-0.3125164151435396
1.8855803761665584,1,5.54758056214199
-1.276092189162041,0,0.23943350342689773
1.4175403734783165,1,1.1232079476940173
-0.03088857420786084,1,1.7331751289067885
-1.0110757023872918,0,-1.168240789554436
1.4829996050900456,0,-0.23592909608527313
-0.21877897998933804,1,0.2701659889471788
0.059269415718760765,1,1.0977416044639896
-0.5630665224009372,1,0.1480049464580545
0.3718034057397097,1,0.41865029638723666
-1.345904509659909,1,0.624540660584471
-0.43567385339295717,1,0.7651459814885243
1.87764928934115,0,2.4665907374617593
-0.9674662691954898,0,0.24926047197423
0.6269466581651688,0,0.3208900557969442
-0.6992397431012205,1,-1.992546619311809
1.0938925027464026,1,1.7828292398591552
-1.4765053571266007,1,-0.5176123841338083
1.8792841803141789,0,3.338663584712978
-0.184841834465443,1,1.5885428814526503
-1.0557981466141442,0,-1.2608478158962018
-1.7060130106799494,0,-2.146158919739246
-1.320968379649837,1,-2.01947618543733
0.07909579422407065,1,1.107337800764319
-0.6519872942748548,1,2.5144838932638867
1.3155334635304379,0,0.14349336415913316
-0.27644990535277625,0,-0.7703659118182765
-1.0051429096494804,0,-1.2177695496590117
0.4685799464161202,0,0.1814406112840583
0.8271088675417833,1,-0.0801199301470149
-1.3318323683962006,1,-0.05993973742924397
-1.3295231348467293,1,0.3717862820140686
-1.8533142922658281,0,-2.6485105347485822
0.9456080602625621,1,-0.6456460693991011
0.6552181104872203,0,1.135813761681135
-0.10147649700074446,1,1.636844938182746
1.3766817958767885,0,2.1347413638711394
1.2226806118002127,0,1.2867641419856997
0.3414174575870086,1,0.9400881274595536
1.4730851220530345,1,3.330671860316733
-1.176635159852927,0,1.1090052715791312
-1.5523215224090885,0,-2.823356686511624
-0.9210015539320415,1,1.3875084381281326
-1.7716525756427406,0,-2.86660688243237
0.12467811200412804,0,-0.12870401436795179
1.746422769179846,0,1.1267574736731125
-1.8426258373259614,0,-3.4128955011039483
-1.5115603439598928,1,-2.0240825847972705
-0.1912038868662589,1,0.23265046608490125
1.7355000701116197,1,2.21544243991948
-0.735375580092998,1,0.0522544230077962
0.028939234753569743,0,-0.40609823901825376
-1.8337085637984316,0,-2.986155774228568
-1.4066271961516446,0,-3.006326195940043
1.9465204918353876,0,2.2421084994055285
1.8604747857441821,0,3.5818067528508917
-1.9802400762623615,1,-3.980046080726198
1.8072471416929559,1,4.725892896040826
0.5564797512620014,0,0.3114321846039539
1.4716731780800885,1,2.9004531812707315
-0.1810405774645636,1,2.1077254554363534
0.06238411431700097,1,0.39041058074649027
-0.04461367897231927,1,0.1254688954887081
0.6674570301844174,1,1.7203782676801456
-1.4413949809747484,1,-0.2878215895508154
-1.8801056405092882,1,-2.810226405016899
-0.7682802336352363,1,1.8647175276918486
0.8187230509465868,0,0.06215376394032959
-1.1925861915082066,0,-0.8153112685550328
0.6937297332996692,1,0.8881551636045639
1.8796481844290818,0,2.3858772686922087
-1.6243971368423265,0,-2.065535405510176
0.6904084729005051,1,2.261306561044328
-0.2249991227817154,0,0.4392730694896796
1.4725690175100214,1,2.327666572453988
-1.2914008422104564,1,-0.5386122919882468
0.7705038089046581,1,1.2595818840856894
1.3524611585924409,0,1.986694594281035
1.778456877896093,0,3.421787344814423
0.7329921131585833,1,0.565045200476705
-0.011300943966290777,1,1.0247808724807967
0.4713889608048554,1,1.23231283474531
1.475619937914873,0,0.5993524290458958
0.28243898655531874,0,0.1794958716922203
-1.8784517612126526,1,-4.775438501353989
1.7237947820279111,0,3.043634614827627
0.7581070041262445,1,1.5781950446599984
0.706053543108986,0,0.9235340685421516
-1.1372993904091313,0,-1.130566745514558
0.6355418809306288,0,0.4373988021982548
-0.4245423773833661,0,1.3856948867125107
0.6049319081659683,1,2.2244548300283955
-1.5736278787680371,1,-1.2775637560064912
0.6313812184121441,0,0.2651672432660148
1.9976549030826662,1,5.79685705522068
-1.8071518445577759,0,-4.451698264694949
1.9086967368852692,1,3.853732971150356
-0.37236815710851756,0,1.309754535300721
1.4830138013490366,1,3.306018865341166
1.1295419362330938,1,1.7898352808148976
0.2680650439466712,1,-0.7962009800550969
0.953796837005306,1,1.0839378051813413
1.5140622452053916,1,1.8454910018653254
-0.3834387133958681,1,1.0028513170573088
-0.6918673537470452,1,-0.2749383677844405
0.6703735422543389,1,-0.1750902300401026
1.2313837677650343,1,-0.43128799015082775
1.049140539106463,0,1.7991970146166025
1.191254595434538,1,1.1454767480439112
-0.257666740748268,0,0.14859225934340006
1.2713368647000864,1,1.7251911329623661
-1.5191637785175662,0,-2.820441517825925
0.17795639184339818,1,-0.5562471074617394
-1.9769653580075137,0,-4.86869294720764
-0.7016566803989188,0,-0.8958889830154939
-0.5341538605144085,0,0.2904037646765944
-0.41530923356297844,1,-0.1315342971877821
0.7818688267594487,0,1.9854762123994902
-0.44576759491861706,0,0.9828620753990702
-0.2052255095098774,1,1.5040377559664744
-1.0498234765026901,1,0.001820474185417753
-0.5069928334826397,0,1.4491215774006068
-1.090921490947394,0,-0.867163754957263
-1.7072163049262254,0,-2.519177075298988
0.4137943735255116,1,0.9054006726693655
0.672851194220065,0,0.8541325737155664
0.477961384038458,0,0.691502521378106
-0.1460238247977106,0,-0.47668210834300084
-0.48085687928308074,0,-0.588586385875081
1.453334598287301,1,2.874756150052248
0.07632714054487222,0,0.7154589184548056
-0.08327248948107613,0,-0.3936398433472312
-1.8974317367742572,0,-5.0027997143725464
-0.6350086894953746,0,-0.33534528931282426
-0.47921752485657176,0,0.5684997816424774
-0.40470887641239806,1,2.472273359764389
0.32068947690932914,1,-0.4814678303418718
0.13441018690751383,1,0.2746428809970141
0.4316203711737785,1,0.35080104406066415
1.059533046168513,1,2.650526682085955
1.251942954864374,0,0.9461818819351517
0.8724923049059776,1,0.12476269286010278
1.8220947838197388,1,4.283399409970211
-1.9270696692945535,1,-3.2828190830888673
-1.2168880572658156,1,-1.4253812570045687
-1.9697485000874315,0,-4.713995925162435
0.589898856618412,1,2.5366786514589412
1.5921221957999476,1,3.102107152591423
-1.026070813694803,1,0.2676254439194422
1.7081381791852266,0,2.2420544268507037
-1.7589304388417566,0,-2.428772568360999
1.7377441072220572,0,2.904016311226875
-0.5935092510414623,1,0.8876360525321472
-1.594316686203134,0,-1.911408413090318
-0.05651296325469746,0,0.8687080951558817
-0.9728937291179682,1,0.2626715856072799
-0.8605083921523087,0,-1.296531179288839
-0.7708401402948537,1,-0.14143738520884774
1.2121035913306537,0,-1.088610355184477
0.15664510670101794,1,2.7287389705337026
-0.7547692033759854,1,1.3477674339022696
0.44133513324367346,1,-0.0870895947419692
0.8646026968927742,1,0.7413167597054993
-0.9095039970658649,0,-1.0130461999165976
-0.34580359389859394,0,1.521871592786549
-1.5124556266522098,0,-3.1497649413509317
-1.2754026018612787,1,-0.222841908183756
0.7244714158599312,1,0.7815947681521707
-1.2742466092174922,0,-0.20766129577139913
0.10065353466824067,1,0.5965006395010277
0.8361850468897307,0,-1.4658763129157903
-1.5724923076210247,1,-1.495293904277231
0.2692488785156142,1,-0.2624026247952167
-0.973748865194545,0,-0.38206838923482705
1.8517075009503192,0,4.608763512690787
-0.0658174131203011,0,-1.7395678025070216
1.2239701991006324,1,0.8165940077423065
0.20090616862504707,1,0.15136166304852527
-1.8263498685807233,0,-3.4275752563279913
0.5326055023760894,0,0.8156673983462138
1.805613368826628,0,2.769821720130273
0.40644728058532476,1,1.149375147515523
1.2767554377071608,1,1.1148493150934755
1.5368258533936312,0,2.0447878940177775
-1.08768091220427,1,0.834407306124083
-1.1518206403670934,1,-0.7963544659943492
0.4439239554039669,0,0.8250998289664013
-0.35588612077318116,0,0.029835402699674655
1.3594452114668814,1,3.0016496629828344
1.6000924935920446,1,2.5469352958490283
-0.5863144827891276,0,0.2804675520161706
-1.0525177641020718,0,-0.6235924761818719
1.1221020609754473,0,0.6102144038843481
-0.9007758578074556,1,0.5934869481164099
1.2904572740547136,0,1.6112937985120355
-0.3050469854049487,0,-1.2637577816599899
0.6701995971658818,1,2.284149547611724
-1.6178587446613273,1,-3.277008911362633
0.49543729870629205,0,-0.624007556535427
-0.19292928505108353,0,-0.09785964962070043
0.3464338527018964,1,1.1331448434822888
-1.3279431690205463,0,0.40530308461689124
0.9474949797767285,0,-1.4329862251570158
1.4511883101729142,1,1.7203690769334332
-1.1330407996368974,0,-2.8541218701959385
-1.617141777919353,1,-1.3829101890953637
-1.9054456558146544,1,-2.4873892397089077
0.567886001773064,0,1.682365801396809
0.42837614435512306,0,0.15993958319448445
0.18678965085628008,1,1.7472837098001328
-1.0722116155360983,1,0.667509607743902
-0.4363760163779413,1,0.2232035636862188
0.3779053407446922,1,-0.6819759536514841
-0.01293256456332248,0,0.2750012167981703
1.9511420808595492,1,2.921853442522043
-1.4542409897730675,0,-0.2425196065038815
0.7805782161903752,0,0.0757419693259076
-0.3827249275828315,0,1.1671469496990785
-0.28720154029754097,0,-0.4920593041319054
0.8703910626327049,1,1.2985464789645635
0.7697446052974786,0,0.4373882973842266
1.9650239748087532,0,3.748748304379673
-1.486422842183499,0,-2.074750117596941
-1.5835614024633347,1,-0.8930660918817517
0.8973552685149646,1,0.13513282122929582
0.3135476680256364,0,-1.1940225578217645
-0.9033573337607765,0,0.8742324971045967
-1.6823225240440536,0,-1.6534942483419857
-1.6573670016142779,1,-1.510390409117791
1.5767634986564731,1,4.325203788271773
-1.2325307011250284,1,-0.5039538896337001
-0.706513751537917,1,1.8463709240157091
-1.093374391092048,0,-0.47797272232257004
-0.5800147766722508,1,-0.42231420657517404
-1.7223046290156265,1,-0.0064245392616411046
0.07623916363308147,0,0.9909324132653559
-1.7295497456311404,0,-2.7078587075948306
1.2014260312894463,1,2.294255148986546
-1.065151672358268,1,-0.30793632912018165
0.16004765841804236,0,0.831198865687967
1.520316350245833,1,0.06592200632047884
0.6035094761887767,1,-0.20989511015974982
0.1318311462053412,0,0.9804053207670761
-0.7026649875384976,0,-0.4231217707898065
-0.6679923477672083,0,0.05850860074495623
0.6779478207927605,1,-0.4909887622666016
1.9765574448846701,0,5.708853883713308
0.6473567593975145,0,1.3261737928049198
0.2311336694800996,1,0.505488682422655
0.9226020409569844,1,0.6879610465960286
-0.1391775508651274,0,1.0282563996536782
-1.7594306295968591,0,-0.7407728829398406
0.24918726351163922,0,0.961496809199872
1.8305011380215208,1,5.938564248517361
-1.2987882305693614,1,-1.3177823560166257
0.760019563282663,0,-0.5998818804343846
-1.196265245363774,1,-1.344899129098137
0.14331073789232507,1,1.143232305294921
-1.6132942014131215,1,-1.22387152430153
-0.19851625496725944,1,0.5441372424134141
1.0246533155809843,0,1.34715777241813
-0.6097139030440717,0,1.118997715348231
0.6596468979488721,1,-0.6821450027548137
1.1817998431589167,1,0.928308861236488
1.7087112779178106,1,4.014600824655919
-1.0614316725781858,0,-1.0656628852904264
-0.40273633676276743,1,-0.1308672999487599
-1.3903359466783303,1,0.3747540684521784
1.9699340086335009,0,2.532802284303119
1.7080038716971813,0,2.1897805903915084
0.15982852112223833,1,1.0306854480705825
1.368133177505685,1,1.406607985856442
0.08383190908816873,0,0.7834502324966632
0.49434275201103883,1,0.19152546961930816
-1.6435022715359335,0,-0.8110122664464596
1.0210816819872317,0,0.40654756620126453
-1.4891460654590607,1,-0.2798622626431786
1.3042705210101135,1,2.5553853255168573
1.1281123506815436,1,0.7902990244285812
0.8349787909719057,1,-1.06241729178941
-1.8553584779009515,0,-2.8326455875569545
-0.7874865762186856,1,0.5281143107373331
-0.9475497203566285,0,0.1304470454827008
-0.5594543701139236,0,-0.3140790580812644
-1.6494290129446458,0,-2.674159237235223
1.7478312921242511,0,4.6782103502238
0.21520896284950508,0,-1.4673703709625232
-0.7779027573679058,0,0.49858328044338207
-0.4120739317028663,0,-0.6095879497559743
-0.21118983798065738,0,-0.3404882723151203
0.4023773334424692,1,0.41547112519880947
0.06271771078599109,0,-0.8033109237609
1.6775678928576694,0,2.9317585404111175
-0.012146068376678976,1,2.090642700013582
1.9686320592932507,1,4.98474242791209
1.405699830980383,1,2.1922078168364147
-1.1659579425706568,0,-1.7789758810472762
1.722380858575665,1,3.7716291952856538
-1.5345344084580956,0,0.3495920028004469
1.2697988339647663,0,0.6430102622446034
-0.47750682609367967,0,-0.4304224061607733
1.511897281780278,1,1.8668835139856408
1.4722267604298014,0,1.1060759143541057
1.2237016004704846,0,-1.8290862607243419
1.1601217452282455,0,1.1857291422154128
-0.7812834436078369,1,-0.3840013753043561
-1.6763228677949913,1,-3.2655456607080273
-0.3880792849393542,0,0.7239665062659233
-1.3059019400539653,1,-1.4955472300175527
0.7798043556098468,1,0.5984284458258153
-0.6156010938488579,1,2.049796847186517
1.9024408034396596,0,2.0335181388078913
0.5638883093813281,1,-0.7429484445533385
1.2899222545374438,0,1.3424566369215742
-1.4699013090326063,1,0.2615457345015155
1.4480579290904902,0,-0.05614582420949166
1.6910287620535773,0,2.825504291254111
-0.05175232472425639,0,0.5809302357554498
0.42501175100390975,1,-1.3207744873166678
1.0592392036119818,0,1.3927280117643945
-1.3006454909583498,1,0.4764687476440621
0.010264305853769695,0,-0.311785032553051
-0.4053478889107476,1,1.9190456325353615
-1.4145040313510036,1,0.4213704260252491
-0.5298623108338743,1,0.7287374259768034
-1.7273107624580257,1,-2.328249719077846
-1.896752372202052,1,-3.6847720301265583
-1.459334843380709,0,-1.591505706373515
1.8524604463566954,1,4.448219542920045
0.19811814358006785,0,-0.32028871334294934
1.8632886446128798,1,1.737023279237353
-0.2700084866794721,1,1.9588714665290001
-0.7527354676589617,0,-0.023030757358038445
0.024567451360976378,0,-0.3796170827154603
-0.2419532454683595,0,0.8500762508284129
-1.5773412629530243,1,0.26242175937404766
0.5633052587608249,1,-2.012539580934461
-1.1358472699616016,1,0.40155752843100667
0.47835181959131834,1,-0.6719208683191927
0.6008043695926135,1,1.3075454489485676
-1.3919005874854076,0,-1.2203980201843034
-1.7546014915573274,0,-2.0651547051432297
1.1230463442737593,1,0.908963991784782
-0.1607983049227193,1,-1.1753189199323408
-1.7673448179780968,1,-2.510525769990149
1.9794652686790686,0,4.284899943292094
-1.7688777560145335,0,-1.7519536971357792
0.7801409154342127,0,-0.9344266778129868
1.9347157010536544,0,4.648001630125105
-1.0432795831362975,0,-1.2156418818021548
-1.4310025252512153,1,-0.4027308705855923
-1.5144602423102844,0,-2.246669254338372
-0.7868994097296178,1,0.6385423680106009
-1.5958167559574132,0,-1.140100670577516
0.7686453667765276,1,-0.2999502021277266
-1.7508328074797492,0,-3.363420927012517
0.03768851259915884,0,0.18498935417565632
1.9867874154119072,0,6.322830717400043
1.2558810780240752,1,0.8272215169293625
0.46087775292404354,1,2.789081016723778
-0.7749855168535533,0,1.7716941643410764
0.4955833451665539,0,-0.0364528092116845
0.10816585564660652,1,0.40248023606908545
-0.2956664644385141,0,-0.7049885814617176
-1.477158493039202,0,-1.6797803882300926
1.546416860961867,1,1.1423351575384915
-0.20086140471470992,1,0.6197090754715061
-1.2215099527169397,0,0.5855809793720133
-0.5289625964908415,0,-0.685087307533706
-0.3434809898842919,1,0.4390138914567371
1.3101515822674972,0,-0.5767047336214564
0.9344575222456082,0,0.7820513168596379
1.0772195745653592,1,1.5894855657037859
-1.9558749422854111,1,-2.9773453999008597
-0.33538400728095397,0,-0.23568945467556401
-0.0746233934587055,1,0.4070343054157901
-1.9232308927077733,1,-2.354939390842283
-0.9607471650198631,0,-0.47221828660865295
1.04115929248854,1,1.5792868050439157
-1.4515611770840038,0,-1.3142585477473427
0.1412405258103666,0,1.1248360826790118
-1.13919251193105,1,0.637795099896683
-1.951516901424427,0,-3.523234415490121
-1.035194169601834,0,0.9637510356188346
1.9034950196402152,0,3.868728894966956
1.2061484475319584,0,2.182311497808277
1.8383065772841336,1,4.413102642836449
-0.048583824294550215,1,-1.1419764172690616
-1.561055205289986,1,0.10277223584910389
0.19183795589477182,0,0.138706232512087
-0.1824906617601565,0,-0.05499349970452311
1.3774283309584638,0,1.5880517991087164
-1.6076696768630216,0,-2.422576124155028
-0.04703545191288727,0,0.22697683133040258
-1.399805341224063,1,-1.2633038491114317
-0.7012962924397601,1,1.8018177183092243
0.9494283095511986,1,1.014325926073168
-0.09592748252493388,0,-0.38302520899793246
-0.4964468594169227,1,-0.2861028341777635
-0.42209488571985876,0,0.23117471300632256
-0.16221292637605345,0,0.18497294304349848
1.1400661753482275,1,1.8293256233898783
1.5683387557609376,1,1.6015589079851325
1.821338746015713,0,1.4197593886594193
1.1476135450211804,0,1.3813044898104025
-0.7383724170079491,0,1.2833638202826338
0.7525388243461686,1,-0.11326672983296315
-0.2495875037784323,0,1.5816673913101393
-0.9813175118157953,1,0.5114144983900974
1.3634863177036904,0,1.2603623514720659
-1.8462946041507,0,-3.5443766958015286
1.607047968541694,0,0.6906655720903672
-0.15409014150106337,1,1.6858991753534864
0.5488059072331217,0,-0.6929595055494101
0.6374156888231308,1,0.049683926363146336
1.5804709628261455,1,3.6658464030181515
0.5466787286688293,1,-1.1012938914107715
0.45573433904024707,1,-0.7762712151197222
-1.7333918377572402,1,-1.922249764196303
0.07363208778081631,1,0.993484033973877
-1.3993239967318334,1,-0.18527886192708531
0.9497350748859423,0,0.12653046423537007
0.04888768325069792,0,2.5304280895594147
0.7209111168334132,0,-0.04055917739340262
-1.833308397590463,0,-3.3116789546275207
-1.6608319358167871,0,-3.08757511597872
0.865293552250729,1,1.1478437055422905
-1.7116626560053065,0,-1.8924440196391488
-1.7149730889389656,0,-1.3184036576013118
-1.9515660990604502,1,-4.505661577925651
1.8260055931979204,0,2.7982266236283695
0.9500334378360278,0,0.8754363788729621
-0.5869943659917434,0,0.48592944502347324
-0.8138576748493791,0,-0.26298648281389164
-0.6011870810166018,0,0.43378167670153656
1.0986141247247274,1,0.5540239111916486
0.6454824442816576,1,2.3923747833859457
-1.2592177285301283,0,-0.005698152085816366
-1.3035626586636626,0,-2.452483899833815
-1.6064174011464107,0,-3.1478448399529464
0.6412108788053525,1,-0.21510437770280388
1.0574906488869438,0,1.2692587146104723
-0.9398142866999839,0,-1.6997736706365194
-1.9162201558763488,1,-3.1491084283384088
-1.6713133300942906,0,-1.8795255448798374
1.8714401393801219,0,3.210995419618536
-0.818220890090319,0,-0.015005964452189047
1.0768925913525345,1,0.2586321941804588
0.4986542754170551,1,1.3568510836910936
-0.4722414413884164,1,0.03413035832743838
-1.1772509512177796,0,-1.1404073770902412
-1.5144543273623743,1,-0.7990232239497137
0.4600518721554665,1,0.8517626876096602
1.098535122551152,1,1.3868248055530197
0.5756170141645227,0,-0.6552658055377487
0.12120853299663326,1,0.4013409568954584
-1.832195106273455,0,-3.0730999283095843
1.8739551103775351,0,1.9153061143155796
1.1948567666182983,1,1.0904051966848696
-0.828711853196141,0,0.10311542074521496
1.9198813174354026,1,2.9608511696110114
0.4075263585452884,0,1.1904221784582079
0.3296906328289859,1,1.9875312748331362
0.9922927177181284,1,-0.0566226249973969
1.2470791523605502,1,3.0273523802187903
0.6259144293260106,0,-0.020974693476930595
-1.4876170145352,0,-1.2275369267463936
-0.6469299760220064,1,0.06797290061432237
1.712334561304199,0,3.4334040493557385
-1.1015375526245923,1,0.4377994583052714
-0.5113319046499467,1,-0.18099975746520713
-0.271692468223216,0,-1.1752297338912094
-0.24238004122219126,0,-1.4674221167664452
0.45175832997810206,0,0.23404045879565125
1.7723033509788304,1,4.055926256217549
-1.0372291526699802,0,0.09301713507630238
-1.5139944947963277,0,-1.8531545381674506
-1.2101180405602507,0,-2.043036215731018
1.547699600837078,1,1.8715849359255867
0.583243250620824,0,1.2515503515294353
-0.8563728430433595,0,-0.7986495443976493
1.263787755874469,1,1.8526529357013095
1.4454799854537441,1,1.1344514107827173
1.3860573547611121,1,2.3679985476981584
1.6757061345582178,0,1.8949993519496813
-0.9910359193065537,0,0.560038662855114
1.0201677149851132,1,2.0044234852512637
-0.15784201090343997,0,-0.4976721924288696
1.3679942115602461,1,1.853373739783474
0.9139627086464528,1,0.5306130042945377
1.1057897859988985,0,-0.7433693272393438
0.624647350724286,1,-0.03557863091521618
-1.2902849221211725,1,-0.17583853772800007
0.1801076755877533,0,0.32818073439415957
1.9386789580980328,1,4.49178717087803
1.7495522659884757,0,2.3758981941036277
-1.8273050568119533,0,-2.1176591777921026
-1.3407407370822515,0,-1.1415062997693812
-1.4730849061817524,1,-0.19502793144001718
0.903919639941182,1,-0.7044919987348244
1.2711413194277803,1,-2.195445018245276
-1.1459545347573123,0,-0.4686524783691993
0.02341077180731599,1,-0.7247592384181
1.3628121120448,0,1.053094364330363
0.9312061790650024,1,0.8016483258035626
0.16894882196739314,0,1.589811815035751
0.36139076183509156,0,0.4235959628673471
0.03344218766511986,0,0.16587772733418576
-0.8098061947247177,1,1.2714613424629935
0.26008797143606444,0,0.3772945101611958
0.7555412082003627,1,0.45797052961384926
1.4932916634432307,0,2.7364363974354804
0.5451654159169923,0,-1.0287370940231113
1.044486148172632,0,0.8929889552915506
-1.359713460181708,1,-2.1045029855470165
-0.15377010232084043,1,0.902125891693079
-1.9626735206916268,0,-3.5872052776911727
-1.013284541913508,0,1.156262258241929
0.9058468604520193,0,-1.1933237072536955
1.9672398053974538,1,3.9057537679645344
-1.6032876016511364,0,-1.2379679215120323
-0.394022736554847,1,1.0047304697940416
1.200283874796638,1,1.7449183659624994
-1.1838574614844046,0,-1.7857347633305112
0.22033979720914498,0,-0.5854696406919211
0.9322851841186992,1,2.3501914825890493
0.46394180104071614,1,0.6984206855987012
-1.2479010615383355,0,-0.5962916726050175
-0.5784617252570423,0,-0.21197017219277192
1.1351671379415889,0,-0.45169481327573247
0.2169060565280665,0,0.9389129498910171
-1.979081545828349,0,-3.3725650588457627
1.0439630401123754,0,2.874523005638255
-1.8587545802390437,1,-3.526550724863535
0.9829351309249286,0,1.2974099474945129
-1.1900777593390504,0,-2.154288649330309
1.8322939204775208,0,3.233127683524545
-0.5282369947916621,1,1.6028084630386181
-0.6922735346476836,1,-1.5380186166144219
-1.4044477986702213,0,-1.5900505904445883
-0.7775831380391405,0,-0.7982869329878598
1.5066030473128023,1,1.7079262308588734
1.9853373505089893,0,4.297880158997951
-0.5267618779726067,0,1.0476032701951554
-0.20555747618182973,0,-0.13762151528534913
0.8882837528109482,0,0.5559356981831336
1.544783121860298,0,1.9575091342482396
0.3721773367471366,1,0.7275797587599898
-0.43389720728868264,1,-0.4301868541543522
-0.349512636605505,0,1.0870965301048952
0.7824725859872275,1,1.2347350106963944
-1.9871269455828853,0,-3.5283762634522944
0.47835734983936273,0,-0.7517793883616034
-0.5780279582345704,1,0.14421531473478938
1.176789325108337,1,1.3386942160888504
-1.6280374407074714,0,-3.691686121250136
0.352809067793562,0,-1.6660765052051472
-0.07610844045550502,1,0.0990316404921241
0.5693021036209096,1,1.3147775629078313
-1.7405856220681266,1,-2.5898098291984213
0.3199351497125251,0,-1.0024311565763373
0.24593835183809487,0,-0.8072477798856531
0.24264037766468372,0,-0.44819977553734675
0.41395066638581923,0,-0.3183926726849748
0.7058717489054489,1,3.041373490180452
1.219955998723079,0,1.9624463947795077
-0.9207171194871426,0,0.6345189475171634
1.3001976407202482,1,2.9675814596736867
-0.006977270946185499,0,-0.9988210391688825
-1.6917668834626753,0,-3.643346625490484
-1.7657962830240832,1,-3.1597789341535223
-0.6630467252157568,1,1.8887581992320013
1.1395879084458702,1,0.8927771701981554
0.830723738963663,0,-0.9647141542630202
1.1544598586896258,1,1.0383228996454754
0.06907622576643746,1,0.46155926775327805
-0.23920400817803777,0,0.26156981954307806
-1.4101898931748642,0,-1.151225845488471
-0.6872289855627538,1,-0.2904640805437494
-0.26392253530449894,0,0.6764646166067613
-1.645598281281531,1,-2.1673284257326793
-1.117552189155155,0,-0.8541445946729391
0.39290117625495524,0,0.71710040991711
0.9426524569567594,0,-0.22300390806878556
1.9933900455717986,1,4.091119779942879
1.7324533253742307,0,3.1915560121449698
0.5702607981407661,1,-0.06500951846884995
-0.315007786823712,1,0.299578879895905
0.5447094588329309,1,1.3365521125539903
1.142606472320928,1,3.499957124655696
-1.5266552363064507,1,-0.4736650157165908
-0.360380441214847,0,0.449237727033134
1.3592091425424688,1,2.486336704424489
-0.46466819226782397,1,-0.42335504565066817
0.28748908490874614,0,0.12747722136801895
0.3510774434487929,0,-0.00813039801299011
-1.2620949874654426,1,0.01639923746714217
-0.5510582333908465,0,0.032839454599463386
-0.6619548450322714,1,0.9346705947329763
-1.8952131658717408,0,-3.7151117375282126
-1.903232944434579,0,-3.3884272816364005
1.3267881747030938,1,0.6399884007895202
-0.9077167601087504,0,-0.6938637616172302
0.07231506495526174,0,1.3910226328580932
-0.8050977056449078,1,0.7578832920497078
1.762716980461362,0,2.7176106390956116
-0.962812964536905,1,2.1498552285612997
-0.2813727490442597,1,-0.6719732063468898
1.4909210019384074,1,1.2475879153762004
1.3677342671672346,0,2.9920196239654544
-1.2555943286148907,0,-0.9437720401449258
1.2105732391828417,1,1.3444569794505246
-0.1672524530484294,1,-0.5015436335632911
-0.06812451165857913,1,1.1475381851998612
-1.4660801103362249,1,-0.33112974699988196
-1.6775939449715014,0,-3.4551386678358136
0.9117572278950608,0,0.23869687270752896
-0.014155390578800997,0,-0.33551725022684314
-0.2525971895392818,0,0.24791862161736705
0.9180329146095869,0,-0.7323983178316491
1.062051595964439,1,2.5509199110523957
-1.3643673293225858,0,-0.35405988859868875
0.44090059791056513,0,-0.3203214894238074
-1.4585836708892579,0,-1.767962532633163
1.0055003441161827,1,1.071873829777868
0.6278206250685581,1,0.04542193939536299
1.8264584843338318,1,3.3030582155385555
-1.7241679345743153,1,-2.1330348492744293
-1.7717811153949827,0,-1.1681266393972576
-0.8712517012271994,1,1.31594364374505
-0.9531772650563761,0,0.5016515833354231
-1.0120848037120007,0,-0.14842153873210395
1.6250183220841468,1,1.7282533770172093
-1.0018152006019756,1,0.15578114909931864
-0.912201095485476,0,0.590962250343015
1.0375930496718548,0,-0.6997286348324798
-0.20104063019784002,1,1.3324904436245761
1.1068422278207248,0,3.0006052754550883
-1.738535369742459,0,-1.565549479407827
-0.049715225306462774,0,1.4139676973963884
-1.8655455992668695,0,-3.027953470409828
-1.749387186178582,1,-1.0089414234223495
1.6257498133776438,0,1.430625932693752
-1.4430185155296193,0,-0.7065366728153726
0.12968272910086842,1,1.3554786108563626
-0.3556175895971738,1,0.9674247857219027
-0.6106266949646293,0,1.2021667704378047
1.5993333827490899,0,1.5066564182695434
-1.912706412898042,0,-3.685823908907244
0.6551587447023564,1,0.9360699117880716
1.8535777368542017,1,2.854604278941502
0.24067273384736776,1,0.9339022310823888
1.7472898481323673,1,1.648326597374544
-1.790968482855905,1,-1.1253721583239256
-0.3248267237033544,1,0.7295007428947877
-0.9593688361517954,0,-0.9623889565239243
0.9232838599229192,0,-0.4408455244751733
1.9251883619889867,1,4.033132133676502
-0.9738797502230088,0,0.22642559476336538
0.6166984058962979,0,0.6650093990697855
-1.2076094689610395,1,-0.8860788477758837
0.2613210182864396,0,-0.8371170396359097
-0.1442700532466552,1,1.3553972988210048
1.8880213185261483,1,3.3426961189087674
0.43410909078586624,0,0.10081385568366714
-0.6019745116527249,1,0.7146848935561549
-1.5436168604482665,0,-1.5269667299688796
-1.3950126850602618,0,-0.4991190358214288
-1.0987322801950596,1,-1.2261646761399527
-0.996133354638808,1,-1.70538175473322
1.4024642313645512,1,1.5118103185814307
0.24489115313009968,0,1.8088716743855007
0.09356364549746576,1,2.7225836354504
-1.5409245125231301,0,0.0017542999099366963
1.4405587733977399,1,2.001749315514726
0.8912572128339349,0,-1.4281347134828373
-1.7293265523999937,1,-4.228875436430721
0.8313403889190747,0,-0.3267573326359298
0.17415286937058427,0,-0.19543266963865763
-1.673098617012887,0,-1.0410927648760935
-0.16679743388537416,1,1.5654851918173835
-0.061214851479812094,1,0.927290385069381
-1.336901839346897,1,-1.3845714633539317
1.7827925880011293,0,1.8723893285008186
1.3999014859226477,0,1.625838076064091
0.6760893493164333,0,0.8515701206749894
-0.1508177559975712,1,1.0901660122441434
-0.35293783366196596,0,-1.0565798304250447
0.6038938686038167,1,1.4607839933494122
0.18172747762762187,1,1.1289117308199823
-1.7509075764724575,1,-3.0545252481838285
0.05001059508132677,1,-0.08425843056028104
1.225614468931358,1,2.3090126121264225
-0.16304048961216777,1,0.4633254773004819
-1.7921736897829263,0,-1.2889819690787436
1.1451127975361324,1,1.9519129310022465
-1.1945448714561024,0,-1.3389015945358018
-0.9655166604478449,0,-0.46024374004098895
-1.3411745862708164,0,-1.142835011936704
-0.6791397405140098,0,-0.8850103917912222
1.0270060227545401,0,-0.370975328060937
0.07754343801574937,0,0.7016230275657611
-1.1804749033971498,1,0.7227650145594265
1.5113203126081634,0,2.329776586276063
1.5183274198061167,1,3.9654319764202093
1.4823137001840276,0,1.0867365476288615
-1.0448151544738429,1,1.8039904339197066
-0.1950426232760476,1,-0.20463098771069665
1.9399586245635003,1,3.3377728607239634
1.0880499052399615,1,-0.41591352954207883
-1.8913303150977607,0,-3.8285628600530037
-1.7391816349580318,1,-2.4340195615265237
-0.14427449275066895,0,0.5244357341469983
1.6368808234462406,0,2.4368028545437594
0.1548071918108569,1,-0.4911183732046499
-0.008749967862839103,0,-0.3927265733830643
-1.5781052001734777,1,-1.6365312591871986
0.6271204188971762,1,-0.9526652815821591
1.288412642400902,0,0.08844036394333121
-0.4783199699697507,0,-0.8255310420653419
1.10244740370131,0,2.1035769480135817
1.8579066156032464,1,4.098027528882433
-1.1849341634892436,1,0.5303041076546395
0.09331852477896518,0,-1.4982291720984378
-0.8514481676616978,0,0.8855798558753758
1.1714176761353574,1,2.804823076950127
0.31037346352463,1,-1.2833955674956292
0.538329670201215,0,-0.6273130685986225
1.1916566384635763,0,1.3418689227262306
-0.41611810935018045,1,1.3083621375351142
1.6603602736281728,0,1.610142747745596
0.13211546898455984,0,-0.30434645851555153
-1.368180708658608,1,-1.1779424178385145
0.7835964726752098,1,1.050991344669385
1.1730454017530176,0,2.0042545979717925
-0.7329532917298933,0,-0.9679209342802856
1.4287170279950119,0,2.458992203239837
1.6245730190630656,0,1.3621449396965581
-0.8923820504887643,1,-0.5029495275528317
1.9340858908608882,0,4.436000785340206
-1.4371538878049663,1,0.13777944014031485
-1.1919373263900401,1,0.7047085617537596
-1.2631006430478955,0,-2.323387464913188
1.5759588400314817,0,1.4911111657199185
0.6171702092998474,1,1.6405283705308622
-1.3915828671109085,1,-0.6058602716378828
-0.23870632652660406,1,-0.3804936742196027
0.4611921002792081,0,0.5073652931622332
-1.6661436600424668,1,-2.3274435633070776
1.529665473629355,1,4.284138966030542
1.2144141417661407,1,3.1403514874972367
0.02082709430655294,0,0.6041019434176025
1.8685064610366817,1,5.322780325500215
-0.3289560828996012,1,0.7469928351179006
1.9364412761459913,0,4.396075905934853
0.6716799952145083,0,1.6292358589464002
0.5386850930157658,0,0.32365694081679
-1.33618041881686,0,-1.44798080798613
1.527711033218576,0,0.07814119667024633
-0.2900412483175394,1,0.604666770063094
-1.3510663768700826,0,-0.4096818265608462
-1.9495699200969638,0,-2.759351545179167
0.2390227345535303,1,1.211192973334358
0.1095984884907053,0,-0.5406408558286014
0.8774144894766343,0,-1.6390800825920664
1.5610322120712086,1,2.1067633826704144
-1.682373661427882,1,-1.9852242091187624
0.9259859613614494,1,0.7840643643902885
-1.2503522236096711,1,0.3411681002556505
1.4327082126286559,0,3.456102689274478
1.2762540554466244,1,1.8629260838581279
0.16317501994217753,0,-0.21455943300699634
0.8409711944932461,1,0.7381592881612002
-0.7425995472650064,0,-0.08037001098621312
-0.11532840426874147,1,-0.12906073118980455
1.2865475908418866,1,1.8849483705657806
-0.1629392113071444,1,1.1486493845705905
-0.5688069386982328,0,0.1176697858460476
-0.023150210998800436,0,0.4575357305322237
1.3129970097488735,1,2.265525525215779
-0.6591678105165091,1,-1.2151016149637117
-1.3049536274570248,0,-0.4742351979139795
0.848056081323123,1,0.3339457467938951
1.3039128508323272,1,0.7126097990928408
-1.5974500859058667,0,-3.1426757543922044
-1.040503548976221,1,0.5702922569936164
-1.4321120409560244,1,-0.9911663689998877
-0.6082343536713335,0,-1.7944766382537245
-0.1985960843783494,0,0.47412146021940477
0.9953053478532259,1,-0.24661710111531998
0.6045903395266965,1,0.9503191543199203
0.4837142699137247,0,0.2950885359526159
-0.5905002135613824,1,1.4826261736823467
1.3657902123390397,1,3.75554564282345
-0.11485133040734175,1,-0.665433817978561
1.916419752060618,0,3.466709698330107
0.5365685531829474,1,0.5009053075257361
-1.494941033741989,0,-1.2367338227449354
0.704710248301736,0,0.39065415144823035
-0.6995839382732041,0,-0.523740619094142
0.7453087867443897,0,-0.2338981929991361
-1.721435407350377,1,-2.9670499361380283
-1.3004742512961625,0,-0.11184108326546438
1.4229490356231453,1,2.599786371776555
-1.0912817719059404,0,0.267966700734406
1.3481645009717602,0,0.914780387303868
-0.8828956461823583,1,-0.30094613133171055
0.5715276402348306,1,-0.2849720740778604
0.776602294039324,0,0.5931063246234788
0.05061901258021173,1,-0.3397283743742202
-0.7787572932130749,0,1.6125193572852814
-1.1494224945156155,0,-2.0669350298016984
-1.8672425817502951,1,-2.281499073900501
-0.7842143950371048,1,2.025711832359856
0.612651162125132,0,0.7140664459454724
1.7532192737939307,1,3.5701769729393513
1.484817929052208,1,1.3682937282675667
1.0642591061412103,0,-0.7790540098709029
1.1537893730131947,1,2.238029574713986
0.659939613903981,1,2.3498557881097133
-0.958852569735988,1,-0.17963367802439362
1.6287801228233194,0,1.0214539923752128
0.6829292476233362,1,-1.5989129397288087
0.2417625239217598,0,-0.9736994405214587
-1.5560421231460757,1,-1.2974536334385283
-0.2117778247742983,1,2.2943741393101713
-0.15856691519229482,0,0.6711402312654746
1.45825443809068,1,2.555578815298712
0.18659288075115388,1,0.3031286318273867
-0.4783978041183614,1,0.062090155434398664
1.9072013140426374,0,4.8742906977082745
-1.5571176266947373,0,-1.6869670726521293
-0.30980628675222155,1,-1.4174682856017626
-1.8319012993143788,0,-3.747343966252451
0.9596164830677214,1,0.2836220061957282
1.6723062087966025,0,1.7921284986152313
-0.8798506817980423,0,0.2223480788795223
1.4333667071964835,0,1.3650098195739304
-0.8311270781524089,0,-0.3639251554582466
1.6430806465756609,1,4.231397082831319
1.0158476143871358,0,-0.1723109578438714
1.2196271073657545,0,2.7712912602257256
-1.927973777598182,0,-4.254526759120939
1.8512414282961038,1,3.961388156759499
0.906683968281293,0,0.09147788719676919
-0.7809956184554667,1,0.5852333718353985
1.3175786594353878,1,2.2882591807978887
-0.8739152063402802,1,0.800118576425556
1.4910153582645118,1,1.6042407694060032
-1.549678438352252,1,-2.2836935900522755
0.814743909843183,1,3.4735884063448967
0.16279390657964132,0,-0.48182716926404345
-1.6138621192182367,0,-1.4024806110251449
-1.032424686964644,0,-2.157872426472004
-1.9503838548907408,1,-3.2892400632489074
-0.12492813814197667,1,0.5718257368117663
-0.7949389569599985,1,0.9216429990754252
0.39342993719103525,0,-2.6920051984316653
-0.8110487691655313,1,0.5993866299284271
-0.8003235539720612,0,-1.406052192822615
0.9727727949264136,0,0.7846067925834136
-1.8074286560865862,0,-3.9885816697082923
1.611579980767949,0,1.2373070369286365
1.4090554975647258,1,1.8251681280075487
0.6712187329056261,0,-0.9011258421596492
0.3728862804295372,0,-0.4496106135357358
1.569209992558609,1,1.4386512669799196
-1.2586792818851422,1,-2.130216589148224
-1.6841233512366856,1,-0.6703584475229947
-1.0419593203618476,0,-1.8616654866804403
1.178313114800761,1,1.3393169182443667
-1.8613189330940667,1,-1.7713862444925361
0.3312273403339585,0,-0.596774369897754
1.9817500647652397,1,3.766330630091163
1.4227843753501577,0,1.666320234493959
0.08578275617435782,0,1.1182494467071635
-1.7454363628534306,1,-3.128093179729488
1.3254940575428393,1,1.7142552853378805
0.3959140327088422,0,-1.7014652441478575
-1.5402680117617327,1,-1.5202865946610067
-1.6245708607065752,1,-1.4096037828936592
1.6385072777463696,1,2.0448305993423586
0.6768010517523138,0,-0.3019842027623878
1.3171471972670221,1,0.4343172490580929
1.5159156011290693,0,1.8188657202620158
0.2870894081932889,1,1.767525250520058
0.06978540702016511,0,-1.096973942198541
-0.27829035871603924,0,-0.633447937845651
-0.7322136488355229,1,1.006262895069722
-0.2616161565651529,0,1.2031378202711631
1.0955186229206255,0,-0.8357904200852921
0.4076937240605263,0,-0.13490249989866718
1.5700931598193844,1,2.918421787216591
-0.2264799424832491,0,-0.10786482708441861
0.4283583148750161,1,-1.737492152099897
0.5252302123679549,0,0.5735367919764645
0.3667886492253021,0,1.5440091072395508
0.8105350923420653,0,0.3829092102579865
-1.0502661265007749,0,-1.610358771551064
0.04945511018316262,0,-0.5130667675141181
-1.5831007887666093,0,-0.21387694815833624
-0.4619546894207498,1,1.5606714823447585
-0.04933172551494236,1,1.3399665910685616
0.6088970381818899,0,0.46928857784487427
1.802124210344814,0,2.2651987380052194
0.4026042661934235,1,0.5320579213834269
0.9743756647062392,0,0.3846172586663983
0.025064237980811033,0,0.5495821889424283
0.5364161255053252,1,2.2860936883136893
-1.7162711354649063,1,-0.7093745014533315
-0.982433676632612,1,-1.1934950240495192
-0.5525876271794452,0,0.13962780035834343
-0.11002657997394572,0,0.7360973626247888
-1.817405017990465,1,-1.6825486171389232
-1.4399036097867293,0,-2.1219259713363323
-0.8927427688347769,1,3.258355841748221
1.8861307636042026,1,2.7778604024690514
-0.674611971587797,0,-1.2366968434169974
-0.07183576755166987,1,0.9334097314223013
-1.2156091490464283,1,1.918646829512725
0.44312028430307304,1,-0.09269027907781568
-0.8772671379361028,0,-0.6033997213346107
-1.172029686246293,0,0.27231228263700946
0.06629051378391626,0,-0.017716500302982358
-1.9779768033583167,0,-4.203914397392626
-1.9693438694030987,1,-2.5532353042710234
-1.123724763592569,0,-0.4369778588758344
-1.8531145499967154,0,-2.1513899691852383
-1.5678969834772345,0,-0.6357124335515625
-0.6445574026449936,1,0.8731110053697222
1.2103427183192514,0,1.1782660994176213
0.28819457347720334,0,0.22607914269857446
0.050670903825665636,0,0.4891956064480205
-0.8260447071675134,1,0.4733448934538581
1.7270148777312655,0,2.5748718696485415
-0.4119398350512333,1,1.861675173548897
-1.651628932816914,1,-0.03660504341690474
0.4682660644712051,0,-1.456213867172099
-1.5446464260935944,1,-1.1326899658275438
-0.6191074287932317,0,-0.8073445174473878
0.0296477548712355,1,0.3890415635445995
1.4968900987407032,1,2.7795420387896574
-0.025813678639525328,0,0.6694297711216518
0.809035064126657,0,0.15264554558768434
1.9712673559962814,0,1.9167286354190172
-1.4740435204080735,1,-1.8664496303831095
-0.9010738979219219,0,0.5306933267091827
-0.4216956976094144,1,-2.0779209175562197
-0.31268728584467453,0,1.1721409117244426
-0.35591569893781694,1,1.1986870048190048
1.6304440102262197,0,3.483319599748577
0.8561305778674257,1,0.8151853616694957
0.431620856362815,0,-2.0212006828534412
-0.7625091285488717,1,0.9086935475056372
1.2951615368851788,0,2.3609332143206654
1.8202420459399558,0,3.940208594918203
1.2847931302009061,0,0.39770827861910674
-1.9937395792341084,1,-3.175793855864579
0.5456054807336281,0,-0.45162689209542206
-1.795458474231597,1,-3.013250290851437
-0.9695711186651126,0,0.4996571052597532
-1.7619011986089133,1,-3.232263586345849
0.415181811797551,1,-0.15803275369629066
0.7463596539704271,1,-0.19614479092187054
-1.5420494477363795,0,-3.323679935525741
-0.46464446782008206,0,0.09625720361729392
-0.17505396417783192,0,1.1588208812380434
-0.5237879129563336,0,-0.2567283525773416
-1.5158999980592278,1,-2.5474811262139623
-0.32420883925009836,1,1.5229055218774734
1.0047121912336725,1,2.8928034003213194
-1.7159693418669781,0,-3.1726217580829097
-1.6792799436723862,1,-2.1463231426348743
-0.5809148326560631,0,0.4176422770229784
1.7669028464757002,1,5.079961092231803
0.6742905868916562,0,-0.36654503836717667
0.7146798266902592,0,-1.149932254472032
-0.5523200366485401,0,0.5471739427789597
0.3746431648341537,1,1.5253600623256616
-1.9594752638890265,1,-3.055613619649736
0.5443841856381688,0,-0.477468005647111
1.653147790304947,0,3.25332055898986
0.45029387337927673,0,0.5736878268936644
1.4947943738653802,1,1.6015563960824923
0.8958922218643752,0,0.4086265258995249
-1.517766334385239,1,-2.3998819104154987
1.6098132291433669,1,3.4718048475717413
-1.7342246225769005,1,-2.17010423054401
0.1358698901910551,0,-0.43445671069895103
-1.4314515048261693,1,-0.7994347792381765
-1.9531735570763837,1,-2.9852604518590717
-0.311862959489444,0,0.8797643988849492
-0.819837169383375,1,1.015570729675322
-0.05599802480958793,1,0.5435029224981653
0.3087995469382032,0,0.7783912736508707
-1.8250437107642106,0,-2.638676440284854
-1.5079868195050175,0,-2.14119893274529
0.2345695858017014,1,0.5817351900903687
-0.6273305873093671,0,-0.2716638783340366
0.916693950197792,1,1.5904230476299202
0.6091665943677587,1,0.44600335516222256
1.3824174519596273,1,1.6305446111432544
0.7699713066769012,0,2.1969982919779683
-0.2802756904394075,1,1.6287270286187612
0.6918664895777296,0,-0.5950096019262201
-0.8984753029783259,0,0.20829036424940406
-0.7747460048871493,1,0.5858366368883903
1.1559406396831733,0,1.163834401377473
-0.2143219343936713,1,0.8324190043181798
1.19352136207341,0,2.039724202549569
1.2896894946731137,0,1.4181899633250048
1.430249350645135,0,1.4007797808617908
1.6665409433648293,1,4.0564815842217214
-0.27605911794681504,1,0.9227659965877921
-0.7245327267154447,1,0.6313076952109118
0.32879498637645543,0,0.3317949814044607
-0.5153103062494897,0,-0.1620279867278382
0.4042966672009318,1,0.7422693095942503
0.8223434505752985,0,-0.30864022321125534
0.7536200739685475,0,-0.5371605154400189
-0.5017884519195146,1,-0.36174345773269456
-1.3325591932049887,0,-2.575105296660584
-0.27788264615116987,1,-0.19044623876436206
-1.429623423672365,1,-0.9352157472235255
1.5603881407352334,0,2.0027428039433293
-0.6164901570485704,0,-0.38844822275068847
-1.3821610111067049,0,-3.6759223063365356
-1.8982089603769965,1,-1.1452243021017783
0.583289545145937,1,1.8857054595326044
0.547609269818973,0,0.5278672659276787
-0.6375833336748333,0,1.7778978727353678
-1.713152444609396,1,-2.791322218803058
-0.3614844204190719,1,2.564007357768925
-0.7551300197464257,0,-1.1805097051556463
0.7084825589400374,0,0.4165484627849647
0.4231169978107614,0,-1.2359624314961355
-0.54162508720984,1,0.6352491411170933
-1.1284297829800396,1,0.3677213359426937
1.9521438646223674,0,3.5649886853869344
-0.18399351521554053,1,1.4107630214018252
0.7530969431209482,0,0.3125758000358171
-1.437788129686557,0,-2.0085374890637437
-0.0576412013624088,0,-0.566909074481391
-1.889853120522138,1,-1.8639337862695151
0.021820471641799788,0,-0.6537368350838445
1.8560696284708094,1,4.8124777695323155
-0.4631731480567991,0,1.1730296721443703
-1.8440159497003537,0,-4.803905006560235
-1.8761768363226259,0,-2.16918191896323
-0.44805296021252206,1,2.7154490565700686
-1.3599002541472238,0,-1.0054475242000729
-1.9065916146872564,1,-2.166233382182398
1.0248544558007073,0,1.575221300875082
-0.16590796447243727,0,-0.27776566109130024
-0.8430209121093819,0,-0.11728062226955155
1.6003327320659229,0,0.7350784272339594
-1.5354441591978976,0,-1.6713379217536573
1.8236753158212768,0,3.5306940713507564
-0.7441331304905887,1,1.0101370723667518
1.553614689234725,1,3.640419061941409
0.41177150591784617,0,-0.7398930601252164
1.3068294389659498,0,0.5832969807832755
1.9360526528418571,0,5.52396030390118
-0.8463782487250171,0,-0.45348250134597223
1.8445419416303719,0,3.337908567221612
-0.4420724203903186,1,0.589793288291643
-0.45795238105231073,0,-0.8697018007513704
-0.6384515829819772,0,1.4934062584724668
0.16563042939034078,0,-0.5254295057683973
-1.3834198272860516,0,-2.4511148314327187
0.21484594143204472,1,0.2542182358136932
0.16681924964001604,0,-1.999384823464662
1.04760725041948,0,-0.07642296418188799
1.3345998477503422,1,0.9204371682448678
-0.23823459875030384,0,0.6106680423553935
-0.790667002594025,1,-0.22055868138420687
-0.9626604107316221,1,1.1417479823577703
-1.2215046531805123,0,0.4871965595896721
-1.7694096712039005,1,-1.2886679272174622
-0.6302080846611466,0,-0.3405357129853639
-0.919009231476867,1,0.45302702227011515
1.8656695434656294,0,1.7219543608240684
0.23083530500017568,0,-0.12762935005968226
-0.6108918438779698,1,-0.27442747885973673
0.32187040397478395,1,1.4109993577088404
-1.443213194617218,1,1.769743750941133
-0.22382500319118837,1,1.1942150846466826
0.5049372856842553,0,-1.9267703240530367
-0.04440867283019445,0,-0.3612739827572886
-0.392884797382703,0,0.09216837844514392
1.9753935555987927,0,3.9415277408518556
1.521259048595708,0,1.029457848466132
0.49362383263776044,1,1.0054310418956
0.2775094447291311,0,-1.2318151287399974
0.4826419192983362,0,-0.8886946407445535
-1.194751568710267,0,-0.2069152573795452
-0.41944902694272557,1,-0.35256163457516654
-1.8421618684364027,1,-1.8875321315704823
-0.09781585005269333,1,-0.6699317227737417
0.1720983358306527,0,1.767374474037876
-1.0890010555871616,1,-0.7200057846703484
1.856115388662055,0,2.9736446984822713
1.637818443748968,1,3.2272956929617083
0.8885729418236235,1,0.48544170559442223
0.13354651506145032,0,0.14459684019670677
1.4798766385907398,0,2.1958474420569645
-1.4773906247061483,1,0.048275489228851276
1.16203917709954,0,1.5760685506136092
-1.5007167441326068,1,-1.1617306313091669
1.1768426501976217,0,0.6683074142998258
-0.8969297269945722,0,1.988326228319666
1.5083623240727557,0,2.665769543420851
1.7761683753015913,0,1.8798813352101265
-1.4048161223795375,0,-1.2862200014583782
-0.14929757973842595,0,-0.3368070429347797
1.9239495126507404,1,4.125493946146471
-0.06637025610741354,0,-1.229641338558742
1.4541900900581806,1,1.8256419850763983
0.3549260885252794,1,2.533911241562306
-0.49868036832159257,1,1.2170698578331023
-0.8568657778965192,0,-2.8057249588747513
-1.187107635655651,0,0.3802728874162973
1.0471927655107889,0,1.6638119597019578
-0.4538379727078885,1,0.29397644044353516
0.04510184880300461,1,1.417309416349672
-0.030698079995272298,0,-0.8594136753244926
0.30911611693252494,0,-0.4554872650748866
1.462308582498209,1,3.7620075002228845
1.9229573743337176,0,3.283592258840003
-0.36966316570473223,1,-1.1949890559821748
1.3100756884252123,1,1.7609371218356098
1.0581111786188706,1,1.2137418567180382
0.294115805822293,0,1.2110896819765655
1.8241885744477324,0,3.0494797054648832
-1.1981019378863889,1,-0.5814889786074926
-1.5629431587615144,1,-0.16391584376829615
1.4158478678216886,0,1.5399123793522553
-0.2434007334650068,0,-0.7572326879975306
1.387875416828242,1,3.191659106412226
1.5723608207816597,1,2.8373501773459235
-1.7501696255237142,1,-1.9775408261012128
1.5338590519442428,1,2.682281579978095
-0.20672377852231127,0,-1.0750855128755368
0.04172995601692886,0,-0.5276174421303664
0.5063700443728409,1,0.7685019308117098
1.705530426920347,1,2.9858887835866974
-1.9235356222809439,0,-2.2861022180466066
-0.0926261267287316,0,0.21700850519853787
0.7508881697222427,1,1.7665917036409966
0.8908278307929138,0,0.36286435689670976
0.7701297261484319,0,1.2846703751346715
-1.4622594823675126,1,-0.46577589863700036
-0.8024176465132751,1,0.4550925236525347
-0.5651378983319462,1,0.5964698015311243
1.21774883071802,0,-0.05153131852756909
-0.8849605103417879,1,0.8603850494975238
-1.1571801445311873,1,-0.1149749628046326
1.8297920761523847,1,3.261207184227118
-1.9645468595461244,1,-1.9845678809965404
1.9912834227279128,0,2.6977121154935073
0.7072851954295825,0,-0.2455853556881263
1.3138771977964683,0,2.1617743058119254
-0.8215224146152273,0,0.03830058094714894
-1.94273888933176,1,-3.0140348931671705
0.9514780742461202,1,1.3816951009778635
1.3365783880027031,1,2.0732739131977893
0.9619045278140765,1,-0.3716565003759451
-1.4285988507966456,0,-1.8070717800686191
1.0137116890278763,0,2.137372492649738
1.075691128430564,0,-0.03697689894890688
0.6341620626802196,0,-0.19078322402480927
1.0644637311823448,0,0.061442134279974914
1.3836857587109286,1,1.9375776606224404
0.4544164569498337,1,0.16379437648300643
-1.6455811441212838,0,-1.7413237795663181
-0.04948876133115654,0,0.19725280989971142
-1.6894026613135797,1,-0.9372987007752239
-0.36982787587027666,0,-1.0762323369391995
-0.37157404349748946,1,0.33400841025977507
-1.7359606234390337,1,-2.141432760173225
-0.6047178641220827,1,1.0450791785393028
-1.5560076048347407,0,-2.6768926238507653
1.2329408400368886,1,2.55277706886957
1.790752103857883,0,4.057701333484563
-1.7107340989682456,1,-2.79219909830478
1.8204608291668056,0,2.5257013607059684
0.09030639734698065,0,-0.5315632728762342
-0.8017372881845044,1,3.0747147835943753
-1.692551698895346,1,-2.1542529801466372
0.0024970722816712865,1,2.3776254499412195
1.1780621779629947,1,0.2508433127715082
0.8283459090667926,1,-0.0054633169520684755
-1.799095954144105,0,-3.5982130753261687
-1.708392658528386,1,-2.6387513953715267
-0.38850686946945157,1,0.40278112101478036
-0.8188380238082269,1,-0.2832918934820967
-1.0704627077758087,1,-0.7326580676109608
-0.8759820043651456,0,0.822382022175239
1.2139309731875385,1,2.818235206029373
1.7169122145274156,0,3.4798427256433966
-0.3795892218897343,0,0.49665183397663487
1.6244440085299883,1,2.9360493842262465
-0.7140171950084722,0,-0.6790410119023806
-0.09425205462483355,1,-0.2535761464530426
-1.0958840087360011,0,-0.295061690841601
0.5619041687033759,0,-1.0849236224155077
1.9159244606992356,1,3.222534771719009
0.41397238417351456,1,1.8883851288151003
-0.5687436635458045,1,2.5086634687685283
0.5912697839621135,1,1.1966490838168768
-1.5083172861384497,1,0.0907303750842956
1.5546363210615946,0,1.632847351386388
0.012335803119345456,0,-1.33767324750553
-0.20260103184143174,0,0.6080135182996391
0.34345915381407677,1,1.289547263767107
0.4991354511576098,1,0.8338449083247721
-1.7128967750939479,0,-2.7552081840370426
0.7304688848936096,1,1.8570941225114301
-1.0322732787378817,1,-0.8357221056660833
0.8558105300263592,0,-0.460377772005817
1.290139177536787,0,0.06558543873106903
1.2158340302100812,1,1.6836277425388695
0.21000386963155648,1,-0.38326225612841425
0.08067956924300468,1,0.01602039892412932
-1.4284961546423531,0,-2.1632510914955025
1.1013846016125424,1,1.107407884170713
-0.9143624782131425,0,-1.8696048178381233
-0.013218308728213835,0,0.08720383726145758
-0.8629036282899332,1,1.6260434771356502
-1.4646865480012274,0,-1.4356095483028528
0.5182307875669463,1,2.310909990957411
-1.7826718607083847,0,-1.4985951695645885
0.9945809365048,1,1.9696504218100175
-0.7296528189555334,1,0.5804547298402316
-1.9994612279820587,0,-3.9742678503945785
0.044516556948919206,1,1.4638438821244075
-1.8125923658895875,0,-3.3692986388310247
-0.8953217687164021,1,-1.541366195159086
0.8279059498228647,0,0.7757391221436134
-1.7492415135125365,0,-3.807273342582105
1.3573539694240093,0,0.288259898331255
-1.9847203093656676,0,-3.908796531369227
-1.012704523192391,1,0.08557520500741629
0.9636162246082858,0,-0.9646896827765048
-0.7349194010827729,0,-0.03297581820355386
-1.5924304477359459,0,-1.052930557075969
-0.5590643247982885,0,-1.2157101636513012
-0.9184268544618979,1,1.5851331831646336
1.3708476086422197,1,0.4278934665604506
-0.7466083296594275,0,1.9092354443725672
1.155729887104029,1,1.0606004616405702
1.567488579242939,1,2.7712927409072976
-0.2647303216938819,0,-1.9013100066460324
1.639772575417568,1,2.8424185390254206
-0.4907277841472286,1,0.8693951767575474
1.8563136659604327,1,3.8121739224623066
-1.6428419018977083,1,-2.0800383255044
0.748077066012971,0,-0.737245337750055
-0.024743838172285315,1,1.8305190447367208
-0.44940477817741176,1,0.6854251945869144
0.5308475149944036,0,1.615548548297966
0.8154283665373248,1,0.4446163547154318
-1.9825469213987637,0,-4.330987393432058
-1.3321876450112051,1,0.3334616038184397
0.8521842025372748,1,-0.6135392445992376
0.6655416543128259,0,-1.06606395529981
1.8641900205147088,0,4.336705682591402
1.044151161003132,1,0.09725983228974688
1.8030908309253522,0,1.1119962314950667
0.8101620061392278,0,2.134407158306015
-0.8077911654422274,0,-1.6573702458801527
-1.578540310996574,0,-1.7825756984145364
1.1272954533797424,0,0.7853659276641135
0.5765968859036636,0,-2.7147794720657115
-1.807255950426815,0,-3.218723285055542
-0.5597981363960867,1,1.0607001718934148
1.8271992619371447,1,4.104505315133132
0.0016045828408048912,0,0.9035206858691499
-0.26908345592118144,0,-0.397232930646927
-0.1692015793628241,1,1.410082391325013
-1.164469103979345,0,-1.478832305011702
-0.5251713165408192,0,-1.4828898307102527
-0.5207469760512935,0,-1.368335784595146
-1.7905799192501104,1,-3.632568037179362
1.070270514071673,1,2.3225721526925494
-0.3339822723844841,1,-0.8332003947831875
1.2887195472656932,1,2.0441903100539354
1.4013920044795816,1,1.8101723695667535
-1.1520237812053677,0,-0.8671078186270539
0.6294139286805143,1,2.188282202127206
-0.11087278334807316,0,-0.43910883425434016
1.5206269516859403,1,3.0696792216316853
-1.1370372832941835,1,0.0025518744799581244
0.7112528012401769,1,0.7278855725373634
0.4310084890108903,0,2.3400029853237907
-0.8187940897126689,0,-1.7158112524128724
-1.4535963853953096,1,0.4534490803154769
0.6065590419091063,1,1.46798730813695
0.9543898325293227,1,0.6551327440994354
-0.7374906249466,0,1.4287607363820898
0.5793304160892552,1,-1.0508915945219264
-0.4194763695539869,1,0.14132772264975846
0.8528275331304709,1,-0.19834516038284944
-1.2031389004237876,1,0.24128568964019653
1.5608600105446975,1,1.4882850123296663
-0.8503616141376811,1,0.8256093806708636
-0.5288560489753884,1,0.4396060483351293
-1.7676321916786009,1,-2.5408581612839747
-1.5539511507148944,0,-1.4875655411487008
0.0634476108493125,0,-0.26849391660844
-0.929629293088114,1,-0.7903325981273738
1.3419209029687775,1,4.709606169870137
-1.9412264453801846,1,-3.444787335830496
-0.48362380531225524,0,-2.27416694607653
-0.6506178129236293,0,-0.9798031009301345
-1.9226894763295959,1,-4.121113258266567
-1.5025264039979591,1,-0.16989536662886962
-0.34542930032545893,0,0.30104410547055643
-0.02854166221021348,0,0.3987011763934098
-0.3828410109805236,1,0.30192155905325346
0.12375071364837531,0,-0.2784026730463559
0.3805266996227261,1,0.3566191377287912
-1.9603047154886575,0,-3.8477173496649515
-0.14361936218598448,1,1.5338522514557853
1.8539969635503533,1,4.222451688675556
0.07612912051819487,1,1.2003334382227329
0.7101690698358127,0,0.6786422808505779
-0.7525445683324672,1,1.371350665431899
1.0959655126110501,0,0.9463542712904676
1.0916859275044604,0,1.009371798021777
0.0851841906165558,1,1.8891153041876763
1.9040552931168544,1,3.486460396966569
-1.4977991409493865,1,-1.835825573831709
-1.932209340441676,0,-4.792808593926871
1.080632847028384,0,0.813878441710328
1.2286221494595302,0,-0.9264220649699975
-1.519171083517695,1,-0.5908787772882502
-0.9376686681655757,1,0.17859719554586126
-1.9297905465334844,1,-1.758718637354047
-0.8267655568777412,1,-0.25448150646562073
1.092567495674686,0,0.448782663437299
0.07184211085031578,0,1.122388732237703
-0.6076176273268477,0,1.2709696815813964
-0.5130428203746789,0,-0.7476721191555783
-1.9945854971381274,0,-3.7858196213972675
-0.8007978897390564,1,0.7376522393269316
0.585834966551722,0,0.47418344982037186
1.8967777752654285,1,3.8495055678058088
1.388243307935598,0,2.6191081725478558
-1.9056201414178835,1,-4.649726658228486
1.5942424186993573,1,2.30484011695512
1.1327936531945038,1,1.8747432959449704
1.1215044942839216,0,1.1625234727818088
-0.16801696398571409,1,2.0503874963549418
-0.4079788281819887,1,1.8642720234452352
-0.7883370846672295,0,-0.530507661684805
-1.737220564182537,0,-1.321538378849671
-1.0870585460252036,0,-1.356328265118998
-1.0135854600879015,1,1.1102310918729272
-0.06369172115919364,1,2.5103932913773988
0.9897776263867759,1,2.399766757715275
-0.10476068640821357,0,0.10519551965931852
-1.7686222022113576,0,-3.0979255564838217
1.8311592039528155,1,2.2414789803001245
1.770897276376449,0,3.087374891568569
1.1407581725936335,1,0.32703373685293435
1.9653116062568823,1,3.702323957902746
0.1779293312010517,0,-1.1879292820087677
1.8510734010128242,1,3.4109339377378247
-1.697579837532997,0,-2.4739929389300874
-0.5372770069545147,1,0.8960676225190647
-1.0984749279729367,0,-1.2632424655550378
-1.2166676634629199,1,0.8687791782755411
-1.4367882044292957,0,-1.6912295542435007
0.4896545662639866,0,-0.7290222535426713
1.1252874229892202,1,1.6387521237441138
0.3131935976814426,0,1.978913449501213
-1.4121491616471613,1,-0.37286882979892777
1.2444950797338836,0,0.6008614526176064
0.5438188286549139,1,-0.7470471600228326
-0.4473371754920179,0,-0.2641707647654065
0.6965211821442518,1,1.1038838801958688
-0.9603800830286686,0,-0.8304745260887321
-0.619231166023158,0,-1.7841058780710075
1.6699433725279609,0,1.4779292259940302
-0.8379819773143184,1,1.860317208963791
-0.12004692736825362,0,1.433135989702863
1.5605645495840585,1,1.7136304084829996
0.8308854010701099,1,1.6595661927414116
-1.751187095341189,0,-3.8637172039679766
-1.4107878228841186,1,0.7003550630303343
-1.9686336369123327,0,-3.5695020899015053
0.5236871609166536,0,1.0214516403694798
-0.2093062983583267,1,-1.01967811023695
-1.4629005963908979,1,-0.1877237026535299
1.8317364842270818,1,3.765300684186843
0.11863889578247955,0,0.8527640031477944
-1.0324268235484433,0,0.36463326606261215
0.002414284618830198,0,0.06578469651090459
0.7184813309404312,1,0.28461593295623855
-1.695043128105742,1,-0.9553783722386804
-0.9011847398084321,1,0.27390414602481344
1.2278619635359744,0,0.052805022399880164
-0.16134051838935504,0,-0.9222521398457783
0.18630856812917962,0,-1.473930948898409
-0.268735991162123,0,-0.519995086262805
-1.8244002294279795,0,-1.9335078347720653
-1.3370008807193763,1,-0.31716243831610347
-0.2178334450324364,1,0.16506404204552494
-1.1632581383682887,1,0.7178132234940069
-1.800083885361285,0,-3.748884323578765
1.374598656207295,0,1.394017108109313
1.9247701166564632,1,4.08575605016491
1.1725714959869578,0,1.5852289204735759
1.415139686818668,1,0.539765384657708
-1.0320914787318185,0,-1.3998962833365716
1.842507902052799,0,1.4892598377978867
-1.2122971821862865,1,-0.4504317623673357
1.805719241447329,0,4.15531142685523
1.9792771758638041,1,4.071499702292284
0.846891222984195,1,0.49302173192162213
1.9245749271672876,0,4.436026267605616
0.27815911826841466,0,1.0793104909595643
-0.9618328672956387,1,0.1665223363634159
-0.25201645733751654,1,1.3767117822873685
0.37424374151514384,0,-1.050746555159479
-1.70767375189194,1,-0.4119417669598717
0.4893730584689844,0,2.2073052897173717
1.9247113470491781,0,4.086275634878384
-1.2395694008650895,0,-3.036650832331167
1.1703804651535332,0,0.24335771979556153
1.6315951751184774,0,2.784562376364319
1.7748063712808833,1,3.0737817129279215
1.8405424176217888,0,4.389705980018963
0.08583855488588776,0,0.5884735047239886
1.9092316319660148,0,2.7732570653359465
1.0292408285377554,1,1.2774210934933614
-1.3533142550521524,1,-1.4331033267705404
-0.09239957412812005,0,-0.1829793174704791
0.8733247014880159,0,-0.22155259722292658
-1.0106387367236667,0,0.6586333190083502
0.5624607341955494,0,2.2049826800254526
0.6664019161864769,0,-1.2832166153241922
-1.3492010247657364,0,-3.1512208800899524
0.26034124981102513,0,-0.23634977368461912
1.0865076439144308,1,-0.17710518116299756
-0.004417341856232326,0,0.04621156057332215
-1.9515875328955703,1,-2.267563650710212
-1.9638461236828313,1,-1.592832524732444
-0.5718826241199513,1,0.8078775281602469
1.704776273727128,0,2.284108148853914
-1.085292881585565,0,-2.6175467999788324
0.5374547554867486,0,0.10380909838971426
-1.1116965172267177,1,0.08433154764125386
-0.7133200413618055,0,0.45747910749065224
1.392168358405936,1,1.3406154346901402
0.9154457690797875,1,0.6485379235647417
-1.6184028907471575,0,-3.5974852713243815
-0.2851919160542655,1,-1.6028907677054436
-1.8833209454189421,0,-4.448470534215968
-0.07643941358796402,0,-1.5705491313863749
0.6497360468042723,0,0.4738575830031311
-1.5259895056073938,0,-2.2948771878586545
-0.8444602443633373,1,-0.13933496323702887
-0.4086534979913723,0,-1.0185351395096973
1.678124098624199,0,-0.8696823839826302
1.973020061691856,1,6.048605050533185
-1.8203548040175366,1,-3.316317745709135
1.0440316939815681,0,0.15657834034041085
-0.5131037343906271,1,-0.822435971584093
-0.43016725508207987,1,1.6321304371978802
1.0170598933880908,0,0.6694578196184453
1.6737057285816346,0,1.517902999563355
1.8037143780101936,0,2.5418595422392256
0.30849034415328314,1,2.3928588632775276
-0.5715153627979888,1,0.5336935909618694
1.150196343435117,1,1.279093525177326
-0.995994466950799,0,-1.4353972208749994
0.25629611533407104,0,-1.8861633994667524
-0.5656861539005074,0,-0.2505486914682827
0.6265242948315044,0,0.44845074635584503
-1.0384043484259724,1,1.239737279550564
-1.233628217060697,1,-2.4871880402716267
1.6729563467017483,0,1.2160245125354254
-1.5927852682018524,0,-2.601161258331479
0.023831630939726622,0,-0.003474081025923323
-1.1165888681479643,0,-0.8410988341684337
-1.8442801466973302,0,-3.2582275841302706
-1.8559247268342944,0,-2.788230020928514
-1.2991129115766906,0,-1.9995458757824314
1.467081418024001,0,2.5129615665716285
-0.8700850240918934,0,0.10410440016247169
1.8018366823011829,0,2.605103123138667
0.3264891719567742,1,2.3183090778181796
-0.25354324092493563,0,1.5482666265345508
0.3203553386778184,1,1.6493339958446316
0.06679354090507106,0,-3.01840777498066
1.0351050150293006,0,2.1334727894269108
-0.870015736108591,0,0.46548915615789266
-0.5877984335987905,0,1.9048644014429705
1.576377210133003,1,3.8960857743409525
1.7858260526016219,0,4.425998301481689
1.570232909945898,1,3.514462627526948
-0.3222080241707457,1,2.031967700572463
1.1214620120275267,1,3.3993422550929475
-0.09465706679560482,1,0.9161306765981717
-0.009840591415591238,1,-0.8722310205459831
-1.1812795637708642,0,-1.1316522959461688
0.3645212130340658,1,1.1141636077454888
-1.2554564089866083,0,-0.9145192786641778
-0.6737412037312249,0,-1.3994766984623082
1.4201208064797406,0,-0.19905820282981623
-1.1716967631565791,1,-0.8454582723590287
-1.7153668593062688,1,-1.015979751407
-1.7239696295487348,0,-0.9815405440727112
1.7631380820124316,1,4.357062411046499
0.027681751847338454,0,1.0574378930920314
-0.3623517127319267,0,-0.1046037391202776
1.2435143240316737,0,-0.7806420271770057
1.343303711642064,0,0.7567515922495618
-0.6712358675375816,0,-0.4099796192280354
0.7744722298951809,1,0.43521453651624625
1.0844912634075463,1,1.3924415028742434
0.618602747463818,0,0.5597799183692741
-1.3936197007996025,0,-0.5003120894995907
1.503532334068228,1,2.1213298592650114
0.1563782109440348,1,-1.2018473579330589
-0.8701102945199852,0,-0.8122544580502409
-0.29908725824922433,0,0.03033324261466337
-1.8497156384043705,1,-1.2415449609042417
-1.4885327951103298,1,-1.5169011395041223
1.0621870020634434,0,1.1117452118423814
-1.9999534609785354,0,-3.709632872733372
-0.3337366860708313,1,0.7253147077690935
0.09004072434235377,0,0.9308983143492786
-1.7814623199961108,1,-2.7876727298035835
1.8923126518893314,0,2.8128547548588383
-1.0954986750013123,1,0.030735695202021497
-0.7832051214548765,0,-0.880359534576354
-0.7842299509798907,0,0.26685506574039164
-1.0783333515306004,1,-0.6401368337910673
-1.9941047116547543,0,-3.7384282230137353
0.9173791763519854,1,0.9858533033377763
1.8673819991971414,0,3.4708143505622484
-1.1028260668598198,0,-1.1303838956779497
0.6521887672136897,0,-0.20038398712791775
0.9675853078348604,1,1.2489462688942186
1.393701516362099,0,1.5556401482145263
-0.3094832119455635,0,-0.019023044511600147
-0.788276377438283,0,1.4604529078480073
-0.6988194639078755,1,-0.46137068723967467
0.8504853323940513,1,0.9433849844096031
1.2671178660225442,0,-0.5563946006694653
-1.2735441289735894,0,-0.6607084604430993
-0.5162359673689392,1,-0.4840348690718437
1.6077607869966002,0,1.799635951461286
1.226774078778957,1,1.2510676136777676
1.9394336110499033,1,4.6283865678490965
1.016993038728323,1,0.673134239078662
-0.4272191958883109,0,-0.6342929186239273
0.36255133597855105,1,2.159683967134102
0.6440570169892812,1,1.118147256112124
-1.6861767347315042,1,-2.2581129371800137
0.17798783641546034,0,-0.24801437385824718
0.8372833138904383,0,1.9388409009503988
-1.3307147839957585,0,-1.4133809698265805
1.1225268697022286,1,0.7179526698648728
0.33509112205644653,1,0.03381688080553524
1.8088871427903785,0,2.410278633459576
-1.8303108071724332,0,-3.660302780821392
-0.9386954497781321,0,-1.6932131959854109
0.40621551719929627,1,-0.3906850731657513
-0.8137603511762772,1,-0.39875883095041637
0.8576966562849688,0,0.9070505267815989
1.036021130087724,0,0.1747640596789128
-1.5899361437341022,0,-2.2167590462803157
0.0554178568270709,1,1.9701731232215867
0.03556222236422357,1,1.9950296372058043
-0.5228769191378357,1,0.34639771075660664
1.7316994502786884,0,1.9656319135799318
1.3100252794928848,1,0.9596802607888184
0.7888375276385471,0,0.9382086217618743
0.8573065429399902,1,0.8103419940223162
-0.15313542474752362,0,-0.3882904382699026
1.6839780843863035,1,2.2740329537887725
0.7783817090131415,1,0.16613580058785127
0.9159242466232658,1,1.4042505053899241
1.446763615149381,1,0.8986902497973588
-0.903713642631236,0,0.6258379743421514
1.228283615466812,0,0.39269921174194966
-1.2190375881740318,1,-0.3554129581762622
-0.6186321910204486,0,-1.4553550181417334
-0.6575581829206292,0,-0.15452435052901492
1.9141018735565622,0,3.1781088638752664
1.4261488949917074,1,2.1002419981544476
0.8046794463610389,0,1.7322274947638117
0.9082270464615605,0,0.5522855594581483
0.2482911776102843,0,-0.7870057937120488
1.7883626684340763,0,2.1484875242478974
-0.01496498847055383,1,1.2951295102026004
-0.4779291605204219,1,1.9441098899270073
-1.347858652273636,1,-0.24242485036698908
1.144822609044232,0,1.438925765130819
0.9377757283023658,1,1.7220886439387617
-0.46257984590346046,1,2.069572969315174
-1.8992263441630826,0,-5.37490253198615
1.3559893108720429,1,2.613852465810352
-1.9543280661837055,1,-2.0484424956876586
0.8147991185162038,1,-0.36825211506299294
1.8810284389042282,1,3.1421231709082775
-0.24935468740718614,0,-0.8585349065988422
-1.060106380016189,0,-1.3244775072508357
0.8194840401735268,1,0.49344687935870246
1.2685125680623406,0,1.263199907675558
0.18572126431138924,0,0.868877636123227
1.8681411010245847,1,5.041177571508774
-1.7933251133681556,1,-3.0215032595413756
0.019182393218112548,0,-0.8446994694859036
0.8738157892902003,1,2.3494246252897897
1.4505618845967159,1,2.8728291657328375
-1.2829775523688398,1,-0.2730458264026532
1.2000139270547256,0,1.3373667583423088
0.21082830287418108,0,-0.025118273215190015
-0.41378527204014715,0,0.4891608876895473
-1.4731398856836257,0,-1.9345274192792867
1.4611830356356497,0,1.82865863847409
-1.3709071672811386,0,-2.7987782353150656
-0.760848563163603,0,-0.9080083111236492
-0.8398178721502525,1,-0.27317045446604776
1.4856561367634171,0,1.2651608821986542
0.690811976835592,1,-0.06167819887283443
1.1867255887654893,1,1.002099654356937
-0.9981284048300041,0,-2.0116119206678715
0.49949639842799565,1,1.3110118159524458
0.28698393257499477,1,0.6293044475131468
1.3313215071530844,0,-0.5253792015870471
1.6243482419250421,1,2.0080973642370528
-1.9513729140904528,0,-3.378672345787468
0.6960796762351706,1,0.32561272290679555
-1.792656803521084,0,-3.5773989181119075
0.1954346603094237,1,0.6291396077322859
-0.8494690838252872,0,0.03711005627060604
-0.7728936019114352,1,-0.9672020647495468
-0.5881659861905737,0,0.4483936378210338
0.4851697961984405,1,-0.04319128766439184
-0.6638001373249232,1,0.5358266979498705
0.9307962023611216,0,0.36779219703785193
-0.38189045770452124,1,0.14508636816004938
-1.7265871987601655,0,-3.5972271915257785
1.135039369936429,1,1.1454572180511624
-0.856966701629176,0,1.3106555950826047
-0.26893248160294947,1,-0.6714002582548327
0.7417755328876061,1,2.596386943911363
-0.6701753714051519,0,-0.41022078832379366
-1.7736573754131375,0,-2.7544679088488304
-0.5043158119487456,0,-1.1508432507337485
1.7777943307772137,1,2.738136903896884
0.5669375891942328,0,-0.4117976118066537
0.6859165946688277,1,-0.18433941104285856
0.5291286145505594,1,0.5651539876926976
-1.2040314441622528,0,-1.2797530985335053
-0.3266645435908795,1,2.5333520007857078
1.003759193453273,0,-0.6603141716358352
-1.5945084097873634,0,-1.924294072179752
-0.888588895641151,1,0.5970357286779897
-0.8947235661365855,0,-1.4284471930761646
-0.271924289621976,0,0.676774071149286
1.9214749637687403,1,3.8487792138705856
-1.7299898132647122,0,-5.081202420032285
0.0748039775223801,1,1.3600588999839354
-1.2825412719511582,1,-1.4717747217365866
1.8827061816389765,0,2.288928808389108
-1.5467859810901432,0,-1.162476896919241
-0.385595990553635,1,0.32417248879524463
0.9515399393384247,0,1.3485477245205706
0.8182177121097811,0,1.4840563841251326
-0.309085452424271,1,0.04030748316847621
-0.6139033281891271,0,0.6775793826773507
-0.4095504857885177,1,-0.08980808060780276
-0.9428949473654429,0,1.813975124947596
-1.1786682451728008,0,-1.5116946394386739
-0.06784120976444008,0,1.0259313237592171
-0.9258649757295707,1,1.146952282666144
-0.8501533404109995,1,0.708859109457276
0.6270242538982282,1,0.15271708300270948
1.8741493267995688,0,3.1400170085466637
0.41454880223750035,0,-2.1179678600642595
-1.6920821317401349,0,-2.1979156207415516
-1.697665544583732,0,-2.096778695070404
1.8056928833822639,1,3.7772544286365295
-0.8108368387706655,1,-2.539851097325167
-1.6317320556700983,0,-3.43792013079392
0.39617834860152623,1,-0.016999444080295856
0.4945951131610644,0,0.3521539312798077
0.5940192804747526,1,1.0941414022425902
-0.9303918885698348,0,-0.5729109228767753
-1.9395572631420999,0,-3.0129476071014047
1.8600614778178874,0,2.191504668230228
-0.99642781723559,0,0.11557416189745834
0.70410515221019,1,1.3492771211933592
0.8265194795148383,0,0.6598666978714616
0.44002966831794277,0,-0.13943981482517417
-0.7483704231454071,1,2.3211782950051965
-0.9156149849437369,1,0.8093924106309074
0.39067313081081245,1,-0.23852252324009582
1.464382534446766,0,1.8184282959347926
1.7869349156935823,1,4.3054468326188395
-1.5763767823849695,1,-1.8467281871237482
-1.3806855496091206,0,-0.2267230670984235
1.7789450351323186,0,3.1968988506776346
0.9461409133391703,0,-1.918993883084721
1.5319752993190923,0,2.0974054031036227
-1.1894694634586274,0,-1.2474822175658977
0.35034348443760743,0,0.5586804917677272
0.8045583776698946,1,1.9046158647421156
0.7204475417878906,1,1.0821342719980456
-0.36739323653320755,1,2.3404572703346083
-1.938420433234766,1,-3.1204888569172025
0.3317042272170525,0,0.643066148717903
-0.987593843281565,1,1.023321894360907
-0.19898301542843866,1,0.5987147404301872
1.8303240603352693,0,3.8446459647464244
-0.40385872943026113,1,0.07239195517103825
1.3592064266577069,1,1.532959175555689
-1.2458375770029955,1,-1.5793279611882625
0.6898419921001153,1,1.1055508008666957
1.908027817755774,0,3.798406238376733
-1.5924275965082528,0,-0.8397962140138919
-1.966720231091232,0,-3.012485581859513
-0.2656688294695426,1,0.40582900006391254
-1.6294980677945312,1,-2.641553427739355
0.9935373987049254,1,1.623219013444643
1.6581946553942357,0,3.3904470736592964
-0.26391610916496466,0,0.7459938693007783
-0.9651534313782362,1,1.3349471095768153
-0.2623867239735609,1,0.47907822657689275
0.893791271400004,0,-0.10961065287302224
-1.963783353678516,0,-4.523512659015164
0.35781595793878873,1,0.6670095262221729
0.45316673954951625,1,0.6679403861093349
0.550752987583742,0,0.2902072646357056
-1.0319116800764911,0,-0.6787087588528736
0.856210893512507,1,0.8802151292883676
-1.6344340546728944,1,-2.2597869271072444
-1.2029186541327967,0,0.07129937481780657
1.5098801866179277,0,1.7975838150187902
0.9548926029062654,1,0.9609010964851281
-1.945017783954619,0,-4.426521982389306
-1.0064949585207992,0,-1.8417189618948095
-1.1423740680273418,1,1.2625545397461968
-0.9167746878521097,0,0.16937522556958395
-1.0097609188804544,1,-1.438702599185131
-1.749894817028617,0,-1.9160620440565466
-0.16423793361271866,1,1.620266085106051
0.9309338991446605,0,0.5277674334373325
0.42692689886974566,0,1.6370181479902843
0.6914866743923191,0,0.3820381398408571
-1.6754032858550434,1,-3.068232077429265
1.8059628407071489,1,4.010244512657971
1.3539673353720993,0,1.4859624090022974
1.2203612739826508,1,1.0054339703886574
1.29193522016707,1,2.35174118704541
1.7308420325310454,1,1.6249752527546375
0.17701586445479078,0,0.993340189535869
-1.1988719285294964,1,-1.0396873590928406
0.46713443141016464,0,-0.9339783539388019
0.9715259746717559,0,0.3446688019333039
0.9516695734161016,1,1.5639245875350638
0.08579609666752042,1,0.8642398348489976
-1.7261651226656878,0,-3.314339693820605
-0.5155482462794887,0,-0.5746030738969007
1.6830664338534294,1,1.9507794170030555
0.3377956390297041,1,0.49459233501787364
0.15332777302285372,0,1.0768235369429229
-0.9245859424712259,1,0.30054167897315703
-0.5262043203336844,0,0.7865636380180006
1.581384356612677,0,3.4327457427950003
0.6658521901073429,1,0.2595873078402138
1.1495481070093314,0,0.572968156435806
-0.18261830772937948,0,2.1681477513373477
0.5209888778246317,1,2.215049264055012
-1.0064655650271699,1,-1.4821657137915127
0.8218433211339451,0,0.6646956722225996
-0.2895946651866508,1,0.6884165538908016
-0.2298179407410177,1,1.5203840458287567
0.5972892983075266,0,-0.6384359432446793
1.7451224858757066,1,2.5177354385605595
-1.7439746135655163,0,-3.3281742883479466
1.2989729493880304,0,0.523969936882812
-0.8304675583512275,1,1.2289472431652058
-0.22432218197448872,1,-0.48684516874694095
-1.9123466848999642,0,-4.119406595550679
-0.7958156886627479,0,-2.041016425140893
0.010524970520521926,0,1.0071184063642014
-1.775295690610244,0,-1.5265472362153305
-0.03561708246733941,0,-0.3270960223618254
1.7084425154337093,0,2.1953309944370174
-1.5784271275687791,1,-0.81305018087418
1.0577629123020174,0,2.0662275714268303
-0.36131578649602947,0,0.38502602263126673
0.6206948580973521,1,0.12202316190139817
-0.9590536080590826,1,-1.359883569090591
-1.3620309498345669,0,-2.378497348577848
-1.3581495429150943,0,-1.179381623733516
-1.7180322174274214,1,-2.4908292776410197
-1.257413180395028,0,-0.7990726803383474
0.6568775399558731,0,-0.41120659459151954
1.5267624473740322,1,1.4212979269341712
1.2565027423646473,0,-0.18514890594031896
0.7405372394979364,0,1.765408118349534
-1.5582725463555893,0,-1.0029213342402155
-0.8432502148162007,0,1.4307125967896224
-0.7607724987101241,0,0.31979292734230236
-1.000172214409515,1,-0.23024977471836988
0.06002263883889247,0,1.3234490447858003
0.1422152595186903,0,-0.03162983674766969
-0.5724560993155592,0,0.12704312515840904
-0.5848433650542559,1,0.557155193488834
1.3142223916243254,1,-1.1119545790632381
1.1571713932787424,0,2.3794876629406145
-0.7688166732770174,1,0.9637882211045578
1.6551537754930372,0,2.5969980994534874
1.8112600680100241,0,2.909290912740573
-0.6930298318798367,0,-0.0029999491346655582
-0.5823002048277806,0,-0.6960002284072285
0.022536613687835327,0,0.6165850754685588
1.764483250134694,1,2.1396737368461984
1.5052777325692461,0,1.8914435259333637
-1.5897281496656408,1,-0.7472353084311215
-0.42907702691433514,0,-0.23816719630662236
0.21348475899908737,0,0.37573265565424246
0.012529890206160132,0,-0.9913334086494681
-1.2245477282524293,1,-1.1839419237730464
1.4352670846726188,0,1.715036193235293
0.7077631319873494,1,1.5558190700882224
1.3516334994072143,0,-0.6402071709692543
1.4350571173978888,0,1.9996910059936708
0.993423414662959,0,-0.05300164339336261
-0.24315759500113066,0,-0.19999450860299137
0.4421870200616982,0,-1.2962876508913443
-1.3585383755210274,0,-2.1052944658170585
0.6945816698996308,1,1.8336735995861868
-1.282986977042877,0,-1.0230705644264746
0.7757983620406272,1,0.5506838013023646
-1.0816073569841254,0,-0.7491607719131299
-1.52979479939912,1,-0.6008562408377018
-1.3388620394281703,1,-0.059495122953761415
-1.992031459123719,0,-4.0274059950784205
0.874958471414121,0,1.4278723576748553
0.9296041962335164,1,2.072127859400782
0.05973339965303781,1,1.1134785958758648
-1.3545487957784652,0,-1.1880529349847548
-1.665782649957241,0,-1.6538122701077689
-1.923484134250852,1,-2.54397742897107
-1.3370072921391172,0,-0.13420935760344
1.563422139932587,1,3.5102889802242556
-1.033852633193273,0,-1.570771249940738
-0.5829146911311374,0,-1.1849973272864665
-1.5786180620746673,1,-1.9682352644425536
-1.1105547810073189,1,0.9912973590058954
0.07689828312082048,0,-1.5760816336958363
0.43101073238261023,0,0.43479187516964946
-1.0185907433351558,1,0.5341353398568606
-1.7690713630995312,1,-0.9056067406782153
-0.4358685234904054,0,0.13893524109778418
-1.0631865162946634,1,-1.2441041060035811
-1.1217843070807922,1,-0.9651816643946914
1.839451210853821,1,2.629970338447475
0.46520194370289625,1,0.21239387253164377
0.22751377268838358,0,-0.1770132246876402
-0.3368995859067123,1,-0.4845608019252613
-0.28422266627942294,1,2.1591818784684236
0.1636200153523233,0,-1.3230911945609698
0.785719228144429,0,1.5886371552013991
0.8085843847273178,0,1.4494927870697265
-1.3132243691782017,1,0.46593659377408514
0.00045100830650790513,0,-0.693766607450881
-0.35216761986359213,1,1.0206126071822696
1.4821078650775368,1,1.0504603363021707
0.5256756848735056,1,1.683538310686044
0.1300162656639272,1,0.6271141308499053
-1.5384214312843305,1,-1.5298423685116904
0.4225515572936458,0,-1.1860215947103718
-1.5311843772790663,1,-3.5724566019287507
-0.6511736977369917,0,-1.176598531912216
-1.4286321407426725,1,0.3548863866069858
0.7682945880974756,0,-0.17608027979397978
-1.1749915446553896,1,-0.28042853425082404
-0.432562507247896,1,1.3150859031339792
1.5826991104751147,1,4.487949242950892
-1.1827344664041188,0,0.4977642033582421
0.03122025583511645,0,-0.9723197885562215
-0.32291335533591203,1,-1.2594061492476276
-1.927503835817081,0,-1.2209853284450132
1.1710324542912511,1,3.7719199729917428
-1.723816374741601,0,-2.3727435528839678
-0.1029799160921856,1,-0.5710342895388703
0.24271317975579976,0,0.970375612695145
0.5137058264583483,1,0.6597981734859998
0.7545265172315023,1,0.8017987227082142
-0.9869104659091397,0,0.4138372617409156
-1.9600848933662025,0,-3.4308824638486506
0.8937746494196479,0,-0.8288265133654771
0.14262639739031435,1,0.37670873863198057
1.344470812828995,1,2.5762868368330163
1.2855534516027771,1,2.2725356850839495
1.3733046711515327,1,2.257019340679522
-0.05962136008183938,0,0.9333169862554275
-0.6654864166525374,0,-0.5090796947907175
1.16623281036548,0,0.9717657961162224
-0.19482354788298029,0,-3.379276482394318
-1.266231214386262,1,-0.7647507137370113
1.4198960782458974,1,2.895232609841051
1.530239507089389,0,1.4012351577576205
-0.13476097543931953,1,0.2325489435542636
-1.6972010907608501,1,-2.7858396456868952
-0.44869564033227505,0,0.9581984446737595
1.2141506378504134,0,1.4433905010560601
1.6070961141849147,0,2.9007847065626535
-1.1861090300096166,1,-1.860555452869587
-1.732105551898914,1,-2.0587726118904794
1.5094018125313546,1,2.1393194117530627
-0.44238024408449883,0,-0.3238586754942564
0.16704385707025304,0,-0.6136969770413432
1.8722632482030357,1,3.6353831310085494
-1.7337410883431086,1,-1.0560451173766028
0.5932720298083822,1,-1.10844387049944
-1.7035783097005317,1,0.0052501216039746446
-0.4981242861339985,0,0.4220418822989961
1.215258180773787,1,1.5550466127005185
-0.2661110689774624,1,1.597411805255196
1.9887294156118016,0,2.480922110890695
0.2362371397864087,1,0.041891054369257996
-0.715351389456186,0,-0.30410796095081055
-1.1195546963809875,0,0.6639339206297362
-0.5979178628553528,0,-0.15337612432068914
-0.5098669049617968,0,0.38378108466404875
-1.725145289104156,0,-3.1567041018928332
-0.5217032022929073,0,0.4158449849466002
-0.14304592104310032,1,2.3757760804629675
0.8909510089552186,0,1.349142340792386
0.6269179388864319,0,0.04174156914992219
0.835062620916617,0,0.9666477809800024
-1.9665452724925716,1,-2.5250936151461434
-1.1293304016778558,0,-0.21357907297973677
0.646737153599426,0,1.2472083945981098
-0.06404252728101145,1,1.8043463703761908
-1.9787460973266162,1,-3.3009855654756315
1.2179785697272894,1,2.245297489830987
1.0912382931613496,0,0.26662891100696
0.19367665197425055,0,-0.9194399281967287
-1.7341466968949115,1,-2.177012886332465
1.0660601981303386,0,0.529502211814905
0.3348543509254558,0,-1.642807809220762
1.1278399086318367,0,1.5776516322362697
1.0069879695833617,1,-1.5567700500317254
1.2120082878313485,0,3.6050152651513954
0.07203226561849929,1,2.2020660088062205
-1.43870192722594,1,-1.0499668371069777
0.6846298935187547,0,0.16987556896365605
0.4818951402078824,1,1.058925423366992
0.9690127487963487,1,0.5657841726811514
-1.3204759757970588,1,-0.25860931138503296
-1.2200992003988431,0,-1.0521454705211224
1.561638068877314,1,2.5099211704474444
0.9999111938082832,0,0.6813278660225228
1.6329139548012916,1,1.5634796046038895
1.0348612846556828,0,0.5937057984883617
0.38862122396120746,0,0.1927937896523526
0.6165309481114947,1,0.9460245370816949
1.5565116957600398,1,2.3696719912865283
0.3152270180477621,1,1.8535195266252296
0.5295652973135496,0,-0.2793970666712505
-1.3740931359855977,0,-1.0699086668428899
-0.10431511953558914,1,1.9967299739197042
0.8655884478323959,1,0.9448920589370902
-0.9162292067345383,1,0.5298870713486592
-1.1909832779018603,0,-0.9410544923467143
-0.7446927671023378,0,1.0308786585035172
-1.0339974880286662,1,-0.1104741850622471
-1.1403494518544166,1,1.2419011470024852
-0.30059662852765223,0,-0.11716859978900737
1.6313540555341364,1,2.011314645841584
0.028238586954873135,1,1.3793844295499675
-1.2483184767387079,0,-1.2772945628356285
-1.6921133224765037,0,-1.8019687177520796
0.7846245805517009,0,-2.487882920767912
-0.4688049422544487,1,0.6536887382773777
1.287323786341437,0,0.6070728196363389
0.6380430745630807,0,-0.9333853488919212
1.184965802165474,1,0.9786902805576717
-0.912215842326205,0,-0.9532477603695906
0.7694356898442325,0,0.17977920362761035
-0.9437520612251249,0,-1.787611319571873
1.7562739178011664,1,3.7248855390029494
0.5454971261334975,1,2.1473757881342856
-0.7019527992986316,0,0.1079891816435494
-0.9219525508309094,1,1.1171603857845291
-1.236293659713426,1,0.8497732325651959
0.7785638355749112,0,1.4724572802536064
-1.1251375480082908,0,1.157963472096435
0.3812130637099562,0,-0.4715024090153961
-0.9414598922985706,0,-1.1357139330819537
0.6478757791754743,1,1.6194363180908742
1.2597589141621568,1,2.4078802076874544
1.1121009725786126,0,1.463381066176606
1.0434053237231269,0,2.4572573613213793
-1.2491103772309917,0,-0.9631090214133645
-1.6464602120619252,1,-1.1054813211789063
0.7957953139495424,0,-0.728403571998306
-0.5266111448225947,1,2.762301407514505
-0.2706150943866108,0,-0.34645383512479194
-1.8754036288264357,1,-2.9062433352850117
-0.9616942028998032,1,-0.0914640927941765
-1.865294384502144,0,-3.889876816897151
1.5167430904049906,0,1.0152039729951676
-1.026413267125878,1,-0.3643798883476925
0.2293486782920322,0,-1.3597639642107353
-1.8440827173554784,1,-3.2208496313914248
0.6673895652226323,0,2.09759371473762
-0.7078906169836245,1,1.2582899195880515
1.5916767478306633,0,2.9421088637584827
1.5524727557361433,1,3.7480717047220633
-0.6988375265530089,1,2.3634875642196396
1.6038435827618716,1,0.9913722902608872
1.9846306939951153,1,3.3786078801506996
1.3016626564957923,1,0.9989965662522088
1.379485391020916,0,0.8428367196149815
-1.0039650555636404,1,-0.10654058759778257
0.30680959543102526,1,0.26746276722509665
-1.7309763441305286,0,-2.373935211533883
-1.6203282527133211,1,-1.3917610707358492
1.9955704481331624,1,3.950646712953985
-0.6934430022963562,1,-1.6422743866487244
0.9927356481953855,0,-0.5036862685477621
1.2266602121072658,0,0.3736362598746913
1.4320930840289168,0,1.221453686319893
1.990513189608626,0,2.8136812501509905
-1.0340140589725286,1,-0.34358266565523327
-1.8385966925612012,0,-4.238618265796722
-0.3552339280216561,0,-0.14823303936276241
-1.4796773206842122,1,-1.9929273643365726
-1.9102964433517795,0,-4.334462590643294
-0.5582926914340556,0,-1.3956914590695328
1.1349530043009457,0,0.5774761841386772
0.26472276490028346,0,-0.8571721301637969
-0.7488880431585838,1,1.3967835899437933
0.6173680219708788,1,1.2235031014418076
-1.0719272787647571,1,0.014310854432839387
-1.94247421571166,0,-4.462163256568909
1.0574135457457094,1,1.6716797233602803
0.49497233945603636,0,0.7513344111295406
1.04921049800384,0,0.7201962547480351
-1.8442479332493376,0,-1.5326726910991677
1.3484785113226088,0,1.6856701343707152
0.4781048001452133,0,0.9682508191780396
0.2535814028505605,0,0.14171850493894586
0.49845619245812633,1,1.4375873110953585
1.4577329874734564,0,0.7520494708202656
0.3477460262356282,0,-0.43737236940873014
0.3238015195527173,0,0.36633843109904046
1.9627166282630633,1,4.8225434876881215
1.026920668274272,0,1.0490896639305514
-0.23082477819545888,1,1.7942437111590084
0.8295880001317109,1,-0.4395032005831311
-0.44307811323284607,0,-1.017944699630848
-1.084498150066004,0,-0.40818614582106527
0.3874075075510377,0,-0.6952916858727822
1.7127283924558059,1,6.589859984196275
1.716558080061851,0,3.0447002996418955
-0.6323788875780387,0,-0.20477597423620414
0.11070986488677992,0,-0.5147908057124647
-1.1534564057205552,1,-0.5474770568149582
1.9825244379955338,0,3.9262008066135308
1.924471631471743,0,3.675709897719129
0.5980357188297893,1,0.3502436122455456
1.2176562387098935,1,1.3295491181734942
0.8604006451348001,1,2.3627572580456144
0.37263287615787277,0,1.4103759801761095
-1.7866080120444092,1,-1.8993639901274133
-0.1809426297893557,1,-0.6442217793720361
0.6991452086696421,0,0.7093756519005754
0.7101264555347386,1,2.4333335779950467
-0.5075095263104656,0,1.3044225231145945
1.7667679466321222,1,4.191881520512665
-1.330571871052876,0,0.24458642869634195
0.0014377848622424416,1,0.7533842739651344
0.7635359062032911,0,0.850668754073558
0.7885432235672369,1,0.2643826856756313
0.5945558270752622,0,0.3973521972133328
-0.8988471461925593,1,1.6664331678656108
-1.3751737252535121,1,-1.189720835197851
0.5437613073068435,0,-0.7810547476214004
0.39720846455775094,1,0.8288236352428748
-1.282575958843036,1,-0.5815816290059201
0.8205565822822534,0,0.9253934710806306
-0.17931203306537435,0,-0.4561422183818085
0.6710423664126117,1,2.569524085553303
1.3494683190806027,0,-0.06094150831329204
-1.3210862856923073,0,0.10090933286052395
-1.9234205280126533,0,-4.322741096051209
1.1164103455831471,0,-1.1002514036225945
0.43878970061046374,0,0.280116651303952
0.7985582784884868,0,1.0454109810875689e-05
1.3526198999545702,1,0.8277541919375477
1.211243739298002,1,-0.0928621450932885
1.8436805877152986,0,3.1251201232754395
0.14374031540847287,1,1.6773218209517213
-0.04601746936037854,1,1.2849047696176346
-0.3924512004370797,1,0.7264843851912736
-1.3852358286231818,0,-0.8502019133703296
0.2904289315280897,0,-0.014965442593849328
-0.8919499026960849,1,-1.0845305994565066
1.6852300488519019,1,1.6721329517215096
0.3327632171083903,1,0.5152551325866176
0.37136072203244064,1,0.564953666781289
-0.5803013564919599,0,0.7532745349975485
-1.79204259208917,1,-1.4201934867655095
-1.8730249385080455,0,-2.680361025743305
-0.30665942338721,0,-0.29470183946417394
-1.6617384876110486,1,-2.97499356305334
0.4273878221605565,0,0.45110454177031856
1.5238920225586297,0,2.294596073193503
1.5316592660748887,1,0.10808962224965724
0.6361816405289296,0,-0.7055982178029906
-1.155072674108276,1,-0.761599247660271
1.4519873254354883,1,2.3489388227207315
1.5443737412528327,1,1.7383749456061035
-1.2133856601881652,0,-0.9313713106425355
0.949704343082709,0,0.21775243864584584
-0.8539218042915082,0,-0.4704818672982499
1.2105612494117186,0,0.17061936600983407
1.9889515996144107,0,3.295090070749648
-1.8798959786824287,1,-3.702051610876519
1.5894634631637277,0,2.387872998907122
0.4905221343946322,1,1.330115375743648
1.8935304766592846,0,2.6239687315815337
-0.13996192989428957,1,2.21926921497382
1.389551722285495,1,1.7269092954414327
-1.750423725606891,0,-1.1514488370495324
-0.6588837996868171,0,-0.7851470812957386
-1.7319338489951601,1,-3.924127709910109
1.9013725339162821,1,4.539135466332493
1.2678956290873469,1,1.967653826750053
1.410189684983882,0,1.4365700404842106
1.7518609257355768,0,2.046012742868109
-1.6595860555208586,1,-1.6200096540018505
-0.45760962994666654,1,0.14082730984492697
-1.7158604438239915,0,-2.8282480470648954
-1.1568275937998855,1,0.7675699447628781
-1.0825368918493106,0,-0.45008775064176354
-0.12357115580968525,0,0.6090079320270514
-0.9257513301854297,0,-0.6285601379123675
-1.5960875727289556,0,-2.375030332149195
-1.3300356436235692,1,-1.629895608431847
-1.4108977457916363,0,-1.7743260301214692
1.8923071916491931,0,0.06689732056965259
1.0371700276738944,1,0.667631168899882
1.8710458610782479,1,3.8932162989681762
-0.24103805396836586,1,1.256671577927834
-0.8865260733493736,1,0.0829490783848379
1.1931727888367467,0,1.1970105064835255
-0.6949843278354129,1,-1.6476284940753496
-0.8024665051786068,1,0.38478799494155796
-1.0699760311686752,1,-1.5919831309630013
-1.4812840871030586,0,-2.8334221738167025
-0.9741477559329361,0,-0.6493810505229077
-0.5787210061044492,1,1.87935194607127
0.6959768325829216,0,0.5397666980291307
-1.7497406311221937,1,-1.9602652036613
-1.1579722413386282,1,-0.09589271175714356
1.2360945611667056,1,0.930703942448276
-1.412312305664917,1,-1.2525008702850715
-0.6294194139099138,1,1.0026978789565855
1.4586356874325603,0,0.16634930363647515
-1.3802987554262294,1,-0.02183555923832403
-1.6690526575272404,1,-2.0132777496920244
-0.06184801967995668,0,0.8254387850417303
-0.7903219548858544,0,0.7142724363178907
0.2536334579354165,0,-1.6649259010835962
1.2152195619339006,1,1.0157121963599471
-1.4514060473890273,0,-2.384278811191766
0.32279633821713993,1,-1.0959106832264327
0.02203504155945568,0,-1.0325279267286958
-1.4236848559472017,0,0.9984376834627067
0.4959939421159296,1,1.370519628735132
-0.9054383285569134,0,1.54614039217507
-0.04866272582395004,1,1.5290408218695544
-1.6709107028917525,1,-2.374386527924639
-0.16166377114550778,1,0.31611624785893644
-0.7741461278287187,0,0.3564624309348404
1.2895248447414174,1,2.2096650814905123
-1.7720850920105269,1,-2.659768640281664
-0.32557090032668023,1,-0.827247844082253
-0.166274303474248,0,3.2854626825832582
0.9000243051964749,1,0.923379859268421
0.297150300360844,1,0.38738004014980565
0.6688493487767242,1,0.9629425027606078
1.1081971426070245,0,0.437760368609042
1.448811894632755,0,1.6432974897827146
-0.744498013110118,0,1.0806181149902414
0.1520908214556118,0,-0.12278942629701714
1.3604323137567995,0,0.09621735326567782
1.9578045238602257,0,3.5904871596618415
1.5580772441750526,1,2.126796038129009
-0.5141309495024928,0,1.3559486575226554
-1.2193339311253983,1,0.9646813183793816
-0.042429850373645106,0,0.1074868073664035
0.966565807344169,0,-0.8272290630717146
-0.029723716986809645,0,-1.225905393882287
-0.06727654674532602,0,0.014971010260419814
1.3529216843272023,1,2.2745149222054666
-0.5543848837312546,1,0.24018413508195569
1.4391786992465825,0,1.0102692986477815
-0.3727807961931058,0,-0.6187010721478543
-0.6870675772866424,0,-0.1855631580266732
-0.184040355201204,1,-1.6858791539211135
1.0497878346994738,1,0.17713507375700033
-1.4959918885440229,1,-1.6010595832426058
-1.2143231365119305,1,1.0121944768432134
1.8057793026523679,1,2.830364046392612
-1.2980334904745705,0,-0.9130542936808681
0.2709092717242183,0,0.23648401501382363
0.31725786664775146,1,2.013882912930156
-0.04150215179902084,1,1.9625416647174583
0.5789809943072743,1,0.739539743787644
-1.0806930968095263,1,-0.40655416175462966
0.21064907110699282,0,-0.659159533927848
-0.5113069790124114,1,0.39210005178772356
0.6466690385167562,1,0.40117894827917117
-1.4351058265074021,0,-0.9241934331333034
0.28350966735790495,1,1.1317037494434072
-1.2589185784667052,1,0.29418627871366354
-0.8854277475398544,0,0.9122038721567185
-1.125160798705667,0,1.1506497489729306
-1.2686488805247316,0,-0.8962627520796106
1.302843806242668,1,2.905188601826274
-0.8571697293564386,0,-0.6665586037035744
1.7084951274577973,1,4.378517693983145
1.8797061013807634,1,5.082287267824849
0.28504187974838935,0,1.0199956357166704
-1.4279955093370944,1,-0.6618937989197521
-0.501807026481675,1,-0.031538250880328245
1.190929053392856,0,-0.5499739479948206
-0.5304370852117182,0,-0.1146600252963763
-1.651931126788845,1,-0.02094543027101059
0.22713964371275175,1,0.3960144403284747
1.380483405984139,0,2.100543966771213
1.1837055485740096,0,1.6732311387409333
-1.299507439478587,0,-1.3809380530465805
0.6910584576498668,1,2.1813563951873216
-1.1179829462574116,0,-3.6073362871449968
-1.127169861791311,1,-1.2387916385973738
1.4962870932207406,1,1.4593676354417642
-1.0013241890390794,0,-1.3217039378018929
-0.9470106139279553,1,0.6116096115266942
-1.9973864369548018,0,-3.6943013018840345
1.4826761365020706,1,2.7236951948376658
1.1703792528365389,0,1.3976669853980814
0.509315740362712,1,-0.18404567502171898
1.001063055755369,1,-0.016579787442283944
-1.3918057303020328,0,-0.9517298966910224
-0.16670562164969827,0,-0.6325485119649491
-0.5951224506048765,0,-1.6758625221142551
-1.624893894971934,0,-1.1737432800153662
-0.05547805914030368,1,2.0950165308997257
1.6829586013705415,1,4.640524495781395
-1.839763523797222,0,-2.926543512112425
-0.8341563460248245,1,1.035722092267984
-1.1698362551771861,1,1.2693979017403267
-1.0474133853372147,1,-0.5159612050281595
1.633738207517501,0,3.2909834424110467
-0.1277237830628395,0,0.27435443181240055
-0.1348023482407248,0,0.9124868602405118
1.0423025698211292,1,1.4522689871089882
-1.3820311839802968,0,-0.02359011481645923
-0.05093858359979686,0,0.22345767636918204
-0.2800591435157611,0,-1.4949620162141157
0.3876427621866245,1,2.181051572552035
1.9982308130017543,0,3.0418635243375203
1.0777955763281883,0,1.8790652175951665
-0.40853718793029126,0,-0.12433584780064638
1.3102122090961879,0,2.3006028317366933
-1.3171665467500793,1,0.6921742433093945
-1.8781452547641595,0,-2.8823696061773503
-1.1822065101429078,0,-0.3175978224047593
-0.6383537755429614,1,0.9925654580768855
0.042323029838239545,0,-2.0137868509533305
0.4605165621647993,0,0.16716235991539266
1.642422868857687,1,1.7991970940810469
0.039416038201830705,0,0.17121776259846141
0.00510257850291751,0,-1.1429424799570642
-1.7990279607080715,0,-4.096230380931122
-1.8603537893751048,0,-1.6143298020671202
0.20463984766548826,1,1.7737322873837793
-0.24728554700662198,1,0.6882966419287208
1.3567215799211945,1,2.1334229099620483
-1.3572816611526193,0,-1.4981173307082574
-1.9001133515318016,0,-2.860237459184335
-0.20384492827949652,1,0.019710474291685487
-1.05008577299097,1,1.1147859041965407
-1.8015425066446502,0,-3.1765898493243965
0.8983931473905158,0,-0.0572958381595125
-1.55362800017101,0,-1.853329513553688
0.43327800003108674,0,-0.5504772282971562
-0.8758009993324434,0,-0.007199328031239405
-1.306015798579912,0,-1.6511833177423287
-0.48099390832273015,1,1.1128833963568798
1.2057831048918146,1,2.792558341927691
-0.4316256923817092,0,-0.7595277793933315
1.0030785968442228,0,0.3740566691980556
-1.4980548128033973,1,-0.5196127899407569
1.0910856786603165,0,0.21359391505440084
-1.0522667003734054,1,0.5817514070204032
0.7095725195554912,0,0.7340313158921657
0.2631262193639854,1,1.7923706017809995
1.7165788688467494,0,1.9230825189657155
-0.4507099280987439,0,-0.9885537212679553
-1.7353392446622382,0,-2.920479680742108
-1.9233780577949884,0,-4.525408531674703
1.3074342438910125,0,1.6819519903143938
0.09894255064572866,1,-0.4612669947780743
1.100976207339797,0,3.000289807457844
-1.0622975999539412,0,0.6965390869916807
-0.6196650179470651,1,0.5936048159127637
-1.8795845111547242,1,-1.7527392381234126
1.8459692982964486,1,2.2083630722696097
0.6714716268032537,1,3.3747479294149443
1.7328203510372249,0,2.0113260835615785
-0.9380143702837107,1,0.16683678439823457
0.44585444490264337,1,-1.1116184348729716
0.7139998731705512,1,1.3682843797551933
-0.7298011989696462,0,-1.3006937887459924
1.3924369400625203,0,1.4515402687855925
1.7886458516009913,0,2.3168917490385286
1.5394204707840173,1,1.4463272235624
0.9562679037574902,1,0.33286727950141004
-0.8901412811001839,1,0.5731356442978615
-0.873535831577473,0,-1.6147732165999296
1.8534412817841517,1,3.134700392428747
-1.9588620162572319,1,-2.3949409077999233
0.8641998929685779,0,2.9251900276150438
0.8249846502210487,1,1.4583309611796293
0.4907581637991898,0,-0.8581636667800336
1.9604353843474631,1,4.100163246037795
-0.7524822569450991,1,0.5185501624083301
-0.6401125448270073,1,0.21943388966218197
-1.6842423882137778,1,-0.7857638007834128
-0.2288074538250502,1,0.9114841217538054
-0.9558058950606076,0,0.4712570221229323
-0.6264531912894231,0,-0.4373675633827908
1.3382871610225107,1,3.223944753679608
1.741938054109983,0,2.4763377015934918
-1.2570677119792575,0,-1.9644111566506695
-0.5099642737861365,1,2.8110088186481654
1.7145222484615763,1,1.3950155154956654
-1.7527661572431095,0,-3.431153356241232
-1.630557887554486,0,-2.7946254900606733
-1.3488360431750825,0,1.2812979973542753
0.380851336507499,0,1.834479697063643
-1.3981109159760101,0,0.1274745599027125
1.872305525802934,1,3.6510510433566252
-0.21314189096591862,0,2.421336542730989
0.006071841400665523,0,0.3683521157670429
-1.013365536778374,0,0.4569459149819717
-0.11615899026106602,1,0.878911719646413
0.6476545305480461,0,0.08636484465636912
1.004708547816171,0,0.25531745562693037
1.015472330839652,0,0.3139294443567489
0.3115644507763533,1,1.3236138042623893
1.617439099975429,1,3.182898487788917
1.2696313892244375,0,0.9918285901312037
1.0281924587945017,0,2.0530161068807296
-1.7775779132781575,0,-5.775133515847827
-1.9724881511214027,1,-2.6273019524090135
-1.1502108912181082,1,0.6568827744808102
0.6540943756538091,0,1.2868865579588422
-0.35521004446981674,0,-0.08728060833265427
-0.3903749628027531,0,0.17817493734484463
1.538347552918455,0,2.8062082734536977
1.582251392527355,1,4.171764987424907
1.636701056214343,0,1.8916535103151728
-0.7444876939398908,0,0.06065519140505224
0.764223250957047,0,1.9017413595080317
-0.9134672749025214,1,-1.805135882264315
-1.2375606677022009,1,-0.9377095841817404
-1.2614701706105231,0,0.46214282767317894
-0.6315695165456239,0,0.9665775921035396
-0.2801695208807131,0,0.5114492631990084
1.3237966842202735,0,0.7113387094591452
-1.5204356261091516,0,-2.6392326375464736
0.9397033895795768,1,0.5236833773419652
0.1258196567572214,1,2.2490041202687525
-0.8482186292960301,1,-0.23357867176254432
-0.02872166186870162,0,0.10141111750395519
-0.8002317208919094,1,-0.30993016135768603
0.38432782095322393,1,1.5711581527671084
-0.2646243085790232,0,-0.5479915745296282
-1.342377883684485,0,-1.307061853997819
-1.5336677017772131,0,-3.487080114770641
0.1867827282885206,0,-1.6101100181302237
1.6096521331444138,0,2.092961427028319
-0.6241692537692578,1,-0.7467413490471148
0.9320004288904928,0,2.5098659821516227
0.6346454197590679,1,-1.2337135183059067
1.726219657237924,0,1.7717489776672273
1.2839240691965634,1,1.7749502547096534
0.26642103562185193,0,-0.3556776328326492
0.6281219929364292,1,-0.2802366985505458
1.5935458663361395,0,1.0653881268285659
-0.4019248616522608,0,-1.0231182709171045
-0.6928211765688905,1,0.24700081310280325
-1.9567556654592146,0,-1.7941746856277387
1.306204296765857,1,1.8922403702033799
1.2039228016134595,1,2.75540147012586
-1.5821819275993945,0,-1.4733613885694963
0.30742952453080097,0,1.1283904278663512
-0.14407320733245044,1,-2.101459572792262
-1.5251636179635542,0,-2.0783179159284475
1.9222729082428942,1,5.558662580843887
-1.1412164501465782,1,-0.6148817019392351
-1.7310632796377554,0,-0.8311617039857087
0.3793895180076383,0,1.5111941356867662
0.9554667085321307,1,0.6670000082195341
-1.8702262158112521,0,-3.7739517436996253
0.6348705549080886,0,-0.8856601821412118
0.12916750380581776,0,-0.6285167007860678
-1.5869399644998063,1,-2.5308467689242202
-1.3099044922145517,0,-0.6949884861248606
0.27189718926432205,0,-1.4459960745586
-0.8145695459468465,1,1.0334899797274142
1.7532629146052643,0,3.3227831755934423
1.2749609179362031,0,-0.6249637639327248
1.9342688260546521,1,5.86825132570563
-0.9613166441983441,1,0.7694186680193946
1.878894531191908,1,4.766176713549239
-0.27506452083376853,0,-0.7690709598421988
-0.6099248187449815,1,1.2089305757190372
-1.798601892122587,0,-1.7828170223324822
-1.7889389685615895,0,-2.9611814448997227
0.7680450237866188,0,2.2284547117485514
-0.1682840222638884,0,0.04168177420641898
-1.0939134958555772,1,1.1862717930845408
0.45588122530093056,0,0.3403811786035602
-0.9885675269995553,1,0.8024749373195116
0.3105270173776904,1,-0.956360668854087
-0.5631650120692386,1,0.9817484861523786
1.2942089064472762,0,0.3489097761701546
1.2827846430671173,1,0.9090361319555124
-0.09059840751039472,0,1.7437313653652258
-0.5967235626599376,0,-0.3200106158498486
-0.5497608137636218,1,-0.38638084741219414
1.2228581026728715,0,0.555188332406269
-0.687282068809552,0,-1.4627713540235772
-1.163762505172616,1,1.34581756890941
-1.6612466324987727,0,-2.9879854455961747
-0.1332275164623664,1,1.2281175683028602
-0.07147160432063249,0,1.3559241689350772
1.3636348416116286,0,0.7676867999944953
-1.115045214215744,0,-0.16115982581144694
-0.47603490532640036,0,-1.0840230068382275
1.2336229555747638,0,3.3844490642384755
1.294494442995894,1,2.720982570929264
-0.4615556960849272,1,0.4582301114879848
-0.16350390685327643,1,-0.07501924898867496
-0.7868564366028683,0,-0.3575849005922048
1.7302195136772482,1,2.9498603764240547
-1.5254249370336788,1,0.8781727121204508
1.73499769200588,1,2.0858250439265613
0.7354658073413729,0,0.33371181121379623
0.12628861074692477,1,0.6826690100976122
-1.8693637568620165,1,-2.6836756177512227
-0.09761523271196682,0,-0.1090817297150517
-0.36900757998907086,1,0.5588059371993764
-1.3551247520995098,0,-0.3711844747610977
0.6256384140026277,1,1.431429211926361
1.8846036294731432,1,4.465714027571092
0.24875524425810047,1,-2.3262929779290733
0.8590131057757833,0,0.6167292696388905
-1.7261981897359329,0,-4.227467683296396
-0.32933201673202106,1,1.3284605574818624
-1.5345660593420165,0,-0.33237206071944203
0.4511833421460416,0,-0.8803162263815961
1.7539286328566184,1,3.1359944798197703
0.647110929886554,0,-0.46386602723656445
-1.6927878067423139,0,-1.1899358190129203
-0.5813351800596687,0,-0.0032033987301911815
0.20265351776340612,0,1.7324907133210108
-0.38716897546699114,1,1.0847359239400542
1.3345760419006893,1,2.1309523449426933
1.2586840188399568,1,1.7652641770429187
0.44732408041288574,1,1.5627466124705334
-0.506168219469179,1,-1.102527933085762
-0.9786545049470234,1,0.31668361568704284
-1.5765027271474827,0,-2.0291355216912508
-0.5804092660537838,1,1.3276561657488797
-0.3473099311691219,0,-0.2086485951399767
0.7032917004162944,1,-0.16480363946721455
0.6326392971902939,1,0.8339520724601944
-1.7195674414349722,0,-3.625145489675542
-0.4189627382753689,1,-1.2620324304016348
-1.2728845311305523,0,-0.3040635714959091
-1.3727491787327772,1,-0.01437036969629113
1.3092085989489837,0,1.589100489440468
-1.8323391331349699,1,-1.0730803882748694
-0.32326849639151467,0,-0.681923076681405
-1.3271853769339272,0,-2.5999802561055168
1.517320862713896,0,1.6766057607287523
0.22816205310014048,0,-0.34156147846991314
-1.074477454492608,0,-1.4625387945200214
0.009709148665505651,1,0.6201513041411191
0.9259454388124633,0,-0.214663931432986
1.832472035677735,0,1.2406728992044516
-1.1182159830183243,0,-1.1402892285659019
1.5447270885173805,1,1.4066246485972493
1.737216456669961,1,3.5530390997244363
1.665682178128265,1,2.3546804435645994
0.5416574274476393,1,1.8910906603064328
0.5192826177388308,0,1.6738794982552405
-0.3871574672647089,0,0.6503656815437587
1.0095915292151516,0,-1.0365004508135334
0.12517607340372772,1,2.2061766939150145
0.7097522849131779,1,2.454488705954608
-0.2861683846048182,0,0.007073011361252128
0.9259858561725562,0,1.7199193566245254
1.2978860704181963,0,0.5414747597018325
-1.4142549735887355,0,-3.28058373450747
1.331718862296912,1,1.12060070139585
0.16118612716122893,0,1.7313947518175612
1.3786636363608973,1,0.5191423155700776
-0.27479317463594155,0,-0.010853711457248082
-0.4838380584678599,1,0.6775108259662717
1.6602429300688897,1,2.4751780301335007
-0.9953229298063948,1,-0.2365387558696796
1.3768493011445724,1,2.0773053809372315
-0.06391770996238355,1,0.13770709100546397
0.05638177020503887,1,-0.7219688810501923
-0.7661268740420639,1,0.690192710288818
0.2921688024760627,1,1.7858367280893486
-0.6991552148951548,1,1.3986926866619607
-1.8429223430333908,1,-3.239351877374219
-0.9120055786225758,1,-0.9305101393990329
-1.9744838263736373,1,-3.433035759273336
1.9134191482274265,0,5.070470615250512
1.86298883927899,0,3.8785612983808835
-0.4193788101107798,0,0.6670848006563392
0.913483417358584,1,1.9709859629699094
-0.6167756063583001,1,1.0034520957095885
0.6843726283439042,0,0.2808769467111788
1.2217201721839164,1,2.2740767705667544
1.787024978768963,1,3.0072287485941533
-0.399150896601312,0,-1.4462596588304928
1.1331919318241908,1,2.1505763868909376
-0.9362861974715249,1,1.5273489580472588
1.9613292151745934,0,2.654200725770445
-1.8969216049425954,1,-1.8909360018329928
0.4141152260044838,1,2.4162743175483885
0.6380239266053085,0,0.12761544356244836
0.7521822282965154,0,-0.6052180670351641
-1.518449684843644,1,-0.927518032332055
1.7541191338925217,0,2.1481203771313506
-1.2752668837996688,0,-1.653716963152727
0.4910136129593643,0,0.4923743756468113
-1.1092956835076602,1,-1.586244118272651
-0.7711343319149164,1,-0.9732057274593072
0.18583416691249743,1,0.7224997103020906
-0.3312263257416941,0,-0.04047810456249539
-1.3590975960939748,1,-0.21167145443469088
-1.3162543903166068,0,0.7350031616346298
-0.3274208473488014,0,0.08696355648563567
1.029131913102003,0,1.1431553841957451
1.5918585873911542,0,1.0413628483886472
-1.6634893509624686,1,-0.8336635581637967
-0.4275843697623958,1,0.13452185323485666
-1.5990177451084935,0,-1.9728096237408828
-1.9336300774696085,1,-3.023697811090333
0.6468747305758265,1,1.8683156032799741
0.40979776786635114,1,-0.5755670220594654
-1.3479235447404552,0,-3.5077583516973183
-1.0647486676277436,1,-0.11698000930092084
-1.9051689854219265,0,-2.9890350156774765
1.339788822777615,1,2.054752680709616
1.8987623841942058,0,4.6550069122024285
-1.4581618528212368,1,-0.41282543046486336
-1.0740991449388075,0,-1.1834365016571784
1.4736380957877362,0,-0.7253371034728362
1.7058551918247393,1,2.944657545074418
-0.32149046877275866,1,1.711344998280128
-1.7975101109237035,1,-2.5959636528167738
-1.8424326652287224,1,-2.3988021239117834
0.29579946427604176,0,0.4343010849509628
-0.4284195644272839,1,-0.3546091495358423
-1.885390289689382,0,-2.727759277215122
0.33300956925022707,0,1.6555864002343283
-1.9547898536439101,1,-3.2076381419523865
1.1494878325970919,1,0.3303575185091536
-0.7742687091865137,1,0.40131501130182357
-1.8389679879630716,1,-4.633898077665771
0.35340888393261327,1,1.0589732669627585
-0.40926234226778124,0,0.41799954360101
1.895201653428598,0,5.079218810692528
0.17679465001480876,1,0.5087681850102838
-0.8990432758519669,0,0.04514652274070646
0.8377554585358991,0,-0.5673053828878236
-0.9140319898291547,0,-0.7382431801910816
1.6169731656302604,1,1.2886853762872845
-0.5011121179704943,0,-0.25770759381469344
0.19947425110482087,1,0.39865938439863297
-1.7977075847030846,1,-1.9056732784978943
-0.2955150481910769,0,-0.6365004183882247
1.3294541586439799,1,1.958216137127639
1.2225952214533677,1,1.280350369917895
-1.102725764585895,1,-0.3019589203065997
-1.0956837159577493,1,0.12266568169847544
1.269221248852947,0,1.0628315257868792
1.721593680677302,1,4.012476711179765
-1.6185563149079858,0,-2.2407288865628754
-0.19976544229509896,1,0.3461287078405484
-0.6501828841430841,1,0.3817641194735912
1.4827538218297573,1,1.6152966860516775
-1.665900341279925,0,-2.671534353848211
-1.1554962297678504,0,1.2597658745203497
1.0098733503459774,0,-0.3977220293641812
-1.7948246040751377,0,-3.1695761591257487
-0.029858477142842954,0,-0.3875019731137083
-0.23157186128111995,1,0.44661930621308604
-0.6623952840450054,0,-0.4765580743565354
-0.42171073872430487,1,0.9417415934762023
0.11976234772093175,0,-1.7093162245215843
-1.3545305664464675,1,0.49455692479623736
0.2879835131343711,1,1.3445246845297458
1.2217293171999453,1,0.36891876278775704
1.0406437191606361,1,-1.005600256428817
-1.3844003812249053,0,-2.3037183998962307
-1.4030021210341044,1,-0.9235116375305208
-0.9273025290203467,0,2.1816028219722874
-0.5557010946358512,0,0.4574556860873598
-0.3661776743660696,1,-1.1321393153362649
0.7187888673333811,0,-0.503971698361054
-1.7732782713366584,1,-2.1412632317469535
-1.8613091830957345,0,-2.9705431035303067
-0.4323577482243639,0,-1.3551598738737487
0.7886547685519218,0,0.11027207681808673
-1.2262586281740697,0,-1.6396079553292533
0.5660179250250068,0,-1.0130892007455579
-0.9606874482388021,0,-0.18372336243132176
1.5443444352540654,0,2.6155077076261586
1.582759777066466,1,3.5235495994700607
-0.810851182874694,0,0.307827278916972
-1.080024984147038,1,-0.4272692464151446
-0.35478411173507496,0,0.6922211101277945
-1.0378736592794051,1,0.45006516482953784
0.6895353731668146,0,0.29786479308276975
1.304258738193142,0,0.4976381850973127
0.692368523644868,1,0.3690756667139549
1.2974017889973979,0,1.165813626328893
-0.4120313511701035,1,3.1048992198685292
-1.3747321171645566,0,-0.9978026564278606
0.9518037895903686,1,0.5199455173031947
-0.5581019794337845,0,-0.9193076387612411
0.68508330091653,0,-0.3309984127172093
-0.9174242320729373,1,2.491210495332863
-1.6750814607733093,0,-2.749310422691998
1.9703271819510535,1,5.431461991605488
-1.3751939682776029,0,-1.6762830924861358
1.9536839758539242,1,4.689674240713735
1.9091197302657892,0,4.270866025657927
1.1752724156321586,1,0.9397786242440199
0.6376918483279903,1,0.18854732577310995
0.3112282010043388,0,1.673942941998596
1.4644061815113387,0,2.5547917800456834
-0.8422419135220482,0,0.49194113880280316
-0.12927515006049184,1,1.4861960658048514
0.4775598774660077,0,0.5140324617213776
-0.35523809652203564,0,1.9953613363096314
-0.2900541836389281,0,0.03170696533392445
-0.6788613299916624,0,0.4208348269561091
0.25692726673814414,1,-0.7424328359936794
1.402298112060464,1,1.2538068597050438
-1.1938864879747486,1,-1.3516809746668612
1.7377321550137657,1,4.597789810009265
0.7563506149929187,1,-1.6361988209596996
1.2930928507201207,0,0.6787732210439786
0.22476277052004656,0,-2.988029285787166
1.118066805696254,1,0.5675448810673385
-1.9351984106421312,1,-3.41460109262766
1.2735216991181408,1,3.1176064648989295
-1.839444563658534,0,-2.715304184262664
1.55965350545145,0,1.0638019138870318
1.9678509889545732,0,4.876153716244436
-0.8237301512928887,1,0.43836888372977245
-1.1587257748568254,1,-0.04031206937982143
1.0614534554321629,1,0.09528950647559387
-0.9878946363189871,0,-1.4720745911674271
1.4622495326888139,1,1.4381744438355804
-1.5886296313700932,0,-1.9581860609749782
-1.496179214482567,0,-1.5967519404137402
1.9166062204024623,1,5.764303571408241
0.6953555930800186,0,0.5531641278019422
1.3875488977158112,0,-1.3718473366435016
-0.702682490593928,1,0.7891627920903039
0.7059349980824177,1,-0.5741170426368193
0.3769673092343888,0,-0.93918657696595
0.412600480491788,1,-0.07704909284069761
0.7301298381508863,0,-0.4687260189258462
0.30143669251639427,1,-0.6614545082294379
-0.2837505227893362,1,0.8920590076971439
-0.8963092224778126,1,-1.0708363547461832
1.074325323652808,1,1.6766472693066388
-1.0949102799872552,0,1.5806662411478123
0.7694172246176567,0,-1.1016104580499602
-1.0666687094026934,0,-0.891328605430199
0.5013206798178156,0,-2.4604607982826416
0.9883130685161157,1,0.8817383882292313
-1.1251444443738432,0,-0.06947116369428974
-1.7602267965547669,0,-2.0063026919534623
-1.4761050280233037,0,-1.5307685994352087
0.4239878690841019,1,1.6273726655812633
1.3977856249029421,0,3.9115545649882426
-1.8200127150583025,1,-0.6020424890424505
0.936605036166585,0,-0.11171238269025063
-0.6347254161997915,0,-1.5789619171920692
-0.08588652032190991,0,-0.40646818729073936
1.7154381993822625,1,2.2770514303599674
-0.6721139810566181,1,0.9995381027360697
-0.1386522642420558,1,-0.4825262962164577
-1.9452703409572756,0,-3.7533485182233175
-1.6736051199806465,0,-1.505831504772039
-0.9656336354608639,1,0.14910239762014182
-1.8885910367157024,0,-4.314404512705832
0.5255013041930039,1,1.9473730760043686
-0.2944065727935099,1,-1.1917398234743342
0.19258081091208812,0,-0.3242238981050036
-1.3014112564146818,1,-0.44374144350501626
-0.8162718822535355,0,-0.2560322317331637
0.6552978994109004,0,0.32119354022447993
1.8612108945215993,0,3.8341557276084903
-1.7983329055911632,1,-2.24331286175198
1.5615372834210643,0,1.5357669490553987
0.30752480524483383,1,0.30695219729801687
0.25567826702249485,1,0.09684121805502277
0.0011141408310413325,1,1.487543325018362
-1.7224236563832664,1,-2.501522859365792
-1.6404925930553573,0,-1.3606888053879314
0.40364802263634436,0,0.05188261680815558
-0.6361657142577668,0,-0.6499851071880187
1.6690722663107227,1,3.643259836643795
-0.37363785056211096,1,-0.053534826253601175
-1.4268741651894357,1,-0.11435237305338064
0.8588753340081441,1,1.229508047716075
-0.8265863142359606,1,-0.17870514531425002
0.1018812294235727,0,0.5291635679583925
0.7913311420206801,1,1.4943574752184585
1.6010564448082816,1,3.909579033044814
1.1687647792067044,0,1.764419848578117
0.7054442714908964,1,1.3668067630531158
0.7185327295805743,0,-0.9421055771532565
1.7836985761283461,1,5.986077390551464
-0.8167036100138558,1,-0.9759888196321275
-1.9955516232152504,1,-2.3241058851648866
-0.9121817624072053,0,0.0517817380004687
-1.128434481493024,1,-1.1925965088780457
0.6473383404559927,1,0.7113316322780543
0.5348463990621162,0,-0.002253626455539115
0.37384553081889527,1,2.0317071313977846
-1.9350262271621852,1,-3.635995890371245
0.9151122178025899,1,0.821226375684679
-0.7058783500580339,0,-2.511926576626484
0.6602239560265244,0,1.8786571756516635
0.22631371400861333,1,-0.3646725867563916
-0.6290762982883713,0,0.2024364841497705
-1.461694931583569,0,-1.6629014978185912
-1.6223244093580762,1,-1.5329283719372333
1.3260733324488942,1,2.6757923915945825
1.673590168326232,1,4.715045201826641
0.5991521870571983,0,0.35903649755628786
-1.5862635405580665,0,-1.340625538907199
-0.3918911324470371,0,0.298798479294113
0.9157568004206289,0,1.4015130660906836
1.1192835360402724,1,0.938200384121779
-1.5271255108356456,1,-0.005323559049685844
-1.9998771246184703,0,-2.8887629273575888
0.84854818352242,0,1.388028788453417
-0.5736152960551775,0,-0.7545174806581467
-0.982074673526959,0,-0.6419287406623636
-1.9484101208418982,0,-3.4589096295306927
0.16119762704599871,1,-0.668747710857025
1.404602941703927,1,3.680497398308882
1.8305265850903516,1,3.7546129489505997
0.2629798024531569,0,0.29302151569947377
0.05784531095957668,1,0.12309233779184514
-1.6597744580430356,1,-2.913093430900614
0.19549120617039906,1,0.09970563983185732
-0.4800836841384215,0,0.16387926135287173
0.42854112353430773,1,1.412779064580205
-0.4450946084938132,1,0.8177028698571787
-1.038803506198533,1,0.4862309753499289
-1.620138899086494,0,-2.4633372117084926
-0.7403262216444171,0,0.2933684896425227
-1.6134206628489909,0,-0.6171359616392704
-1.2924121967040643,0,-0.37458752855261634
1.9493446343181837,1,5.213242602404256
-0.2235857723735255,0,0.28842780611784663
0.1274870660200662,0,-1.5021190490171261
1.4944741149488614,0,0.6242522276161897
1.9822756019627512,0,4.349469091199896
0.3308577973787261,0,0.007169933786409491
1.2498952841766866,1,2.116159979321495
-0.6922359026532989,1,2.2105669681404914
-0.7770241702108356,0,0.49146539366261627
-0.3891851160217592,0,1.229412233332013
0.6900290506945965,0,0.25895663689776927
0.7287667570203951,0,-0.6136913058253692
-0.7390422614021968,1,0.4403075095469676
-1.4671603034534852,1,-1.6838266327162414
0.5295850258620343,1,2.3325587442854965
-1.486696551244942,1,-0.15260681561714817
0.3139700329173203,0,0.5359876370995107
0.7736885122252359,1,2.1675058195833605
0.8024459855778066,1,-1.061701081637018
1.013888442638387,1,1.8092612880214074
1.4914376862626582,0,0.34812104770392516
-0.00016403214084625972,1,0.692744301532132
0.9209967581182847,1,0.7789032632018228
0.4766909414633469,1,1.41589686725505
-1.2534402408092697,0,-0.7564604869003856
-1.8972414205223673,1,-1.3694667958388587
-0.8618344572922649,1,-0.22196465209062965
-0.22786517464952238,1,1.403198720559205
0.4684237777146252,1,0.9136141852425976
1.3998373220128215,1,0.4362315122186575
-1.2150171331753374,0,-1.815461085190666
-1.4978008404060916,1,-1.1299667462563954
1.85391978989731,0,4.298270838579473
-1.5678217624943716,1,-0.7631809046462639
-0.08603571957124334,0,-1.16781924831825
0.3422549151732075,1,0.5797293731442366
0.16549768362975303,1,2.720072896812922
-1.6558713718682272,1,-1.4589018019217856
-1.7718923439855225,1,-2.408844372633062
-1.5780662901558573,1,-0.7731842477301207
0.34235073549045003,1,1.4834555218492924
0.17737955053728438,0,-0.4533778562969854
-1.065036831853023,0,-0.10146270370847565
0.5510965673823662,0,-0.2452034365322515
1.2802700082225975,0,1.7685673140236617
-1.833684160613625,1,-2.2130944532430252
-0.007480225807830365,1,1.1819676177794445
0.7572416484107611,1,0.15792328121609367
-0.9907522917212517,0,-1.3075427063848428
-0.7689163788274036,0,0.7181931675442095
0.45455161195753524,1,0.6675627019855732
1.5917411737749476,1,3.0014842674407585
1.2396976812115974,0,0.6462194748438619
0.33252087639833405,1,1.6171102128179853
0.9208868710289968,1,0.4826610772030431
-0.5407101191688053,0,-0.2146442546624434
0.5638621123950309,1,1.5756301085434266
-0.13527363548977211,0,1.1717300159813526
-1.2402554541697564,1,-0.7776605919098537
0.8069530955090287,0,2.2224171363647085
0.22585854939528804,0,0.3190024513783766
-0.5655136721856344,1,-0.4333555135022943
1.645356760314523,0,2.5962060286661046
-1.916263528693067,1,-3.201322204969139
-0.736907395002016,0,0.2339861514493786
-1.7724744088894138,0,-2.827117124416615
1.0661092648865087,0,0.6801377029950231
0.8084298164551704,0,-0.6474151791036323
-0.6745911250547318,1,1.5365670644524894
0.7026516088282921,0,-0.9826710427596205
-0.41625109521620063,1,-0.444825763055969
1.0250151656897373,1,1.605829562180281
-0.1832653490531757,1,2.299766654929387
-0.3508810886733378,0,-0.3741929050166916
1.738919661953204,1,4.0300811210778695
-0.9964836004371991,0,0.578596250349175
-1.5182106400137383,0,-0.9350256539978334
0.3381724530378327,0,-0.2918714855056303
1.8772872491367156,0,2.216928105276181
-0.4886431450912534,0,-2.2658847463025515
-1.751852945484874,1,-2.2510489836577867
-0.6427789307617302,0,1.0453005692141508
0.023726617278233775,0,-1.1241593062842496
-1.3523079734711452,1,0.16370213224340757
0.6324088722259682,0,-0.8236894174643984
1.9909975560408024,0,4.052300679826346
-0.19304209607422473,0,0.7041947330869606
-0.5810857730791494,1,-0.05760034421994342
-0.39718333266213346,0,0.1391559318622437
-1.5394152864191954,0,-2.2391440662988553
1.5330944057048952,1,3.206824690645664
-0.3406973779145921,1,0.9155439949533295
-0.45090235430063474,1,0.710670534328865
0.6387610917218973,1,2.388662247443088
-0.2318663162755059,0,0.6560733452394517
0.5929338752313842,0,-0.5861228128002467
-1.75421483947685,0,-2.784959989871099
1.2548933748889097,0,0.9121775179983226
1.7620158115176103,0,2.8155845709858935
0.5950615446375438,0,2.629864399998631
1.818263715435243,1,4.0765172166929355
-1.3942707425201468,1,-2.691127390305981
-0.09033524207858523,0,-0.5431675600993373
0.40722693578178903,1,-1.1986060970213308
0.32694658968474677,0,-0.31232393081408494
-0.39415288364382706,0,-2.017927335109899
-0.6476623625349545,1,-0.3074268148730833
-1.4927039097983248,0,-3.183716805104848
-0.43303019775088725,0,0.34356031625600786
-1.3493567395780595,0,-1.2278904619720963
0.9374627059688736,1,1.4149004472065136
-1.16467625802164,1,-0.19447604814518948
-1.7657387788618646,0,-4.146937451466119
0.20946455126893726,1,1.2181165395566007
0.3809189308776064,1,2.6498600824128866
1.487652245122022,1,2.7553810154441725
0.30792644967072746,1,0.2886739932638396
-0.6180765851062171,0,-1.546125572077943
1.212047526105282,0,-0.017782182872742913
0.16111557274968424,1,1.1551307939404276
-1.682878861475233,1,-0.6099068184373
0.2634022412529866,1,0.9700036960216796
1.6320741816866495,1,3.673537653104216
-0.4147494980071178,1,1.3720062315310364
-0.8146967924007997,1,0.9361646886108714
-1.4261221719279198,1,-1.4087146657137868
-1.3942179122585707,1,-0.48114726174127365
-0.26891406263272444,1,-0.15810103359101157
0.38271929664611815,0,0.045458177572993724
-1.677538379321593,0,-2.029546214303233
1.7582743561006628,0,4.3966616345193525
1.0205344697807837,1,-0.07829344369474511
0.3464956731346507,1,1.202307636573752
1.3137546837559633,1,3.3149749391625773
-1.6792529727515468,0,-1.608807025678982
-0.09264448906750244,0,0.8325478589374612
0.5203725074466536,1,1.358150099148222
1.314611624473157,0,2.4342928417636407
1.1338782401970708,0,-0.35857595751888416
-0.8917230011464015,0,-1.7404623155983974
1.7635206782368171,0,2.7359450839766555
-1.5026166342765186,1,-3.1575086584563214
1.5005344744846085,0,2.9199502983815977
1.8837609984184742,1,5.263030420518364
-1.2913859071094977,0,-1.5101582050759104
0.8882642568151411,1,0.6796555995535518
-1.8388579248880061,0,-3.181303160123247
-0.3783086994433802,1,0.7249493580755476
0.06513319679069607,1,0.827312077559913
0.3225809036385363,0,0.5750157395834878
1.743748992994238,1,3.178448033537015
0.6890027491767787,1,1.8067366456235294
-0.074888195123052,0,0.4457377815733642
1.2387001450635573,0,0.3433537103023325
1.8021312838176358,1,4.961482976399269
-1.9117354052708366,1,-4.151697515012612
1.9300850890241548,0,3.5028381322981534
-1.6554714437452787,0,-1.3015632825420176
1.2575471170750454,1,0.9712849637507945
-0.87866098979435,1,0.6703726755306259
-1.471281368984513,1,-0.34907888981462354
-0.2405774411446604,0,-0.8674858790301874
0.5758263177904541,1,0.7229873590832144
-0.47619261990609996,0,-0.210494409275684
-1.7817383668692042,0,-3.379883685366198
0.39784455863486645,1,3.0331603286726176
1.609613104442699,1,2.022030200061383
-0.4671385362109932,0,0.9539611792867815
-1.1346688894766919,0,-1.1232290737343475
-0.22969061626873843,1,-0.3926951722942106
-1.8065491558048765,1,-2.1451306014007407
1.2819503379210992,1,2.402469841902332
1.305363243800747,1,2.7326615657847038
0.35200185371851367,0,1.5840725591815918
-0.5875884442464421,1,3.5438108439771234
1.1991334577831334,1,1.8126438238535685
0.2187480991534687,1,0.04214145438652028
1.3037292342000648,1,2.2608550804396876
0.5258351703320825,1,0.5064844524076666
1.1376218928511892,0,1.6621119117748473
0.39425197287103986,0,-1.266524093944026
-0.34343572713733517,1,3.0480807468840916
1.8317834397045503,0,3.929259170355579
0.16445529951537896,0,-1.6817801261501033
0.42035807416215354,1,0.028109924908065742
-1.118049442341003,1,0.8172808252614224
0.5026031577091059,0,1.2398253314549712
0.2864305979317754,1,-0.5604878878665482
-1.2606464082119002,1,0.41129770405772137
-1.7616516105874251,1,-3.9809091197862676
0.4174372788590843,1,0.6470341676496584
1.0547690774012821,0,1.698782080046095
0.0936054836880329,0,-0.5511056451072011
-1.0929094987214172,0,-2.159635815173001
0.6660879067721397,1,0.9939774394621067
-1.679577093561591,1,-2.2737449006016477
-0.23266518079218157,1,1.323260923904249
-1.3465329664063193,1,-1.4060602494458339
-1.2621637957604666,1,-1.07798660694539
-1.1908242033671854,1,-2.1653337653090707
-0.4531717718240884,0,0.12341197881354699
-1.7953991775184095,0,-3.0546020447542275
-0.40882623628360726,1,-0.522550052708999
0.04682978845880337,0,0.19385006331120838
-0.06682286013469918,0,1.0269211087646588
-0.46886359838783775,1,0.43289619354593956
1.35658643228301,0,1.5164480986466513
-1.4186932303179836,1,-0.45438393100697216
0.02278697512549588,0,-1.2043239111534356
-1.7518343321737828,0,-0.6315369783349012
-1.715377284488361,0,-2.994615151681928
0.2954633987083852,1,1.369012975340647
0.2640736995512838,0,0.7784228562260622
1.5121340513778279,1,2.289189468770565
0.2314947026402927,1,1.3129979021607403
1.8391640816194008,1,4.056328022196629
-1.805220606400281,0,-4.359085563250087
-1.6079692608770357,0,-2.411027337963697
-1.8237365537184744,1,-2.945438485050221
-1.25889259866584,1,-0.7592981929082154
0.16508044376671238,1,-0.6017538286124327
0.582288725709712,0,1.2251491710245028
-1.8176593682053248,1,-0.7006766323010729
1.7838835593823972,0,3.8163762786345585
1.3686615066015242,0,2.5524410772239525
-0.8135500713716275,0,-0.6138644747725236
-1.6912498790941282,0,-3.0550199656547212
-1.320451707123771,0,-1.929752032594347
-1.4922223449801093,0,-1.0173213629226319
-1.5068648828042126,1,-0.7837121229652256
0.07424675466293573,0,-0.0770170659895593
-1.0166102300263988,1,1.4698170581643644
-0.5674411338834222,0,0.3135863272293124
1.9580213335372898,0,2.9147200014369883
0.737256995701379,0,-0.4805415914652975
1.7959226681880054,0,3.5782223192694795
-1.4297737798675376,1,0.2803231392121428
-0.4714421006697229,0,0.4992894245432105
0.2189272131294171,1,2.602135242715608
-1.692967752445048,0,-0.7911339711262018
-1.9832502254881685,1,-2.7593048333007966
0.6817373351876701,1,0.019843437526819607
0.5672780672057414,0,-1.2187112211373314
-0.35684476000155296,0,-0.4101017266442604
-0.04142369587186945,0,0.7531779064886167
-0.3382279976316416,1,2.5073007459085277
-1.9039798206204446,0,-3.033648866837729
-0.6585135751301503,1,1.725943838518989
-1.2916709784108407,1,-0.6228284041275731
-1.606303243594525,1,-0.7495308095036818
1.8268817355573992,1,4.571962871837351
0.39743890016866246,1,-1.248205012672066
0.9146251369464107,0,-0.030878939116041504
-0.73854502693553,1,1.448281150882329
-0.4274114820239392,1,0.9354284479949846
-1.052304024413106,0,-1.7791461955719785
-1.612137316138301,1,-3.825084118362714
-1.2838734502336648,0,-1.4239049725982307
1.1900561811859434,1,1.4711131500063725
0.7101832207351033,1,-0.0048288717145444915
0.1877155039419076,0,0.1463922129979833
-0.09964050853292772,1,1.2058921202430128
1.6897371346244978,0,3.0829656911826446
-1.7090602088853264,0,-4.851904625146506
-0.8775967470483361,0,-1.6522370960639934
-0.6002485857171438,1,0.2872430597349532
1.1297032488511514,0,1.2930533979752594
1.9700584806478854,0,4.312260959975762
-1.0373179409713877,1,0.6137781083239251
1.4972293365483225,0,1.2947483305429677
1.3224910417271651,0,0.82887344354897
-1.1013704094329335,0,-1.3963196615656674
-0.4026696792031097,0,0.7355491192712215
-0.36130852282992354,0,-0.9440720903032408
1.9128826741062332,0,4.349770139882889
-1.2764323944844067,1,-0.1319794292368315
1.1966318844191282,1,1.5117007923504895
-0.6632291433075603,0,-0.8025786619421926
0.9234813831046416,0,-0.9617611504381591
-0.3199559828173486,0,-0.6640299962687537
0.3134390524661601,1,0.3853898907181554
1.3304470933045245,0,-1.1915191177316224
1.2166622599355366,0,0.7031373747363439
1.4656927341588006,1,3.1986983802848297
-1.761530698621364,0,-2.165788520054707
0.7682022121589793,0,-0.26953450825568614
-1.4400504931129485,1,-0.7462127608703895
-0.336725727926356,1,0.12474573926969024
0.1943536602187539,0,0.15243142728878792
-0.389042061012677,1,2.2106663411399587
0.07844670321202996,0,0.9687401786295773
1.9861052351944766,1,5.13800356903378
-1.459130745148581,0,-2.046175211366138
0.7018241813457022,1,1.6227826632884979
-0.41599613445753914,1,-1.022871595949403
-1.4679608043706849,1,-1.1340144000909835
-1.3650529465027619,1,0.011912374712640394
1.7970924249824676,1,4.342313212951938
1.518405986847048,0,2.420270069409459
1.6281678416600873,0,2.452910601280851
1.966131103309546,1,4.304483521720154
-1.1667384399659282,1,0.443847942177202
-0.578242650543753,0,-1.0495329661381738
0.6768761196994668,1,0.010381951888601804
-0.064789840557411,1,0.7615986915441235
-0.32644186648666595,1,0.8558041194862155
-0.5687550026576278,1,-1.217606253410674
0.37512252777380883,0,0.4815394225975697
0.302373714560328,0,0.7865513716067759
-1.3541686637430397,0,-1.3189040481535839
-0.11304064992624374,0,2.3737440559155116
0.21388710483939954,1,0.02195731455517891
0.2811477549255619,1,0.3500243666317441
-1.1595712283505928,1,-0.4746497932811537
0.9690855690091471,1,1.0788595227954998
-1.8992036207157215,0,-3.7539142264162817
-0.5806725778273494,0,-1.5047063210826888
1.1208505941425342,0,0.15751739750728788
0.25557168422160936,0,-0.0892741225211513
-0.955350269956559,1,1.4926007863527604
0.7798124773721908,0,2.4393481813622184
0.26956377662429354,0,1.345267773850804
1.1849744378255487,0,0.05657044142221934
0.9401007447592935,1,0.4196159307891174
0.4404316881449386,0,-0.11661109223776531
-0.047289298756743925,0,1.7845060128496386
-1.4672714973299064,0,-1.7448579255183467
-0.9546679284584649,1,-1.0625452996615552
-0.3236021083316589,0,-0.5181206722503158
0.3971971480255547,1,1.4883880199234911
0.05483142086121928,1,1.3900227018104105
-0.8472618961618821,1,0.1956787048608764
-1.9741425688411578,1,-2.4634379154988633
-0.015043112396744274,0,-2.273173904639126
-0.8574960457510277,0,-0.2114289582989391
0.9384332028421403,0,1.273904247835675
-1.904214938918066,1,-3.585237839110291
0.33931124522316347,0,-0.8168057248025555
1.7658969500242616,0,0.8869313417712958
-1.302362931554002,1,1.1853946690058679
-0.11340203699761853,1,-0.020883153366612173
-1.6343120327314473,0,-1.9415606832885721
0.5027276490454105,1,1.3674455000743386
0.20212672238490237,1,2.2161969141785054
-0.37053790314867063,0,-0.17933489305862071
0.08550808589496484,0,-0.5391171919176626
1.5862986338760408,1,2.8689036624341906
-1.2148227907557319,1,1.0876659328878198
-1.909741953178611,0,-3.652696151253613
1.4466595387964039,0,0.5589326903888014
0.30846832955162595,1,-0.8260820095104774
1.5626338218473697,1,1.3865413604228523
0.3877808936526903,1,1.5935475836228996
1.24064435983881,0,0.6341744476304481
-0.28130654657940823,0,-0.6186512778804933
0.9994397251530751,1,0.483192835319589
1.652165867559424,0,2.339964837107158
0.2884918548888251,1,0.4725501414217312
-1.2768593977504819,1,-0.6140087218367366
-0.9248095398792073,0,0.953841758643831
-1.2054216924103769,1,1.3622524360231096
-1.0125718896170683,0,-2.1291175794561314
-0.7743382025958545,1,0.7954462727398082
0.2205351470127539,0,-0.7714991523654706
0.35196651785533106,0,-0.2264502321266754
-0.2940010110325555,1,0.9965721620418286
0.4616831192833417,1,0.5364842622081198
-1.6737002975545363,0,-2.113785583445737
-1.6488470517673601,1,-0.8683872308485657
-1.3126821585693662,0,-0.8363871237487762
0.07230999216137901,0,-0.6466472592754071
-1.1440212852067457,0,-1.377838384822283
-0.8668623860296907,0,-1.7654073383834956
-0.3987486553080237,0,-0.8856209133330494
1.2474644960415193,0,2.9327003203088466
-1.9445514563485595,0,-4.468450695755568
0.5975152809464896,0,-1.086715011956933
0.6755061241627414,0,0.47404746300576067
1.1946231214265461,1,1.4420731447462356
1.7310117562412528,0,2.3978100479238305
-1.9194486042028407,1,-1.4268499109316115
-1.3848651779471353,1,-0.07885624615456288
1.5446851762239722,1,2.0128568721416813
-0.16592575125193854,1,0.27324000203347076
0.258362555733854,1,0.2060364927278031
0.6521088148925895,0,1.0133929236302364
0.7162664179825495,1,0.5755881659531639
1.7269616132660328,1,1.482088558542121
1.9877976696466786,1,4.578912121299508
0.880629843723761,1,-0.4955578508853644
-0.8511151631793967,0,1.8759579573899594
1.5190096091773744,1,1.486806023624831
-1.8031163418369536,1,-2.3930364231010373
-1.0756765885020152,0,-0.3641192649925381
1.5895428698548595,0,1.7194483315817197
-0.9752339422425802,1,-0.05379375603024639
-1.1173957615130061,1,0.42425203627144986
-1.447498827439011,0,0.009777933079404333
1.436447030587666,1,2.9494771702895095
0.00023303676434682785,0,1.4785138785798704
0.6995728122166192,0,-0.8754328995393931
-1.0437344636998813,0,-0.2511499427939868
1.032161684044866,0,0.7050567726100901
1.040022179848394,0,0.9135592770302099
-0.7496079003667995,0,1.165625131771339
-0.3572694679588686,1,0.45640964968107667
-1.1612388902791966,1,-0.4884546142818483
1.9062440932916171,0,3.9974038021152625
0.5824103082336465,0,-1.6794254246900735
1.7381755228620621,0,2.388882955317925
-0.7864578254834673,1,0.3225839714146693
1.127563651987559,0,-0.2035665215365553
1.063434575538968,0,1.6583744213591323
0.7666226074661662,1,-0.1369643458245583
1.8625559010672017,1,3.7948367790211592
-0.4257786555747378,0,0.2545630590730153
-1.4771307056409708,0,-0.2580353500938837
0.686835436976243,0,0.15144844155523807
0.9172392019088247,1,2.022002992718663
0.3002422938352587,1,1.4141281333698354
-1.172728427466415,0,-0.6829644353000105
0.01782376667742147,1,-0.3895105770870161
-0.7512410537234824,0,-1.6465672336804191
-0.29013388733324375,0,0.09429400373316692
0.5808743033786556,0,-0.4446990350500162
0.9808589707633382,0,1.3910956098910794
-1.0711012363946275,0,0.13144186269035452
-0.3786985574121866,0,-0.21176606630946976
-0.9233537160334833,0,-1.5513303421051932
-1.2054735445525235,0,-0.36514131606096956
1.1335488799833535,1,0.41031777125002344
1.6370107777479697,0,1.4349703266667144
-0.5190712572616931,0,-1.0493437125591454
1.0051156974950675,1,1.069211846783764
1.5879811574576443,1,3.872385796814072
1.3844968421209263,1,2.0218827131351116
-1.2687464458430964,0,-1.464380398706511
1.8251675260534452,0,1.5144174089776195
-0.49329423828215013,1,1.1921056707136732
-0.6430373553046547,1,-0.21335162754456627
-1.7502746908888787,0,-2.5634319401926495
-0.05530538358046799,1,0.3456968031972447
-1.5639455374362852,0,-1.0744700283702395
-1.005840716290296,1,0.033951262960827344
-0.7322295129308745,1,0.4447775358274425
1.2353052939667362,1,2.128272220616472
1.501954601583586,1,4.501045562393073
-0.7901347301541213,1,1.3418012812131768
1.4347924849782956,0,1.388246943658066
1.4289237494791642,0,1.462002737542953
1.058603801539494,0,0.06829848492789958
-1.4132195439392738,0,-2.361229306118852
0.7612913876029159,1,0.36785797338706894
1.780096258322275,0,2.048184538330272
0.7301619150686283,0,0.8480063393151718
-0.6735326035686642,1,-0.5239676002085479
0.0023172697233251327,1,2.033210567601611
0.5829001734042145,0,0.8510731408903078
0.042281634914014266,0,0.020539523581868502
-1.5201882330761207,0,-1.7562378098711255
-0.7517438213919174,1,-0.06969358259256586
1.20958412221453,0,1.1549518952253537
1.4456721843820697,1,3.2987968118975237
-1.450799869137719,0,-2.229992941349406
1.8095470095948984,0,1.4292529053543965
-0.6847095286055627,1,1.2427130503351744
0.6492549549228799,0,0.46120684293425407
1.0073005838267246,0,-0.6091677833596041
1.2477849385515336,0,0.23798877306423083
1.7829988089037205,0,1.9750478895520338
-0.7483218078847096,1,-0.23405696044367513
1.434025818206218,0,1.1508041365275323
-1.4732523862551719,0,-1.865374268196904
0.8201636254143709,0,-0.37494458954220533
0.9679109180559435,1,0.39523060014287803
0.7108929648052817,1,0.6508472209903939
-0.9907410554593881,1,0.38145175646511875
1.4921725880608134,1,2.044923562403733
-1.32456614651842,0,-0.0032923871947945216
-1.7854608339166766,0,-2.3378211475624404
0.8698599624476486,0,-1.2617533229034077
-0.09809713906906525,0,0.5232557686408744
1.3963920798347043,0,1.9669640097019363
-0.4664114357669642,1,0.21453354689657467
-1.3268856459691487,1,-1.9632719508380774
1.345768769879479,1,1.9267233503920267
0.19563852656028669,0,-0.0039646746364137295
-1.2432168304385804,1,-1.3823967981770255
0.881535994345783,1,-0.4086958891681627
0.04445455395800213,1,0.6124903792550881
0.4172519289612793,0,-0.1967555843307457
-0.15640664717367248,0,-0.41917845629913353
1.3148359352720256,0,1.0531291986016291
1.3182508627321994,0,0.042642136113570484
0.8375552872975449,1,0.5589514264454966
-1.578394490414151,0,-1.4328250851778939
1.3554154476162754,0,0.8950813663019088
0.6840519221316392,1,-0.8119292789052504
0.788096664017198,1,0.47204970373365035
-0.5480686383845135,0,-1.1524726819517856
1.5171182246280268,1,2.7130721383213734
0.9014864009394299,0,0.6851463648373168
-1.5496381338832221,0,-3.519408354495976
-0.3688878623753493,0,0.7339141622793813
1.5455214478405668,1,1.4336582049862212
-1.811213193210484,1,-0.711654019865295
1.845666478568198,0,3.094841092015586
0.7166502732782511,1,-0.36236214650844256
0.5255039105735064,0,-1.0694259726343498
-0.9177629740480344,1,0.6615845196198666
-1.0048328450432917,0,-0.8985842484890436
1.7682328779543819,0,2.6676665534601303
-0.806910183063509,1,2.050088991217308
1.1020211868759975,1,0.6699311346533724
-0.4275128071716834,0,0.020895198267020465
-1.442983716861184,0,-0.08244730837656711
-1.9571388092185642,0,-3.4777912551165118
0.17702934806100323,0,-1.603828739461211
1.9031152741957307,1,4.65178589567873
-0.5234552247631821,1,-0.5347176296635943
-0.5712306640278206,0,1.3136099687605387
-0.6236335286022316,0,-0.944138999928906
0.0821753492194337,1,3.6697869641025114
-0.2373404663028258,0,1.4606912351216987
1.519658506908058,1,1.6581082177806477
0.02208316689396117,0,0.020019189609315285
0.031031352754275154,1,1.4536592223741835
-1.4465136211177736,1,-0.0296832739573063
1.9309581636415438,1,4.742221013873159
-1.0001084365246813,1,1.4519963645407308
-1.7065437301615893,0,-2.6079453490187356
0.6525849959008352,1,0.472239596361568
0.38146548062749064,1,0.3808906609040391
-0.3394173840290171,0,0.8388220845652791
-0.31123106447728777,0,0.35010737670871134
1.1402556841857248,0,1.0325542082404946
-1.2171494396014038,0,-0.10634044803661291
1.281013275779559,0,-0.9999842094604454
0.5949884555800726,1,1.1153851309741991
-0.3241209048819025,0,0.20154373160216477
-0.16788553366452552,1,2.3664421080463933
-0.9734111712556168,0,-1.989755789171611
1.0084573307878992,0,2.069980220686089
0.051498969221071,0,0.07547742026142276
-0.7165818290006256,0,0.3050109017935111
0.38420046304380095,0,1.7042747019780933
1.9829378082052922,0,4.459258988844952
-0.25895088137378464,0,0.39168624141515745
1.6827656031144782,1,3.3248349280968936
-0.6199326403017356,1,0.09739670038807918
-1.7810691723000565,0,-2.8534495255502597
-1.1830315745262845,1,-0.8433767936951765
-0.3252194266892632,1,0.6382342491809703
-1.121460285621724,0,-3.041145954527197
-1.9990918471269779,1,-2.865513989044745
1.660006150990109,1,2.8654361708130995
1.375517644923716,0,0.9650695122132407
0.9691689259477885,0,0.6749226522348863
-1.3287416174158855,0,-2.6065466516753615
-1.5185456951600558,0,0.17840121480666848
-1.7295810021104674,1,-1.9897453888516525
0.8961167550916849,0,0.2139577526332093
1.7152318427515412,1,2.2577272181932666
-0.27785671634785203,1,0.7132205081902955
-1.5234373120158073,1,0.3191165829855036
0.049571282928426275,1,1.7359771154884913
-0.6046723701654795,0,0.7438949723111733
-0.5007003026000092,0,0.48363597020274707
0.4853224966228291,1,0.3986133995192802
0.8748724530488095,0,-1.1153486878874523
-1.5575856045073566,0,-2.090446896098257
-1.8576390767740945,1,-2.741063234309474
1.9773212107428595,1,5.614258854412618
-1.0690866043377927,0,-0.3015637761567442
-1.7846779003661637,1,-0.529855139506749
-1.24049868361632,1,0.9430259135287367
-1.8441686146061431,0,-3.5924654996194127
-0.43275642153131333,0,-1.8356521012225098
1.209607137805297,1,2.9704932297306446
-0.6350222009691175,0,1.2313478572826089
-0.2232663724865338,0,-1.3717762678019645
0.7023470942697552,0,1.6824709248747542
0.035576280279520756,1,1.082139684538418
1.4457827440852968,0,1.6717364726953918
1.464142700183026,0,3.1841347440638983
-1.9603572180353854,0,-2.4221416351571725
1.1121852259327967,1,2.0391930332489694
-0.15706559903330453,0,0.47127969287257243
1.9553621652146522,1,5.0545004194482885
-0.06707169649825939,1,0.2997917013323098
1.94758378155319,0,3.6385716137249897
1.0182774448229464,1,0.3256031630509647
-1.0055804615467747,1,-0.14145726727780755
0.1535799171478307,1,0.33517735003109617
1.968542557914331,0,3.178903125171137
1.4301224310076948,1,2.2992255735529925
-1.6105324248351156,1,-1.712692182993732
0.8254879872399843,1,1.4834910320706864
-0.6176816565167478,0,-1.7401528486974536
-1.9720709524786075,1,-3.248109711294156
-0.38607612389200163,0,0.10277839558893972
-1.0609823131001148,0,-0.9077943650628026
1.2754770820818861,0,0.8651070078830974
-0.650677564616938,1,-1.0229883650778397
1.3100947758152683,0,1.4807665894853153
-1.9976082446608188,1,-2.6380606400376396
-0.7687233998955234,1,0.9664042572343858
-1.0353391427689522,0,0.48382299603851087
-1.065730555725556,1,0.2963110186314307
-1.7272535209381492,0,-2.0978669776812753
-1.251502918357993,0,-0.8239984633237953
0.2221982795424795,1,1.3930359147016698
-0.8345557086490221,1,-1.167856664269486
-0.3304208706834082,1,-0.21161830492182598
-0.49253247861124594,1,2.2271583628560725
1.5036196999995783,0,-0.7606898308713652
1.6211959960420619,0,1.9902977049370913
-0.028172113376559782,1,1.8722637799560213
-0.6793761987375824,0,-0.2500443937753578
-1.5727971839905455,0,-2.3503181767022
1.81361151752838,1,3.812075151134806
-1.7590922203988102,0,-3.074792448017887
-0.8093988897268782,0,-0.23427986347944335
-0.8077351953199834,1,-0.24687885533420434
-0.7183948554391404,1,1.623295799825881
-1.342852626910363,1,0.9125132878033095
1.1326457236947887,1,1.2931375387793387
-1.5100085521360431,0,-3.107994170444991
0.5396266366126512,1,0.25472563342913235
-1.5046158931767302,1,-1.1871152883057157
-1.7178574496281738,0,-2.02918918019607
1.637718014743506,0,1.1882651399123616
-1.2394849347251773,1,-1.0212868654675398
1.2850006182388172,1,2.2715897316366305
0.17852348442854327,1,1.6417536603998333
-1.6885739215649216,1,-2.3288941652216826
1.82179276575227,1,2.3899832590914007
-1.01215533203243,1,3.4656626771061134
1.438581381410426,1,2.9718881113542306
-1.3247599768617433,0,-1.4294733528290398
1.4157715285674115,1,2.987923887370858
-1.947084748378824,0,-3.8152911095663704
0.04712182627792272,1,1.567209205318798
1.0777703176862272,1,1.485356193860448
1.7391820699711333,1,3.4215710965757555
1.6368085448259482,1,2.7790395648117903
1.2784994781905796,0,-0.4024886945450381
1.5527653986452163,0,3.81001599560891
-1.203121256651694,0,-1.8122933858769774
-0.863262817153085,1,-0.9816850963369124
-0.844125900315766,1,0.18639978018441156
-0.49178427599320473,1,-0.32094126332570905
-0.4267173184592452,0,-0.09056277166663089
0.17822129861870195,0,0.6905942550811519
-1.3604809465342345,1,0.4362400905374987
0.7649866551439573,0,1.0385675697109669
-1.329733842781974,1,-0.7812444878469351
-0.7587660715818099,1,0.5311711684420337
0.013380522424616181,1,1.1078802487110222
1.1857622460939092,0,-0.9241775309273393
0.957876932954909,1,1.7100242581276515
0.582137425642089,0,-1.3586607630504377
-1.3769069576793194,1,1.4351263948898247
0.18818138246231086,0,-0.4011831231884032
-1.6502139928004582,0,-2.431811683635836
-0.49054729281339693,1,-0.12872892698069183
-0.34593387884016336,0,-0.6506690284834606
-1.8407542422169847,1,-0.14449034485848067
-0.9040476021201127,1,1.2709297017293144
1.8225978690659574,1,2.178007760421345
1.814530431318758,1,5.191402391096961
-0.5906917829898428,0,1.090191136958875
-1.8275995642067038,1,-2.633413543172802
-1.2836202426872738,0,-0.7508013539438017
-0.4311288262658395,0,-0.05501148199554385
1.7911187918769191,1,5.545629847528164
-1.4352037458512603,0,-2.274413553677542
1.054063374672849,1,1.431568954032796
-1.5652698425012317,1,-1.6456554219359025
1.9250303095651073,1,2.83379213435812
-0.4735340035634601,1,2.838546936033093
1.100938155596224,0,-0.5143623740581409
-0.6296356687554727,1,0.7953224666816786
0.5106755086352348,1,-0.9741112074535613
-1.231935661039853,0,-1.3339036480659903
-1.4159159228121498,0,-0.997357972375802
1.7522565582725251,1,2.5653329574523074
1.6705891116177338,0,2.9179986802904363
1.5498757608515294,0,1.5924487171668837
0.5017338006663739,1,1.9232349448030248
1.233072844865113,1,2.9991852095252627
-1.7238522523545003,1,-2.4481018311701255
-0.6608438324372834,1,0.6324327940453587
-0.7451875009713751,1,0.6765512730914641
0.542581287810453,0,0.6992157563904875
-0.576168906117438,0,-0.0812535749014672
-1.4059728734252768,0,-1.1994243130248532
0.38586830165417485,1,0.48532032945607556
1.257535682676326,0,1.1095708119198517
-0.4715060221601073,0,1.2455280723720379
-1.4709251396060732,1,-0.2451788476688529
-1.2132472107487078,0,-0.19167537760774223
-1.050066779322464,0,0.14414738080722667
-0.8004096280218551,1,0.28979777782947724
0.5711802820252365,0,0.4119999459177731
0.40378193815087604,0,-1.0522574042991912
0.7843194462681566,0,1.5100474526873562
-0.5499920618739473,1,-2.16614433047051
1.2959906075199132,1,1.7012191121963214
-1.183649355376959,0,0.3117343367127139
-0.12383700992738422,1,-0.6648174913653738
1.2037548861657212,0,1.27191587671141
-1.279365409069523,1,-1.0277836489753562
-1.5605475450368682,0,-2.2690107252185587
1.534735870751959,1,3.453410286856234
-0.6282813489632164,1,0.7740538360136319
0.7354804996361279,1,-1.135433558909913
-1.898605582944246,0,-4.398380311555977
0.7601875536377984,0,1.1949862714649053
-0.7355947538121179,1,0.9499276892809417
-1.777036585650233,0,-1.0576799388966251
0.43925104619246813,1,2.425022467832526
-1.036784735707307,1,-0.19947679590092315
-0.45277103179248,1,3.1568284104570696
-1.6776767508539456,0,-2.336514217959719
-1.4113469956202187,1,-1.6682998160699332
-0.808091058016625,1,-0.19748610471177724
-1.6409619977593715,1,-3.7660804660765974
1.643305058745261,0,3.8258518268991644
-1.9758118272640863,0,-2.2618571017822626
-0.06455912454275436,0,-1.015641976173453
-1.5070101674697942,0,-1.9391543463487542
-0.7692836420882059,1,0.5679775444954381
1.704238239273062,1,2.214565557985607
-1.3532217869040526,0,-2.9941181272605277
1.8633292788733304,1,3.7243782990922836
-1.1768224920423132,0,-1.1359767412034507
0.9662644338673183,0,0.06267334541702357
0.18670905958924688,0,0.22597042698910916
1.5379149103870366,0,3.248244199157253
0.21597302201252377,1,0.40194424051659955
0.13823687662523465,0,0.17176381296056573
-1.2181679985264005,1,0.523030511409402
-1.335082551793365,0,-0.6357129634390619
1.6659566044620568,1,2.3974339581395983
-0.6886472045998637,0,-0.06691317092044499
-0.5116709801484163,0,0.4805602489177024
1.0392946337135536,0,-0.56706294778449
-0.6447060703087706,0,1.1295542878720588
1.808249786556011,0,4.38786690785354
0.9517110759952012,1,0.40822778827685013
0.38971697029368,1,0.9232649919712371
1.52358064217901,1,3.1106205850366964
-1.801576366602069,1,-2.7692820092888826
-0.971749231243165,0,0.0228041134734302
-0.1398546631163602,0,0.16188789476228935
-1.092085842113916,1,-1.4191570791551167
0.9756207492086078,1,1.6234767167173145
1.6768321242149007,1,1.957287338210873
-0.3049195202763064,1,1.6250277661385315
-0.6314695995524202,0,-0.7971115437524741
1.846202928550265,0,2.985073832671836
-0.22059026868983667,0,1.3669119448592113
-0.043806398202867136,0,0.49633961427830303
-0.5934005106323785,0,-1.1839492495353139
1.6381938920485535,0,1.1832768889196086
0.275821933127403,1,0.11118916586735483
1.0486983487265786,1,1.6713066449768132
1.2472268734035454,1,2.0283772079926856
-0.6326038323309673,1,-0.26968241211398114
-0.2652226747184798,0,-1.1765377738276896
1.3938870976250586,0,1.6356898297997717
-0.546978593296759,1,0.4363158799512564
1.1757405338074052,0,2.9698676409205
1.7639692902977484,0,2.780976192171983
0.4928414922720279,0,1.8741066370608352
0.9665091498075555,0,-0.7189562001122367
1.2203892481645395,1,0.035580373190796655
1.38015859558657,0,0.19440396369485535
-0.4197866485728161,1,1.852142205569091
-1.7949461632960073,1,-0.43540566080103216
-0.3924949150530419,0,-0.8124118179785673
0.6950249191363591,0,-0.29269678676343575
-0.19859845687682887,0,-1.1728974055455055
0.9958526034415942,0,-1.31783517627815
-0.5720702821253445,1,1.3248025767579508
0.5389765644161182,1,1.001305500112309
-1.2543207805841017,1,-0.27623639179935716
0.9974777465798277,0,-0.9038303826731535
0.18278387525210338,1,2.3430100814429586
-1.1837424458135977,1,-0.6327140270280973
-0.832355306008771,0,0.24529215622366018
0.9944348343273295,1,-0.2628627833298487
-0.06959505735391724,0,-0.19069373047613492
-1.1358742384277112,1,0.25861614349814865
1.8690847614811905,1,4.291878320945978
0.8605000792675517,0,0.47323165384083987
1.8285393301591846,1,4.251434391257975
-0.29157981855862714,0,-1.1429153378002137
-0.09959863723311813,0,0.19687860174968128
1.5918208647400767,1,2.8305100863058796
0.10019736098153853,1,0.9321756504563311
0.8291156476226687,0,0.3573258451327631
-0.9913084900178801,0,-1.7602884941703456
-0.21309412518943782,0,-1.3226379589885966
-1.5062005367585796,0,-3.9227816216159224
-1.1760798564921533,1,0.704178951177772
-1.9962263389294757,1,-2.4497432185258368
-1.842939793405359,1,-1.5861550212944038
1.9091352927077172,0,3.7859957963427866
-1.0305852194529508,1,-1.9804145359291712
0.6532428380160078,0,-0.8873325730433433
1.3563987951984462,1,2.1181786677393384
0.20264183694625704,1,0.8396786160183956
-1.3874219996641752,1,-0.8581001300006953
0.9124657493446655,0,0.748773840043071
0.4010056403983322,0,0.043893668676920156
0.9250023573895003,0,0.5165000536211592
1.0789864914283487,1,0.6890190961138769
1.9016414707389804,0,4.420407231499213
0.2942531201068399,0,-0.41803267038316644
-0.6334355492375927,0,-1.4577291113677615
0.5938582276009483,1,0.03371826347913598
-1.7262371630294955,0,-2.9204687150242132
1.5895892732863453,1,3.7022851533680106
-1.5224759546472129,1,-1.1067666516506365
-0.688628648456727,1,0.35057468660223245
1.2629815225044836,0,-0.2413584127078825
0.3892495133228473,0,0.8149711955725333
