X,A,Y
1.8028572256396647,1,4.6470558447444645
0.9279757672456204,1,7.330862337095576
0.3946339367881464,0,5.134775825391962
-1.375925438230254,0,0.7323182188761093
1.4647045830997407,1,1.4677802503940216
0.4044600469728352,1,6.360480876465891
0.832290311184182,1,6.205058007352634
1.8796394086479773,0,2.6358390363970097
1.329770563201687,1,2.0038087132434264
0.09902572652895136,1,5.807671992599275
0.4474115788895179,1,5.461701707266925
-0.8314214058591274,0,0.1836022432134351
-0.17572006313185629,1,2.430728437693605
1.1407038455720544,1,1.676339075362298
0.05693775365444642,1,4.793363328123499
0.36965827544816987,1,6.161202715553163
0.43017940760575346,1,5.547500095181388
-1.3179035052508339,1,0.10009920479314705
1.795542149013333,0,3.5653811075751762
1.8625281322982374,1,4.843167644011075
1.2335893924658445,1,2.5372307481423615
-0.7815449233065173,1,0.5791556347460838
0.7369321060486276,1,5.288189412119413
-1.5118470606208847,0,0.7210118508583592
-0.01929235955491926,1,0.35927563820671243
1.6372816083151283,1,2.338470531610411
0.6500891374159279,0,4.4610531350071785
-0.7531556956423562,0,-2.296083313830634
0.08027208471124325,1,7.053693683814661
0.1868411173731186,0,2.7731310217143665
1.8783385110582342,0,2.1354073373212925
1.7579957662567565,1,4.793108788804254
1.5793094017105953,1,2.870638105826819
0.39159991524434057,1,4.764629860970312
1.6874969400924673,0,1.8131797581174744
-0.6986786769469426,1,2.4250441136366616
-0.9146038729044164,0,-0.41734549633361057
1.3149500366077174,1,1.5212681529689172
-0.5729866932256429,1,1.5524888225644689
0.17078433263299386,1,6.292852866046146
1.9475477464020692,1,5.191972945410146
1.0889790771866297,0,1.5612265577341937
-1.2051372738633104,0,0.3889060863230762
1.2618457138193366,1,3.185582228737181
0.8274293753904685,1,6.360884935450946
0.9160286721639492,0,5.16526514743175
1.085081386743783,1,1.3321843785613174
-1.5365237618994811,1,0.5180953242184634
1.452413703502374,0,1.828232761428355
0.4931925073102317,1,5.854720264805519
-1.7457665988559055,0,0.31956719675389955
-0.7560707131373512,0,-1.3478254249257344
0.9184247133522563,1,4.70677642117914
0.5502298854208525,0,4.850692615679328
1.5488509703053062,1,2.803318196432574
-0.11114029935220282,1,0.2339910699376933
0.85297914889198,0,5.452707348503631
0.24510879027798493,0,5.317538689237617
1.083868719818244,1,2.450883334416867
-0.024817614542437028,1,1.377022827042789
0.09093131752797623,1,6.581389280169623
-1.5684342920267822,0,-2.0878043268938358
-1.874283257253063,1,-3.364373254957507
0.5456416450551216,1,5.390047362501709
0.03428276465881108,0,5.731692473023882
1.630265895704372,1,3.2132159149118
1.0222045541721947,1,2.6658013527297575
-1.0848073380335101,0,-1.065284784688511
-1.3551148509839823,0,1.2395427243597552
1.7187906093702923,1,2.851144114339892
1.2324815182576678,0,0.610979831013757
0.5336150260416939,1,5.583867423602879
1.4858423607508708,1,2.1915471524184773
1.570235993959911,0,3.0114140916299452
0.1573689676626029,1,6.016237936089991
1.584365199693973,1,2.3442012237047463
-0.7279861001125445,0,-0.7444305262356804
-1.559792301889293,0,-1.8445104515214963
1.2720590636899725,1,1.6410263079438419
1.4429223330253738,1,3.9797449024054306
-1.9721914778752372,0,-2.9592520649296663
0.042989210310262926,1,6.274121005688839
-0.33035598740488403,0,1.94010490200675
-1.111568758117079,1,0.5030923549811953
-0.6495393143854882,1,1.3956450105119886
1.7716388156500766,1,1.8883165439851661
0.07516248697346439,1,3.9864687373269705
0.8120758355807114,1,5.500913263207753
1.8871283308838427,1,3.2901519258336807
1.849789179768445,1,3.515878327775716
-0.9928708166985434,0,0.5431794386021966
-0.011005976430458198,1,-0.013953578744865025
-0.7964867607329214,0,0.29249879946845203
-0.8606380224901296,1,-0.5843859870114911
0.4382573359195874,0,5.365927198371914
0.010716092915445952,0,4.003472198670816
-0.8854141430535543,1,0.8448143095682349
1.6330635438666148,0,3.300686155326593
1.9426018164424028,0,3.7208799212117607
0.6885421896235142,1,3.334970502450323
1.0464784613148703,0,-0.49609602565754063
0.9128653944474383,0,5.531223597300076
0.5292233223743179,0,5.710292214898565
0.5341188430435788,0,5.333769245734737
0.1430987362990339,0,3.700730063792144
-1.6388409197823668,0,-0.7537944933350267
1.3412099823569519,1,3.1782322135435033
0.36357177275296726,1,5.862893253690002
0.7102574473691297,0,6.232460519065862
-1.9336486842885754,1,-0.7848492749630158
0.048372233197123915,1,6.451334297582471
0.5806911616377994,0,4.758084007622059
0.7637509524098638,0,6.582525784277641
1.746919954946938,0,1.7794507796086627
-1.449916223416027,0,-3.1437381703799003
1.6987744731142511,1,2.5052829966538397
1.509357413523924,1,3.445292818696343
0.6399361841367162,0,4.996388703618239
0.22080324639784932,1,5.354429786727101
0.11860231342402594,0,5.236699225989318
-1.0325908363981933,0,0.6010183390259688
1.588863031813307,1,3.1940511669114917
1.6016722286533218,1,2.9265867412100697
0.5324058290930718,0,5.22922063406639
-0.6438808358051973,1,1.4383736966798786
0.9038227154809575,0,5.8493936169034555
1.5884410398103084,0,2.7197981131945355
1.5483456970604692,1,2.0516169660072303
1.1195021834304955,1,1.7007111854347796
0.568126584617151,0,4.840898881295831
-1.353485143621545,0,-1.5618010251271786
1.594216754108317,1,3.196952913399101
0.4257162386383597,0,5.120221904644138
-1.5941138285358716,0,-2.0429975153391733
0.6540070764322232,0,3.5357466596337273
0.1949351574663445,1,5.946299677427143
0.767580790770773,1,5.3323925352291015
0.6078450380104021,0,3.916822235429298
0.8487168853901434,0,5.032067466089605
-0.6984012073629291,0,-0.45178764920147246
0.9859656204720966,0,5.473180668515227
0.5985315961888587,1,5.35792365301186
0.6304515692013735,1,6.299024195238169
0.2732344133418865,1,5.107079348670124
-0.5291367877622659,1,1.036384844317435
-0.9391905292730982,1,-0.3010327667288755
1.8920422190097823,1,6.5126744577158195
1.5681862207084531,1,3.2516652262220513
0.5245545039890516,0,7.0116310835614115
1.1792452141665937,1,2.3098483093191673
0.010548372420768448,0,4.699557778021447
0.30761553850543644,1,5.647438029392161
-0.0299292247245444,1,-0.13262062441746048
-1.219028048807822,1,0.675940676867405
0.8898084610460213,0,5.918527680024378
0.5818891836286713,0,3.7772786528094597
1.7618343374116572,1,3.5547930804466414
1.8157143080103495,1,3.9080247500904033
1.659457560881794,1,2.1619579888647373
1.7132742503509015,1,3.2565334063598894
-0.2872634067307427,1,1.5953821338555483
1.8666192761746783,1,3.5659673336161424
1.8544799083570114,1,3.6520491245272977
1.4120378218694403,1,2.820994554338343
-0.45960908559229896,1,1.4490215935071156
1.4045466860674276,1,1.7902094628747045
0.22720504983340062,0,4.901092393158544
1.7446190966431239,1,2.8415565380980907
0.784119186699892,1,7.283802660253557
0.28024468035745986,1,5.0565590660108155
-1.6112940249169259,1,-0.762199410868364
0.46002890679667896,0,4.990254865073982
1.960215400417053,1,2.624443743291842
0.07331860945494695,0,2.242343436889044
1.5094922877118218,1,0.43561156484759467
0.9630744710168178,1,6.673961854160571
0.7880629639810719,1,6.471781785023629
0.8099363359484371,1,5.32807799207052
1.2374446219140545,1,2.3544058778302417
1.240453578716723,0,1.2040840037170986
1.4682892743204148,1,2.237080036595475
1.6529622102258852,1,2.9790226385002883
0.04536959544375119,0,5.4933008705849895
0.0060651787487984166,1,5.671098588060164
0.5998557231110606,0,7.304254343735232
0.8078675090308134,0,6.464428148826403
1.5600213672702652,1,2.2531487696751413
-0.49766818944022395,0,1.0172199238029385
0.3131205639846959,1,5.216341608195111
0.1705785388303065,1,5.229980772020541
-0.8538349914868624,0,-0.231543384470714
0.363333042276043,1,5.119107561875187
1.290402242638633,0,1.529021612018882
0.08897304021921748,0,4.428613582049197
1.0799742123944434,1,1.2109584010618395
0.491561903276001,0,2.882609113461423
0.12541852627259198,1,5.763137310675192
0.16254048644042607,0,4.852833689983003
0.5497196059928262,1,3.2169409501379684
0.9043653348906462,0,4.92997638618572
1.9034083178501384,0,5.237427879429575
0.06520139320478124,0,5.013039888356349
1.1807447790748147,1,1.5399787231840238
-0.9166709949517031,0,-0.030359901655163668
-1.89859702633817,1,-2.2969889036017688
1.8505936587117002,1,5.545511976272261
1.3439204820488233,1,2.9198931499730576
0.7838968243747919,0,7.581150254099564
-1.306822719716617,0,0.5603029826898345
-1.3742518293156558,0,-2.0883577164167715
-0.9990284073416187,0,-0.14497787980181726
0.19690665882448188,0,5.736293784595738
0.8583836908002493,1,5.5054610426255595
0.6407895068709251,0,5.219521949130086
1.8194611226527764,0,2.3013364283838462
0.951587666783074,1,7.800223857433524
0.21741621004560274,0,3.6205419865675834
0.44688298493740897,0,6.984313692414459
-0.32159975028884036,1,1.6846951826917114
-1.0090760419953702,0,-0.6034635749456708
1.0313844418574765,1,0.7415413313550885
1.4218423360440289,0,1.636603483029879
0.8146314375200947,1,5.124676152928065
-1.3071925203599393,1,1.680293109136794
0.46340039220886586,0,5.866358852743959
0.5403746034705752,0,3.900549840442954
-1.818783960911822,1,-3.404258072148827
0.5034396628569455,1,7.418312048244623
0.012545034320350812,1,5.447120921377118
0.63477452647578,1,7.037953544250647
0.5696771128252625,0,4.77575574209414
0.3431023250938532,0,5.424244033087989
1.7609209656998304,1,5.228584393772527
0.3018967115035158,1,4.860989815776305
-0.44732029517391236,1,0.7019667431750131
0.5731528737694127,1,5.094572289347971
-0.16698843803393348,1,-0.8445211420432014
0.18246715726373974,1,6.58856492711114
1.7658592351061007,1,3.9164726525992557
1.8447622552956568,0,3.565789478802265
1.621402567824255,0,1.4458172774756042
0.7320270936654274,0,5.225307787728387
-0.7240974788249548,1,0.5217654929147804
1.3795012438778183,1,0.9866684284282885
-1.527340689513375,1,0.5546381597922152
0.7869486614566026,1,6.766533231141237
0.515771387119536,0,4.145483599883064
1.5098880541082118,1,2.34866358699993
0.9402841752155431,1,5.2812924479527465
1.2139237215393943,1,1.5319117860826907
-0.8718617097147741,1,1.4097380980917897
1.0024590065634333,1,3.6878416680948582
1.227338957069056,0,2.1168851200314034
1.9620205680026932,1,4.6804237093845495
-0.3495292923542941,0,0.6557988503933518
-0.6367858389879286,0,1.1766694578180432
1.723029302414259,1,4.266681999041264
1.4336510073720472,0,1.232276819740996
1.0034842711659895,1,2.4461838255019073
1.0181714963387294,1,2.0741069757767363
1.6102116267182667,1,3.031083466077063
0.02100948979142858,0,4.83237311129197
1.3058298644309665,0,2.2263457798145154
-0.719801595877553,1,1.5445729753188495
1.582092913984802,0,3.2986113397541246
1.6215279056770546,1,3.945866864231869
-1.6348532928554658,1,-2.076419033816319
-0.7227454496383405,0,-1.7101999933931997
1.8002478682032197,1,4.149801292973672
1.8024285877502244,1,3.080600428065913
0.29375155249314444,1,7.502464677308918
0.5273488486791971,1,6.069511569802142
-0.2062179120867209,0,0.15587449298744918
-0.6853418185203362,1,2.1298850666611973
0.6900738243081537,1,6.222861687160469
1.1584725711782156,0,0.7038960408076389
0.19811552929494214,0,4.8643739654474825
1.550816731033199,1,2.907001765733223
0.47287225326504423,1,6.404710621083908
-1.6635727755400103,1,-2.2769865288046924
0.80387652583648,0,6.457234043437611
1.2874402371614249,0,1.8099630294098685
0.8249689086259848,1,7.509827078019833
1.9465583140047018,1,4.58052154018734
-0.5029168169755187,1,1.4303349212708598
1.7889943095354348,1,3.865582508414927
1.9440042552914836,1,4.629705297779121
1.0135127410357665,1,1.8042735980047873
-1.665997133205325,0,-3.0734817693606473
1.1085876637097472,1,2.0377146936169788
0.2336169989432202,0,3.693102758798986
-0.30311196301209486,0,1.4448946478400184
1.625417540378944,1,2.6157440276297996
-0.0294995828365634,0,0.558545317638619
-1.9545854209303237,0,-3.1429650992928098
-1.5298950128915805,0,-2.4256812633710436
0.5968412084642543,1,5.056636266033199
0.9841795170616932,1,5.842589645220308
0.3334750603886385,1,4.419800463128614
1.8486901938981677,1,5.581360433556065
-0.5005176819051838,1,2.1234569933636163
1.4743965127578411,1,2.0791563839367155
1.8528901577624453,1,4.638738745265683
-1.9513821012407346,0,-1.957499349116168
1.8795153068305561,0,2.7493702735346606
1.5645724547922844,0,3.462589033550182
0.11080443634519943,0,3.213541619969939
1.9718591844772013,0,2.824988872672157
0.21541713760528314,0,3.4445646991261873
1.8772101424763958,0,4.419716292222408
0.09239137668059527,0,5.85729960459166
0.5175945525410501,1,5.194539629554592
0.7829947559384687,1,7.219633640095386
-0.18183574092890709,1,2.146286298416424
0.5102323203362538,1,5.65324553278454
0.33725724769240095,0,4.568512055437429
1.604632041963956,0,4.325440612526796
-0.8761472416310787,1,0.6200444519387724
1.801645936306235,1,4.987552513904498
1.5610551355636653,1,2.903992907599847
0.48053039120614693,1,5.8356392663096806
-1.2475153611049548,0,-2.9629362614516515
-0.5865910878957887,0,1.2821375975404254
0.3346244474034883,1,5.20686613766726
-1.6890614521400606,0,-0.8632772923517973
1.897579230664666,0,4.831152047669873
1.9448429779184115,1,4.312571741252499
0.7926468560789806,1,5.380466360629889
0.14438546537648156,0,4.71414613948812
-0.761889534854689,1,3.1434853254403468
1.2551800788277947,0,2.863178138466218
0.7389246902155171,1,6.027120995211236
1.6437087379753699,1,3.037509430229384
1.290148971692676,1,2.0175433252517045
1.7991996531676961,1,2.3687533060279566
0.9028780335534399,1,6.148049274056309
0.45366078374315943,1,7.069087858306304
1.730913933416053,1,4.1195476000370785
1.4642555580016334,0,2.944512390147652
1.2422133231273316,1,2.0995085875092285
1.9491045172597778,0,3.3955595508241023
0.3765228614085405,1,5.109390652583772
1.8796575912584128,1,4.869326474154342
1.3684756925428347,1,1.916967614472082
1.3533148188445514,1,0.5793034413042164
-0.3407219906493393,1,1.1022369001959684
-1.7744980133962915,0,-0.9265767138658203
1.9988706931445224,0,3.262393084451263
1.9865473482956215,1,5.330250328089813
0.22172682241050978,1,4.649605716479941
1.779062919529712,1,4.466446111703516
1.3985895627096459,0,1.8304054133612284
-1.48336233939402,0,-2.0571613724162137
1.8162041090348895,0,2.616478970737304
0.4246985378035202,1,6.548080465569521
0.6868027376234269,0,3.019261892606977
0.4725129618315833,0,4.619464456268592
0.6862927823711984,1,6.71891269366214
0.08123080361517321,1,3.683973688009103
1.0892735669425573,1,1.6617175582561527
0.08065400444797355,0,5.654126834551563
0.20762735509794217,0,5.866532906682745
0.24375188614154508,1,5.595722360457693
1.50661441063338,0,4.781258920648368
-1.884869294746644,1,-3.0423760695687974
0.48123820541385864,1,5.228769885045122
0.8163190723968943,1,6.249467298370574
0.35967074741853233,1,6.853428744086355
1.6166347779749937,1,2.6006333735116263
0.05595795663924319,0,5.037179952312932
0.48834680091149396,1,6.237350234676305
1.4494548349869807,1,2.8513243804394537
1.7980824946305685,1,3.4190938477202564
-1.4117060762838483,0,-0.039053130059486296
1.7063505006459776,1,2.9237018004484794
-0.16345697504695478,0,-0.13460922160408906
1.9201303011419082,1,4.324462291119302
0.5336034172669031,0,3.248771208558364
-1.3923892259508226,0,-1.8362383595695344
0.5634989792128584,0,5.311852039373821
-1.2724796624034207,0,-2.931276820999418
-0.6173308667045472,1,0.6656630437393118
1.5871536396240473,0,2.3173202322687083
0.6702309540841087,0,5.089651089638479
-1.3107205151934807,1,-0.2355911090895795
-0.8856386438721655,0,1.1610081912152137
-1.2919580628930127,0,0.3384217670440288
-0.1568849278690969,1,2.3527040534038868
0.013669083419427519,1,4.730568833703709
0.7615793145174612,0,4.950566845870177
0.511601557963631,0,4.596413172579834
1.494314496427109,0,1.79314792756654
1.6834896021272527,0,1.1829292587720523
1.2248051191722453,1,2.2363148828032875
0.9930387615346334,1,7.411975918364608
0.4730190861211838,1,5.7147487269702415
-0.14986113546740842,0,1.2313563157915037
0.9898837525350261,1,5.370907396363908
0.8533983435382098,0,3.889091151015768
1.5808273507487973,1,0.7045344383384908
0.0467097684626645,0,5.226366908642578
0.12845394106126262,0,5.497406182736781
-0.21035053270618143,0,-0.5833047805855557
0.13046906582009266,0,4.240918112033678
-0.9230270762024761,0,0.3002959855864355
-1.1542079720138214,1,-1.5241046222630832
-0.6900105912883414,1,1.4059161108620997
1.5621091229595798,1,2.794357636818719
0.37436981421619464,1,4.218158601148028
0.7164092765779584,0,4.441906301320685
1.1566849544293532,1,2.2298638962770356
-0.006231204283770886,0,2.5872713348730003
-1.6523188476503052,1,-3.5317614729262337
0.1484261672741911,0,4.800527143220552
0.3473644720835165,1,6.133237457389533
0.98175789673732,1,5.557032818112007
0.5836689653264049,0,6.318850178889722
0.28311321867564754,0,4.3349816972623305
1.9460609951719188,1,5.330704791745841
0.4230992774275486,1,4.709831476077514
-1.592870109518385,0,-3.843277387823875
-1.388563443262672,1,-1.7265839030430958
-1.3572745069617773,1,-1.5408790452851755
-1.253731903794777,0,-1.5299082206537349
1.5870616985057007,1,3.5215596716940443
0.09804555828101869,0,5.436154364542254
-0.35841269204135395,0,1.217944812850201
1.9295144676344256,1,4.611639405766201
-0.40857760381703345,1,1.577159197399558
1.8778817331014754,1,3.487666015118058
1.462028503575921,0,2.855711027998991
1.2682882837971197,1,1.9839218593972103
0.674572879697724,1,6.965808536531866
1.7175039565103432,1,3.688208717878458
0.22705157205571913,1,7.528245361141775
0.2864507578795994,1,6.798282778397259
0.030441514737820086,1,6.337347146132209
-1.5406527010431859,1,-1.008104987555975
0.4424801697665304,1,6.4637732038241
0.3249528856904491,0,6.712672418158517
-1.3825491389031908,0,-3.3684982147225533
-0.07543959258073007,1,2.155194813827471
0.13035773020634345,0,4.955922065012784
1.959840929559781,1,5.272905735973058
1.2394977834185394,1,2.6869532872714004
-0.9814373809449446,0,-1.5571403531669832
0.7260108888957171,1,5.886006623716395
1.0409114395587462,0,1.3998819401173912
0.3825549624313771,0,6.023010713682535
-0.35263634341092587,1,0.2846819758698546
1.7181165769913034,0,1.8665090315854904
1.3224776311509165,1,3.607880772668727
1.8601076426660503,0,3.133315735679733
0.923469900814577,1,4.8990825544389
1.7533618272841514,1,3.4388042174057034
-1.2750677353373594,1,-0.19667584333548968
0.9644825971602362,0,4.4100943846313285
0.2978924527196476,0,5.052679674530471
1.1810692474395608,0,2.5077232845062887
-1.1934907198090219,1,-1.2863523073534942
-1.345376228537182,0,-0.6305480842759197
1.2582988809255284,1,1.67197099551003
0.6607888827848005,0,5.66370069556149
0.0922616990764773,0,3.8403722940482714
-0.56467806350599,1,2.2662955127486586
1.508802163252433,1,4.342227462763153
1.2663977578863084,0,3.4386072423465883
-0.14928085732157426,1,2.130225718663475
0.9904375207050045,0,4.104243946492085
0.01088156036991661,0,3.388283578614984
-1.0711492194127308,0,1.4463293314533754
1.5982982930982739,0,1.5124477423299978
0.17421144445595438,1,4.589879547891181
1.6258884438581878,1,3.7973680867723103
0.4969519836559684,1,4.979804088290477
1.7593284944539005,1,3.7222895263233706
0.5108322122856714,1,4.702604790487493
1.176100757081184,0,1.241653320363145
0.4802910237140541,1,5.885938931216517
0.1338443679052861,0,5.2160635745356325
1.5755703322038306,1,2.2664800305721045
1.154388844898123,1,3.4653294599706594
-0.7531117288178071,1,0.6973522324954289
0.9757851702907079,1,7.173312700256681
0.2795587394852661,1,5.6789053850119915
1.5070625470469978,0,2.0399832553702533
1.2850292186880514,0,-0.5280051683899285
-1.4900453506720703,1,-2.153407951101461
-0.41085083775853093,1,1.414907087111037
1.1891814631182145,1,1.5429604215805057
0.8890102735722651,0,5.306764999525817
0.8801461461842974,0,2.714221035604122
0.5645905315411892,1,5.627028824902282
0.7757937778684001,1,5.996641733277983
0.1708977733903847,1,5.944410608689024
-0.6172160259843222,0,0.10725077892199804
1.6338022453345133,1,2.068092321171364
0.33356717906448186,0,5.736488905978015
-0.39659433294544044,0,1.9829241440624172
1.7891333584472613,1,2.7464108483520744
0.34491932806718895,1,6.659546570401549
0.023554715537863924,0,5.621004100240832
0.4458169417385913,0,7.787416543053398
1.488495635776606,0,1.9012012777531768
1.7284731299344496,0,4.130927847316656
0.26053273435683577,0,6.49500136704221
0.786603295507569,0,3.2932754010277887
1.6899975247091827,0,2.410036275458396
0.8289545372535945,0,6.769335297123841
-1.3898438283429546,0,1.5482860484366203
0.3051534406672527,1,6.41800361775113
0.4268601855314236,1,5.371025721974337
0.9457769424988913,1,8.341739269537154
1.7374680590760594,1,4.051271753829825
1.7022740516271053,0,1.6183042796405451
-1.547047816636979,0,-1.5411323027859647
1.9393647958493383,0,4.190913846387176
1.6833675304694893,1,1.432166811175895
1.4795854482485131,1,3.359296619848479
0.07535222850428847,1,5.358595456636842
0.365101742979717,1,6.190655549414047
-0.40398918451947896,0,1.389291524394644
-1.7809534447118747,0,-2.604539626578783
1.2114137943920458,1,1.7828105106994505
-1.9814719079815886,0,-3.826664534364682
0.1495824117516915,1,5.157272426016785
1.679422465651042,1,4.116220847909413
0.9500049924389935,1,7.66147814331791
-1.1015807082400721,0,-0.38510316003753314
-0.1902419354692264,1,1.7031820141019358
-0.0065289090420810325,0,-0.37677560889062633
1.6593836042724002,1,1.9868448567353023
-0.5504244035334676,0,0.483641611164048
0.3223534011121738,1,4.771279807411785
0.5290571516781215,1,7.384118060355699
0.6541494880668424,0,6.473398227613727
1.8442812698778206,1,4.094406246268839
1.9874970073837894,1,5.192755666804017
0.008780041324970345,1,7.388312149875736
0.38154006928017514,0,4.421807948818586
0.9998418815967112,1,6.526433781437403
1.592217157762855,1,2.5306602031387913
-1.1794414380719713,1,0.37259987077215667
0.2593645330504657,0,6.131494961245467
-1.7371654422865905,1,-1.2599746240093763
0.09756107731032015,0,2.9201816839150108
-0.23694901224708742,1,-0.10182674394133928
-0.39694775649869607,1,1.7159036179467158
0.23856132523287155,0,4.950702715855203
1.4471424840540692,1,2.922424517265011
1.784461848534531,1,2.823635978280798
-0.5067627348809882,1,-0.3306454873729425
-0.9170213074257849,1,0.2072982999348918
0.575998172956063,1,5.130584067428893
0.8638889153895901,1,7.290720513161752
0.6356957676406054,0,6.065250902260003
-1.891616029986066,0,-2.1643576376996987
-1.1121113522682022,1,0.7326324757420417
0.6875709743949137,0,3.9335810043975874
1.1996643414927575,1,3.0207131297758236
0.6109844314074988,1,7.05442428220378
-1.047268875813094,1,-0.9063055325422975
0.8890677274226366,0,6.512330670966065
1.422785872425143,0,1.2948580458202748
1.3208794582679664,0,1.0698381247448638
-0.4112658815261807,0,0.652359627451429
0.6723405462825847,0,4.026092191652879
-1.1800628183367161,0,0.785757340460566
-1.6579658765821277,0,-0.580291750449365
-1.8938711845047211,0,-2.6453288587642048
0.3321662438787687,0,4.865947186592299
1.5706868443078994,1,0.37810085704290497
1.2697742469537636,1,1.9199177598899528
-0.6327305932084961,0,1.1858929794420958
-0.4812303673309324,1,1.267877221232462
0.36117977005923096,1,7.307275645363083
0.49659563139653606,1,5.638576934032423
0.20818872340792094,1,7.726724277482083
-0.25549388345873325,1,1.2182088261358568
-0.8221369618323293,0,-1.221446677427973
1.7938132278486267,1,2.4148678467442437
1.0544231766390433,1,2.5392219126385704
1.4738719035916512,0,3.454678937792625
1.5782089075763657,1,4.088051873216118
1.1994210237892609,0,1.3496448258339422
-0.2991459821230662,0,0.10520938757575755
-0.9252905624602157,0,1.4946302501824023
0.16653685864346768,0,5.709368268759822
0.5339128793045891,0,4.172895784700289
-0.9684492582671909,1,-1.4730613138035558
-1.4425757037087035,0,-1.3237205941912986
1.3397209471971965,0,1.201229422152288
1.9376087228142085,1,2.817340879544061
0.1027607292107433,0,4.945149039220315
-1.313282856606786,0,-1.7064518931933121
-1.926437293810133,1,-2.1487355251854217
1.657195226241996,1,4.4681842728024925
0.3060659020570142,0,4.292894816370928
0.21671201006317364,1,5.768195963239264
0.6056815534074569,0,3.7789682279537473
1.3189672148288065,1,2.245519608775549
-1.1743149129575872,1,1.746973095806131
-1.956016685366078,0,-3.709434560343955
1.6000745673924204,0,2.078555023240431
1.495560310250061,1,1.1588481537671076
0.3896524086812332,0,5.893185774585453
0.4020674417346135,0,5.557363746749081
0.6601466981850219,1,5.672933820426083
1.6576477836998391,1,2.7652048179966457
-0.4674458870020102,0,-0.8233048067314991
0.07567082113135015,1,4.312463567327906
0.9521344657054818,1,6.298626634200176
-1.6688053282994941,1,-1.3384553933590349
0.4126084378655528,1,6.057142890564931
-1.0186035612747162,1,-1.0022456970250935
0.876183620736982,1,5.308372224052356
0.26561856118758875,1,7.836667536147635
0.6546846614505926,1,5.085268857090313
1.747318957299032,1,5.2639943875043596
0.9302883888410012,0,5.357954085299174
-0.9509438228006997,0,-0.37473603344782297
0.3803117228010193,1,5.37919517951737
0.38737139566755685,0,4.011572754045255
0.9127550248144134,0,6.233278481151135
-0.01803473517520615,0,1.127922052602935
0.7536095857109442,1,5.508261267573831
-0.2606906455850151,0,0.4905563902854164
1.2764092706967989,1,2.067594871539099
1.197663515875917,0,0.379503603448416
0.778785883417707,0,4.208101908520556
0.3609226674763484,1,4.016645264467339
-1.6336717066934634,0,-4.733670538765775
1.6692543018489712,0,0.9892109530189612
-1.4527254763241544,1,-1.7100580759085426
1.8009494152832097,0,4.017340800084906
-0.21597690816817705,1,1.3830707922902659
-1.2594682846455214,0,-1.5528569911650258
0.16760378951343258,1,6.431723876691145
1.4917833435056331,1,3.247543375593399
0.9288995456382447,1,5.940087665837455
1.226244591445799,1,0.23755901310973426
0.6351334668428694,0,4.92019237015391
0.7691062580714099,1,5.829580167671426
1.950672031986588,1,4.690195020771648
1.776237358746453,0,3.531874480101409
0.8223006900627539,1,6.179796100062185
1.7009932696626633,1,2.7630680560228735
0.27178092221051786,0,6.348287161962045
1.6619531903521674,1,0.9514621184326701
0.7896810689873597,0,4.625680177805269
1.6975847815061216,0,2.7076223797150725
1.884232980661471,0,1.8552185249606816
1.7770659564537357,0,1.9899315650595892
-0.10314313337014491,1,-0.1496882909326105
1.4481706039572537,1,1.997152060034375
-0.7235981070269775,0,1.411682792239759
1.3156618966027094,1,3.6356996705384548
0.38507951392821216,0,5.572873699845225
0.785155103512559,0,4.997916146663599
0.8990670861150458,0,4.943103653008209
0.15796516950134887,1,4.199169140719577
1.1628926593558542,1,1.2861665609298296
0.5035655057480364,1,5.970662983734184
1.5439109929447485,1,1.8606607687197996
0.46345275272921826,1,6.040352498007762
1.4803954956037195,1,-0.20580880138874313
1.4988066907367976,1,2.080389707245794
0.11574853610884794,0,5.461103201829085
1.9917364421333499,1,4.780980432478794
1.0687531557245076,1,1.68800113260053
-0.08049751878436462,0,0.33833362717096555
0.5100218528734803,1,5.95998934289541
1.494708456745355,0,1.7254437417267332
1.9363338767971805,1,4.99479744489465
-0.32893287133066496,1,2.2265387393589937
0.950329206355566,1,5.04997150065417
-1.0448914169267907,0,-0.7971660144849921
-1.5581035474744214,0,-1.2186807110857645
-0.5815113694368939,0,-3.0935875168303264
-0.8510440333836731,1,0.36368031455233324
1.9508895589441262,0,3.096365507883604
-0.2889074650565506,0,-0.40473184882110785
0.7185891307722794,1,4.996276894009538
1.7998447358009013,1,3.7468608543520734
1.1453800576622082,1,1.9428959658450888
-0.32967689686028656,1,1.386422828386492
1.5164732302486588,1,3.321923961850705
1.7789280891656412,1,1.7730680838975874
-0.1303939550005211,0,-0.8554181674683026
0.4536455568428308,1,5.51530287543302
1.9646745045479062,0,3.1216780841788423
1.7709270965405026,1,5.45692390181036
0.5985865959694738,1,5.993400513933322
0.4309471795154365,1,5.824357811522826
0.05075404406603434,1,6.549521625627631
-1.293887871977967,0,-1.054609549169431
-1.1180551637192986,0,0.28022487867924073
-1.254246951422982,0,-1.6297041465172297
1.1183378942670132,1,0.17278064081536937
1.8764105205632453,1,3.094690044681173
1.5351435398537028,0,3.905071329280111
1.7110091327808519,1,2.725837939317719
1.9796312905857412,1,3.4253688197283756
1.0329539028163652,1,1.268491936094411
0.7840824722151689,1,6.426615118105873
-1.3844163746405798,1,-1.4982028272362085
1.263332499962471,0,2.4958334698196145
0.1478976915736543,0,5.3667781693526555
0.3717597393668126,0,5.850573621591301
0.3203448313512447,1,4.843384463514982
1.5098434505215215,1,3.7674207283653223
-0.9375998296451757,0,1.1476230172327173
1.5549923194759088,0,2.1297226479525087
1.8226059929190135,0,2.596306884754618
1.2380642988995123,1,1.9336941600168842
0.6209679225560869,0,6.260685908257548
0.20342948243655723,1,6.155871790802993
0.8936804547543398,1,7.453341241271867
-0.01649705968491677,1,-1.3771619041627905
0.7330350546383837,0,6.425272382102983
-0.0194138919441027,1,1.395265568548572
0.3696311386380704,0,4.026063926845157
0.7120646102362542,1,4.676434248944698
0.26292785598316426,1,4.647615267435212
1.514519945420632,1,1.4711090769847703
1.1897040864277124,0,1.268490381502256
0.633807338633702,0,6.6174475210912735
1.4023269163769676,0,1.2302970960809265
1.4691768038392095,1,2.415745789053368
0.8334519068601391,0,7.307572116353196
0.7898858466771346,1,7.13764784598851
0.7205630870412016,0,6.257919796917366
0.4744455128607372,1,6.60771583640974
1.010866558230565,0,1.8082254527830874
-1.3655795788277052,0,-0.992696613059638
1.5234830367957137,1,1.8850729977705978
1.487374110980928,0,2.7398185888307367
1.3032670022590507,0,2.2121165825971683
-0.6595245829634324,1,-0.15963209982905124
0.9740330251664311,1,6.35341446297927
1.2718680964762488,0,2.053069520368772
0.029870935043344815,0,5.315386222638223
-0.8518474673003489,1,1.3758810554186018
0.4677076735029688,0,4.267846879473673
1.924744712109694,1,5.050500608464337
0.5272541080666735,1,4.623982924930219
-0.9607856757433608,1,1.2879608991515141
0.5360228123984454,1,6.098840349307419
0.1599415188634219,0,4.220688059528119
1.1193815806045744,1,2.092657405531319
1.044111610008112,0,1.3186841206018651
0.1650663147044411,1,5.428137296334583
1.8519680154359786,0,1.454879425236136
0.5304875725357925,1,5.344229419051573
1.7281124220400699,1,4.648582768128183
1.7489139489458045,0,4.298562960857021
0.7515428892032534,0,6.865877208702013
0.8326883545811263,1,5.577400594517265
0.3286818407050931,0,3.1762593282817826
0.48366207106990844,0,3.7710056983566913
-1.8170318647499486,0,-3.033732442483878
1.486147224609505,1,4.4569481370690625
1.8939558767095876,0,2.8875299802165824
1.875511421142766,1,4.193370126241337
0.9986073269716988,0,6.4045622842235055
-1.901652334164794,1,-3.100857606539395
-0.045427238381337,1,1.545998136292879
0.7331815064260208,1,6.868151075216956
1.9884980006308446,1,4.277566604707157
-0.19445190268129808,1,1.2756223818926578
-1.3455047152333233,0,-0.2891718551337933
1.1792381949997175,1,1.0818472729657571
0.7747289031259545,1,6.653108580265222
-1.6704758175366292,0,-3.6513188682301534
0.7219972082988524,1,7.1805902715734575
0.6180448571245409,0,4.894370941686053
1.8034542490016414,1,2.9339537062713967
-0.27066079582959235,0,-0.17587566648486627
1.7744636806703955,0,2.422894857820769
0.5541037906563422,1,5.715597471859555
-0.4096224081488229,1,2.025373877165213
1.935910591839313,1,4.785325896853122
1.5763968147165377,0,1.5699255081457115
0.6066673015035402,1,5.95099170651972
1.4574329993585482,1,1.631019361575951
-0.10716037323377137,0,0.8461070589710596
1.872773711658887,1,4.968827977458504
1.4744926718224431,1,3.09582997853815
1.106387411166967,1,1.9461901372132027
1.083687378576208,1,1.46785221945573
1.3791329124675507,1,1.8361809494183023
1.0440959637719955,0,1.779427347918051
0.5048812865256616,1,5.390627540328404
1.6833913912627474,1,2.4259037605700557
0.46660125808295216,0,4.814638883148233
1.1861491639047053,0,0.030487810884569533
-0.07391059394979971,0,0.797649946972682
0.7422611489158855,0,5.33698308554389
-0.2787764204021492,1,-1.1216323132447878
-0.03362181303425249,0,0.25568053455709205
0.3278856076575951,0,4.813318113658557
1.1902364025487526,0,0.7337654970013026
-0.08024466113150597,0,-0.6691548476664884
0.4000821924772149,1,5.399822014106238
0.7799275445061702,1,6.5099352025882276
1.1194039555733992,1,0.8008961139642052
-1.8415246986065714,0,-2.7497342230875685
-0.07797221096868423,0,-0.9067448034204109
-1.0318199365498901,1,1.4956948898303368
1.9466503730685858,0,3.074989236627047
-0.004447386194575742,1,1.95532314554797
0.4726229372724764,1,5.019323378377868
0.8098598821764158,0,4.375620070339504
0.2385947339476564,1,5.430659208062536
0.07084657353884571,0,4.794525886017598
-0.597492275163277,1,1.990291975714325
0.2701633930462326,1,7.432487038548738
0.757859876549063,1,2.9071164971739303
1.2023467964363315,0,1.5584615431568618
0.5457209981745468,1,7.4909668699867895
0.8259029059476046,1,6.756911361105127
1.7448489849747593,1,2.4126247809927666
0.16518534120428185,0,5.8754229322581635
0.8362420778036657,0,4.905339356072856
1.4838764949843424,1,2.0432830098098846
0.8563477285297112,1,8.83599360293237
1.2069123322791673,1,2.6576687534270795
-0.6421992298287758,1,1.7177008231210555
1.5792666242421105,1,2.7440927150748315
0.19036950461494495,1,4.702311989727068
1.2691910798499748,0,2.622632984199868
-0.19072686192679944,1,2.106843296251744
0.5743107807860999,1,5.2611679500058
0.10561064374445284,0,6.7845075764717695
0.9263580870213275,0,5.393220045949417
-1.6734800718776417,0,0.24606949982112925
1.4871342663688067,1,3.622082869967936
1.9034610232765252,0,3.3071352815718407
1.1587940285699165,1,1.6301501158514098
0.6348311020035045,1,4.7186142763291645
0.22145420375052494,0,5.05585703872316
0.8768071130890553,0,6.599318473736344
1.9853356642269677,1,4.530745241137692
1.8991726485871325,1,5.872011540846182
0.6013027453877475,0,4.539643620199275
0.7209129697251653,0,3.00523353163263
-0.14950817304273478,0,0.4592876866504995
1.473090021633522,1,3.9445817938132173
0.9086762790652321,0,4.275046668106995
0.9708260847999242,0,5.93600311977555
-0.5158449480615892,0,1.285578783902503
1.9505982549442313,1,4.123143788079505
1.4681259844897943,1,4.39380811876802
0.31470163428957365,0,5.538350313909953
-0.24553832324163816,1,1.6178889113301005
0.901030641660546,1,7.420646595686802
1.4936929523266422,0,2.91612418812584
1.602807456045034,0,1.556905443621845
-0.31311629250617834,1,0.1400273662206164
-0.8926888110597937,0,-0.6276888445445472
0.3694013143734489,1,5.103138923779928
1.6494533824667639,1,3.7659874227311985
0.4918663342539311,1,5.268274809069458
0.5262408803700822,0,5.7473708356681446
0.9324520896611239,1,5.830185676284877
0.8632998587283542,0,5.370386813038211
1.636130082662564,1,3.35335637378171
1.8855803761665584,1,4.899120033098966
1.4175403734783165,1,1.4692330035681125
-1.0110757023872918,1,1.1663802413082665
1.4829996050900456,0,1.6431615669126762
0.059269415718760765,1,6.745907018387227
-0.5630665224009372,1,0.1333353628565761
0.3718034057397097,1,4.35129938883821
-0.43567385339295717,0,0.26661355327872793
1.87764928934115,0,3.047039982586339
0.6269466581651688,1,3.3370479211213424
1.0938925027464026,1,2.145629976451932
1.8792841803141789,0,-0.01735909433697813
-0.184841834465443,1,1.9807310836533436
-1.0557981466141442,0,-1.6148883422055849
-1.320968379649837,0,-1.323109479060046
0.07909579422407065,0,5.407665452017462
1.3155334635304379,1,2.7311902709459708
0.4685799464161202,1,6.167365044540054
0.8271088675417833,0,4.192162626884457
0.9456080602625621,0,6.146568772683392
0.6552181104872203,1,5.326229334866001
1.2226806118002127,0,1.9912817031921475
0.3414174575870086,0,4.759028012008531
1.4730851220530345,1,3.982452868530969
-1.5523215224090885,1,0.5930878227717478
-1.7716525756427406,0,-3.159869040436661
0.12467811200412804,1,5.895807856646246
1.746422769179846,1,2.666209251254454
-0.1912038868662589,0,-0.7045586353883401
1.7355000701116197,1,3.8005147739982017
-0.735375580092998,0,-1.1004026849827135
0.028939234753569743,1,4.931817882999668
-1.8337085637984316,1,-3.7557019424137774
1.9465204918353876,1,5.699228676874774
1.8604747857441821,0,2.3739588420173967
1.8072471416929559,1,3.8452850522924304
0.5564797512620014,1,5.415366028789381
1.4716731780800885,1,4.521845464413973
-0.1810405774645636,0,-0.16549482966079804
0.06238411431700097,0,5.335339738770434
-0.04461367897231927,1,1.643724385704306
0.6674570301844174,0,6.073253547944183
-1.8801056405092882,0,-3.484023581881599
-0.7682802336352363,1,2.497288097115163
0.8187230509465868,1,5.874637798465994
-1.1925861915082066,0,-1.2897750105392949
0.6937297332996692,0,4.521083524476287
1.8796481844290818,1,2.2936679608839237
0.6904084729005051,0,2.81647798654501
1.4725690175100214,1,2.091742511783671
-1.2914008422104564,0,1.1631201814088707
0.7705038089046581,0,3.3970636269657115
1.778456877896093,1,3.37645205524302
0.7329921131585833,0,4.999380724829516
-0.011300943966290777,1,0.1504546875606375
0.4713889608048554,1,5.671385184194865
0.28243898655531874,1,6.068458209503465
1.7237947820279111,1,3.235331549129185
0.7581070041262445,1,5.317495295833743
0.706053543108986,0,6.192275885512328
0.6355418809306288,1,5.497299798423863
-0.4245423773833661,0,1.3524669703127747
0.6049319081659683,0,4.794568901106726
0.6313812184121441,1,7.5717512447220745
1.9976549030826662,1,5.206722355220253
1.9086967368852692,1,4.863986188926029
1.4830138013490366,1,2.2615989157148824
1.1295419362330938,1,0.09413667585699659
0.2680650439466712,0,4.739094688114257
0.953796837005306,0,6.057103461680977
1.5140622452053916,0,1.6126349724284479
0.6703735422543389,1,4.972496846849099
-1.5191637785175662,1,-1.6683999106203022
0.17795639184339818,0,6.055887521581366
-0.7016566803989188,1,-0.17544760961339378
-0.41530923356297844,0,1.343094609334512
0.7818688267594487,0,5.532772269079591
-0.2052255095098774,1,-0.05655633022667628
-0.5069928334826397,0,2.252943102143925
0.4137943735255116,1,5.910968376755245
0.672851194220065,1,6.727814583016633
0.477961384038458,0,4.963204770324859
1.453334598287301,1,2.8329454656776183
0.07632714054487222,0,4.593190507617514
-0.08327248948107613,0,0.6069662992305633
0.32068947690932914,0,4.16038930456156
0.13441018690751383,0,4.046504300134666
0.4316203711737785,1,5.473632320657056
0.8724923049059776,1,7.862557727231143
1.8220947838197388,1,5.896697336542683
-1.9697485000874315,0,-4.009065437950076
0.589898856618412,1,6.910135937154479
1.5921221957999476,1,4.023543492782007
1.7081381791852266,1,3.6679589627283757
1.7377441072220572,0,4.382052523099659
-0.7708401402948537,1,1.5128981098694987
0.15664510670101794,0,6.840676355403424
-0.7547692033759854,0,1.3907029497704262
0.44133513324367346,1,4.867657332796223
0.8646026968927742,1,6.095963403464909
-0.9095039970658649,0,1.3346388184041513
-0.34580359389859394,1,1.912242968089915
0.7244714158599312,0,8.187320902436158
0.10065353466824067,1,5.067861615785703
0.8361850468897307,1,6.164752415831043
0.2692488785156142,1,5.1852228541480105
-0.973748865194545,0,-0.020022867977170733
1.8517075009503192,1,2.62018541644296
-0.0658174131203011,1,0.03432357471657732
1.2239701991006324,1,2.3750615192970077
0.20090616862504707,1,3.9491837652897708
-1.8263498685807233,0,-2.1427765689200036
0.5326055023760894,0,3.0635603685352666
1.805613368826628,1,1.9120415588153452
0.40644728058532476,0,4.534593678739192
1.2767554377071608,1,2.027486201644602
1.5368258533936312,0,3.1401271517272282
-1.08768091220427,0,-0.5857675615940363
0.4439239554039669,1,6.323322957144692
-0.35588612077318116,1,-0.19343618649582817
1.3594452114668814,1,2.095604581846988
1.6000924935920446,1,1.5489089379706418
-0.9007758578074556,0,-0.20040284357154076
1.2904572740547136,1,1.9330359824467747
-0.3050469854049487,0,1.16126114260315
0.6701995971658818,0,3.544882535731059
0.49543729870629205,0,4.30054215349999
0.3464338527018964,0,5.774700939588474
0.9474949797767285,0,4.7214720049986285
1.4511883101729142,1,3.1135337882632395
-1.1330407996368974,0,-2.257419311140005
0.567886001773064,1,5.75809524889865
0.42837614435512306,1,6.414469223289324
0.18678965085628008,0,2.027226106348228
-1.0722116155360983,0,0.7064153580846295
-0.4363760163779413,0,0.08956395686982135
0.3779053407446922,0,3.4592124455507802
1.9511420808595492,1,5.506480874345827
0.7805782161903752,0,6.336877133916698
0.8703910626327049,0,4.40500346204004
0.7697446052974786,1,7.6456196450938565
1.9650239748087532,0,4.433155265877227
-1.486422842183499,0,1.204918984757292
0.8973552685149646,1,5.336621873030199
0.3135476680256364,1,5.572586132542144
-0.9033573337607765,0,1.0097628252003181
1.5767634986564731,1,2.7567521086148115
0.07623916363308147,0,5.943738384793979
0.16004765841804236,1,4.877037932222239
1.520316350245833,1,2.644102108826711
0.6035094761887767,0,4.571556766023867
0.1318311462053412,1,5.940942410222102
0.6779478207927605,1,6.3475767894495245
1.9765574448846701,0,3.4007998391133265
0.6473567593975145,1,6.296066417071632
0.2311336694800996,1,4.809704463047785
0.9226020409569844,0,6.58891789176623
-0.1391775508651274,1,1.6119326562742693
0.24918726351163922,1,6.500962271198617
1.8305011380215208,0,2.3211411139485847
0.760019563282663,1,6.671941150881886
-1.196265245363774,1,-0.9236871538133999
0.14331073789232507,0,6.447106702303529
-0.19851625496725944,1,1.1979827557460214
1.0246533155809843,0,2.637148663549921
0.6596468979488721,0,5.212279157376812
1.1817998431589167,1,2.5794640537749114
1.7087112779178106,1,4.1457346194093905
1.9699340086335009,1,5.970160120178463
1.7080038716971813,0,2.212254541822667
0.15982852112223833,0,5.080157114749239
1.368133177505685,1,1.5536414288431357
0.08383190908816873,0,5.705843141279475
0.49434275201103883,0,5.215927482400334
1.3042705210101135,0,0.27803996340842485
1.1281123506815436,1,2.211784830804826
0.8349787909719057,0,6.614829794878746
-0.7874865762186856,0,0.3104581642531449
1.7478312921242511,0,4.474186311229225
0.21520896284950508,0,4.906538376371506
-0.7779027573679058,1,1.8076408858152742
-0.4120739317028663,0,0.8391279902452768
-0.21118983798065738,1,1.4307336316294603
0.4023773334424692,0,3.021082632310955
0.06271771078599109,0,5.929312911958068
1.6775678928576694,1,2.933026351265725
1.9686320592932507,1,3.0318157254875153
1.405699830980383,1,2.0832386866561365
1.722380858575665,0,1.2518020076463983
1.2697988339647663,0,1.5103243661678072
-0.47750682609367967,1,1.5172663042524697
1.511897281780278,1,2.6182555548890596
1.4722267604298014,1,3.446324798532889
1.1601217452282455,1,1.4263424819594976
-0.7812834436078369,0,-1.155477227690533
-0.3880792849393542,1,2.525438690392959
0.7798043556098468,1,4.5445849325710945
1.9024408034396596,0,3.342687625728738
0.5638883093813281,1,5.51565731688138
1.4480579290904902,0,2.336371418993946
1.6910287620535773,1,3.520205723445139
0.42501175100390975,0,4.881159279484532
1.0592392036119818,1,2.2310409907798405
-1.3006454909583498,0,-0.6366921940820549
0.010264305853769695,1,5.772690003738408
-1.7273107624580257,1,-1.055265511444702
1.8524604463566954,1,4.48956671866189
0.19811814358006785,0,3.871005334343419
1.8632886446128798,1,2.3615157418498827
-0.2700084866794721,1,0.7532352473816699
0.024567451360976378,0,3.701203859909512
-0.2419532454683595,1,1.4495119809115566
-1.5773412629530243,1,-1.467002094714444
0.5633052587608249,1,7.074858938262417
0.47835181959131834,0,4.96077597685887
0.6008043695926135,1,6.2080194953573855
1.1230463442737593,1,1.9188904894454764
-0.1607983049227193,0,-1.6113658948006226
1.9794652686790686,0,4.264009044410943
0.7801409154342127,1,4.457539717150725
1.9347157010536544,1,4.599399992699498
-1.0432795831362975,0,1.6434733581269279
-1.5144602423102844,0,-0.1675341201880305
-1.5958167559574132,0,-1.8164326701378388
0.7686453667765276,1,6.698586406036928
0.03768851259915884,0,4.702291117952339
1.9867874154119072,1,5.347374577720064
1.2558810780240752,1,3.5818663443654115
0.46087775292404354,0,5.34953405536599
0.4955833451665539,1,5.571106784230224
0.10816585564660652,1,8.22034040791436
-1.477158493039202,0,-2.205991556475396
1.546416860961867,1,1.4039866736155096
1.3101515822674972,1,1.8094653226148314
0.9344575222456082,1,4.93752751943997
1.0772195745653592,1,1.4579323455799131
-0.0746233934587055,1,2.3902448937740846
1.04115929248854,1,2.112632153193189
0.1412405258103666,0,4.812931976688759
1.9034950196402152,0,3.9858257908452197
1.2061484475319584,1,2.250069296877999
1.8383065772841336,1,3.177861542432058
0.19183795589477182,0,3.886332325428973
-0.1824906617601565,0,2.1248793459535116
-0.04703545191288727,0,0.13225699162999188
-1.399805341224063,0,0.8369204815715312
-0.7012962924397601,0,-2.0834204760173503
0.9494283095511986,1,5.986898321204527
-0.09592748252493388,1,1.1758236509810567
1.5683387557609376,1,2.4803881483310617
1.821338746015713,1,2.5910524995682414
1.1476135450211804,0,0.7110267858636531
-0.7383724170079491,0,-0.5900233352653752
0.7525388243461686,1,5.443041707402065
-0.9813175118157953,1,-1.5931560535455873
1.3634863177036904,1,1.738335152639742
1.607047968541694,1,1.689073905189739
-0.15409014150106337,1,1.9836711559133002
0.5488059072331217,0,5.137302976800892
0.6374156888231308,1,5.226532793219329
1.5804709628261455,1,1.35327843360139
0.5466787286688293,1,5.921371520546187
0.45573433904024707,1,7.2007237013631205
-1.7333918377572402,1,-2.293326665884985
0.07363208778081631,1,5.619238180232252
0.9497350748859423,0,5.769199748977903
0.04888768325069792,0,3.427782641193147
0.7209111168334132,0,5.286220597227615
-1.6608319358167871,1,-1.6275296336323408
0.865293552250729,0,2.5824474595438422
-1.7149730889389656,1,-2.0204381516788077
1.8260055931979204,1,2.0650138719302866
0.9500334378360278,1,7.103839911352627
-0.8138576748493791,1,-0.4770315213544229
0.6454824442816576,0,5.234517978845334
0.6412108788053525,0,5.5745706937132065
1.0574906488869438,1,1.333206783952569
-1.6713133300942906,0,-1.6031924159110758
1.8714401393801219,1,4.829602618986313
-0.818220890090319,0,-0.4398618879598197
1.0768925913525345,1,1.544580095880492
0.4986542754170551,1,5.330896720768156
-0.4722414413884164,1,1.4248920163275631
0.4600518721554665,1,5.90929576823398
1.098535122551152,0,0.6446779051319722
0.5756170141645227,1,8.733549083594777
0.12120853299663326,1,5.034271090599929
-1.832195106273455,0,-3.7509950493053124
1.8739551103775351,1,4.684488094294421
1.9198813174354026,1,3.1518768201007354
0.4075263585452884,1,6.2253984462665555
0.3296906328289859,0,5.5221752567174445
0.9922927177181284,0,5.173335891039244
1.2470791523605502,0,1.6845494356487232
0.6259144293260106,0,3.264481881501612
-0.6469299760220064,0,-0.3053552334683615
1.712334561304199,1,2.0380767252260243
-0.271692468223216,1,1.3839923531348206
-0.24238004122219126,0,1.2749887098692896
0.45175832997810206,1,5.198810799157522
1.7723033509788304,1,4.216670682059407
-1.0372291526699802,0,0.0785934943725285
-1.5139944947963277,1,0.18343473077442374
0.583243250620824,1,5.869387564990254
-0.8563728430433595,0,-1.327814720767291
1.263787755874469,0,0.2857301959578259
1.4454799854537441,1,1.9088827503044221
1.6757061345582178,0,2.4942431805245535
1.3679942115602461,0,1.2948537770616428
0.9139627086464528,0,6.317223640213611
0.624647350724286,1,5.7429371228574455
0.1801076755877533,0,4.840672696206082
1.9386789580980328,0,2.859751138939518
1.7495522659884757,1,2.49503396191875
-1.4730849061817524,0,-1.9173998492338677
0.903919639941182,1,7.0846259197386905
1.2711413194277803,1,1.374254438369459
0.02341077180731599,0,4.408960694576548
1.3628121120448,1,0.9143824606932249
0.9312061790650024,1,4.508919511927348
0.16894882196739314,1,7.015135281892876
0.36139076183509156,1,4.586728228289326
0.03344218766511986,0,5.747205290660606
0.26008797143606444,0,6.326180841261978
0.7555412082003627,1,8.122430247217382
1.4932916634432307,1,0.6784304074905838
0.5451654159169923,1,4.696256599706349
1.044486148172632,1,2.0428736315612133
-1.9626735206916268,1,-3.653950469868478
-1.013284541913508,0,1.467341457350634
0.9058468604520193,1,6.1896996528778585
1.9672398053974538,1,3.2896783669748277
1.200283874796638,1,3.1555546731791013
-1.1838574614844046,0,-1.4899303231720884
0.22033979720914498,1,6.197832192144131
0.9322851841186992,0,4.934477329383612
0.46394180104071614,1,5.134542569590116
-1.2479010615383355,1,-2.1819055500305415
-0.5784617252570423,1,1.2013927595742742
1.1351671379415889,1,2.7305719546032163
0.2169060565280665,1,4.789134942450869
-1.979081545828349,0,-5.421026558376931
1.0439630401123754,1,2.0722022110088947
0.9829351309249286,0,6.694369962242291
1.8322939204775208,1,2.672488373026841
-1.4044477986702213,0,-2.0922291974961897
1.9853373505089893,0,5.555086752666919
0.8882837528109482,1,5.033203901336272
1.544783121860298,0,2.834846759449794
0.3721773367471366,0,5.6268291874776795
-0.43389720728868264,0,1.3459364408429653
0.7824725859872275,0,5.536123479688362
0.47835734983936273,0,5.749997740916216
-0.5780279582345704,0,1.0307168361560994
0.352809067793562,0,4.411808074412386
0.5693021036209096,1,6.490689578528416
-1.7405856220681266,1,-3.5907079395291825
0.3199351497125251,1,6.825745610473661
0.24593835183809487,0,3.8682557490882674
0.24264037766468372,0,4.699772327910734
0.41395066638581923,1,6.9794082151012535
0.7058717489054489,1,6.2038617559573
1.219955998723079,0,1.247355714555849
1.3001976407202482,1,0.7549151595764645
-0.006977270946185499,1,1.6412562268340858
0.830723738963663,0,5.555877160862525
1.1544598586896258,1,1.5122264260329799
0.06907622576643746,1,5.697479073604664
-0.26392253530449894,1,1.1734732501343568
-1.645598281281531,1,-2.196284083499257
-1.117552189155155,0,0.2708763631993554
0.39290117625495524,1,5.505771297823102
0.9426524569567594,0,4.360367006454518
1.9933900455717986,0,3.722657321375596
1.7324533253742307,1,2.8890307633153642
0.5702607981407661,1,6.801827069864222
0.5447094588329309,0,4.804599553310773
1.142606472320928,1,2.8574113887121566
-0.360380441214847,1,2.339303980046619
1.3592091425424688,0,2.514580124815664
0.28748908490874614,1,6.701831337088219
0.3510774434487929,1,7.246939382398003
-1.2620949874654426,0,0.5276278294178058
-0.5510582333908465,1,1.60442738570028
-0.6619548450322714,1,1.5224939122250394
1.3267881747030938,1,1.5155996479490557
0.07231506495526174,1,7.042984400103156
-0.8050977056449078,1,0.15578199300373985
1.762716980461362,0,4.029862405543649
-0.2813727490442597,1,1.7714866929563997
1.4909210019384074,0,1.1621628126431003
-1.2555943286148907,1,1.337385075965898
1.2105732391828417,1,2.6943516850810925
-1.4660801103362249,1,-0.436079597708226
0.9117572278950608,1,5.2866965040864855
-0.2525971895392818,0,1.9526593072372989
0.9180329146095869,1,8.759008667017008
1.062051595964439,1,2.8616409617699214
-1.3643673293225858,0,-0.7916597300336696
0.44090059791056513,1,5.405105036607074
-1.4585836708892579,0,-2.3497297148917577
0.6278206250685581,1,5.270462833715106
1.8264584843338318,1,5.897651675199361
-1.7717811153949827,1,-1.3347166201689915
-0.9531772650563761,0,0.460052802709836
1.6250183220841468,1,0.6925709473043224
-1.0018152006019756,1,0.4843728910779572
1.6257498133776438,1,1.8651024240991079
-1.4430185155296193,0,-2.454798870287072
0.12968272910086842,0,4.672537225005302
-0.6106266949646293,0,1.3451391675511453
1.5993333827490899,0,2.314864708171833
-1.912706412898042,0,-2.9323009083240477
0.6551587447023564,1,6.115144058013057
1.8535777368542017,0,3.415676832529676
0.24067273384736776,0,5.3166997903691495
1.7472898481323673,1,1.4345228677594524
-0.9593688361517954,0,3.5008349581865246
0.9232838599229192,1,4.889219155280439
1.9251883619889867,1,4.690791123620042
0.6166984058962979,1,7.864922324229075
0.2613210182864396,1,6.333862123307605
-0.1442700532466552,1,-0.7087125070028326
1.8880213185261483,1,3.7464768554629644
0.43410909078586624,0,5.006590750854355
-0.6019745116527249,1,1.6606219327714857
-1.5436168604482665,0,-2.916195687854146
-1.0987322801950596,1,0.0555759841153171
1.4024642313645512,1,3.0375903144949237
0.24489115313009968,0,3.7247865735480277
0.09356364549746576,1,6.511004508511614
1.4405587733977399,0,2.5906041382522416
0.8912572128339349,0,5.688538003039872
0.8313403889190747,0,4.697254859822659
0.17415286937058427,1,6.525935954866034
-1.336901839346897,0,-0.5005156494675644
1.7827925880011293,1,2.0846379447120085
0.6760893493164333,0,4.091818866307364
-0.1508177559975712,0,-0.4171657330401906
0.6038938686038167,0,3.1713164551757487
0.18172747762762187,1,4.567556569381448
0.05001059508132677,1,4.428518467613208
-0.16304048961216777,1,2.644531474811935
1.1451127975361324,0,1.0933146446672632
-0.9655166604478449,0,1.7134367140500852
-0.6791397405140098,1,0.3152752369989711
1.0270060227545401,1,2.558671548084054
0.07754343801574937,0,4.818498888902643
1.5113203126081634,1,2.144306795933975
1.5183274198061167,0,1.4752815040391802
1.4823137001840276,1,2.699011794468555
-1.0448151544738429,1,0.6826628570466821
1.9399586245635003,1,3.5843779679455263
-1.8913303150977607,0,-4.7840215604259555
-0.14427449275066895,0,0.2956656011172555
1.6368808234462406,1,3.831507716098421
0.1548071918108569,0,5.872900290959704
0.6271204188971762,1,4.721225009787175
1.288412642400902,1,1.9131245287775576
1.10244740370131,1,1.961863834437224
1.8579066156032464,1,3.887423722523739
0.09331852477896518,0,4.033320452251234
-0.8514481676616978,1,0.3971504876880375
1.1714176761353574,1,1.5938314431571206
0.31037346352463,1,4.309272591944995
0.538329670201215,0,3.541543951771104
1.1916566384635763,1,1.6023486872838992
1.6603602736281728,1,1.3200080517320318
0.13211546898455984,1,5.256012491906759
0.7835964726752098,0,4.3621728203839645
1.6245730190630656,1,2.914514033708285
-0.8923820504887643,0,-0.7357908511732818
1.9340858908608882,1,4.485056322383648
1.5759588400314817,0,2.7952090406891297
0.6171702092998474,0,5.356097310069345
-0.23870632652660406,1,0.3054382491616376
0.4611921002792081,1,4.871270047600982
1.529665473629355,1,3.1870015963502656
0.02082709430655294,1,5.662786658398262
1.8685064610366817,0,2.584411392008672
1.9364412761459913,1,3.781255027609887
0.6716799952145083,0,4.412004992350272
0.5386850930157658,1,5.0981915640904525
-1.33618041881686,1,0.01053513737372025
1.527711033218576,0,1.6860137495170073
0.2390227345535303,0,6.133345801301651
0.1095984884907053,1,4.726792085440382
0.8774144894766343,0,5.150769973538242
1.5610322120712086,1,1.1972132590081486
0.9259859613614494,0,3.717357833873673
1.4327082126286559,1,2.936930045265217
1.2762540554466244,1,2.5235670557415113
0.16317501994217753,1,5.7310448363239335
0.8409711944932461,1,5.1175106964552
-0.11532840426874147,1,2.229405084379115
1.2865475908418866,0,2.500426915619522
-0.1629392113071444,1,0.8203922051895622
-0.023150210998800436,1,2.068617219225953
0.848056081323123,1,5.168622092791722
1.3039128508323272,1,2.637672547733911
-0.1985960843783494,0,0.28553471787778
0.9953053478532259,1,4.769654234802121
0.6045903395266965,1,5.94124165481996
0.4837142699137247,0,5.597640594341225
1.3657902123390397,1,0.5755037818963764
-0.11485133040734175,0,1.3154898050832544
1.916419752060618,1,5.914547048573092
0.5365685531829474,0,5.487392170283548
0.704710248301736,1,5.5468760921543705
-0.6995839382732041,1,0.481208378523971
0.7453087867443897,1,6.177467504342276
-1.721435407350377,1,-1.828617528310378
1.4229490356231453,0,1.3498354328379025
1.3481645009717602,1,1.4646531026180678
-0.8828956461823583,0,-0.6822973796197486
0.5715276402348306,0,4.517317822074699
0.776602294039324,1,7.8514482753868915
0.05061901258021173,1,7.163965636328338
-1.1494224945156155,0,0.5660165485594807
-0.7842143950371048,1,0.6401282846601251
0.612651162125132,1,4.30940534566198
1.7532192737939307,1,3.132339340322432
1.484817929052208,1,2.0017394832111104
1.0642591061412103,0,-0.5303599943953559
0.659939613903981,0,5.636427893901792
-0.958852569735988,1,0.5837206348245908
0.6829292476233362,0,4.413377984384021
0.2417625239217598,0,6.168287676295241
1.45825443809068,0,2.0568568816540216
0.18659288075115388,0,4.147140640472088
1.9072013140426374,1,4.337365677546188
0.9596164830677214,1,8.333608370018165
1.6723062087966025,0,4.8996902845638015
1.6430806465756609,1,3.1041763814073486
1.0158476143871358,1,2.285191991126397
1.2196271073657545,1,1.8919776340536931
-1.927973777598182,0,-3.524615228224133
1.8512414282961038,1,5.00109655602415
0.906683968281293,1,7.341462071013378
-0.7809956184554667,1,-0.9247458204465613
-0.8739152063402802,0,-0.43930962295199905
1.4910153582645118,0,1.7557957239511663
-1.549678438352252,0,-2.086762115956953
0.814743909843183,0,5.704623793301072
0.16279390657964132,1,6.69826195965361
-1.9503838548907408,0,-4.56196102179734
-0.12492813814197667,1,0.551648895596391
0.39342993719103525,0,5.545089182541433
-0.8110487691655313,0,0.12141405028403868
-0.8003235539720612,0,1.794085913656787
0.9727727949264136,0,4.998747946133581
-1.8074286560865862,0,-2.567501939103326
1.611579980767949,1,5.14750113059831
1.4090554975647258,1,1.5135888414972156
0.6712187329056261,1,5.996352323613901
0.3728862804295372,0,4.081043332075604
1.569209992558609,1,2.7141139351506665
-1.8613189330940667,0,-2.3837096281946493
0.3312273403339585,0,5.197835771489876
1.9817500647652397,1,5.544315307060156
0.08578275617435782,1,6.0691400362286725
1.3254940575428393,1,1.441025627119583
0.3959140327088422,1,4.472026623851319
1.6385072777463696,1,4.025385571731481
0.6768010517523138,0,4.7265791963072665
1.5159156011290693,1,2.0106073885309494
0.2870894081932889,1,5.243353350904996
0.06978540702016511,0,5.4466167108767
-0.2616161565651529,0,1.0953101682090949
0.4076937240605263,0,5.469297890248224
0.4283583148750161,0,3.6017541333327827
0.5252302123679549,0,4.591903357060917
0.3667886492253021,1,6.301028773762716
0.8105350923420653,1,3.624000588681185
0.04945511018316262,1,5.870626505620292
-1.5831007887666093,1,0.07650497713598092
-0.4619546894207498,1,-0.23526114098992867
-0.04933172551494236,1,1.2037999068567231
0.6088970381818899,0,5.198071924281286
1.802124210344814,1,4.444022163250746
0.4026042661934235,1,5.498837734439479
0.9743756647062392,0,5.935755203352503
0.025064237980811033,1,6.802203191649184
0.5364161255053252,1,5.125998500155011
-1.7162711354649063,0,-2.2854684057568098
-0.5525876271794452,1,1.3181358505206524
-0.11002657997394572,0,1.9539965609193815
-1.817405017990465,0,-4.245844995032254
-1.4399036097867293,1,-0.8840734683768563
-0.8927427688347769,1,1.2247279268939728
1.8861307636042026,0,3.3863624382667212
0.44312028430307304,0,4.956810418040977
0.06629051378391626,0,4.934123668638723
-1.9779768033583167,0,-2.300776604153004
-0.6445574026449936,1,-0.772233879957579
1.2103427183192514,0,1.0257018357719332
0.28819457347720334,0,4.301686123261363
0.050670903825665636,1,5.075350882945458
-0.8260447071675134,1,0.5716016359677831
1.7270148777312655,1,1.7423057566084965
0.4682660644712051,1,3.820505476737239
-1.5446464260935944,1,-2.1193888128754677
0.0296477548712355,0,4.51387656318184
1.4968900987407032,0,2.1050845767055018
-0.025813678639525328,0,0.11232934831156001
0.809035064126657,0,7.656645378656313
1.9712673559962814,1,5.616984587930821
-1.4740435204080735,0,-2.532561899963531
-0.4216956976094144,0,2.6691934454542126
-0.31268728584467453,1,1.7472857657758052
1.6304440102262197,1,2.941995330434173
0.8561305778674257,1,6.287276116025473
0.431620856362815,1,4.258131465687038
1.2951615368851788,0,1.1575114877413384
1.8202420459399558,1,2.811347946303302
1.2847931302009061,1,1.2218733085386635
0.5456054807336281,0,4.95603445638964
0.415181811797551,1,4.188505125638404
0.7463596539704271,0,3.9984583886586806
-0.46464446782008206,1,0.9651525385452816
-0.5237879129563336,0,-0.7511419159596814
-0.32420883925009836,1,2.1606538551675984
-1.7159693418669781,0,-3.6426696042374545
-0.5809148326560631,1,0.8064268174627582
1.7669028464757002,0,2.435410879446786
0.6742905868916562,0,5.301820122999555
0.7146798266902592,1,4.727487686118154
-0.5523200366485401,1,1.375668179683037
0.3746431648341537,1,4.729424894426492
0.5443841856381688,1,6.429467070161915
1.653147790304947,0,3.462900793008048
0.45029387337927673,0,6.631426390392039
1.4947943738653802,0,2.725790151452557
0.8958922218643752,0,5.0354596107920715
1.6098132291433669,1,4.190969976736715
-1.7342246225769005,0,-1.237174672256178
0.1358698901910551,1,5.02927796833229
-0.311862959489444,0,1.4861112208311174
-0.05599802480958793,1,2.6785634888394716
0.3087995469382032,0,5.800843671530121
0.2345695858017014,0,5.411482952771048
-0.6273305873093671,0,-1.092720187835281
0.916693950197792,1,6.929150956574915
0.6091665943677587,0,6.012067502720988
1.3824174519596273,1,4.4179777157660745
0.7699713066769012,1,6.410280779763658
0.6918664895777296,0,4.694760685995137
-0.7747460048871493,0,-0.6124046374543706
-0.2143219343936713,0,0.16959334129887038
1.19352136207341,1,1.1977766837151629
1.2896894946731137,1,1.8355147152155524
1.6665409433648293,1,2.6345598822048646
-0.27605911794681504,1,1.7661456070021915
-0.7245327267154447,0,-0.014757242291734474
0.32879498637645543,1,6.064838651118624
-0.5153103062494897,1,-0.8257237323470076
0.4042966672009318,1,6.156500648429171
0.8223434505752985,1,6.508477829525855
0.7536200739685475,1,5.515668081495107
-0.5017884519195146,1,2.7218566050104362
-0.27788264615116987,0,0.7736382583907411
1.5603881407352334,1,3.1412081534971037
0.583289545145937,0,4.3733377528102295
0.547609269818973,1,6.08130303689064
-0.3614844204190719,1,1.3935522117562091
0.7084825589400374,0,3.679951862714141
0.4231169978107614,0,4.49876423293642
1.9521438646223674,1,4.572872157079567
-0.18399351521554053,1,2.0792683230016276
0.7530969431209482,0,4.547005119315513
-0.0576412013624088,0,2.839527158128861
-1.889853120522138,0,-3.0188150917580714
0.021820471641799788,1,6.561654057046276
1.8560696284708094,0,3.890592463272785
-0.4631731480567991,1,-0.7717574481133875
-1.3599002541472238,1,-1.441487659606882
1.0248544558007073,1,0.265812236895302
-0.16590796447243727,1,2.831362258769619
-0.8430209121093819,1,0.5146082376807071
1.6003327320659229,0,0.8259709090705651
-1.5354441591978976,0,-2.323969228612447
1.8236753158212768,1,3.4544477374163973
-0.7441331304905887,1,2.9063507033641285
1.553614689234725,0,0.9904053915343319
0.41177150591784617,0,4.918691854758925
1.9360526528418571,1,4.82771144349149
1.8445419416303719,1,2.6988181137695735
0.16563042939034078,0,4.463461547255092
0.21484594143204472,1,5.38521829884894
0.16681924964001604,0,3.8681935157824388
1.04760725041948,1,0.8127485370014376
1.3345998477503422,0,1.242901425562587
-0.790667002594025,0,1.3788335181820643
-0.919009231476867,0,1.1472462422030358
1.8656695434656294,1,3.0833709412582353
0.23083530500017568,0,4.223963278459459
-0.6108918438779698,0,0.04233613316253998
0.32187040397478395,1,7.094902823229691
-1.443213194617218,1,0.2502784956490587
-0.22382500319118837,1,1.600674568848894
0.5049372856842553,0,4.752542772027076
-0.04440867283019445,1,0.37234868406497257
-0.392884797382703,1,1.015621121050756
1.9753935555987927,0,3.7240994743080593
1.521259048595708,1,3.3495888814042383
0.49362383263776044,0,5.890256963753892
0.2775094447291311,0,5.6020270293520955
0.4826419192983362,1,3.2302528001711353
0.1720983358306527,1,4.377762679846915
1.856115388662055,1,3.541009952553654
1.637818443748968,0,2.7713754255789023
0.8885729418236235,0,4.679877280410746
0.13354651506145032,0,6.417101519618079
1.4798766385907398,1,3.321555560107602
-1.4773906247061483,0,-1.3155106347287537
1.1768426501976217,1,1.907487003580834
1.5083623240727557,0,2.7587458847311677
1.7761683753015913,0,4.22824114593698
-1.4048161223795375,0,-2.6386193497094745
1.9239495126507404,1,3.480567454590783
-0.06637025610741354,0,-1.5025707784942057
1.4541900900581806,0,1.4748166938932001
0.3549260885252794,1,6.322471923612899
-0.8568657778965192,0,-0.8486851923361867
1.0471927655107889,1,1.414738839999546
0.04510184880300461,1,6.854280677466217
-0.030698079995272298,0,-0.12325640335842561
0.30911611693252494,0,7.074982523816152
1.462308582498209,1,1.815646135681265
1.9229573743337176,1,6.253270503222611
1.3100756884252123,1,2.341725247497388
0.294115805822293,1,6.832287229584199
1.8241885744477324,1,3.256910675430695
1.4158478678216886,0,2.3563473205177594
1.387875416828242,1,3.7200763906132774
-1.7501696255237142,0,-4.026094711108797
1.5338590519442428,1,3.4559252666455276
0.04172995601692886,1,5.692799020598436
0.5063700443728409,0,4.742678175143205
1.705530426920347,1,1.8679442114586866
-1.9235356222809439,1,-2.93552426500154
-0.0926261267287316,1,1.9645185474438365
0.7508881697222427,1,6.914824784310159
0.8908278307929138,0,5.585261764946785
0.7701297261484319,0,6.340650184423655
1.21774883071802,1,1.4724924809462825
1.8297920761523847,1,1.6818577557656114
-1.9645468595461244,0,-2.9731632268589756
1.9912834227279128,1,4.891149714640535
0.7072851954295825,1,6.778908917954401
1.3138771977964683,1,1.3968196148740173
-0.8215224146152273,0,-0.9900002448006983
-1.94273888933176,0,-3.6596279988777787
0.9514780742461202,0,6.284891206440533
1.3365783880027031,1,1.6624075271612937
0.9619045278140765,1,6.946791230238462
0.6341620626802196,1,7.053907734001445
1.0644637311823448,1,1.5106902956050705
1.3836857587109286,1,3.7706704022347726
0.4544164569498337,0,3.6992324078598218
-0.36982787587027666,0,-0.8386511071991302
-0.37157404349748946,0,1.658795232553514
1.2329408400368886,1,1.3239617417311123
1.790752103857883,1,6.354520885214283
1.8204608291668056,1,3.7662356113077515
0.09030639734698065,1,5.588451550216654
0.0024970722816712865,1,2.788450088464436
1.1780621779629947,1,2.1604684626114516
0.8283459090667926,0,5.3121541931909215
-1.708392658528386,1,-0.9128479443008275
-0.38850686946945157,0,2.216867868731544
-0.8188380238082269,1,0.9822822560671822
-0.8759820043651456,1,2.168029117666315
1.6244440085299883,1,2.595694782005243
-0.7140171950084722,1,-0.8561837736080149
0.5619041687033759,0,4.93973510536693
1.9159244606992356,1,3.4296280701593655
0.41397238417351456,0,4.81196481231378
0.5912697839621135,0,3.1738716830243145
1.5546363210615946,1,1.2343551966854795
0.012335803119345456,0,5.659026890603251
-0.20260103184143174,0,-1.565200675905723
0.34345915381407677,0,6.0329501450479786
0.4991354511576098,0,4.653011285230587
0.7304688848936096,0,5.489338141232305
-1.0322732787378817,0,-1.4160235174620008
0.8558105300263592,0,5.592148561014905
0.21000386963155648,0,5.40998492530998
0.08067956924300468,1,4.561681845704991
1.1013846016125424,1,1.616241723915013
-1.4646865480012274,0,-1.5137253668126334
0.5182307875669463,1,6.37768147012316
0.9945809365048,1,4.184611474886861
0.044516556948919206,0,5.000115976820011
-0.8953217687164021,1,-0.004549349318698104
0.8279059498228647,0,5.225719973646724
-1.7492415135125365,1,-2.429569366917977
1.3573539694240093,1,4.416328457983004
0.9636162246082858,0,3.7958462101089347
-0.7349194010827729,0,1.775266060399158
-1.5924304477359459,0,-2.182348603165321
-0.5590643247982885,1,1.3568605261760787
-0.9184268544618979,1,1.1686471426224203
1.567488579242939,1,1.6352493820409906
-0.2647303216938819,0,1.15518825835185
1.639772575417568,1,2.74636522567253
-0.4907277841472286,1,1.159425832642011
1.8563136659604327,1,4.309257020443573
0.748077066012971,1,4.352782246576135
-0.44940477817741176,0,-0.36985709790746074
0.5308475149944036,1,4.943317498879703
0.8154283665373248,0,5.700105557526743
0.8521842025372748,1,5.670230952194443
0.6655416543128259,1,6.13936526731102
1.8641900205147088,0,3.6848642157283384
1.044151161003132,1,1.8904498557164708
1.8030908309253522,0,2.0529121737249705
0.8101620061392278,0,7.0864602384978905
-0.8077911654422274,0,0.6629675863404976
1.1272954533797424,0,1.9197407918402392
0.5765968859036636,0,5.629984786818356
1.8271992619371447,1,2.099142538552355
0.0016045828408048912,1,6.115072511764733
-0.26908345592118144,0,-0.17895527390703972
-0.3339822723844841,1,0.41530945851336587
1.2887195472656932,1,-0.7156434428815512
1.4013920044795816,0,0.7905750017434472
-1.1520237812053677,0,0.09072980821640508
0.6294139286805143,0,5.5719414651785755
-0.11087278334807316,0,-0.5955017774931428
1.5206269516859403,1,2.4988758783058143
0.7112528012401769,1,5.877561075020542
0.4310084890108903,0,7.970354146429827
-0.8187940897126689,0,1.571331813674429
0.6065590419091063,1,5.971724907562352
0.9543898325293227,0,4.4550924240966685
0.5793304160892552,0,5.459402839971305
-0.4194763695539869,0,-0.5617981856876548
0.8528275331304709,0,6.214286638737809
1.5608600105446975,1,2.9339698982978826
-0.8503616141376811,0,-0.20571736023052872
-1.7676321916786009,0,-2.0138939733558403
0.0634476108493125,1,5.282118578696204
1.3419209029687775,1,2.93799134454419
-0.48362380531225524,0,-0.46547340084450145
-0.6506178129236293,1,-0.13702328446541767
-0.34542930032545893,1,-0.9337385730357183
-0.02854166221021348,1,1.3830509561113304
0.12375071364837531,1,6.261476858881078
0.3805266996227261,0,4.073146190761317
-1.9603047154886575,0,-4.961594729044538
1.8539969635503533,0,3.2504788411204353
0.07612912051819487,1,5.552950781088922
0.7101690698358127,1,5.589600103413526
-0.7525445683324672,0,1.497684005744548
1.0959655126110501,1,1.7842292415431913
1.0916859275044604,1,3.3212021168093493
0.0851841906165558,1,6.969274088426153
1.9040552931168544,1,5.854777240987026
1.2286221494595302,1,-0.03607653511040709
-1.519171083517695,0,-0.25702970379240164
-0.9376686681655757,1,-0.005902235659215216
-1.9297905465334844,1,-3.9484599674417886
0.07184211085031578,0,4.3064874313276675
-0.6076176273268477,0,-0.33376935537940544
-0.5130428203746789,1,2.363295439640985
-1.9945854971381274,0,-4.633918070529053
-0.8007978897390564,1,2.102503925862074
0.585834966551722,0,5.949366840178746
1.8967777752654285,1,4.508352790707517
1.388243307935598,1,2.7858448066760957
-1.9056201414178835,1,-2.7463675107694834
1.5942424186993573,0,3.3120204556196304
1.1327936531945038,0,1.2937928264391243
1.1215044942839216,1,-0.25936732419304787
-0.16801696398571409,1,0.9938803976301436
-0.7883370846672295,0,-0.5339672549787984
-0.06369172115919364,1,-0.8505060579748344
0.9897776263867759,1,4.647754663791442
-0.10476068640821357,1,1.3684698786057274
1.8311592039528155,1,3.1035903495959296
1.770897276376449,1,2.7111819684089866
1.1407581725936335,1,1.160091428836389
1.9653116062568823,1,2.6390270715804798
0.1779293312010517,1,6.106704613468522
1.8510734010128242,1,2.598164876234581
-1.697579837532997,0,-1.3136179837338362
-1.0984749279729367,0,-0.7583488535529949
0.4896545662639866,1,5.79571455721899
0.3131935976814426,1,6.0584091466514405
-1.4121491616471613,0,-0.9418822658390913
0.5438188286549139,1,6.206782015069429
-0.4473371754920179,1,1.8469618586083598
0.6965211821442518,0,5.8748499512123065
-0.9603800830286686,0,0.48948160681402536
-0.619231166023158,0,0.05319960907743761
1.6699433725279609,1,2.0923441694225846
1.5605645495840585,1,3.543033302839908
0.8308854010701099,0,8.072721319536045
0.5236871609166536,1,8.050327457708944
-0.2093062983583267,1,0.4810263049688107
-1.4629005963908979,0,-1.5178461698171295
1.8317364842270818,1,2.812557827462118
0.11863889578247955,1,7.265938337931196
0.002414284618830198,1,4.925398659150844
0.7184813309404312,1,4.891620283194881
-1.695043128105742,1,-1.4278706085203026
-0.9011847398084321,1,0.37826482031039366
1.2278619635359744,0,1.7577001931486498
-0.16134051838935504,1,1.2448685647391073
0.18630856812917962,0,4.73875311864535
-1.1632581383682887,1,-0.07060178606669114
1.374598656207295,0,1.9293466958744148
1.9247701166564632,1,3.8949587084207558
1.415139686818668,1,1.7653863272953407
1.842507902052799,0,3.2105436967057237
1.805719241447329,1,4.542230048298328
1.9792771758638041,1,5.881887115953845
0.846891222984195,1,6.289191832805326
1.9245749271672876,1,3.1948994561859823
0.27815911826841466,0,4.741650129973964
-0.25201645733751654,1,2.388851001949758
0.37424374151514384,1,7.713608868245631
0.4893730584689844,0,5.917057838419351
1.9247113470491781,1,4.516003036926318
1.6315951751184774,0,2.0978046894380875
1.7748063712808833,0,1.914111647748025
1.8405424176217888,0,3.398863963307236
0.08583855488588776,1,5.640706394899589
1.9092316319660148,1,6.126554528447857
1.0292408285377554,1,2.16178397144495
0.8733247014880159,1,7.709062101969556
-1.0106387367236667,1,0.15391687264878193
0.5624607341955494,1,6.120644584829735
0.6664019161864769,0,5.190221322338394
0.26034124981102513,0,5.045328870552287
-1.9638461236828313,1,-1.5187747314717828
1.704776273727128,1,2.456894518806839
0.5374547554867486,0,5.8621512096795545
1.392168358405936,1,2.4389686942849487
0.9154457690797875,0,5.861890916055291
-0.2851919160542655,0,0.3720464241482629
-0.07643941358796402,1,0.06447014849843791
0.6497360468042723,1,4.873646227066469
-1.5259895056073938,0,-4.161751929162776
-0.4086534979913723,1,2.1852560896174675
1.678124098624199,1,3.7929631410674007
1.973020061691856,1,4.768003420261592
-1.8203548040175366,1,-3.0500522172214977
1.0440316939815681,0,1.566337635949395
-0.5131037343906271,1,0.5131468819021927
-0.43016725508207987,0,1.535134407546305
1.0170598933880908,0,-0.4550583807135604
1.6737057285816346,1,2.2942987568565667
1.8037143780101936,0,2.086819209363621
0.30849034415328314,0,3.532560570718645
-0.5715153627979888,0,-1.0303816623486148
1.150196343435117,1,1.5640433225591497
0.25629611533407104,0,1.1520424217649539
0.6265242948315044,0,3.438871904683822
-1.0384043484259724,0,0.029381100109531544
1.6729563467017483,0,4.458493655978797
-1.5927852682018524,1,-0.32346268625240937
0.023831630939726622,0,4.495402172062304
-1.8442801466973302,0,-1.6338112176437154
-1.8559247268342944,0,-4.67219717659987
-1.2991129115766906,0,-0.9053728290846141
1.467081418024001,1,2.147699661088262
1.8018366823011829,1,3.978449371715172
0.3264891719567742,1,5.90696094643794
0.3203553386778184,0,5.155414293014107
0.06679354090507106,0,5.41783040060438
1.0351050150293006,1,1.3478928896405302
-0.5877984335987905,0,-0.09754297603337063
1.576377210133003,0,1.2442346229033936
1.7858260526016219,0,2.067279019253554
1.570232909945898,1,2.2996577746288174
1.1214620120275267,1,1.4404438207063184
-0.09465706679560482,1,1.6159547655832964
-0.009840591415591238,1,0.20153544099130316
-1.1812795637708642,1,0.07266053054379382
0.3645212130340658,0,5.142245722305871
1.4201208064797406,1,3.1347308375424756
-1.1716967631565791,1,0.08221061315920045
1.7631380820124316,1,5.409353648473674
0.027681751847338454,1,5.051654235655394
1.2435143240316737,0,1.8216245507470346
1.343303711642064,1,1.7971551334838411
-0.6712358675375816,0,-0.45425702830273157
0.7744722298951809,1,5.386713242940401
1.0844912634075463,1,3.209461261815455
0.618602747463818,0,5.472950437081006
-1.3936197007996025,0,-0.8035760560980034
1.503532334068228,1,2.562065347213613
0.1563782109440348,0,5.27196166115673
-0.8701102945199852,1,1.7692478718003082
-0.29908725824922433,0,-0.26423181560501546
1.0621870020634434,0,1.0959031956853715
-1.9999534609785354,0,-3.8917409594837613
-0.3337366860708313,1,1.1521674161934914
0.09004072434235377,1,5.329620774730513
1.8923126518893314,1,3.956340950642445
-0.7832051214548765,1,1.6489597536223481
-1.0783333515306004,0,1.733937642388032
0.9173791763519854,1,4.308050537422183
1.8673819991971414,0,3.031722056294613
0.6521887672136897,0,5.530590936341022
0.9675853078348604,0,4.463558730157449
1.393701516362099,0,1.3855909854214306
-0.3094832119455635,1,0.5640594727569089
0.8504853323940513,0,6.226393426064674
-1.2735441289735894,1,0.14508899698556577
-0.5162359673689392,1,1.4287219741830945
1.6077607869966002,0,1.8593878689994459
1.9394336110499033,1,5.5109904409453065
1.016993038728323,1,0.5210736458997851
0.36255133597855105,1,5.228343821948895
0.6440570169892812,0,6.29890606486088
0.17798783641546034,0,3.606929063489365
0.8372833138904383,0,6.29972669599129
1.1225268697022286,0,2.260824103467088
0.33509112205644653,0,5.403921063058307
1.8088871427903785,1,3.615144994170576
0.40621551719929627,0,7.278413437929954
-0.8137603511762772,1,1.3892693883727816
0.8576966562849688,1,6.169027484752417
0.0554178568270709,1,4.264130119938674
0.03556222236422357,0,4.784960451206523
-0.5228769191378357,0,0.8545902471271871
1.7316994502786884,0,2.5928243357828253
1.3100252794928848,0,2.1458358432224287
0.7888375276385471,0,5.58300658549265
0.8573065429399902,1,5.611956937790595
-0.15313542474752362,1,0.7858296072228516
1.6839780843863035,1,3.5597942199814216
0.7783817090131415,1,6.075025608062856
0.9159242466232658,1,6.234876542748594
1.228283615466812,1,3.8850046517115127
1.9141018735565622,0,3.5826222280145488
1.4261488949917074,1,3.0437954914369043
0.8046794463610389,0,4.7405767589797145
0.9082270464615605,0,6.396246241865846
0.2482911776102843,0,5.067307955440839
1.7883626684340763,1,3.3967461550674907
-0.01496498847055383,1,1.4561135004640136
-0.4779291605204219,1,0.11354080603131445
1.144822609044232,0,1.4203802827065124
0.9377757283023658,0,5.380954983536032
-0.46257984590346046,1,2.559284829335389
1.3559893108720429,1,2.5754473548385857
-1.9543280661837055,0,-3.7816831856562905
0.8147991185162038,1,6.845226267782187
1.8810284389042282,1,3.7051835821130474
0.8194840401735268,1,7.014605322524821
1.2685125680623406,1,2.0112017918824083
0.18572126431138924,1,7.685716048653734
1.8681411010245847,1,6.352158997409996
0.019182393218112548,0,5.068428840424983
0.8738157892902003,0,4.387538273147999
1.4505618845967159,0,2.430835033573017
-1.2829775523688398,0,-0.8456261043764209
1.2000139270547256,1,2.1020649219418037
0.21082830287418108,1,7.434472896092494
-0.41378527204014715,1,-0.15984708402141412
1.4611830356356497,0,1.3234277656641789
-0.8398178721502525,1,-0.4918477893714767
1.4856561367634171,1,3.0961038161080507
0.690811976835592,0,3.963622237013651
0.49949639842799565,0,4.508880093582326
0.28698393257499477,1,6.601677455075476
1.3313215071530844,0,1.4662068891900641
1.6243482419250421,0,3.908488452410986
-1.9513729140904528,0,-3.962459138704049
0.6960796762351706,0,5.046432518251842
0.1954346603094237,1,5.612811481616567
-0.8494690838252872,1,1.8875177687999358
-0.7728936019114352,0,0.3099786026741054
0.4851697961984405,0,6.2346724080924485
0.9307962023611216,0,6.354544943839906
-0.856966701629176,0,-1.1557960815529826
-0.26893248160294947,0,1.7321973041027363
0.7417755328876061,0,5.192306086982853
-1.7736573754131375,0,-2.237831015621691
-0.5043158119487456,1,1.2051692285403603
0.5669375891942328,0,4.444754501082002
0.6859165946688277,0,3.7485669820437764
0.5291286145505594,0,5.474378038218389
-1.5945084097873634,0,-2.336836813618837
-0.8947235661365855,1,1.7513228386778406
-0.271924289621976,1,1.4088099952371471
1.9214749637687403,1,2.911640933304095
0.0748039775223801,1,6.4242115428793864
1.8827061816389765,1,2.011667440018463
-0.385595990553635,0,-0.6208323587696847
0.9515399393384247,1,6.476941395023851
0.8182177121097811,1,6.042284149396477
-0.309085452424271,0,1.5236309279290523
-0.4095504857885177,0,-0.04946086930086868
-0.9428949473654429,1,1.8594745982940497
-1.1786682451728008,0,-1.4769598786576474
-0.06784120976444008,1,1.5141667342069902
-0.9258649757295707,1,0.10454653390610469
-0.8501533404109995,0,-1.309770674656587
0.6270242538982282,0,5.124421231140265
1.8741493267995688,1,4.683119614096061
0.41454880223750035,1,7.0893300928568035
1.8056928833822639,1,2.6565057775429444
0.39617834860152623,0,4.813705339351862
0.4945951131610644,1,5.418829714471003
0.5940192804747526,1,6.532292700756371
-0.9303918885698348,0,-2.608622310819974
-1.9395572631420999,0,-4.381801089792001
1.8600614778178874,0,2.4922287390912126
0.70410515221019,1,4.760690638952452
0.8265194795148383,0,5.508969324682544
0.44002966831794277,0,4.9144722018407005
0.39067313081081245,1,5.851057071833843
1.464382534446766,1,1.7154559456107399
1.7869349156935823,1,1.7006209524347446
-1.5763767823849695,0,-1.7115339325120333
1.7789450351323186,1,1.9399975324869703
0.9461409133391703,1,4.889790290252076
1.5319752993190923,1,2.750063399137372
-1.1894694634586274,0,-0.5023113769453122
0.35034348443760743,0,4.030853367133932
0.8045583776698946,1,5.386336310922263
0.7204475417878906,1,4.050483386285801
-0.36739323653320755,1,2.052468940203146
-1.938420433234766,0,-4.9416563797221595
0.3317042272170525,1,6.260507716912579
-0.19898301542843866,0,1.2856543289476792
1.8303240603352693,1,2.973617563993886
-0.40385872943026113,0,0.028317652673594075
0.6898419921001153,0,5.760475268362122
1.908027817755774,0,1.6881287234526867
-1.966720231091232,1,-2.0923301382424766
-0.2656688294695426,0,0.7373094128060251
0.9935373987049254,1,4.601865474516497
1.6581946553942357,1,3.4891887629001825
-0.26391610916496466,1,2.0330656783570156
-0.9651534313782362,0,-1.1117684939460957
-0.2623867239735609,0,-0.8123451006319812
0.893791271400004,1,5.532106352433625
0.35781595793878873,1,6.951423599250681
0.45316673954951625,1,4.506924370697632
0.550752987583742,1,4.285247826771937
-1.0319116800764911,1,2.4905850201150823
0.856210893512507,1,5.836520071125101
1.5098801866179277,0,2.2110280622277947
0.9548926029062654,1,7.0954059054719325
-1.0064949585207992,1,1.9310522255107114
-0.9167746878521097,0,-0.6481459555975997
-1.749894817028617,1,-1.5142426992601066
0.9309338991446605,0,4.118976284181312
0.42692689886974566,1,6.051422418434087
0.6914866743923191,1,5.491144912914537
1.8059628407071489,0,2.977557566362894
1.2203612739826508,1,0.473339495293581
1.7308420325310454,1,5.039877847455391
0.17701586445479078,1,6.258504681196082
0.46713443141016464,1,5.083744534291583
0.9715259746717559,1,3.2824612921943643
0.9516695734161016,1,5.402422783269944
0.08579609666752042,0,5.716182108419645
-0.5155482462794887,1,1.2737782108982894
1.6830664338534294,0,2.5422137201329864
0.3377956390297041,0,6.323146382579123
0.15332777302285372,1,5.373265100343473
-0.9245859424712259,1,1.3899935327513946
1.581384356612677,1,1.796203096191046
0.6658521901073429,0,4.14189284645466
0.5209888778246317,1,5.027960280977989
0.8218433211339451,0,5.991282575823053
0.5972892983075266,1,6.319142335513174
1.7451224858757066,0,1.9042322304039199
1.2989729493880304,1,1.921031473850922
-1.9123466848999642,0,-4.177514304709065
-0.7958156886627479,1,2.4845783220326285
0.010524970520521926,1,5.2872564887302795
1.7084425154337093,1,4.082119178790233
-1.5784271275687791,0,-1.06378042759923
1.0577629123020174,1,2.2443360720006194
-0.36131578649602947,1,1.064242617076308
0.6206948580973521,1,7.196931683157664
-1.3620309498345669,1,1.1501586434259194
-1.7180322174274214,0,-2.187215506773407
-1.257413180395028,0,-0.7107167937934395
0.6568775399558731,0,4.2051975758392235
1.5267624473740322,1,3.059028579992321
0.7405372394979364,1,5.248869283215976
-0.8432502148162007,1,1.9588211619244786
-1.000172214409515,0,1.666625668712781
0.06002263883889247,0,5.803058048815357
0.1422152595186903,1,6.149536377965123
-0.5848433650542559,0,-1.1463704631230667
1.3142223916243254,0,1.6579212141177218
1.1571713932787424,1,1.403238641372779
1.6551537754930372,1,1.4503166220766586
1.8112600680100241,1,2.71236324586755
-0.6930298318798367,0,1.654539455745434
-0.5823002048277806,0,2.1145566254503234
0.022536613687835327,1,5.9049948704701976
1.764483250134694,1,3.595714877486619
1.5052777325692461,0,1.3690547216332958
-0.42907702691433514,1,2.0356809951235246
0.21348475899908737,1,7.578441257080354
0.012529890206160132,0,4.106581897745497
0.7077631319873494,0,4.757030340602194
1.3516334994072143,1,3.1205667399623187
0.993423414662959,1,6.6566695479192814
-0.24315759500113066,1,1.4210496860102868
0.4421870200616982,1,5.601079099071874
0.6945816698996308,1,6.015200114593326
-1.282986977042877,1,0.8611959827494244
0.7757983620406272,1,4.411256898086069
-1.0816073569841254,1,-0.2814476802889645
-1.3388620394281703,0,-3.8721970035884485
-1.992031459123719,1,-4.338331728260155
0.874958471414121,0,4.521313992419401
0.9296041962335164,0,6.349871217317466
0.05973339965303781,0,4.293263220430868
1.563422139932587,1,2.249135303416601
-1.5786180620746673,1,-0.6935519283504954
0.07689828312082048,0,5.789091578927534
0.43101073238261023,0,6.148811146368889
-1.0185907433351558,0,0.712726568778701
-1.7690713630995312,0,-4.896845008191338
1.839451210853821,1,4.372380492554005
0.46520194370289625,0,3.320042358969032
0.22751377268838358,1,3.9547797368639674
-0.3368995859067123,1,1.3144534683775126
-0.28422266627942294,1,1.1763059053270324
0.1636200153523233,1,5.8389228332629814
0.785719228144429,1,5.062620326615782
0.8085843847273178,1,6.7081593902125105
0.00045100830650790513,0,5.085304515093323
-0.35216761986359213,0,-1.199159313264403
1.4821078650775368,1,1.9025831241232818
0.5256756848735056,1,6.610464953176738
0.1300162656639272,0,6.328290135187961
0.4225515572936458,0,4.788050284137635
-1.5311843772790663,0,-1.9566395913247954
0.7682945880974756,1,3.032568091109241
-0.432562507247896,0,1.754220492008076
1.5826991104751147,1,2.069880505228914
0.03122025583511645,0,4.862914692869745
-1.927503835817081,0,-2.5850810103821575
-1.723816374741601,0,-3.3538199796844337
0.24271317975579976,0,5.872783263620879
0.5137058264583483,1,6.3672931006628595
0.7545265172315023,1,6.975339723906643
0.8937746494196479,1,4.313293890592232
0.14262639739031435,0,5.711051695115434
1.3733046711515327,0,2.8560256967690054
-0.05962136008183938,1,1.531258286255553
1.16623281036548,0,0.2742589780754622
-0.19482354788298029,1,0.7969247286187238
-1.266231214386262,0,-0.5009595291334746
1.4198960782458974,1,3.3829090839481033
1.530239507089389,1,2.035395620266269
-0.13476097543931953,1,-0.9130087282158259
1.2141506378504134,0,-0.4057064772329577
1.6070961141849147,1,3.0730390240523624
-1.732105551898914,1,-1.591810362155051
1.5094018125313546,1,1.5249862193158885
-0.44238024408449883,1,1.143423561429795
0.16704385707025304,1,4.385232369921635
1.8722632482030357,1,3.1537560130919817
0.5932720298083822,0,6.846225897808104
-0.4981242861339985,0,1.0153932615403243
1.215258180773787,1,3.0144555417038754
-0.2661110689774624,0,3.5934097946931436
1.9887294156118016,0,3.974345923617564
0.2362371397864087,0,6.426992882650128
-0.715351389456186,1,1.5296027258416847
-0.5979178628553528,1,2.36736007484605
-1.725145289104156,0,-3.065810129893085
0.8909510089552186,1,6.3721165021164445
0.6269179388864319,0,6.685946341980813
0.835062620916617,0,4.813010211008254
-1.9665452724925716,0,-4.107289532347085
0.646737153599426,0,4.906936607712531
-0.06404252728101145,0,-1.9141371614747629
-1.9787460973266162,0,-4.453954611299687
1.2179785697272894,1,2.290791670590722
1.0912382931613496,1,2.7872705830994002
0.19367665197425055,0,3.8490139005811224
1.0660601981303386,1,1.3360141662718232
0.3348543509254558,1,3.6431781150793934
1.2120082878313485,0,2.2592596255075392
0.07203226561849929,1,4.930855720659498
0.6846298935187547,0,6.273970561858222
0.4818951402078824,1,5.109636252082293
0.9690127487963487,1,5.082984923824016
-1.2200992003988431,0,-1.0127921170776644
1.561638068877314,1,2.9503408316308115
0.9999111938082832,1,5.423323513011706
1.6329139548012916,0,2.9234022764800867
1.0348612846556828,1,1.519464129354613
0.38862122396120746,1,5.388950886319011
0.6165309481114947,1,5.105134260307758
1.5565116957600398,1,2.400617763623997
0.3152270180477621,0,4.198760498828289
0.5295652973135496,1,5.8326941830938885
-1.3740931359855977,0,-1.2117958884461701
0.8655884478323959,1,7.790510608629257
-1.0339974880286662,1,-0.09099392537440587
1.6313540555341364,1,3.1505420770178167
0.028238586954873135,1,4.740690493756877
-1.6921133224765037,0,-1.7681722233769666
0.7846245805517009,1,6.839645296737081
-0.4688049422544487,1,1.3941193091852342
1.287323786341437,1,1.9216501369502919
0.6380430745630807,1,6.5970979650926465
1.184965802165474,0,1.5453603084146135
0.7694356898442325,1,5.068224177136078
1.7562739178011664,1,3.0200425119909653
0.5454971261334975,1,5.763776893385842
-0.7019527992986316,0,-0.4148604424365665
-1.236293659713426,0,0.7769033900865425
0.7785638355749112,0,4.961921779183695
0.3812130637099562,1,6.972248580023592
0.6478757791754743,1,5.324276797854428
1.2597589141621568,1,1.3124967144502497
-1.2491103772309917,1,1.1726558682329857
0.7957953139495424,0,6.210019948113998
-1.8754036288264357,1,-4.677724442270188
-1.865294384502144,0,-2.8852152540867935
1.5167430904049906,1,2.476410734540452
0.2293486782920322,1,5.337455057100073
0.6673895652226323,1,5.025727012313527
-0.7078906169836245,1,1.4504542320627416
1.5916767478306633,1,2.718117623051759
1.5524727557361433,0,1.8099234055191515
-0.6988375265530089,1,1.7059905484739928
1.6038435827618716,0,3.525325224396176
1.9846306939951153,1,4.368941538552402
1.3016626564957923,1,2.601922946389036
1.379485391020916,1,2.376457878254633
0.30680959543102526,1,5.918695262688163
-1.6203282527133211,0,-2.4331558548121497
1.9955704481331624,0,3.392846228379528
-0.6934430022963562,1,1.4346511067677652
0.9927356481953855,1,6.093981321289874
1.2266602121072658,0,-0.3748391114277717
1.990513189608626,1,1.444084064249349
-1.0340140589725286,0,-1.0472688010409614
-1.8385966925612012,0,-3.0699858122139867
-0.3552339280216561,0,-0.15854953668140312
0.26472276490028346,1,5.344633585671469
0.6173680219708788,0,4.331571635940901
-1.94247421571166,0,-5.472800713166744
0.49497233945603636,0,5.934726924545852
-1.8442479332493376,0,-3.642776964840432
1.3484785113226088,1,1.9206214816431912
0.4781048001452133,1,6.922034280311157
0.2535814028505605,0,5.012363610278753
0.49845619245812633,0,5.60229698876942
0.3477460262356282,1,5.102396043057345
0.3238015195527173,0,5.370951762680336
1.9627166282630633,1,6.373097714467853
1.026920668274272,0,1.971252700502178
0.8295880001317109,1,6.136901731392999
-0.44307811323284607,1,2.0575772036066193
0.3874075075510377,0,2.7354099235600176
1.7127283924558059,1,2.158160895051692
1.716558080061851,1,3.5671210058296916
0.11070986488677992,1,4.803089462614532
1.9825244379955338,0,3.6398942390525195
1.924471631471743,0,3.276297756871664
0.5980357188297893,1,5.5178223297722315
1.2176562387098935,1,2.42800888193371
0.8604006451348001,1,5.753248817360484
0.37263287615787277,0,4.641240885453842
-0.1809426297893557,0,1.0213841498505265
0.6991452086696421,0,4.4993749813140465
0.7101264555347386,1,4.792020808382746
1.7667679466321222,0,1.9905144053199355
0.0014377848622424416,1,5.958460175805182
0.7635359062032911,0,4.896083160460297
0.7885432235672369,1,8.256767627301446
0.5945558270752622,1,5.730258197738423
0.5437613073068435,0,4.219739549928156
0.39720846455775094,1,4.644421001302465
0.8205565822822534,0,5.691783743847212
-0.17931203306537435,0,1.0326823753426435
0.6710423664126117,1,6.1957149745850995
1.3494683190806027,1,1.7020899660814548
1.1164103455831471,0,2.766986785116291
0.43878970061046374,0,5.177297199738775
0.7985582784884868,1,6.893981504195267
1.3526198999545702,0,1.5807339096360535
1.211243739298002,0,1.644019653087565
1.8436805877152986,1,2.66893413243678
0.14374031540847287,1,5.213348649185781
-0.3924512004370797,0,1.1822686804339875
0.2904289315280897,1,3.6789495787438806
1.6852300488519019,1,4.103157651293203
0.3327632171083903,1,4.134528070483447
0.37136072203244064,1,4.548687061015779
-1.79204259208917,1,-2.2934689633017205
-1.6617384876110486,1,-1.9193199871118682
0.4273878221605565,0,6.234218807107393
1.5316592660748887,0,3.2735333810376117
0.6361816405289296,1,4.7613229828909835
1.4519873254354883,0,1.1576301113841696
0.949704343082709,1,6.673216567177833
1.2105612494117186,1,2.7054830711539237
1.9889515996144107,1,6.069815185751207
1.5894634631637277,1,1.4515364134229454
0.4905221343946322,1,4.454218973531438
1.8935304766592846,1,3.1953905856588536
1.389551722285495,1,2.6018726935502166
-0.6588837996868171,0,-0.15412249808696968
1.9013725339162821,0,5.344948492399262
1.2678956290873469,0,1.2784930550738678
1.7518609257355768,1,3.685532316072071
-1.6595860555208586,0,-1.350689298974684
-0.12357115580968525,1,-0.1871818886683887
1.8923071916491931,1,4.391704470079988
1.0371700276738944,0,2.144050400284647
1.8710458610782479,1,3.9334106980296006
1.1931727888367467,1,3.6873921758725303
-1.0699760311686752,0,-1.6944262172285627
-0.9741477559329361,0,1.5410963777229991
0.6959768325829216,1,5.205916540731044
1.2360945611667056,0,2.511983195440247
1.4586356874325603,0,1.6738019185320543
0.2536334579354165,1,5.774336943287247
0.32279633821713993,1,7.269297655631783
0.02203504155945568,1,5.945790366861905
0.4959939421159296,0,2.993486412324283
-0.04866272582395004,1,1.470422818538722
-1.7720850920105269,0,-2.235902208519817
-0.32557090032668023,1,0.7780093908736692
0.9000243051964749,0,3.791779125919738
0.297150300360844,0,4.193387576893566
0.6688493487767242,1,6.452143404442173
1.448811894632755,0,2.7259381378617213
-0.744498013110118,0,2.1400721528672206
0.1520908214556118,1,6.358144354230729
1.3604323137567995,1,3.451759683958597
1.9578045238602257,1,5.172858192436521
1.5580772441750526,0,1.3569357968667315
-0.5141309495024928,1,0.8322013850832286
0.966565807344169,1,5.112179492869467
-0.029723716986809645,0,-1.1342075535576106
-0.06727654674532602,0,-0.21768163515768285
1.3529216843272023,1,0.9347198642411236
-0.5543848837312546,0,1.588826381845248
1.4391786992465825,0,1.7067954174463034
-0.3727807961931058,1,1.6458244707912955
-1.2143231365119305,1,0.15221677591800398
1.8057793026523679,1,4.164060620089489
-1.2980334904745705,0,-0.4903263624533897
0.2709092717242183,1,4.221268580300971
0.31725786664775146,1,5.715557221371124
0.5789809943072743,0,5.498508680167088
0.21064907110699282,1,4.532500521871404
-0.5113069790124114,1,1.6011928814498524
0.6466690385167562,1,8.174035244131016
0.28350966735790495,0,4.848559892407098
-1.2589185784667052,0,-1.314160615641094
-0.8854277475398544,1,0.14385617904804185
-1.2686488805247316,1,-0.06852793883511815
1.7084951274577973,1,3.4131123922136775
1.8797061013807634,1,4.042011176424826
0.28504187974838935,1,5.140409649336485
-0.501807026481675,1,0.9265639400245953
0.22713964371275175,1,6.357049111267933
1.1837055485740096,1,0.2544281672096995
-1.299507439478587,1,-0.2454327393756491
0.6910584576498668,1,4.489690875608781
-1.127169861791311,0,-0.1836693485624754
1.4962870932207406,0,1.9959356861210917
-1.9973864369548018,1,-3.3496498166103317
1.1703792528365389,1,2.017720457353538
0.509315740362712,1,7.295942382529081
1.6829586013705415,1,3.5225340305150614
-1.839763523797222,1,-1.7696382232909893
-0.8341563460248245,1,-1.3882883636477985
-1.1698362551771861,0,-1.7796507578991834
-1.0474133853372147,1,0.2051355648406886
1.633738207517501,1,2.736836028052557
-0.1348023482407248,0,-0.14236161361844513
1.0423025698211292,1,2.5309454930080184
-0.05093858359979686,0,-0.9830990728921085
0.3876427621866245,0,5.764593449519002
1.9982308130017543,0,4.019015407266549
1.0777955763281883,1,1.9597229080764471
-0.40853718793029126,0,0.57902953286886
-1.3171665467500793,0,-2.282676972580814
-1.8781452547641595,0,-4.333137620996542
0.042323029838239545,1,6.699187499944933
0.4605165621647993,1,6.94731449340109
1.642422868857687,1,2.622370439949945
0.039416038201830705,1,5.448749757528054
0.00510257850291751,1,4.994566342368865
0.20463984766548826,0,5.810760454261855
-1.9001133515318016,0,-2.0460138042737537
-0.20384492827949652,0,-0.44235008646442664
-1.05008577299097,1,1.260287459691872
0.8983931473905158,1,6.237474625113681
-1.55362800017101,1,-2.31193322443768
0.43327800003108674,0,3.941421044061939
-1.306015798579912,0,-0.23200244822826388
-0.48099390832273015,1,0.6707886997385363
1.0030785968442228,1,2.461867087167504
-1.4980548128033973,1,0.7619229670755818
-1.0522667003734054,1,-1.5424370040640518
0.7095725195554912,1,6.7189960547952055
0.2631262193639854,1,5.433145729031695
1.7165788688467494,0,3.472113206611667
-0.4507099280987439,1,0.9352937439801388
1.3074342438910125,0,2.4257921533212246
0.09894255064572866,0,4.851330316431093
1.100976207339797,1,0.3324682257597784
1.8459692982964486,0,3.96516407249766
0.6714716268032537,1,4.730525330203765
1.7328203510372249,1,4.855292581491703
0.44585444490264337,1,8.075800944872302
0.7139998731705512,0,6.90751563176877
-0.7298011989696462,0,-0.053183382280891534
1.7886458516009913,1,3.505742119980645
1.5394204707840173,0,1.437230200506238
0.9562679037574902,0,4.162941558213103
1.8534412817841517,1,3.1686062164027424
0.8641998929685779,1,5.447801324035028
0.8249846502210487,0,7.358898758736654
0.4907581637991898,1,5.223383342397705
1.9604353843474631,1,4.908158427504581
-0.6401125448270073,0,0.22160906555676138
1.3382871610225107,1,1.9569216024264906
1.741938054109983,0,2.504405433535063
1.7145222484615763,1,3.461260637722315
0.380851336507499,0,4.970540909721234
-1.3981109159760101,1,-1.2201000682902772
1.872305525802934,1,4.294933696739521
0.006071841400665523,1,5.880561050123542
-0.11615899026106602,0,-0.7101425711022137
0.6476545305480461,0,5.732526796890105
1.004708547816171,1,1.2403063094386824
1.015472330839652,0,2.5447630373566663
0.3115644507763533,0,4.798821827120801
1.617439099975429,1,3.5108632721645954
1.2696313892244375,1,1.7386534120908645
-1.7775779132781575,1,-2.6290695426262403
0.6540943756538091,1,3.6196673748640587
1.538347552918455,1,2.652077622735695
1.582251392527355,1,4.231745664542745
1.636701056214343,1,3.6616468062968446
-0.7444876939398908,1,2.0303352370174697
0.764223250957047,0,4.661655373714783
-0.9134672749025214,1,0.17572485997900375
-1.2375606677022009,0,-1.9921331811749348
1.3237966842202735,1,3.2257922078996057
0.9397033895795768,0,6.785037901388896
0.1258196567572214,1,6.947054824370291
0.38432782095322393,1,5.179980441404517
-0.2646243085790232,0,0.615855162156737
-1.5336677017772131,0,-2.847197476822573
0.1867827282885206,0,6.151463002731207
1.6096521331444138,1,4.469671561888351
0.9320004288904928,1,6.214116246414466
0.6346454197590679,1,4.318960910176847
1.726219657237924,1,2.8575375602222963
1.2839240691965634,1,2.268689365443097
0.26642103562185193,0,5.3643118452209135
0.6281219929364292,0,4.6162409089036665
1.5935458663361395,1,2.449072457847387
1.306204296765857,1,-0.15323401172395235
1.2039228016134595,1,1.4981514659304138
0.30742952453080097,1,5.1440433442430535
1.9222729082428942,1,3.7724771841560134
0.3793895180076383,0,2.926789665685205
0.9554667085321307,0,6.089011095819285
0.6348705549080886,0,7.060908835681791
0.12916750380581776,1,4.509428992179021
0.27189718926432205,0,5.423275868473869
1.7532629146052643,0,1.865604426577087
1.2749609179362031,0,1.6275608018250411
1.9342688260546521,1,3.3703087729447483
-0.9613166441983441,0,0.9258357499804002
1.878894531191908,1,3.562595093255298
-1.798601892122587,1,-0.6015930852301017
0.7680450237866188,1,7.186961651723449
-0.1682840222638884,0,1.674252479930445
0.45588122530093056,0,5.985763705404492
-0.9885675269995553,1,-1.3065171048409034
0.3105270173776904,0,5.43987413056707
1.2942089064472762,1,3.026835080469483
1.2827846430671173,1,2.927685950718041
-0.5497608137636218,0,0.42528966028525333
1.2228581026728715,1,1.676090831891689
-1.163762505172616,1,1.3545112729655828
-1.6612466324987727,0,-0.7294148817514834
1.3636348416116286,1,2.049494705981999
1.2336229555747638,0,2.5383836961728945
-0.4615556960849272,0,2.0653800125500927
-0.16350390685327643,0,1.1699407914896711
-0.7868564366028683,0,0.15790980279363043
1.7302195136772482,0,3.1506873847519943
1.73499769200588,0,2.3461310139167613
0.7354658073413729,0,6.640309498245352
0.12628861074692477,0,4.386477737557788
0.6256384140026277,1,5.810607619193601
1.8846036294731432,0,2.8083025292039645
0.24875524425810047,1,7.070437211215158
0.8590131057757833,0,6.5627559504392305
-1.5345660593420165,1,-1.3937870042276324
0.4511833421460416,1,6.057551709931685
1.7539286328566184,0,3.392174544309715
0.647110929886554,0,4.627006103797896
-0.5813351800596687,1,0.8691600167951419
0.20265351776340612,1,6.990931089129932
-0.38716897546699114,0,0.7254475499277856
1.2586840188399568,1,1.4834270859546967
0.44732408041288574,0,4.11597114322978
-0.506168219469179,1,1.2032456857712548
-1.5765027271474827,1,-1.1575330923530414
0.7032917004162944,1,6.082850068173211
0.6326392971902939,1,5.186501745823589
-1.2728845311305523,0,0.23599607875748174
-1.3727491787327772,0,-0.7970656987559959
1.3092085989489837,0,1.4845205567910655
-0.32326849639151467,1,-0.5723591960698972
1.517320862713896,1,2.8308674540558867
0.22816205310014048,1,5.999210196679427
-1.074477454492608,0,-2.3515498874227063
0.009709148665505651,0,5.3595215197693875
0.9259454388124633,1,5.696718262372031
1.832472035677735,0,2.2695901228237014
-1.1182159830183243,0,-1.0325362460545544
1.737216456669961,1,2.7300168047215756
1.665682178128265,1,2.30642063232105
0.5416574274476393,0,5.636561633101522
0.5192826177388308,1,5.611783294476489
-0.3871574672647089,1,1.309853182210734
0.12517607340372772,1,4.861882472464927
0.7097522849131779,0,5.734765307152287
-0.2861683846048182,1,0.37941786948015627
0.9259858561725562,1,6.94245372926336
1.331718862296912,1,1.2417459222324034
0.16118612716122893,0,4.265896801390131
1.3786636363608973,1,3.001269286109003
-0.27479317463594155,0,1.1515261365677634
1.6602429300688897,1,5.026794199149578
-0.9953229298063948,1,1.4737864524107696
1.3768493011445724,1,1.2096196629687297
0.05638177020503887,0,4.639891707632804
-0.7661268740420639,0,1.8042506272944276
0.2921688024760627,1,6.817340100343086
-0.6991552148951548,0,-0.3597599687049161
-1.9744838263736373,0,-3.5985861394730843
1.9134191482274265,0,2.564756612851764
1.86298883927899,1,2.244371018793931
0.913483417358584,1,6.9897201063719665
0.6843726283439042,0,4.9773013585311
1.2217201721839164,1,0.3454112190723768
1.787024978768963,1,2.392047982094925
-0.399150896601312,1,-0.30107662720296946
1.1331919318241908,0,0.4939061605416907
-0.9362861974715249,1,1.3657895859029483
1.9613292151745934,1,5.5328368762051285
0.4141152260044838,1,5.042275267443252
0.6380239266053085,1,5.109700625747731
0.7521822282965154,0,2.681200989205337
1.7541191338925217,0,2.4524945210135307
-1.2752668837996688,0,-1.1501293898273013
0.4910136129593643,0,6.405061366750907
0.18583416691249743,1,6.275286450933092
-0.3312263257416941,1,1.7407022809254977
-1.3162543903166068,0,-0.4510326281506102
1.029131913102003,1,1.1631254875012877
1.5918585873911542,0,2.1299164943021074
0.6468747305758265,1,7.4275392824041235
0.40979776786635114,1,4.411152175546986
1.339788822777615,0,-1.6062412874555476
1.8987623841942058,1,3.534001108169016
1.4736380957877362,0,1.0909884000933365
1.7058551918247393,1,2.7486143380989985
-0.32149046877275866,0,0.5506277028292342
-1.8424326652287224,1,-2.960259655329308
0.29579946427604176,0,4.778574808924817
-1.885390289689382,0,-4.6823446152291535
0.33300956925022707,0,4.798720862210808
1.1494878325970919,1,0.19877782435279956
0.35340888393261327,0,5.717789703831219
1.895201653428598,1,2.120006838732319
0.17679465001480876,0,5.470094107222558
0.8377554585358991,1,5.103314586252376
1.6169731656302604,1,2.538548284862329
-0.5011121179704943,1,2.214409324519015
0.19947425110482087,0,4.498519016561683
1.3294541586439799,0,1.347683065923831
-1.0956837159577493,0,1.4707711242370451
1.721593680677302,1,2.0155966481060026
-0.19976544229509896,1,0.6207096362227165
1.4827538218297573,0,1.7354615526889492
1.0098733503459774,0,2.2171040548338627
-1.7948246040751377,0,-1.7307090571393446
0.11976234772093175,0,5.06269054888833
-1.3545305664464675,0,-1.327521871271121
0.2879835131343711,1,7.054195411191159
1.2217293171999453,1,1.281622286344061
-0.3661776743660696,1,2.002950579300614
0.7187888673333811,1,6.17828225228072
-1.7732782713366584,1,-2.162656184592725
-0.4323577482243639,1,-0.3699756057904986
0.7886547685519218,1,5.088127594360608
-1.2262586281740697,0,-1.11715049063329
0.5660179250250068,1,6.061942391966053
1.5443444352540654,1,2.6341911513547713
1.582759777066466,1,4.035282498262689
-0.810851182874694,1,2.0386389429926215
-0.35478411173507496,1,1.9026527567201732
-1.0378736592794051,0,-1.5497027946628443
0.6895353731668146,1,4.714723975442695
1.304258738193142,1,2.3273046830892765
0.692368523644868,1,4.524741982188436
-1.3747321171645566,0,0.11432778816595612
0.9518037895903686,1,5.876918369265415
0.68508330091653,0,5.481229821450576
-0.9174242320729373,1,-0.7596263957400927
1.9703271819510535,1,4.516591408718922
1.9536839758539242,1,4.516993173251989
1.9091197302657892,1,3.3446058960770637
1.1752724156321586,1,0.7846884814355269
0.6376918483279903,0,4.382542718893259
0.3112282010043388,0,3.394978908348209
1.4644061815113387,0,1.9120292069959928
-0.8422419135220482,0,0.5959262718040801
0.4775598774660077,0,4.791960112949558
-0.35523809652203564,1,-0.13341971632932126
-0.6788613299916624,1,1.1824954821297413
0.25692726673814414,1,5.925900735036629
1.402298112060464,0,3.1230787987195576
-1.1938864879747486,1,-0.17728749619888354
1.7377321550137657,0,2.366836242568227
0.7563506149929187,1,5.51652399998645
1.2930928507201207,1,0.22020553731589398
0.22476277052004656,0,5.667017281015749
1.118066805696254,1,1.293347409391452
1.2735216991181408,0,2.8746133731961256
-1.839444563658534,0,-3.5026838933887383
1.55965350545145,1,0.25893472042444676
1.9678509889545732,1,4.991260366023382
1.0614534554321629,0,0.9952273498690833
1.4622495326888139,1,1.3166618335695572
1.9166062204024623,1,3.49858871665483
0.6953555930800186,1,5.9347787152778935
0.7059349980824177,1,6.033416810863514
0.3769673092343888,1,6.954772157231187
0.412600480491788,1,4.373090696884631
0.7301298381508863,1,5.969176366646953
0.30143669251639427,0,4.637976974757149
-0.2837505227893362,0,0.94166505923735
1.074325323652808,1,1.7500573104242771
0.7694172246176567,1,6.1507866257105785
0.5013206798178156,0,4.811217490087211
0.9883130685161157,0,5.960485527468749
-1.1251444443738432,1,0.031464417977187346
0.4239878690841019,0,5.115707630567624
1.3977856249029421,1,2.287543577191523
0.936605036166585,1,5.76133730880201
1.7154381993822625,1,2.631701991123288
-0.1386522642420558,0,0.6713942209697299
-1.8885910367157024,1,-2.8433990101220648
0.5255013041930039,1,5.044341493613133
0.19258081091208812,1,6.557838719350822
0.6552978994109004,1,6.606835068673076
1.5615372834210643,1,2.4468804259219
0.30752480524483383,0,5.1563181027572025
0.25567826702249485,1,5.387839296427408
0.0011141408310413325,1,7.0957074825590025
-1.7224236563832664,1,-2.915726003844811
0.40364802263634436,0,5.4291544554933955
1.6690722663107227,0,1.9956480575707447
0.8588753340081441,0,5.628190277713621
-0.8265863142359606,1,1.7792430020864882
0.1018812294235727,1,5.506752432408136
0.7913311420206801,0,4.828536370630905
1.6010564448082816,1,4.140147663875158
1.1687647792067044,1,3.410167000666265
0.7054442714908964,0,5.1848799186925625
0.7185327295805743,0,4.4327278771984
1.7836985761283461,0,3.6480211651669556
-0.9121817624072053,0,-0.638778053264583
0.6473383404559927,1,5.136143066105854
0.5348463990621162,1,6.2570289223110604
0.37384553081889527,1,5.237422445355137
0.9151122178025899,1,5.6711157273484565
-0.7058783500580339,1,1.262751094488194
0.6602239560265244,0,6.062257497461957
0.22631371400861333,1,6.263534485196051
-1.461694931583569,0,-1.4213136370951345
-1.6223244093580762,0,-1.2372058366944687
1.3260733324488942,1,2.7952419939313122
0.5991521870571983,0,4.8353206558416
-0.3918911324470371,0,0.6391595066932342
0.9157568004206289,1,6.017210824449311
1.1192835360402724,0,1.4203001445573933
0.84854818352242,1,6.905697433221001
-0.982074673526959,0,2.0400523617837303
0.16119762704599871,0,5.003447636437623
1.404602941703927,1,1.2571690829840987
1.8305265850903516,0,2.8918043321790696
0.2629798024531569,0,5.092895987706092
0.05784531095957668,0,5.440759334331096
0.19549120617039906,1,5.227637055863783
-0.4800836841384215,1,1.2073849112918444
0.42854112353430773,1,4.446921089226398
-1.038803506198533,0,-0.18377619302266313
1.9493446343181837,0,4.8656093337793624
-0.2235857723735255,1,0.9028686238635819
0.1274870660200662,1,3.464390867361761
1.4944741149488614,0,4.180051305937441
1.9822756019627512,1,4.574661728878808
0.3308577973787261,0,4.705541927725169
-0.3891851160217592,1,1.6211539007157039
0.6900290506945965,0,4.238213083078025
0.7287667570203951,1,5.58102949351781
-0.7390422614021968,0,1.828719391985511
0.5295850258620343,1,5.601739414186302
0.3139700329173203,0,5.521409446291982
0.7736885122252359,1,6.962580834397701
0.8024459855778066,0,6.132942978696015
1.4914376862626582,1,2.720019115371834
-0.00016403214084625972,0,1.6716594366464048
0.9209967581182847,1,7.161493147840506
0.4766909414633469,1,4.969997512964783
-0.22786517464952238,1,-0.3951401609473416
0.4684237777146252,1,5.742601446220988
1.3998373220128215,1,1.8078227164171314
1.85391978989731,1,5.176489386315739
0.3422549151732075,0,5.937507754785117
0.16549768362975303,0,3.738078852028187
0.34235073549045003,0,4.861816069825707
0.17737955053728438,0,4.506676511399697
0.5510965673823662,1,5.6992492737830265
1.2802700082225975,1,1.096503426630711
0.7572416484107611,1,4.747103140943736
-0.9907522917212517,0,0.1917069672873511
0.45455161195753524,1,5.43858061413742
1.5917411737749476,1,1.6060953643997196
1.2396976812115974,0,-0.2077580757370835
0.33252087639833405,1,7.654297489526754
0.9208868710289968,0,4.763213594371131
0.5638621123950309,1,5.9522717657404725
-1.2402554541697564,0,0.838549522255422
0.8069530955090287,0,5.9468171331849415
0.22585854939528804,0,4.238090603379951
1.645356760314523,1,1.7779706126724706
0.8084298164551704,1,6.044557597691684
-0.6745911250547318,0,1.2168223338754434
0.7026516088282921,0,6.962830773486569
-0.41625109521620063,1,0.26494298812672945
1.0250151656897373,1,1.6167281953507167
1.738919661953204,1,5.751664372969848
0.3381724530378327,1,7.301212897167039
1.8772872491367156,0,4.52008153518806
-0.4886431450912534,0,0.023524160450559266
-0.6427789307617302,0,1.3793393430286303
0.023726617278233775,0,4.0538530973480045
-1.3523079734711452,0,0.4371829820459814
0.6324088722259682,0,4.9013505519023575
1.9909975560408024,1,6.170904846287075
-0.5810857730791494,1,0.9395013150914564
1.5330944057048952,0,1.5316211335631749
-0.3406973779145921,1,2.0593382296372593
0.6387610917218973,0,3.8913463424962726
0.5929338752313842,1,4.725884260890021
-1.75421483947685,0,-1.189116478657848
1.2548933748889097,0,2.245753280931187
1.7620158115176103,1,4.027296807755298
0.5950615446375438,0,4.467551055913601
1.818263715435243,1,5.040717190776076
-1.3942707425201468,0,-2.943354746196749
-0.09033524207858523,0,2.141614051765564
0.40722693578178903,1,5.049136193296927
0.32694658968474677,1,5.455439104390316
0.9374627059688736,0,4.188268867647011
0.20946455126893726,1,5.975351693851708
0.3809189308776064,1,4.567262071075434
1.487652245122022,0,2.7216684579682626
0.30792644967072746,0,5.13614867536656
0.16111557274968424,1,6.308757650858249
-1.682878861475233,0,0.06743088889482651
0.2634022412529866,0,3.9938832479534225
1.6320741816866495,1,3.044097413811199
-0.8146967924007997,0,-1.5400219688763472
-1.4261221719279198,1,-1.2301978395375555
-1.3942179122585707,1,-1.5152295529778281
-0.26891406263272444,1,1.6749534651156728
0.38271929664611815,1,7.053551793968952
1.7582743561006628,1,2.5761437581383975
1.0205344697807837,1,0.7886475927450393
0.3464956731346507,1,5.090301491335694
1.3137546837559633,1,0.8564694859159759
-0.09264448906750244,1,1.2744289005742817
0.5203725074466536,1,6.260712641708929
1.314611624473157,1,1.827725987418713
1.1338782401970708,1,1.4859560474188478
1.7635206782368171,1,2.145067685275638
1.5005344744846085,1,1.8056789087489369
1.8837609984184742,1,2.6949720058634847
0.8882642568151411,1,5.438696159795517
-1.8388579248880061,0,-2.8812017637137397
0.06513319679069607,1,4.749899437220396
0.3225809036385363,0,5.108904914778156
1.743748992994238,1,1.5406515048151317
0.6890027491767787,1,7.396076432755012
1.8021312838176358,0,4.264750212359129
1.9300850890241548,1,3.0976062568193297
1.2575471170750454,0,1.684890530814124
-0.2405774411446604,1,0.25762901833296536
0.5758263177904541,1,5.588441117991218
-0.47619261990609996,0,-1.9469616559882805
-1.7817383668692042,1,-2.3095696946520046
0.39784455863486645,0,6.815399674804992
1.609613104442699,0,1.1891665862701546
-0.22969061626873843,1,1.3061029429864248
1.2819503379210992,1,2.9336942966924564
0.35200185371851367,1,6.221599179023483
-0.5875884442464421,0,1.3323145882562593
1.1991334577831334,1,2.0717927278080945
0.2187480991534687,0,5.483643311555684
1.3037292342000648,1,1.3363381750096377
0.5258351703320825,1,5.992807226607822
1.1376218928511892,0,1.972463961629023
0.39425197287103986,1,6.0588491708504595
1.8317834397045503,1,3.317169401294095
0.16445529951537896,0,6.211503430535054
0.42035807416215354,1,6.061882147574134
0.5026031577091059,0,4.5094657420368165
0.2864305979317754,0,6.2003489198998505
0.4174372788590843,1,7.178961654566077
0.0936054836880329,1,5.200240987621876
0.6660879067721397,1,5.886335885060801
-0.23266518079218157,1,1.85958929730683
-1.3465329664063193,0,-0.6822644299732789
-1.2621637957604666,0,-2.4365364831391774
0.04682978845880337,0,6.914955854522521
-0.06682286013469918,1,-0.382590235659916
-0.46886359838783775,1,-0.5598878125307096
-1.4186932303179836,0,-2.129992393783372
0.02278697512549588,1,6.226291784707504
-1.7518343321737828,0,-3.1098346508859995
-1.715377284488361,0,-4.071605782838306
0.2954633987083852,0,5.904475230175493
0.2640736995512838,0,3.2492556529248833
1.5121340513778279,1,1.3575663728756073
0.2314947026402927,0,3.3834963063572365
1.8391640816194008,1,4.017630077451114
0.16508044376671238,0,5.2908590005226985
0.582288725709712,1,4.821783633187909
1.7838835593823972,1,4.1307943100234565
1.3686615066015242,0,1.9857192353283846
0.07424675466293573,1,5.724830634165663
-1.0166102300263988,0,-1.7031678411072821
-0.5674411338834222,0,-0.5160994164570384
1.9580213335372898,1,5.356294190371531
0.737256995701379,1,4.8712375595920925
1.7959226681880054,0,2.391916986511017
-0.4714421006697229,0,0.19449609381950766
0.2189272131294171,1,5.205955904037966
0.6817373351876701,0,6.298280701370024
0.5672780672057414,1,5.709674366247376
1.8268817355573992,0,3.24762715512291
0.39743890016866246,1,4.318806080636401
0.9146251369464107,0,5.685576155735432
-0.73854502693553,1,1.1751295270074098
-1.052304024413106,1,2.0394057921855016
1.1900561811859434,1,1.261455936563581
0.7101832207351033,0,5.241750223049597
0.1877155039419076,0,5.452274831540202
-0.09964050853292772,1,0.44207484889927146
1.6897371346244978,0,1.4007082447520212
-1.7090602088853264,0,-3.590966318326467
1.1297032488511514,1,0.2859061020385383
1.9700584806478854,0,3.0902137853220277
1.4972293365483225,1,4.026578880206387
1.3224910417271651,0,1.9119685947298939
-0.4026696792031097,1,1.6414734593990716
1.9128826741062332,1,3.8619374816359904
0.9234813831046416,1,6.161947811112554
0.3134390524661601,1,6.138720140858165
1.3304470933045245,0,1.0156759308352727
1.2166622599355366,1,1.6560312709626743
1.4656927341588006,0,2.00780468645235
-1.761530698621364,0,-2.0656119874307444
0.7682022121589793,0,3.707676204228618
-1.4400504931129485,0,-2.570538023184554
-0.336725727926356,1,1.7882208426310322
0.1943536602187539,1,5.642801124022034
0.07844670321202996,0,4.736741903078662
1.9861052351944766,0,3.6535039577644746
0.7018241813457022,0,4.064827876362893
-1.3650529465027619,0,-0.8755311285458061
1.7970924249824676,1,3.8247559951144803
1.518405986847048,1,2.966291809507746
1.6281678416600873,0,1.5853837610128438
1.966131103309546,1,3.558405768479081
-1.1667384399659282,0,1.662876415601227
0.6768761196994668,1,5.670604744527283
-0.064789840557411,1,1.377704112801711
-0.32644186648666595,1,2.2786957689717093
0.37512252777380883,0,4.027577773458526
0.302373714560328,1,4.4716696428957725
0.21388710483939954,1,5.677336484354798
0.2811477549255619,0,4.033826697975645
-1.1595712283505928,0,-2.227938805112248
0.9690855690091471,0,5.162671780992832
-0.5806725778273494,0,-0.7895242019011297
1.1208505941425342,1,3.4101707911611667
0.25557168422160936,1,6.1332426774253275
-0.955350269956559,1,1.1954982238447522
0.7798124773721908,0,6.0617644708385585
0.26956377662429354,1,5.6089329529211245
1.1849744378255487,1,1.092231111717202
0.9401007447592935,1,6.3643601532764
0.4404316881449386,0,5.21116825520408
-0.3236021083316589,1,0.5115985340618796
0.3971971480255547,0,4.696048543586737
0.05483142086121928,0,3.7312098323085454
-1.9741425688411578,0,-4.785915838998593
-0.015043112396744274,0,1.8041029624940068
0.9384332028421403,1,6.889186987363449
0.33931124522316347,0,4.011246743729405
1.7658969500242616,1,2.0988898771724207
-0.11340203699761853,0,2.421226304190198
0.5027276490454105,0,6.75914099186905
0.20212672238490237,0,4.749692237351389
-0.37053790314867063,0,1.3394322547820865
0.08550808589496484,0,7.073569308543647
1.5862986338760408,1,2.586466947453179
1.4466595387964039,0,1.2047415133959083
0.30846832955162595,1,5.796572474005676
1.5626338218473697,0,3.9387923623772267
0.3877808936526903,0,3.7341821121201484
1.24064435983881,1,1.7144608176342377
0.9994397251530751,1,5.772397229664964
1.652165867559424,1,3.2663143343189946
0.2884918548888251,0,5.524588387875873
-1.2054216924103769,0,-0.2953419057422827
0.2205351470127539,0,3.1537059825758655
0.35196651785533106,0,4.4751130599972
0.4616831192833417,0,6.30313597631452
0.07230999216137901,1,5.430177057441015
-0.8668623860296907,1,2.353631576618418
-0.3987486553080237,1,2.8590848983983697
1.2474644960415193,1,1.7676725856548077
0.5975152809464896,0,6.68551992086037
0.6755061241627414,0,5.004157578264716
1.1946231214265461,0,1.5316300459622745
1.7310117562412528,1,2.1582431550872303
-1.9194486042028407,0,-3.8467350256187
-0.16592575125193854,0,-0.13033525910442698
0.258362555733854,1,4.134413361031369
0.6521088148925895,0,7.144421596559616
0.7162664179825495,0,6.446763865223204
1.7269616132660328,1,3.46334162714902
1.9877976696466786,1,5.134744672116181
0.880629843723761,1,6.437366257185934
1.5190096091773744,1,1.9336738951006895
-1.0756765885020152,1,1.155094499158498
1.5895428698548595,0,3.223432462737407
1.436447030587666,1,2.331556374042898
0.00023303676434682785,1,3.6839697804920553
0.6995728122166192,0,3.125563317608506
-1.0437344636998813,1,2.301582415826912
1.032161684044866,0,1.1675001088151513
-0.7496079003667995,1,0.8530658089747485
-1.1612388902791966,0,0.21439940882376518
1.9062440932916171,0,2.83097881263262
0.5824103082336465,1,5.985392128949343
1.7381755228620621,1,3.5531562723778185
-0.7864578254834673,0,-1.2900762977582154
1.127563651987559,0,1.9937751538334223
0.7666226074661662,0,6.242697641327627
1.8625559010672017,1,4.045622553756435
-0.4257786555747378,0,1.594990666159105
0.686835436976243,0,4.077246074925641
0.9172392019088247,0,4.480153807586144
0.3002422938352587,1,5.846828286607082
0.01782376667742147,0,6.593096449351689
0.5808743033786556,1,2.585044228337575
0.9808589707633382,0,6.266866311994822
-1.0711012363946275,0,0.503754759486984
-0.9233537160334833,0,-0.3096358406691693
-1.2054735445525235,0,-0.8022379727280032
1.1335488799833535,1,0.6438252986439273
1.6370107777479697,0,2.6251400349190597
1.0051156974950675,1,2.138004578013336
1.5879811574576443,0,1.8885665282242805
1.3844968421209263,1,1.1659004768703811
1.8251675260534452,1,1.8759675139671512
-0.49329423828215013,1,1.9524904299382655
-0.6430373553046547,0,-0.590736374474958
-0.05530538358046799,1,2.4831453108584043
1.2353052939667362,0,0.9719577735810052
1.501954601583586,1,4.281656730385734
-0.7901347301541213,1,2.0191749449487357
1.4347924849782956,1,2.7977284659134227
1.4289237494791642,1,3.6082185159245324
1.058603801539494,1,1.1149389326844779
-1.4132195439392738,1,-0.41206903541067824
0.7612913876029159,1,5.619095115914696
1.780096258322275,0,1.5299651194625752
0.7301619150686283,1,7.098512697312882
0.0023172697233251327,1,5.718073479645231
0.5829001734042145,0,5.096558907959302
0.042281634914014266,1,4.193822923307692
1.4456721843820697,1,1.9929913074714443
1.8095470095948984,1,2.9801762252560167
-0.6847095286055627,0,-1.12842352454562
0.6492549549228799,1,4.22448323776508
1.2477849385515336,1,2.2899886915886327
1.7829988089037205,1,1.890518021382224
1.434025818206218,1,2.4556301432602807
0.8201636254143709,0,6.697990877074343
0.9679109180559435,1,5.767679050604398
0.7108929648052817,1,5.7783718764532646
-0.9907410554593881,0,-0.6475092789924213
1.4921725880608134,1,0.5904456761775216
0.8698599624476486,0,5.092572018549552
1.3963920798347043,0,2.8223234532608874
1.345768769879479,0,2.601075220988044
0.19563852656028669,0,5.4674578561212765
0.881535994345783,1,4.9913915913156055
0.04445455395800213,1,5.3208343957819695
0.4172519289612793,0,4.868486175339646
-0.15640664717367248,0,-0.8598078483197139
1.3182508627321994,1,1.3349199511702938
0.8375552872975449,1,7.348060238896041
1.3554154476162754,1,3.3193423602265737
0.6840519221316392,1,6.039064107116822
0.788096664017198,1,5.180034251869259
-0.5480686383845135,1,1.8953047947867963
1.5171182246280268,1,2.658261982527542
0.9014864009394299,0,6.3281477938842885
-0.3688878623753493,1,1.7136574813116954
1.5455214478405668,0,2.914733781808978
-1.811213193210484,1,-1.9810691659911108
1.845666478568198,0,2.33669527070642
0.7166502732782511,1,5.8380225233181084
0.5255039105735064,0,5.683851245296576
-0.9177629740480344,1,0.5480592477690555
-1.0048328450432917,0,0.09379837951709813
1.7682328779543819,1,4.476566370731176
1.1020211868759975,1,0.2140995779223085
0.17702934806100323,0,3.9282756062379867
1.9031152741957307,1,5.166778758124272
-0.5234552247631821,1,1.9818973376666158
0.0821753492194337,1,4.9327309551266945
1.519658506908058,1,2.0463841067629427
0.02208316689396117,0,6.4429454524456355
0.031031352754275154,0,4.928144154929946
-1.4465136211177736,0,-2.8355167048240224
1.9309581636415438,1,4.5552390960089655
-1.7065437301615893,0,-2.510387771705961
0.6525849959008352,1,7.30817070466459
0.38146548062749064,1,6.505263316094547
-0.31123106447728777,0,-0.5665064759903369
1.1402556841857248,1,1.6674968239748473
1.281013275779559,1,2.087424935864024
0.5949884555800726,0,3.3437338798444003
-0.16788553366452552,0,0.9049077115373964
1.0084573307878992,0,-0.16308477604297988
0.051498969221071,1,5.870271115950296
0.38420046304380095,1,4.697540636918651
1.9829378082052922,1,4.259754709067968
-0.25895088137378464,1,1.389583488444692
1.6827656031144782,0,2.4263579351263362
-0.6199326403017356,0,1.3315847595168795
-1.9990918471269779,0,-5.058925967046493
1.660006150990109,0,2.104170544972821
1.375517644923716,1,1.307997124956848
0.9691689259477885,0,5.0775596152368045
-1.7295810021104674,0,-1.5798634983824178
0.8961167550916849,0,3.759119076589413
1.7152318427515412,1,3.2810981249418525
0.049571282928426275,1,4.151972516363965
-0.6046723701654795,0,-0.46202641499055275
-0.5007003026000092,1,1.6714636925402382
0.4853224966228291,1,5.564877614270445
0.8748724530488095,1,5.1243968049795265
1.9773212107428595,1,2.8765627461776484
-1.0690866043377927,1,0.14750623821746126
-1.7846779003661637,0,-1.9458564816316377
-1.24049868361632,0,-2.215437385418042
-0.43275642153131333,0,0.8047481248432256
0.7023470942697552,1,5.818583960282783
0.035576280279520756,1,5.543517865345045
1.4457827440852968,1,1.6642137288092744
1.464142700183026,0,1.6561389160906124
1.1121852259327967,0,3.0785102155896142
1.9553621652146522,0,5.249247288930603
-0.06707169649825939,0,0.3576042186417123
1.94758378155319,0,3.5941447358095573
1.0182774448229464,0,0.6764678453567999
0.1535799171478307,1,6.0076714994520675
1.968542557914331,1,2.522143429971429
1.4301224310076948,0,0.5998127130159976
0.8254879872399843,0,6.475238584897557
-0.6176816565167478,1,2.0127921615947058
-0.38607612389200163,0,0.12694407494188492
1.2754770820818861,1,0.4080061354994098
-1.0353391427689522,0,-0.11954593635552457
-1.065730555725556,1,0.6450850868580189
0.2221982795424795,0,5.177138965078073
-0.8345557086490221,1,2.2633967723012374
-0.49253247861124594,1,2.3358685659522207
1.5036196999995783,1,2.1099240823564434
1.6211959960420619,1,3.4013672211307404
1.81361151752838,1,4.724781782933949
-1.7590922203988102,0,-2.2486643130480357
-0.8077351953199834,1,4.047852244001595
-0.7183948554391404,0,1.0131950507364091
0.5396266366126512,1,5.498729727899589
1.637718014743506,0,1.1280745316287226
1.2850006182388172,1,2.0801100384199436
0.17852348442854327,1,4.932531290469379
1.82179276575227,0,4.461097306410829
-1.3247599768617433,0,-2.4560951271443017
1.4157715285674115,1,1.7573806393895488
0.04712182627792272,0,5.595061118326892
1.0777703176862272,1,2.4576415330854435
1.7391820699711333,1,1.839949390947385
1.6368085448259482,1,3.1164681228222353
1.2784994781905796,1,3.1708029712394126
1.5527653986452163,1,3.904722826691869
-0.863262817153085,0,2.0263569886275583
-0.844125900315766,1,1.0085447793566384
-0.49178427599320473,0,0.9832771830261408
0.17822129861870195,1,4.921855113675096
0.7649866551439573,0,5.405452062883706
-1.329733842781974,0,-1.3871144399114617
0.013380522424616181,0,3.974207612887791
0.957876932954909,1,6.866718933944952
0.582137425642089,1,5.782564638371319
0.18818138246231086,0,4.016419334449976
-0.49054729281339693,0,1.2600791997031513
-0.34593387884016336,0,0.134876116130786
-0.9040476021201127,1,-0.9209627811985144
1.8225978690659574,1,4.315999082792336
1.814530431318758,1,3.462874015189112
-1.8275995642067038,0,-3.6649352558992705
1.7911187918769191,1,3.386436721352627
1.054063374672849,0,1.507249642399839
-1.5652698425012317,1,-1.4386428825595194
1.9250303095651073,0,4.174712872095734
-0.4735340035634601,1,-0.5466828830559123
1.100938155596224,1,3.1010873434228796
-0.6296356687554727,1,1.8525673177071251
0.5106755086352348,0,3.156791729267847
1.7522565582725251,0,1.370338280805666
1.6705891116177338,1,2.899602747391455
1.5498757608515294,1,2.988121595031763
0.5017338006663739,1,5.578426520424928
1.233072844865113,1,2.176262999722135
-0.7451875009713751,1,1.475212358784292
0.542581287810453,0,6.055681114558319
-0.576168906117438,1,3.1080010711425996
0.38586830165417485,0,5.779558913598011
-0.4715060221601073,0,1.7040811605122246
-1.4709251396060732,0,-1.1033952551846977
-0.8004096280218551,0,-0.8094384520064231
0.5711802820252365,1,6.093589001889511
0.40378193815087604,1,5.938876990245638
0.7843194462681566,0,6.985407932517694
-0.5499920618739473,1,2.431742011959223
1.2959906075199132,1,1.1911021312582406
-1.183649355376959,0,0.22894397755847584
-1.279365409069523,0,-1.7432455827685094
-1.5605475450368682,0,0.43593863956993406
1.534735870751959,1,2.865323727321451
0.7354804996361279,1,5.68687799660746
-1.898605582944246,0,-3.9618966865437204
0.7601875536377984,1,5.946915044210621
0.43925104619246813,1,4.739049416365196
-0.45277103179248,1,0.2728999162851705
-0.808091058016625,1,0.7492038100175198
-0.06455912454275436,1,1.4548932561595158
-1.5070101674697942,0,-0.7254182789653427
-0.7692836420882059,0,-1.6405475990320117
1.704238239273062,1,3.429737828474719
1.8633292788733304,1,3.835615383712572
-1.1768224920423132,0,-0.3314026097799125
0.9662644338673183,1,6.931480180990983
0.18670905958924688,0,3.9777845199898847
1.5379149103870366,1,4.352549269631236
0.21597302201252377,1,6.2045377571772296
0.13823687662523465,1,6.22082362843263
-1.335082551793365,0,-0.3953110917384979
1.6659566044620568,0,2.8182678239665777
-0.6886472045998637,0,1.4609010336875832
1.808249786556011,1,3.1512997676321297
0.9517110759952012,1,5.0121615255899705
0.38971697029368,0,6.319754997389062
1.52358064217901,1,3.7960401912973314
-1.092085842113916,0,0.04472235378728884
0.9756207492086078,1,7.817755509564599
1.6768321242149007,1,2.4202350372223522
1.846202928550265,1,5.570777626942887
1.6381938920485535,1,1.4731609528150194
0.275821933127403,0,3.563701300661215
1.2472268734035454,1,2.68296796709729
1.3938870976250586,1,1.50693182057017
-0.546978593296759,1,0.48051906726874105
1.1757405338074052,0,2.514759687574403
1.7639692902977484,1,3.2931751499117827
0.4928414922720279,0,4.273556403985702
0.9665091498075555,0,5.476673027073736
1.2203892481645395,1,3.3638769185140407
1.38015859558657,1,1.5116643772847742
0.6950249191363591,1,6.556110193821461
0.9958526034415942,0,4.448087396877909
0.5389765644161182,1,5.4550229377626565
0.9974777465798277,0,4.236218256837971
0.18278387525210338,1,5.095726489196601
0.9944348343273295,1,6.719959382579313
-1.1358742384277112,1,1.3059196614926194
1.8690847614811905,1,3.6591530078035897
0.8605000792675517,0,4.131176955750533
1.8285393301591846,1,2.575948281362183
-0.29157981855862714,0,-1.8505024468260924
1.5918208647400767,1,2.3325297879938636
0.10019736098153853,1,6.488056373066318
0.8291156476226687,0,5.301894844990185
-1.1760798564921533,0,0.21205101208376087
-1.842939793405359,1,-3.56963658445242
1.9091352927077172,0,4.297087800588805
-1.0305852194529508,0,0.026868890152791258
0.6532428380160078,1,4.115692540182912
1.3563987951984462,0,2.1027648848564486
0.20264183694625704,0,4.262567974132543
0.9124657493446655,1,6.266876744828762
0.4010056403983322,1,6.318866843608497
0.9250023573895003,0,5.841208762757324
1.0789864914283487,1,1.2782660980398906
1.9016414707389804,1,3.713752916461712
0.2942531201068399,0,5.424959631862665
0.5938582276009483,1,7.610071735423789
-1.7262371630294955,0,-1.985593513692331
1.5895892732863453,1,1.784866740008809
1.2629815225044836,1,3.0067362271251996
0.3892495133228473,0,6.440593614855092
